origin,destination,flight_no,airline,operating_flight_no,operating_airline,scheduled_time,status,date,cargo
SJC,LAX,AS 3000,ASA,OO 3000,SKW,2025-11-27 08:51:00,Arr 1005,2025-11-27,False
SMF,PDX,AS 3003,ASA,OO 3003,SKW,2025-11-27 12:04:00,Arr 1343,2025-11-27,False
SAN,MRY,AS 3004,ASA,OO 3004,SKW,2025-11-27 12:41:00,Arr 1347,2025-11-27,False
PDX,PSP,AS 3011,ASA,OO 3011,SKW,2025-11-27 14:42:00,Arr 1704,2025-11-27,False
DEN,SAN,AS 3012,ASA,OO 3012,SKW,2025-11-27 06:00:00,Arr 0742 (+8min),2025-11-27,False
SMF,SAN,AS 3015,ASA,OO 3015,SKW,2025-11-27 10:15:00,Arr 1209 (+10min),2025-11-27,False
SLC,SAN,AS 3019,ASA,OO 3019,SKW,2025-11-27 10:40:00,Arr 1134,2025-11-27,False
SAN,DEN,AS 3020,ASA,OO 3020,SKW,2025-11-27 12:40:00,Arr 1604,2025-11-27,False
LAS,SAN,AS 3028,ASA,OO 3028,SKW,2025-11-27 14:56:00,Arr 1600,2025-11-27,False
SAN,LAS,AS 3028,ASA,OO 3028,SKW,2025-11-27 12:42:00,Arr 1407,2025-11-27,False
LAX,SJC,AS 3030,ASA,OO 3030,SKW,2025-11-27 09:22:00,Arr 1032,2025-11-27,False
PDX,SEA,AS 3036,ASA,OO 3036,SKW,2025-11-27 09:30:00,Arr 1044 (+10min),2025-11-27,False
PDX,FAT,AS 3037,ASA,OO 3037,SKW,2025-11-27 14:30:00,Arr 1619,2025-11-27,False
PDX,SEA,AS 3038,ASA,OO 3038,SKW,2025-11-27 10:35:00,Arr 1141 (+1min),2025-11-27,False
EUG,SAN,AS 3039,ASA,OO 3039,SKW,2025-11-27 12:00:00,Arr 1415,2025-11-27,False
SAN,EUG,AS 3039,ASA,OO 3039,SKW,2025-11-27 08:10:00,Arr 1039,2025-11-27,False
SMF,SEA,AS 3040,ASA,OO 3040,SKW,2025-11-27 12:46:00,Arr 1426,2025-11-27,False
PDX,EUG,AS 3042,ASA,OO 3042,SKW,2025-11-27 14:30:00,Arr 1506,2025-11-27,False
PDX,SMF,AS 3044,ASA,OO 3044,SKW,2025-11-27 10:32:00,Arr 1156,2025-11-27,False
SEA,SMF,AS 3049,ASA,OO 3049,SKW,2025-11-27 07:35:00,Arr 0959 (+21min),2025-11-27,False
STS,SNA,AS 3050,ASA,OO 3050,SKW,2025-11-27 14:27:00,Arr 1548,2025-11-27,False
GEG,PDX,AS 3052,ASA,OO 3052,SKW,2025-11-27 08:53:00,Arr 1003,2025-11-27,False
PDX,GEG,AS 3052,ASA,OO 3052,SKW,2025-11-27 07:00:00,Arr 0751,2025-11-27,False
SEA,PSP,AS 3054,ASA,OO 3054,SKW,2025-11-27 15:56:00,Arr 1832,2025-11-27,False
SNA,SFO,AS 3056,ASA,OO 3056,SKW,2025-11-27 13:48:00,Arr 1452,2025-11-27,False
BUR,SFO,AS 3098,ASA,OO 3098,SKW,2025-11-27 07:00:00,Arr 0759,2025-11-27,False
SFO,BUR,AS 3099,ASA,OO 3099,SKW,2025-11-27 17:46:00,Arr 1836,2025-11-27,False
GEG,SEA,AS 3215,ASA,OO 3215,SKW,2025-11-27 11:41:00,Arr 1247,2025-11-27,False
SEA,GEG,AS 3215,ASA,OO 3215,SKW,2025-11-27 09:50:00,Arr 1041,2025-11-27,False
SFO,SNA,AS 3216,ASA,OO 3216,SKW,2025-11-27 14:19:00,Arr 1540,2025-11-27,False
SAN,LAS,AS 3218,ASA,OO 3218,SKW,2025-11-27 17:00:00,Arr 1806,2025-11-27,False
STS,LAX,AS 3247,ASA,OO 3247,SKW,2025-11-27 13:36:00,Arr 1519 (+2min),2025-11-27,False
SNA,SFO,AS 3249,ASA,OO 3249,SKW,2025-11-27 07:59:00,Arr 0948 (+8min),2025-11-27,False
SFO,LAX,AS 3250,ASA,OO 3250,SKW,2025-11-27 09:08:00,Arr 1042,2025-11-27,False
PHX,SFO,AS 3261,ASA,OO 3261,SKW,2025-11-27 14:01:00,Arr 1451,2025-11-27,False
SFO,PHX,AS 3262,ASA,OO 3262,SKW,2025-11-27 10:18:00,Arr 1313,2025-11-27,False
BUR,BOI,AS 3283,ASA,OO 3283,SKW,2025-11-27 16:32:00,Arr 1918,2025-11-27,False
PSP,SEA,AS 3284,ASA,OO 3284,SKW,2025-11-27 07:27:00,Arr 1005,2025-11-27,False
BUR,STS,AS 3288,ASA,OO 3288,SKW,2025-11-27 10:49:00,Arr 1237 (+3min),2025-11-27,False
SFO,BUR,AS 3290,ASA,OO 3290,SKW,2025-11-27 08:46:00,Arr 0953,2025-11-27,False
AUS,SAN,AS 3293,ASA,OO 3293,SKW,2025-11-27 06:00:00,Arr 0711,2025-11-27,False
BLI,SEA,AS 3294,ASA,OO 3294,SKW,2025-11-27 13:16:00,Arr 1352,2025-11-27,False
SBP,SAN,AS 3295,ASA,OO 3295,SKW,2025-11-27 11:03:00,Arr 1205,2025-11-27,False
SEA,SLC,AS 3299,ASA,OO 3299,SKW,2025-11-27 15:55:00,Arr 1853,2025-11-27,False
SAN,AUS,AS 3300,ASA,OO 3300,SKW,2025-11-27 09:10:00,Arr 1407,2025-11-27,False
PSC,LAX,AS 3304,ASA,OO 3304,SKW,2025-11-27 07:00:00,Arr 0952 (+4min),2025-11-27,False
LAX,PSC,AS 3305,ASA,OO 3305,SKW,2025-11-27 15:59:00,Arr 1831,2025-11-27,False
SJC,PDX,AS 3313,ASA,OO 3313,SKW,2025-11-27 11:49:00,Arr 1322,2025-11-27,False
STS,SAN,AS 3315,ASA,OO 3315,SKW,2025-11-27 06:35:00,Cancelled,2025-11-27,False
LAS,SAN,AS 3320,ASA,OO 3320,SKW,2025-11-27 07:15:00,Arr 0816,2025-11-27,False
BUR,SFO,AS 3333,ASA,OO 3333,SKW,2025-11-27 12:52:00,Arr 1355,2025-11-27,False
SEA,FAT,AS 3342,ASA,OO 3342,SKW,2025-11-27 15:50:00,Arr 1740,2025-11-27,False
SLC,SEA,AS 3344,ASA,OO 3344,SKW,2025-11-27 07:14:00,Arr 0820,2025-11-27,False
FAT,SEA,AS 3345,ASA,OO 3345,SKW,2025-11-27 08:04:00,Arr 1037,2025-11-27,False
SAN,SFO,AS 3352,ASA,OO 3352,SKW,2025-11-27 12:30:00,Arr 1349,2025-11-27,False
PDX,SLC,AS 3355,ASA,OO 3355,SKW,2025-11-27 07:06:00,Arr 0954,2025-11-27,False
SFO,PSP,AS 3356,ASA,OO 3356,SKW,2025-11-27 15:00:00,Arr 1626,2025-11-27,False
LAX,LAS,AS 3358,ASA,OO 3358,SKW,2025-11-27 12:28:00,Arr 1357 (+10min),2025-11-27,False
SAN,SJC,AS 3359,ASA,OO 3359,SKW,2025-11-27 08:06:00,Arr 0917,2025-11-27,False
SJC,LAX,AS 3363,ASA,OO 3363,SKW,2025-11-27 06:15:00,Arr 0734,2025-11-27,False
STS,LAX,AS 3366,ASA,OO 3366,SKW,2025-11-27 07:40:00,Cancelled,2025-11-27,False
SAN,SMF,AS 3368,ASA,OO 3368,SKW,2025-11-27 09:25:00,Arr 1121 (+2min),2025-11-27,False
PSP,PDX,AS 3370,ASA,OO 3370,SKW,2025-11-27 07:05:00,Arr 0918,2025-11-27,False
TUS,PDX,AS 3373,ASA,OO 3373,SKW,2025-11-27 07:32:00,Arr 0945,2025-11-27,False
PDX,TUS,AS 3374,ASA,OO 3374,SKW,2025-11-27 11:06:00,Arr 1438,2025-11-27,False
LAX,STS,AS 3377,ASA,OO 3377,SKW,2025-11-27 08:19:00,Arr 0947,2025-11-27,False
PDX,SJC,AS 3379,ASA,OO 3379,SKW,2025-11-27 14:35:00,Arr 1619,2025-11-27,False
MRY,SAN,AS 3384,ASA,OO 3384,SKW,2025-11-27 11:18:00,Arr 1257 (+12min),2025-11-27,False
SEA,BOI,AS 3385,ASA,OO 3385,SKW,2025-11-27 11:22:00,Arr 1337,2025-11-27,False
FAT,SAN,AS 3388,ASA,OO 3388,SKW,2025-11-27 15:14:00,Arr 1614,2025-11-27,False
SAN,FAT,AS 3388,ASA,OO 3388,SKW,2025-11-27 13:07:00,Arr 1416,2025-11-27,False
SAN,FAT,AS 3390,ASA,OO 3390,SKW,2025-11-27 17:30:00,Arr 1852,2025-11-27,False
SEA,PDX,AS 3392,ASA,OO 3392,SKW,2025-11-27 05:20:00,Arr 0606,2025-11-27,False
STS,SNA,AS 3395,ASA,OO 3395,SKW,2025-11-27 09:43:00,Arr 1129 (+1min),2025-11-27,False
FAT,SAN,AS 3402,ASA,OO 3402,SKW,2025-11-27 06:00:00,Arr 0657,2025-11-27,False
SJC,BOI,AS 3413,ASA,OO 3413,SKW,2025-11-27 18:54:00,Arr 2118,2025-11-27,False
BOI,BUR,AS 3415,ASA,OO 3415,SKW,2025-11-27 14:43:00,Arr 1544,2025-11-27,False
STS,PDX,AS 3417,ASA,OO 3417,SKW,2025-11-27 11:56:00,Arr 1327,2025-11-27,False
BOI,SJC,AS 3418,ASA,OO 3418,SKW,2025-11-27 07:09:00,Arr 0756,2025-11-27,False
SAN,SJC,AS 3429,ASA,OO 3429,SKW,2025-11-27 12:39:00,Arr 1405,2025-11-27,False
SLC,PDX,AS 3430,ASA,OO 3430,SKW,2025-11-27 12:20:00,Arr 1321,2025-11-27,False
SNA,STS,AS 3431,ASA,OO 3431,SKW,2025-11-27 16:33:00,Arr 1753,2025-11-27,False
SEA,BLI,AS 3433,ASA,OO 3433,SKW,2025-11-27 15:35:00,Arr 1615,2025-11-27,False
SFO,SNA,AS 3440,ASA,OO 3440,SKW,2025-11-27 09:33:00,Arr 1053,2025-11-27,False
SAN,SBP,AS 3442,ASA,OO 3442,SKW,2025-11-27 15:26:00,Arr 1610,2025-11-27,False
SAN,STS,AS 3445,ASA,OO 3445,SKW,2025-11-27 09:15:00,Arr 1052,2025-11-27,False
BLI,SEA,AS 3448,ASA,OO 3448,SKW,2025-11-27 05:46:00,Arr 0732 (+42min),2025-11-27,False
SFO,SNA,AS 3450,ASA,OO 3450,SKW,2025-11-27 11:00:00,Arr 1239,2025-11-27,False
SNA,SFO,AS 3453,ASA,OO 3453,SKW,2025-11-27 16:45:00,Arr 1758,2025-11-27,False
SJC,SAN,AS 3458,ASA,OO 3458,SKW,2025-11-27 07:00:00,Arr 0826,2025-11-27,False
SNA,STS,AS 3467,ASA,OO 3467,SKW,2025-11-27 11:47:00,Arr 1334,2025-11-27,False
SNA,SFO,AS 3471,ASA,OO 3471,SKW,2025-11-27 12:05:00,Arr 1331,2025-11-27,False
LAX,SFO,AS 3475,ASA,OO 3475,SKW,2025-11-27 07:19:00,Arr 0828,2025-11-27,False
STS,BUR,AS 3478,ASA,OO 3478,SKW,2025-11-27 10:48:00,Arr 1202,2025-11-27,False
SAN,SFO,AS 3482,ASA,OO 3482,SKW,2025-11-27 17:00:00,Arr 1831,2025-11-27,False
PDX,STS,AS 3483,ASA,OO 3483,SKW,2025-11-27 07:15:00,Arr 0916 (+13min),2025-11-27,False
EUG,PDX,AS 3484,ASA,OO 3484,SKW,2025-11-27 05:10:00,Arr 0548,2025-11-27,False
FAT,PDX,AS 3487,ASA,OO 3487,SKW,2025-11-27 06:42:00,Arr 0818,2025-11-27,False
SAN,SLC,AS 3488,ASA,OO 3488,SKW,2025-11-27 08:15:00,Arr 1114,2025-11-27,False
SFO,SAN,AS 3490,ASA,OO 3490,SKW,2025-11-27 10:11:00,Arr 1141,2025-11-27,False
FAT,SAN,AS 3491,ASA,OO 3491,SKW,2025-11-27 10:21:00,Arr 1127,2025-11-27,False
SAN,FAT,AS 3491,ASA,OO 3491,SKW,2025-11-27 08:06:00,Arr 0943 (+3min),2025-11-27,False
BOI,PDX,AS 3495,ASA,OO 3495,SKW,2025-11-27 05:41:00,Arr 0620 (+2min),2025-11-27,False
SFO,SNA,AS 3496,ASA,OO 3496,SKW,2025-11-27 15:18:00,Arr 1650,2025-11-27,False
PSP,SFO,AS 3497,ASA,OO 3497,SKW,2025-11-27 07:45:00,Arr 0911,2025-11-27,False
SJC,SAN,AS 3499,ASA,OO 3499,SKW,2025-11-27 10:30:00,Arr 1150,2025-11-27,False
BOI,SLC,DL 3503,DAL,OO 3503,SKW,2025-11-27 08:45:00,Arr 0952,2025-11-27,False
LAX,BOI,DL 3504,DAL,OO 3504,SKW,2025-11-27 19:31:00,Arr 2210,2025-11-27,False
SLC,LGB,DL 3506,DAL,OO 3506,SKW,2025-11-27 17:40:00,Arr 1824,2025-11-27,False
MFE,AUS,DL 3510,DAL,OO 3510,SKW,2025-11-27 05:25:00,Arr 0639,2025-11-27,False
DTW,GRR,DL 3514,DAL,OO 3514,SKW,2025-11-27 08:40:00,Arr 0933,2025-11-27,False
GRR,DTW,DL 3514,DAL,OO 3514,SKW,2025-11-27 10:28:00,Arr 1123,2025-11-27,False
TUS,LAX,DL 3515,DAL,OO 3515,SKW,2025-11-27 07:29:00,Arr 0743,2025-11-27,False
SLC,FAT,DL 3518,DAL,OO 3518,SKW,2025-11-27 17:15:00,Arr 1757,2025-11-27,False
SLC,COS,DL 3520,DAL,OO 3520,SKW,2025-11-27 17:59:00,Arr 1909,2025-11-27,False
LAX,ABQ,DL 3521,DAL,OO 3521,SKW,2025-11-27 08:35:00,Arr 1124,2025-11-27,False
OKC,MSP,DL 3523,DAL,OO 3523,SKW,2025-11-27 07:10:00,Arr 0926 (+4min),2025-11-27,False
LAX,TUS,DL 3524,DAL,OO 3524,SKW,2025-11-27 14:15:00,Arr 1635,2025-11-27,False
SBA,SLC,DL 3525,DAL,OO 3525,SKW,2025-11-27 05:40:00,Arr 0816,2025-11-27,False
MSP,ATW,DL 3528,DAL,OO 3528,SKW,2025-11-27 14:20:00,Arr 1523,2025-11-27,False
MKE,MSP,DL 3529,DAL,OO 3529,SKW,2025-11-27 11:17:00,Arr 1214,2025-11-27,False
MSP,MKE,DL 3529,DAL,OO 3529,SKW,2025-11-27 09:10:00,Arr 1019,2025-11-27,False
ATL,XNA,DL 3530,DAL,OO 3530,SKW,2025-11-27 19:10:00,Arr 2021 (+9min),2025-11-27,False
MSP,OMA,DL 3531,DAL,OO 3531,SKW,2025-11-27 15:30:00,Arr 1634,2025-11-27,False
DTW,GSO,DL 3532,DAL,OO 3532,SKW,2025-11-27 16:02:00,Arr 1729,2025-11-27,False
LAS,SNA,DL 3533,DAL,OO 3533,SKW,2025-11-27 15:05:00,Arr 1607,2025-11-27,False
FSD,MSP,DL 3534,DAL,OO 3534,SKW,2025-11-27 13:30:00,Arr 1438,2025-11-27,False
MSP,FSD,DL 3534,DAL,OO 3534,SKW,2025-11-27 11:40:00,Arr 1256 (+6min),2025-11-27,False
ATL,ABY,DL 3535,DAL,OO 3535,SKW,2025-11-27 19:19:00,Arr 2003,2025-11-27,False
IAD,MSP,DL 3539,DAL,OO 3539,SKW,2025-11-27 06:03:00,Arr 0735,2025-11-27,False
SLC,SUN,DL 3540,DAL,OO 3540,SKW,2025-11-27 15:50:00,Arr 1627,2025-11-27,False
SLC,HLN,DL 3542,DAL,OO 3542,SKW,2025-11-27 20:52:00,Arr 2158,2025-11-27,False
MSP,MDW,DL 3543,DAL,OO 3543,SKW,2025-11-27 07:10:00,Arr 0856,2025-11-27,False
DTW,ORD,DL 3545,DAL,OO 3545,SKW,2025-11-27 13:15:00,Arr 1356 (+1min),2025-11-27,False
ORD,DTW,DL 3545,DAL,OO 3545,SKW,2025-11-27 14:35:00,Arr 1732 (+28min),2025-11-27,False
SLC,RDM,DL 3547,DAL,OO 3547,SKW,2025-11-27 10:59:00,Arr 1143,2025-11-27,False
RDM,SLC,DL 3549,DAL,OO 3549,SKW,2025-11-27 05:55:00,Arr 0843,2025-11-27,False
ATL,AGS,DL 3554,DAL,OO 3554,SKW,2025-11-27 20:30:00,Arr 2231 (+60min),2025-11-27,False
FWA,ATL,DL 3555,DAL,OO 3555,SKW,2025-11-27 06:00:00,Arr 0751,2025-11-27,False
SMF,LAX,DL 3556,DAL,OO 3556,SKW,2025-11-27 06:00:00,Arr 0730,2025-11-27,False
SEA,SJC,DL 3559,DAL,OO 3559,SKW,2025-11-27 08:35:00,Arr 1033,2025-11-27,False
SJC,SEA,DL 3559,DAL,OO 3559,SKW,2025-11-27 11:40:00,Arr 1356,2025-11-27,False
DTW,ATW,DL 3568,DAL,OO 3568,SKW,2025-11-27 17:45:00,Arr 1813,2025-11-27,False
SAN,LAS,DL 3573,DAL,OO 3573,SKW,2025-11-27 10:59:00,Arr 1239 (+6min),2025-11-27,False
DTW,SDF,DL 3575,DAL,OO 3575,SKW,2025-11-27 12:15:00,Arr 1352 (+10min),2025-11-27,False
SDF,DTW,DL 3575,DAL,OO 3575,SKW,2025-11-27 14:22:00,Arr 1537,2025-11-27,False
LWS,SLC,DL 3578,DAL,OO 3578,SKW,2025-11-27 12:23:00,Arr 1435,2025-11-27,False
SLC,LWS,DL 3578,DAL,OO 3578,SKW,2025-11-27 10:55:00,Arr 1121,2025-11-27,False
MSP,OMA,DL 3581,DAL,OO 3581,SKW,2025-11-27 08:50:00,Arr 1029 (+9min),2025-11-27,False
GSO,DTW,DL 3588,DAL,OO 3588,SKW,2025-11-27 06:00:00,Arr 0727,2025-11-27,False
AGS,ATL,DL 3591,DAL,OO 3591,SKW,2025-11-27 05:42:00,Arr 0632,2025-11-27,False
CLE,DTW,DL 3592,DAL,OO 3592,SKW,2025-11-27 10:30:00,Arr 1207 (+40min),2025-11-27,False
DTW,CLE,DL 3592,DAL,OO 3592,SKW,2025-11-27 08:46:00,Arr 1043 (+53min),2025-11-27,False
SEA,BOI,DL 3594,DAL,OO 3594,SKW,2025-11-27 13:45:00,Arr 1608,2025-11-27,False
GRB,MSP,DL 3597,DAL,OO 3597,SKW,2025-11-27 12:13:00,Arr 1343 (+4min),2025-11-27,False
MSP,GRB,DL 3597,DAL,OO 3597,SKW,2025-11-27 10:15:00,Arr 1142 (+9min),2025-11-27,False
BUF,DTW,DL 3599,DAL,OO 3599,SKW,2025-11-27 13:11:00,Arr 1404,2025-11-27,False
DTW,BUF,DL 3599,DAL,OO 3599,SKW,2025-11-27 11:14:00,Arr 1213,2025-11-27,False
SJC,SEA,DL 3602,DAL,OO 3602,SKW,2025-11-27 14:15:00,Arr 1601,2025-11-27,False
BNA,AUS,DL 3604,DAL,OO 3604,SKW,2025-11-27 07:15:00,Arr 0950,2025-11-27,False
PSC,SEA,DL 3607,DAL,OO 3607,SKW,2025-11-27 06:15:00,Arr 0730,2025-11-27,False
SEA,PSC,DL 3608,DAL,OO 3608,SKW,2025-11-27 09:35:00,Arr 1031,2025-11-27,False
DTW,AZO,DL 3611,DAL,OO 3611,SKW,2025-11-27 16:23:00,Arr 1706,2025-11-27,False
ABQ,SLC,DL 3613,DAL,OO 3613,SKW,2025-11-27 12:32:00,Arr 1357,2025-11-27,False
SLC,PSP,DL 3614,DAL,OO 3614,SKW,2025-11-27 10:45:00,Arr 1129,2025-11-27,False
ATL,SBN,DL 3618,DAL,OO 3618,SKW,2025-11-27 11:05:00,Arr 1238,2025-11-27,False
SBN,ATL,DL 3618,DAL,OO 3618,SKW,2025-11-27 14:00:00,Arr 1604,2025-11-27,False
SEA,TUS,DL 3619,DAL,OO 3619,SKW,2025-11-27 09:25:00,Arr 1312,2025-11-27,False
TUS,SEA,DL 3619,DAL,OO 3619,SKW,2025-11-27 14:14:00,Arr 1618,2025-11-27,False
MKE,MSP,DL 3621,DAL,OO 3621,SKW,2025-11-27 06:10:00,Arr 0730,2025-11-27,False
MSP,MKE,DL 3622,DAL,OO 3622,SKW,2025-11-27 15:30:00,Arr 1631,2025-11-27,False
ATL,SBN,DL 3623,DAL,OO 3623,SKW,2025-11-27 19:39:00,Arr 2111,2025-11-27,False
DTW,GRB,DL 3624,DAL,OO 3624,SKW,2025-11-27 17:50:00,Arr 1802,2025-11-27,False
PSC,SEA,DL 3625,DAL,OO 3625,SKW,2025-11-27 13:00:00,Arr 1401,2025-11-27,False
SNA,LAS,DL 3626,DAL,OO 3626,SKW,2025-11-27 17:01:00,Arr 1744,2025-11-27,False
LAS,SAN,DL 3627,DAL,OO 3627,SKW,2025-11-27 08:50:00,Arr 0954,2025-11-27,False
MOT,MSP,DL 3629,DAL,OO 3629,SKW,2025-11-27 12:40:00,Arr 1406,2025-11-27,False
MSP,MOT,DL 3629,DAL,OO 3629,SKW,2025-11-27 10:10:00,Arr 1142,2025-11-27,False
LAX,SJC,DL 3632,DAL,OO 3632,SKW,2025-11-27 13:39:00,Arr 1437,2025-11-27,False
GTF,SLC,DL 3633,DAL,OO 3633,SKW,2025-11-27 05:30:00,Arr 0658,2025-11-27,False
SJC,LAX,DL 3634,DAL,OO 3634,SKW,2025-11-27 17:05:00,Arr 1813,2025-11-27,False
EUG,SLC,DL 3639,DAL,OO 3639,SKW,2025-11-27 05:30:00,Arr 0818,2025-11-27,False
ABY,ATL,DL 3640,DAL,OO 3640,SKW,2025-11-27 06:51:00,Arr 0726,2025-11-27,False
TWF,SLC,DL 3643,DAL,OO 3643,SKW,2025-11-27 06:00:00,Arr 0652,2025-11-27,False
RIC,MSP,DL 3644,DAL,OO 3644,SKW,2025-11-27 06:00:00,Arr 0754,2025-11-27,False
MEM,AUS,DL 3647,DAL,OO 3647,SKW,2025-11-27 07:40:00,Arr 0916,2025-11-27,False
AUS,MEM,DL 3649,DAL,OO 3649,SKW,2025-11-27 19:00:00,Arr 2035,2025-11-27,False
DTW,OMA,DL 3657,DAL,OO 3657,SKW,2025-11-27 08:30:00,Arr 1000 (+10min),2025-11-27,False
OMA,DTW,DL 3657,DAL,OO 3657,SKW,2025-11-27 12:00:00,Arr 1437,2025-11-27,False
MFR,SLC,DL 3662,DAL,OO 3662,SKW,2025-11-27 05:00:00,Arr 0746,2025-11-27,False
SLC,MFR,DL 3663,DAL,OO 3663,SKW,2025-11-27 10:57:00,Arr 1154,2025-11-27,False
MSP,GFK,DL 3666,DAL,OO 3666,SKW,2025-11-27 14:20:00,Arr 1528,2025-11-27,False
SEA,GEG,DL 3673,DAL,OO 3673,SKW,2025-11-27 09:25:00,Arr 1022,2025-11-27,False
SJC,LAS,DL 3675,DAL,OO 3675,SKW,2025-11-27 14:30:00,Arr 1544,2025-11-27,False
LAS,SJC,DL 3677,DAL,OO 3677,SKW,2025-11-27 12:00:00,Arr 1331,2025-11-27,False
BOI,SEA,DL 3678,DAL,OO 3678,SKW,2025-11-27 07:30:00,Arr 0804,2025-11-27,False
DLH,MSP,DL 3686,DAL,OO 3686,SKW,2025-11-27 12:01:00,Arr 1312,2025-11-27,False
MSP,DLH,DL 3686,DAL,OO 3686,SKW,2025-11-27 10:15:00,Arr 1122 (+1min),2025-11-27,False
SLC,TUL,DL 3687,DAL,OO 3687,SKW,2025-11-27 20:45:00,Arr 2340,2025-11-27,False
SMF,SEA,DL 3690,DAL,OO 3690,SKW,2025-11-27 11:14:00,Arr 1311,2025-11-27,False
SEA,BOI,DL 3692,DAL,OO 3692,SKW,2025-11-27 17:50:00,Arr 2016,2025-11-27,False
LAS,SMF,DL 3695,DAL,OO 3695,SKW,2025-11-27 11:10:00,Arr 1236,2025-11-27,False
SMF,LAS,DL 3695,DAL,OO 3695,SKW,2025-11-27 08:50:00,Arr 1017,2025-11-27,False
SMF,LAX,DL 3697,DAL,OO 3697,SKW,2025-11-27 11:14:00,Arr 1230,2025-11-27,False
ATL,SHV,DL 3699,DAL,OO 3699,SKW,2025-11-27 11:00:00,Arr 1153,2025-11-27,False
SHV,ATL,DL 3699,DAL,OO 3699,SKW,2025-11-27 12:41:00,Arr 1522,2025-11-27,False
GRR,DTW,DL 3701,DAL,OO 3701,SKW,2025-11-27 08:20:00,Arr 0943 (+19min),2025-11-27,False
PIH,SLC,DL 3702,DAL,OO 3702,SKW,2025-11-27 13:00:00,Arr 1341,2025-11-27,False
SLC,PIH,DL 3702,DAL,OO 3702,SKW,2025-11-27 11:15:00,Arr 1156,2025-11-27,False
BZN,SEA,DL 3703,DAL,OO 3703,SKW,2025-11-27 15:00:00,Arr 1540,2025-11-27,False
SEA,BZN,DL 3703,DAL,OO 3703,SKW,2025-11-27 11:30:00,Arr 1409,2025-11-27,False
LAX,ASE,DL 3704,DAL,OO 3704,SKW,2025-11-27 09:10:00,Arr 1202,2025-11-27,False
SEA,SFO,DL 3707,DAL,OO 3707,SKW,2025-11-27 13:37:00,Arr 1555,2025-11-27,False
SFO,SEA,DL 3707,DAL,OO 3707,SKW,2025-11-27 16:37:00,Arr 1856,2025-11-27,False
GFK,MSP,DL 3708,DAL,OO 3708,SKW,2025-11-27 05:00:00,Arr 0621,2025-11-27,False
BOI,SEA,DL 3712,DAL,OO 3712,SKW,2025-11-27 11:42:00,Arr 1315 (+40min),2025-11-27,False
SEA,BOI,DL 3712,DAL,OO 3712,SKW,2025-11-27 08:30:00,Arr 1220 (+78min),2025-11-27,False
BZN,SEA,DL 3718,DAL,OO 3718,SKW,2025-11-27 07:25:00,Arr 0814,2025-11-27,False
DTW,OMA,DL 3719,DAL,OO 3719,SKW,2025-11-27 16:00:00,Arr 1724 (+9min),2025-11-27,False
SLC,EUG,DL 3721,DAL,OO 3721,SKW,2025-11-27 17:10:00,Arr 1803,2025-11-27,False
GRR,MSP,DL 3723,DAL,OO 3723,SKW,2025-11-27 11:23:00,Arr 1216 (+7min),2025-11-27,False
MSP,GRR,DL 3723,DAL,OO 3723,SKW,2025-11-27 08:10:00,Arr 1054 (+11min),2025-11-27,False
SLC,BOI,DL 3725,DAL,OO 3725,SKW,2025-11-27 15:55:00,Arr 1701,2025-11-27,False
FWA,MSP,DL 3726,DAL,OO 3726,SKW,2025-11-27 07:05:00,Diverted,2025-11-27,False
MSP,FWA,DL 3730,DAL,OO 3730,SKW,2025-11-27 16:59:00,Arr 1921,2025-11-27,False
AUS,IND,DL 3731,DAL,OO 3731,SKW,2025-11-27 14:55:00,Arr 1818,2025-11-27,False
ATW,MSP,DL 3734,DAL,OO 3734,SKW,2025-11-27 12:20:00,Arr 1304,2025-11-27,False
MSP,ATW,DL 3734,DAL,OO 3734,SKW,2025-11-27 10:15:00,Arr 1109,2025-11-27,False
RDM,SEA,DL 3735,DAL,OO 3735,SKW,2025-11-27 11:20:00,Arr 1233,2025-11-27,False
SEA,RDM,DL 3735,DAL,OO 3735,SKW,2025-11-27 09:25:00,Arr 1025,2025-11-27,False
SEA,BZN,DL 3736,DAL,OO 3736,SKW,2025-11-27 19:40:00,Arr 2223,2025-11-27,False
BOI,SEA,DL 3740,DAL,OO 3740,SKW,2025-11-27 09:00:00,Arr 0928,2025-11-27,False
SAN,LAX,DL 3743,DAL,OO 3743,SKW,2025-11-27 06:35:00,Arr 0759 (+9min),2025-11-27,False
LGB,SLC,DL 3744,DAL,OO 3744,SKW,2025-11-27 07:00:00,Arr 0948,2025-11-27,False
TUS,SLC,DL 3745,DAL,OO 3745,SKW,2025-11-27 06:45:00,Arr 0818,2025-11-27,False
LGA,BNA,DL 3747,DAL,OO 3747,SKW,2025-11-27 13:05:00,Arr 1525 (+40min),2025-11-27,False
LWS,SEA,DL 3749,DAL,OO 3749,SKW,2025-11-27 07:00:00,Arr 0809,2025-11-27,False
LAX,SMF,DL 3755,DAL,OO 3755,SKW,2025-11-27 08:45:00,Arr 0959,2025-11-27,False
LAX,SMF,DL 3759,DAL,OO 3759,SKW,2025-11-27 16:15:00,Arr 1735,2025-11-27,False
DTW,MKE,DL 3762,DAL,OO 3762,SKW,2025-11-27 12:20:00,Arr 1250 (+8min),2025-11-27,False
MKE,DTW,DL 3762,DAL,OO 3762,SKW,2025-11-27 13:22:00,Arr 1541 (+2min),2025-11-27,False
LAX,TUS,DL 3766,DAL,OO 3766,SKW,2025-11-27 09:25:00,Arr 1142,2025-11-27,False
TUS,LAX,DL 3766,DAL,OO 3766,SKW,2025-11-27 12:41:00,Arr 1301,2025-11-27,False
AUS,ECP,DL 3767,DAL,OO 3767,SKW,2025-11-27 09:40:00,Arr 1117,2025-11-27,False
ECP,AUS,DL 3767,DAL,OO 3767,SKW,2025-11-27 12:31:00,Arr 1444,2025-11-27,False
FAT,SLC,DL 3768,DAL,OO 3768,SKW,2025-11-27 12:20:00,Arr 1448,2025-11-27,False
SLC,FAT,DL 3768,DAL,OO 3768,SKW,2025-11-27 10:45:00,Arr 1128,2025-11-27,False
ABQ,LAX,DL 3771,DAL,OO 3771,SKW,2025-11-27 12:22:00,Arr 1304,2025-11-27,False
AUS,JAX,DL 3772,DAL,OO 3772,SKW,2025-11-27 10:43:00,Arr 1401,2025-11-27,False
JAX,AUS,DL 3772,DAL,OO 3772,SKW,2025-11-27 15:42:00,Arr 1729,2025-11-27,False
BIL,SLC,DL 3773,DAL,OO 3773,SKW,2025-11-27 11:42:00,Arr 1244,2025-11-27,False
SLC,BIL,DL 3773,DAL,OO 3773,SKW,2025-11-27 09:25:00,Arr 1041,2025-11-27,False
BOI,SEA,DL 3775,DAL,OO 3775,SKW,2025-11-27 05:20:00,Arr 0554,2025-11-27,False
MDW,MSP,DL 3778,DAL,OO 3778,SKW,2025-11-27 09:41:00,Arr 1054,2025-11-27,False
DTW,GRR,DL 3785,DAL,OO 3785,SKW,2025-11-27 12:29:00,Arr 1325,2025-11-27,False
GRR,DTW,DL 3785,DAL,OO 3785,SKW,2025-11-27 14:09:00,Arr 1457,2025-11-27,False
SEA,SJC,DL 3789,DAL,OO 3789,SKW,2025-11-27 10:30:00,Arr 1251,2025-11-27,False
MSP,OKC,DL 3791,DAL,OO 3791,SKW,2025-11-27 16:15:00,Arr 1801,2025-11-27,False
GEG,LAX,DL 3794,DAL,OO 3794,SKW,2025-11-27 14:45:00,Arr 1715,2025-11-27,False
LAX,GEG,DL 3794,DAL,OO 3794,SKW,2025-11-27 11:19:00,Arr 1332,2025-11-27,False
SLC,OAK,DL 3797,DAL,OO 3797,SKW,2025-11-27 17:10:00,Arr 1807,2025-11-27,False
SLC,GTF,DL 3800,DAL,OO 3800,SKW,2025-11-27 15:46:00,Arr 1657,2025-11-27,False
FCA,SLC,DL 3801,DAL,OO 3801,SKW,2025-11-27 12:06:00,Arr 1359 (+2min),2025-11-27,False
SLC,FCA,DL 3801,DAL,OO 3801,SKW,2025-11-27 09:25:00,Arr 1102,2025-11-27,False
PDX,SEA,DL 3802,DAL,OO 3802,SKW,2025-11-27 14:23:00,Arr 1507,2025-11-27,False
SEA,PDX,DL 3802,DAL,OO 3802,SKW,2025-11-27 12:05:00,Arr 1303,2025-11-27,False
SLC,SBA,DL 3803,DAL,OO 3803,SKW,2025-11-27 17:45:00,Arr 1842,2025-11-27,False
MSP,RIC,DL 3804,DAL,OO 3804,SKW,2025-11-27 12:50:00,Arr 1625,2025-11-27,False
ATL,SHV,DL 3806,DAL,OO 3806,SKW,2025-11-27 19:23:00,Arr 2004,2025-11-27,False
OMA,MSP,DL 3807,DAL,OO 3807,SKW,2025-11-27 10:57:00,Arr 1218 (+3min),2025-11-27,False
GFK,MSP,DL 3809,DAL,OO 3809,SKW,2025-11-27 12:19:00,Arr 1321,2025-11-27,False
MSP,GFK,DL 3809,DAL,OO 3809,SKW,2025-11-27 10:10:00,Arr 1130,2025-11-27,False
LAX,SMF,DL 3812,DAL,OO 3812,SKW,2025-11-27 12:19:00,Arr 1401 (+7min),2025-11-27,False
SMF,LAX,DL 3812,DAL,OO 3812,SKW,2025-11-27 14:34:00,Arr 1557,2025-11-27,False
MSP,IAD,DL 3813,DAL,OO 3813,SKW,2025-11-27 11:00:00,Arr 1406,2025-11-27,False
BNA,LGA,DL 3815,DAL,OO 3815,SKW,2025-11-27 09:00:00,Arr 1325 (+69min),2025-11-27,False
SHV,ATL,DL 3816,DAL,OO 3816,SKW,2025-11-27 06:05:00,Arr 0838,2025-11-27,False
PDX,SEA,DL 3818,DAL,OO 3818,SKW,2025-11-27 11:35:00,Arr 1232,2025-11-27,False
SEA,PDX,DL 3818,DAL,OO 3818,SKW,2025-11-27 09:43:00,Arr 1029,2025-11-27,False
PIT,MSP,DL 3819,DAL,OO 3819,SKW,2025-11-27 06:00:00,Arr 0659,2025-11-27,False
SJC,SLC,DL 3821,DAL,OO 3821,SKW,2025-11-27 09:40:00,Arr 1216,2025-11-27,False
SLC,SJC,DL 3821,DAL,OO 3821,SKW,2025-11-27 07:50:00,Arr 0841,2025-11-27,False
ATL,XNA,DL 3824,DAL,OO 3824,SKW,2025-11-27 08:10:00,Arr 0910,2025-11-27,False
XNA,ATL,DL 3824,DAL,OO 3824,SKW,2025-11-27 09:54:00,Arr 1222,2025-11-27,False
EUG,SEA,DL 3826,DAL,OO 3826,SKW,2025-11-27 11:24:00,Arr 1300 (+8min),2025-11-27,False
SEA,EUG,DL 3826,DAL,OO 3826,SKW,2025-11-27 09:25:00,Arr 1041,2025-11-27,False
GRR,DTW,DL 3827,DAL,OO 3827,SKW,2025-11-27 05:30:00,Arr 0643 (+13min),2025-11-27,False
GEG,SEA,DL 3830,DAL,OO 3830,SKW,2025-11-27 09:20:00,Arr 1041,2025-11-27,False
SEA,GEG,DL 3830,DAL,OO 3830,SKW,2025-11-27 07:10:00,Arr 0808,2025-11-27,False
SBN,MSP,DL 3835,DAL,OO 3835,SKW,2025-11-27 07:05:00,Arr 0730,2025-11-27,False
SBN,DTW,DL 3837,DAL,OO 3837,SKW,2025-11-27 08:10:00,Arr 0946 (+25min),2025-11-27,False
SMF,SEA,DL 3839,DAL,OO 3839,SKW,2025-11-27 13:25:00,Arr 1511,2025-11-27,False
SEA,SJC,DL 3840,DAL,OO 3840,SKW,2025-11-27 13:35:00,Arr 1545,2025-11-27,False
SBA,SLC,DL 3841,DAL,OO 3841,SKW,2025-11-27 12:37:00,Arr 1514,2025-11-27,False
SLC,SBA,DL 3841,DAL,OO 3841,SKW,2025-11-27 10:45:00,Arr 1157,2025-11-27,False
ATL,SHV,DL 3844,DAL,OO 3844,SKW,2025-11-27 15:20:00,Arr 1612,2025-11-27,False
SLC,TWF,DL 3849,DAL,OO 3849,SKW,2025-11-27 15:30:00,Arr 1604,2025-11-27,False
DTW,ROC,DL 3850,DAL,OO 3850,SKW,2025-11-27 10:10:00,Arr 1132,2025-11-27,False
BOI,LAX,DL 3852,DAL,OO 3852,SKW,2025-11-27 07:45:00,Arr 0855,2025-11-27,False
SEA,EUG,DL 3855,DAL,OO 3855,SKW,2025-11-27 17:30:00,Arr 1831,2025-11-27,False
MOT,MSP,DL 3861,DAL,OO 3861,SKW,2025-11-27 05:00:00,Arr 0816 (+92min),2025-11-27,False
ROC,DTW,DL 3862,DAL,OO 3862,SKW,2025-11-27 13:25:00,Arr 1430,2025-11-27,False
OMA,MSP,DL 3864,DAL,OO 3864,SKW,2025-11-27 06:55:00,Arr 0801,2025-11-27,False
DTW,GRR,DL 3865,DAL,OO 3865,SKW,2025-11-27 15:53:00,Arr 1701 (+8min),2025-11-27,False
MSP,PIT,DL 3870,DAL,OO 3870,SKW,2025-11-27 15:30:00,Arr 1815,2025-11-27,False
SEA,LWS,DL 3873,DAL,OO 3873,SKW,2025-11-27 19:45:00,Arr 2049,2025-11-27,False
OMA,SLC,DL 3874,DAL,OO 3874,SKW,2025-11-27 08:20:00,Arr 1007,2025-11-27,False
PDX,SEA,DL 3875,DAL,OO 3875,SKW,2025-11-27 07:15:00,Arr 0812,2025-11-27,False
GRB,DTW,DL 3878,DAL,OO 3878,SKW,2025-11-27 07:00:00,Arr 0900,2025-11-27,False
SEA,SMF,DL 3881,DAL,OO 3881,SKW,2025-11-27 08:25:00,Arr 1006,2025-11-27,False
SLC,OKC,DL 3882,DAL,OO 3882,SKW,2025-11-27 14:01:00,Arr 1706,2025-11-27,False
LAX,SJC,DL 3883,DAL,OO 3883,SKW,2025-11-27 18:03:00,Arr 1907,2025-11-27,False
MSP,SBN,DL 3886,DAL,OO 3886,SKW,2025-11-27 16:45:00,Arr 1851,2025-11-27,False
PSC,SLC,DL 3892,DAL,OO 3892,SKW,2025-11-27 11:32:00,Arr 1357,2025-11-27,False
LAX,PHX,DL 3894,DAL,OO 3894,SKW,2025-11-27 14:19:00,Arr 1629,2025-11-27,False
PHX,LAX,DL 3894,DAL,OO 3894,SKW,2025-11-27 17:30:00,Arr 1736,2025-11-27,False
SLC,OMA,DL 3896,DAL,OO 3896,SKW,2025-11-27 14:40:00,Arr 1750,2025-11-27,False
DTW,MBS,DL 3898,DAL,OO 3898,SKW,2025-11-27 10:00:00,Arr 1106 (+7min),2025-11-27,False
MBS,DTW,DL 3898,DAL,OO 3898,SKW,2025-11-27 13:45:00,Arr 1427,2025-11-27,False
ATW,DTW,DL 3899,DAL,OO 3899,SKW,2025-11-27 12:17:00,Arr 1416,2025-11-27,False
DTW,ATW,DL 3899,DAL,OO 3899,SKW,2025-11-27 10:30:00,Arr 1031,2025-11-27,False
DTW,SBN,DL 3900,DAL,OO 3900,SKW,2025-11-27 15:50:00,Arr 1659 (+3min),2025-11-27,False
HLN,SLC,DL 3901,DAL,OO 3901,SKW,2025-11-27 05:30:00,Arr 0653,2025-11-27,False
AUS,SLC,DL 3908,DAL,OO 3908,SKW,2025-11-27 05:00:00,Arr 0705,2025-11-27,False
MKE,DTW,DL 3914,DAL,OO 3914,SKW,2025-11-27 07:12:00,Arr 0934 (+4min),2025-11-27,False
GEG,SEA,DL 3916,DAL,OO 3916,SKW,2025-11-27 07:05:00,Arr 0824,2025-11-27,False
DTW,FWA,DL 3917,DAL,OO 3917,SKW,2025-11-27 17:45:00,Arr 1846,2025-11-27,False
SEA,PDX,DL 3918,DAL,OO 3918,SKW,2025-11-27 14:25:00,Arr 1522,2025-11-27,False
ALB,DTW,DL 3922,DAL,OO 3922,SKW,2025-11-27 13:00:00,Arr 1433,2025-11-27,False
DTW,ALB,DL 3922,DAL,OO 3922,SKW,2025-11-27 10:20:00,Arr 1135,2025-11-27,False
ASE,ATL,DL 3924,DAL,OO 3924,SKW,2025-11-27 13:05:00,Arr 1751,2025-11-27,False
DLH,MSP,DL 3930,DAL,OO 3930,SKW,2025-11-27 06:50:00,Arr 0757,2025-11-27,False
BUR,SLC,DL 3933,DAL,OO 3933,SKW,2025-11-27 13:37:00,Arr 1622,2025-11-27,False
SLC,BUR,DL 3933,DAL,OO 3933,SKW,2025-11-27 11:52:00,Arr 1240,2025-11-27,False
COS,SLC,DL 3940,DAL,OO 3940,SKW,2025-11-27 08:00:00,Arr 0952,2025-11-27,False
CMH,DTW,DL 3942,DAL,OO 3942,SKW,2025-11-27 06:10:00,Arr 0658,2025-11-27,False
IDA,SLC,DL 3944,DAL,OO 3944,SKW,2025-11-27 13:15:00,Arr 1402,2025-11-27,False
SLC,IDA,DL 3944,DAL,OO 3944,SKW,2025-11-27 11:25:00,Arr 1214,2025-11-27,False
PHX,LAX,DL 3951,DAL,OO 3951,SKW,2025-11-27 13:12:00,Arr 1326,2025-11-27,False
PDX,SEA,DL 3953,DAL,OO 3953,SKW,2025-11-27 09:11:00,Arr 1017,2025-11-27,False
SEA,PDX,DL 3953,DAL,OO 3953,SKW,2025-11-27 07:15:00,Arr 0814,2025-11-27,False
SEA,MFR,DL 3954,DAL,OO 3954,SKW,2025-11-27 17:30:00,Arr 1850,2025-11-27,False
SLC,PSC,DL 3958,DAL,OO 3958,SKW,2025-11-27 11:15:00,Arr 1200,2025-11-27,False
FWA,DTW,DL 3961,DAL,OO 3961,SKW,2025-11-27 08:10:00,Arr 0942 (+22min),2025-11-27,False
MBS,DTW,DL 3962,DAL,OO 3962,SKW,2025-11-27 06:40:00,Arr 0749 (+9min),2025-11-27,False
DTW,MBS,DL 3964,DAL,OO 3964,SKW,2025-11-27 17:45:00,Arr 1831,2025-11-27,False
MSP,MEM,DL 3966,DAL,OO 3966,SKW,2025-11-27 15:44:00,Arr 1722,2025-11-27,False
MSP,DLH,DL 3971,DAL,OO 3971,SKW,2025-11-27 16:00:00,Arr 1719 (+10min),2025-11-27,False
DTW,GRB,DL 3974,DAL,OO 3974,SKW,2025-11-27 10:05:00,Arr 1047 (+17min),2025-11-27,False
GRB,DTW,DL 3974,DAL,OO 3974,SKW,2025-11-27 12:20:00,Arr 1434,2025-11-27,False
ATW,MSP,DL 3975,DAL,OO 3975,SKW,2025-11-27 06:24:00,Arr 0725,2025-11-27,False
LEX,DTW,DL 3977,DAL,OO 3977,SKW,2025-11-27 07:45:00,Arr 0859,2025-11-27,False
SJC,LAX,DL 3979,DAL,OO 3979,SKW,2025-11-27 07:00:00,Arr 0821,2025-11-27,False
AZO,DTW,DL 3980,DAL,OO 3980,SKW,2025-11-27 05:25:00,Arr 0641 (+11min),2025-11-27,False
AZO,DTW,DL 3986,DAL,OO 3986,SKW,2025-11-27 10:31:00,Arr 1123,2025-11-27,False
DTW,AZO,DL 3986,DAL,OO 3986,SKW,2025-11-27 08:45:00,Arr 0943,2025-11-27,False
MFR,SEA,DL 3989,DAL,OO 3989,SKW,2025-11-27 06:00:00,Arr 0732,2025-11-27,False
DTW,SDF,DL 3993,DAL,OO 3993,SKW,2025-11-27 08:25:00,Arr 0959,2025-11-27,False
SDF,DTW,DL 3993,DAL,OO 3993,SKW,2025-11-27 10:39:00,Arr 1146,2025-11-27,False
IND,DTW,DL 3995,DAL,OO 3995,SKW,2025-11-27 06:25:00,Arr 0911 (+90min),2025-11-27,False
SEA,SJC,DL 3999,DAL,OO 3999,SKW,2025-11-27 16:40:00,Arr 1852,2025-11-27,False
SJC,SEA,DL 3999,DAL,OO 3999,SKW,2025-11-27 19:45:00,Arr 2127,2025-11-27,False
ATL,XNA,DL 4003,DAL,OO 4003,SKW,2025-11-27 13:55:00,Arr 1514 (+19min),2025-11-27,False
XNA,ATL,DL 4003,DAL,OO 4003,SKW,2025-11-27 15:40:00,Arr 1820,2025-11-27,False
ATL,ASE,DL 4011,DAL,OO 4011,SKW,2025-11-27 09:40:00,Arr 1134 (+13min),2025-11-27,False
SLC,ABQ,DL 4012,DAL,OO 4012,SKW,2025-11-27 15:50:00,Arr 1708,2025-11-27,False
DTW,LEX,DL 4013,DAL,OO 4013,SKW,2025-11-27 08:35:00,Arr 1004,2025-11-27,False
IND,AUS,DL 4015,DAL,OO 4015,SKW,2025-11-27 07:00:00,Arr 0850,2025-11-27,False
AUS,MSY,DL 4016,DAL,OO 4016,SKW,2025-11-27 14:01:00,Arr 1522,2025-11-27,False
MSY,AUS,DL 4016,DAL,OO 4016,SKW,2025-11-27 16:24:00,Arr 1819,2025-11-27,False
SEA,PSC,DL 4017,DAL,OO 4017,SKW,2025-11-27 17:50:00,Arr 1837,2025-11-27,False
LAX,SAN,DL 4018,DAL,OO 4018,SKW,2025-11-27 08:15:00,Arr 0900,2025-11-27,False
TUL,SLC,DL 4022,DAL,OO 4022,SKW,2025-11-27 08:14:00,Arr 0951,2025-11-27,False
ELM,DTW,DL 4028,DAL,OO 4028,SKW,2025-11-27 06:00:00,Arr 0708,2025-11-27,False
OKC,SLC,DL 4029,DAL,OO 4029,SKW,2025-11-27 08:05:00,Arr 0934,2025-11-27,False
PSP,SLC,DL 4030,DAL,OO 4030,SKW,2025-11-27 06:00:00,Arr 0832,2025-11-27,False
SEA,ONT,DL 4031,DAL,OO 4031,SKW,2025-11-27 15:30:00,Arr 1751,2025-11-27,False
DTW,ELM,DL 4032,DAL,OO 4032,SKW,2025-11-27 16:05:00,Arr 1708,2025-11-27,False
DTW,IND,DL 4034,DAL,OO 4034,SKW,2025-11-27 17:45:00,Arr 1858,2025-11-27,False
DTW,GRR,DL 4035,DAL,OO 4035,SKW,2025-11-27 17:53:00,Arr 1836,2025-11-27,False
RDM,SEA,DL 4036,DAL,OO 4036,SKW,2025-11-27 07:00:00,Arr 1021 (+109min),2025-11-27,False
SUN,SLC,DL 4037,DAL,OO 4037,SKW,2025-11-27 07:30:00,Arr 0823,2025-11-27,False
SJC,SEA,DL 4041,DAL,OO 4041,SKW,2025-11-27 07:05:00,Arr 0952 (+6min),2025-11-27,False
ONT,SEA,DL 4042,DAL,OO 4042,SKW,2025-11-27 06:45:00,Arr 0919,2025-11-27,False
SEA,SMF,DL 4043,DAL,OO 4043,SKW,2025-11-27 16:29:00,Arr 1812,2025-11-27,False
ATL,FWA,DL 4048,DAL,OO 4048,SKW,2025-11-27 09:00:00,Arr 1109 (+23min),2025-11-27,False
FWA,ATL,DL 4048,DAL,OO 4048,SKW,2025-11-27 11:41:00,Arr 1336 (+1min),2025-11-27,False
SLC,TUS,DL 4050,DAL,OO 4050,SKW,2025-11-27 09:32:00,Arr 1112,2025-11-27,False
TUS,SLC,DL 4050,DAL,OO 4050,SKW,2025-11-27 12:23:00,Arr 1350,2025-11-27,False
SLC,TUS,DL 4054,DAL,OO 4054,SKW,2025-11-27 20:32:00,Arr 2229,2025-11-27,False
DTW,TVC,DL 4059,DAL,OO 4059,SKW,2025-11-27 10:15:00,Arr 1159 (+28min),2025-11-27,False
TVC,DTW,DL 4059,DAL,OO 4059,SKW,2025-11-27 13:30:00,Arr 1459 (+14min),2025-11-27,False
OAK,SLC,DL 4061,DAL,OO 4061,SKW,2025-11-27 05:55:00,Arr 0854,2025-11-27,False
DTW,IND,DL 4062,DAL,OO 4062,SKW,2025-11-27 12:15:00,Arr 1329 (+1min),2025-11-27,False
IND,DTW,DL 4062,DAL,OO 4062,SKW,2025-11-27 15:45:00,Arr 1627,2025-11-27,False
AUS,MFE,DL 4067,DAL,OO 4067,SKW,2025-11-27 19:00:00,Arr 2014,2025-11-27,False
GEG,SEA,DL 4068,DAL,OO 4068,SKW,2025-11-27 13:10:00,Arr 1419,2025-11-27,False
SEA,GEG,DL 4068,DAL,OO 4068,SKW,2025-11-27 11:15:00,Arr 1223,2025-11-27,False
FSD,MSP,DL 4069,DAL,OO 4069,SKW,2025-11-27 10:58:00,Arr 1200,2025-11-27,False
MSP,FSD,DL 4069,DAL,OO 4069,SKW,2025-11-27 09:00:00,Arr 1023 (+5min),2025-11-27,False
SMF,SEA,DL 4075,DAL,OO 4075,SKW,2025-11-27 07:25:00,Arr 0918,2025-11-27,False
LAS,SNA,DL 4078,DAL,OO 4078,SKW,2025-11-27 08:00:00,Arr 0858,2025-11-27,False
SNA,LAS,DL 4078,DAL,OO 4078,SKW,2025-11-27 09:58:00,Arr 1055,2025-11-27,False
ATL,BTR,DL 4083,DAL,OO 4083,SKW,2025-11-27 09:10:00,Arr 1005 (+15min),2025-11-27,False
BTR,ATL,DL 4083,DAL,OO 4083,SKW,2025-11-27 10:30:00,Arr 1309 (+4min),2025-11-27,False
SLC,ABQ,DL 4084,DAL,OO 4084,SKW,2025-11-27 09:31:00,Arr 1102,2025-11-27,False
SHV,ATL,DL 4089,DAL,OO 4089,SKW,2025-11-27 07:29:00,Arr 1001,2025-11-27,False
LAX,ABQ,DL 4091,DAL,OO 4091,SKW,2025-11-27 14:10:00,Arr 1656,2025-11-27,False
LAX,RNO,DL 4099,DAL,OO 4099,SKW,2025-11-27 09:48:00,Arr 1103,2025-11-27,False
RNO,LAX,DL 4099,DAL,OO 4099,SKW,2025-11-27 12:06:00,Arr 1322,2025-11-27,False
MEM,MSP,DL 4103,DAL,OO 4103,SKW,2025-11-27 06:00:00,Arr 0747,2025-11-27,False
RNO,LAX,DL 4106,DAL,OO 4106,SKW,2025-11-27 07:00:00,Arr 0855,2025-11-27,False
SBN,ATL,DL 4107,DAL,OO 4107,SKW,2025-11-27 06:00:00,Arr 0817 (+6min),2025-11-27,False
MOT,MSP,DL 4108,DAL,OO 4108,SKW,2025-11-27 07:43:00,Arr 1206 (+157min),2025-11-27,False
MSP,MOT,DL 4109,DAL,OO 4109,SKW,2025-11-27 16:00:00,Arr 1725,2025-11-27,False
OMA,DTW,DL 4110,DAL,OO 4110,SKW,2025-11-27 06:19:00,Arr 1154 (+144min),2025-11-27,False
DTW,MEM,DL 4111,DAL,OO 4111,SKW,2025-11-27 08:35:00,Arr 0930,2025-11-27,False
MEM,DTW,DL 4111,DAL,OO 4111,SKW,2025-11-27 12:15:00,Arr 1459,2025-11-27,False
MSO,SLC,DL 4112,DAL,OO 4112,SKW,2025-11-27 13:13:00,Arr 1432,2025-11-27,False
SLC,MSO,DL 4112,DAL,OO 4112,SKW,2025-11-27 10:45:00,Arr 1213,2025-11-27,False
ABQ,LAX,DL 4115,DAL,OO 4115,SKW,2025-11-27 06:01:00,Arr 0653,2025-11-27,False
AUS,BNA,DL 4116,DAL,OO 4116,SKW,2025-11-27 09:00:00,Arr 1103,2025-11-27,False
ATL,FWA,DL 4117,DAL,OO 4117,SKW,2025-11-27 21:00:00,Arr 2237,2025-11-27,False
LAX,PHX,DL 4119,DAL,OO 4119,SKW,2025-11-27 07:20:00,Arr 0942,2025-11-27,False
LAX,SJC,DL 4123,DAL,OO 4123,SKW,2025-11-27 09:35:00,Arr 1047,2025-11-27,False
SJC,LAX,DL 4123,DAL,OO 4123,SKW,2025-11-27 11:40:00,Arr 1256,2025-11-27,False
SEA,SMF,DL 4125,DAL,OO 4125,SKW,2025-11-27 10:34:00,Arr 1212,2025-11-27,False
LAX,RNO,DL 4126,DAL,OO 4126,SKW,2025-11-27 15:00:00,Arr 1615,2025-11-27,False
SEA,BOI,DL 4127,DAL,OO 4127,SKW,2025-11-27 10:35:00,Arr 1257,2025-11-27,False
EUG,SEA,DL 4128,DAL,OO 4128,SKW,2025-11-27 07:00:00,Arr 0806,2025-11-27,False
MSP,MOT,DL 4130,DAL,OO 4130,SKW,2025-11-27 13:00:00,Arr 1436,2025-11-27,False
XNA,ATL,DL 4132,DAL,OO 4132,SKW,2025-11-27 06:00:00,Arr 0832,2025-11-27,False
ASE,LAX,DL 4133,DAL,OO 4133,SKW,2025-11-27 12:01:00,Arr 1319,2025-11-27,False
OAK,SLC,DL 4134,DAL,OO 4134,SKW,2025-11-27 12:28:00,Arr 1501,2025-11-27,False
SLC,OAK,DL 4134,DAL,OO 4134,SKW,2025-11-27 10:45:00,Arr 1137,2025-11-27,False
EUG,SLC,DL 4135,DAL,OO 4135,SKW,2025-11-27 12:34:00,Arr 1510,2025-11-27,False
SLC,EUG,DL 4135,DAL,OO 4135,SKW,2025-11-27 10:45:00,Arr 1149,2025-11-27,False
FAT,SLC,DL 4138,DAL,OO 4138,SKW,2025-11-27 06:00:00,Arr 0823,2025-11-27,False
SEA,RDM,DL 4141,DAL,OO 4141,SKW,2025-11-27 17:34:00,Arr 1838,2025-11-27,False
DTW,PVD,DL 4142,DAL,OO 4142,SKW,2025-11-27 17:55:00,Arr 1943,2025-11-27,False
PVD,DTW,DL 4144,DAL,OO 4144,SKW,2025-11-27 05:40:00,Arr 0739,2025-11-27,False
SEA,GEG,DL 4145,DAL,OO 4145,SKW,2025-11-27 13:36:00,Arr 1444,2025-11-27,False
DTW,BUF,DL 4149,DAL,OO 4149,SKW,2025-11-27 16:01:00,Arr 1712,2025-11-27,False
ABQ,SLC,DL 4152,DAL,OO 4152,SKW,2025-11-27 05:15:00,Arr 0711,2025-11-27,False
MFR,SEA,DL 4155,DAL,OO 4155,SKW,2025-11-27 11:40:00,Arr 1255,2025-11-27,False
SEA,MFR,DL 4155,DAL,OO 4155,SKW,2025-11-27 09:25:00,Arr 1052,2025-11-27,False
AUS,DEN,DL 4165,DAL,OO 4165,SKW,2025-11-27 16:00:00,Arr 1715,2025-11-27,False
DEN,AUS,DL 4166,DAL,OO 4166,SKW,2025-11-27 18:16:00,Arr 2116,2025-11-27,False
AGS,ATL,DL 4172,DAL,OO 4172,SKW,2025-11-27 14:59:00,Arr 1541,2025-11-27,False
ATL,AGS,DL 4172,DAL,OO 4172,SKW,2025-11-27 13:22:00,Arr 1411,2025-11-27,False
ATW,DTW,DL 4176,DAL,OO 4176,SKW,2025-11-27 07:00:00,Arr 0907,2025-11-27,False
AUS,MFE,DL 4177,DAL,OO 4177,SKW,2025-11-27 10:40:00,Arr 1141,2025-11-27,False
MFE,AUS,DL 4177,DAL,OO 4177,SKW,2025-11-27 12:44:00,Arr 1354,2025-11-27,False
AUS,DEN,DL 4178,DAL,OO 4178,SKW,2025-11-27 07:40:00,Arr 0905,2025-11-27,False
DEN,AUS,DL 4179,DAL,OO 4179,SKW,2025-11-27 09:55:00,Arr 1319 (+3min),2025-11-27,False
HIB,MSP,DL 4229,DAL,OO 4229,SKW,2025-11-27 10:55:00,Arr 1148,2025-11-27,False
MSP,HIB,DL 4229,DAL,OO 4229,SKW,2025-11-27 09:05:00,Arr 0959,2025-11-27,False
GJT,SLC,DL 4230,DAL,OO 4230,SKW,2025-11-27 05:50:00,Arr 0658,2025-11-27,False
MSP,RHI,DL 4233,DAL,OO 4233,SKW,2025-11-27 12:45:00,Arr 1353 (+2min),2025-11-27,False
SLC,GJT,DL 4234,DAL,OO 4234,SKW,2025-11-27 13:40:00,Arr 1421,2025-11-27,False
SGU,SLC,DL 4235,DAL,OO 4235,SKW,2025-11-27 06:00:00,Arr 0707,2025-11-27,False
SGU,SLC,DL 4237,DAL,OO 4237,SKW,2025-11-27 09:00:00,Arr 0949,2025-11-27,False
ABR,MSP,DL 4238,DAL,OO 4238,SKW,2025-11-27 06:30:00,Arr 0809 (+17min),2025-11-27,False
MSP,CIU,DL 4242,DAL,OO 4242,SKW,2025-11-27 13:00:00,Arr 1558 (+15min),2025-11-27,False
DTW,ESC,DL 4243,DAL,OO 4243,SKW,2025-11-27 15:55:00,Arr 1718,2025-11-27,False
ESC,DTW,DL 4244,DAL,OO 4244,SKW,2025-11-27 06:13:00,Arr 0722,2025-11-27,False
INL,MSP,DL 4245,DAL,OO 4245,SKW,2025-11-27 10:59:00,Arr 1159,2025-11-27,False
MSP,INL,DL 4245,DAL,OO 4245,SKW,2025-11-27 09:00:00,Arr 1011,2025-11-27,False
CIU,MSP,DL 4251,DAL,OO 4251,SKW,2025-11-27 06:53:00,Arr 0800 (+11min),2025-11-27,False
MSP,XWA,DL 4261,DAL,OO 4261,SKW,2025-11-27 10:05:00,Arr 1318 (+75min),2025-11-27,False
XWA,MSP,DL 4261,DAL,OO 4261,SKW,2025-11-27 12:38:00,Arr 1530 (+55min),2025-11-27,False
SLC,SGU,DL 4263,DAL,OO 4263,SKW,2025-11-27 09:30:00,Arr 1022,2025-11-27,False
MSP,ABR,DL 4264,DAL,OO 4264,SKW,2025-11-27 13:00:00,Arr 1353,2025-11-27,False
BRD,MSP,DL 4273,DAL,OO 4273,SKW,2025-11-27 10:55:00,Arr 1151,2025-11-27,False
MSP,BRD,DL 4273,DAL,OO 4273,SKW,2025-11-27 09:05:00,Arr 1012,2025-11-27,False
APN,DTW,DL 4274,DAL,OO 4274,SKW,2025-11-27 10:23:00,Arr 1130,2025-11-27,False
DTW,APN,DL 4274,DAL,OO 4274,SKW,2025-11-27 08:30:00,Arr 0950 (+2min),2025-11-27,False
SLC,SGU,DL 4279,DAL,OO 4279,SKW,2025-11-27 13:40:00,Arr 1439,2025-11-27,False
MSP,XWA,DL 4289,DAL,OO 4289,SKW,2025-11-27 15:15:00,Arr 1742 (+22min),2025-11-27,False
DTW,IMT,DL 4290,DAL,OO 4290,SKW,2025-11-27 10:00:00,Arr 1022,2025-11-27,False
MSP,BJI,DL 4291,DAL,OO 4291,SKW,2025-11-27 13:00:00,Arr 1357,2025-11-27,False
RHI,MSP,DL 4292,DAL,OO 4292,SKW,2025-11-27 06:31:00,Arr 0731,2025-11-27,False
IMT,DTW,DL 4294,DAL,OO 4294,SKW,2025-11-27 11:11:00,Arr 1319,2025-11-27,False
XWA,MSP,DL 4296,DAL,OO 4296,SKW,2025-11-27 05:53:00,Arr 0756,2025-11-27,False
ATY,MSP,DL 4298,DAL,OO 4298,SKW,2025-11-27 05:10:00,Arr 0623,2025-11-27,False
MSP,ATY,DL 4299,DAL,OO 4299,SKW,2025-11-27 12:55:00,Arr 1355,2025-11-27,False
BJI,MSP,DL 4303,DAL,OO 4303,SKW,2025-11-27 06:40:00,Arr 0737,2025-11-27,False
EKO,SLC,DL 4311,DAL,OO 4311,SKW,2025-11-27 06:30:00,Arr 0824,2025-11-27,False
MQT,MSP,DL 4313,DAL,OO 4313,SKW,2025-11-27 07:31:00,Cancelled,2025-11-27,False
MSP,MQT,DL 4314,DAL,OO 4314,SKW,2025-11-27 10:10:00,Arr 1244 (+12min),2025-11-27,False
SLC,EKO,DL 4317,DAL,OO 4317,SKW,2025-11-27 13:50:00,Arr 1341,2025-11-27,False
CDC,SLC,DL 4318,DAL,OO 4318,SKW,2025-11-27 09:37:00,Arr 1018,2025-11-27,False
SLC,CDC,DL 4318,DAL,OO 4318,SKW,2025-11-27 07:45:00,Arr 0827,2025-11-27,False
DTW,PLN,DL 4338,DAL,OO 4338,SKW,2025-11-27 12:15:00,Arr 1329,2025-11-27,False
PLN,DTW,DL 4338,DAL,OO 4338,SKW,2025-11-27 14:04:00,Arr 1459,2025-11-27,False
ABQ,SFO,UA 4628,UAL,OO 4628,SKW,2025-11-27 07:54:00,Arr 1155 (+130min),2025-11-27,False
BUR,SFO,UA 4630,UAL,OO 4630,SKW,2025-11-27 19:40:00,Arr 2042,2025-11-27,False
CPR,DEN,UA 4631,UAL,OO 4631,SKW,2025-11-27 09:03:00,Arr 1043 (+13min),2025-11-27,False
BWI,IAH,UA 4632,UAL,OO 4632,SKW,2025-11-27 12:35:00,Arr 1456,2025-11-27,False
BOI,LAX,UA 4633,UAL,OO 4633,SKW,2025-11-27 14:11:00,Arr 1520,2025-11-27,False
DEN,COU,UA 4634,UAL,OO 4634,SKW,2025-11-27 13:25:00,Arr 1557,2025-11-27,False
DEN,GSO,UA 4635,UAL,OO 4635,SKW,2025-11-27 13:35:00,Arr 1854,2025-11-27,False
DEN,TUS,UA 4637,UAL,OO 4637,SKW,2025-11-27 07:45:00,Arr 0958,2025-11-27,False
DEN,LEX,UA 4638,UAL,OO 4638,SKW,2025-11-27 13:50:00,Arr 1811,2025-11-27,False
IAH,LFT,UA 4639,UAL,OO 4639,SKW,2025-11-27 18:20:00,Arr 1909,2025-11-27,False
HSV,DEN,UA 4640,UAL,OO 4640,SKW,2025-11-27 07:45:00,Arr 1105 (+56min),2025-11-27,False
DRO,DEN,UA 4641,UAL,OO 4641,SKW,2025-11-27 05:15:00,Arr 0639,2025-11-27,False
DEN,HOB,UA 4642,UAL,OO 4642,SKW,2025-11-27 13:25:00,Arr 1504,2025-11-27,False
LAX,SAN,UA 4643,UAL,OO 4643,SKW,2025-11-27 09:17:00,Arr 0958,2025-11-27,False
DSM,ORD,UA 4644,UAL,OO 4644,SKW,2025-11-27 11:26:00,Arr 1254,2025-11-27,False
IAH,BWI,UA 4645,UAL,OO 4645,SKW,2025-11-27 07:26:00,Arr 1109,2025-11-27,False
CAK,ORD,UA 4646,UAL,OO 4646,SKW,2025-11-27 07:15:00,Arr 0759,2025-11-27,False
IAH,DSM,UA 4647,UAL,OO 4647,SKW,2025-11-27 12:05:00,Arr 1440 (+19min),2025-11-27,False
GUC,DEN,UA 4648,UAL,OO 4648,SKW,2025-11-27 07:00:00,Arr 0814,2025-11-27,False
SBA,LAX,UA 4649,UAL,OO 4649,SKW,2025-11-27 07:29:00,Arr 0832 (+2min),2025-11-27,False
FAT,LAX,UA 4650,UAL,OO 4650,SKW,2025-11-27 08:15:00,Arr 0926,2025-11-27,False
MLI,ORD,UA 4651,UAL,OO 4651,SKW,2025-11-27 10:50:00,Arr 1142,2025-11-27,False
IAH,LFT,UA 4652,UAL,OO 4652,SKW,2025-11-27 12:05:00,Arr 1253,2025-11-27,False
SFO,ABQ,UA 4654,UAL,OO 4654,SKW,2025-11-27 10:40:00,Arr 1406,2025-11-27,False
ACV,SFO,UA 4655,UAL,OO 4655,SKW,2025-11-27 14:15:00,Arr 1511,2025-11-27,False
DEN,MLI,UA 4657,UAL,OO 4657,SKW,2025-11-27 13:25:00,Arr 1616,2025-11-27,False
LAX,PHX,UA 4658,UAL,OO 4658,SKW,2025-11-27 10:52:00,Arr 1321,2025-11-27,False
ATW,ORD,UA 4659,UAL,OO 4659,SKW,2025-11-27 06:30:00,Arr 0751,2025-11-27,False
GEG,SFO,UA 4661,UAL,OO 4661,SKW,2025-11-27 06:00:00,Arr 0842,2025-11-27,False
ORD,COS,UA 4662,UAL,OO 4662,SKW,2025-11-27 09:20:00,Arr 1112,2025-11-27,False
DEN,BIS,UA 4663,UAL,OO 4663,SKW,2025-11-27 10:20:00,Arr 1253,2025-11-27,False
IAH,MEM,UA 4664,UAL,OO 4664,SKW,2025-11-27 16:30:00,Arr 1756,2025-11-27,False
IAH,OMA,UA 4665,UAL,OO 4665,SKW,2025-11-27 11:55:00,Arr 1413 (+7min),2025-11-27,False
DEN,PIA,UA 4666,UAL,OO 4666,SKW,2025-11-27 13:50:00,Arr 1639,2025-11-27,False
AVL,ORD,UA 4667,UAL,OO 4667,SKW,2025-11-27 06:35:00,Arr 0733,2025-11-27,False
DEN,BFL,UA 4668,UAL,OO 4668,SKW,2025-11-27 11:30:00,Arr 1257,2025-11-27,False
DLH,ORD,UA 4670,UAL,OO 4670,SKW,2025-11-27 07:55:00,Arr 0946,2025-11-27,False
ORD,CHA,UA 4671,UAL,OO 4671,SKW,2025-11-27 10:35:00,Arr 1306,2025-11-27,False
SEA,SFO,UA 4672,UAL,OO 4672,SKW,2025-11-27 05:30:00,Arr 0801 (+11min),2025-11-27,False
DEN,SHV,UA 4673,UAL,OO 4673,SKW,2025-11-27 13:30:00,Arr 1631,2025-11-27,False
DEN,RAP,UA 4674,UAL,OO 4674,SKW,2025-11-27 09:45:00,Arr 1108 (+4min),2025-11-27,False
IAH,SAT,UA 4675,UAL,OO 4675,SKW,2025-11-27 16:44:00,Arr 1745,2025-11-27,False
LFT,IAH,UA 4676,UAL,OO 4676,SKW,2025-11-27 14:00:00,Arr 1501,2025-11-27,False
MEM,DEN,UA 4677,UAL,OO 4677,SKW,2025-11-27 08:33:00,Arr 1029,2025-11-27,False
IAH,BTR,UA 4678,UAL,OO 4678,SKW,2025-11-27 16:20:00,Arr 1725,2025-11-27,False
DEN,DRO,UA 4679,UAL,OO 4679,SKW,2025-11-27 08:15:00,Arr 0913,2025-11-27,False
BTR,IAH,UA 4680,UAL,OO 4680,SKW,2025-11-27 05:07:00,Arr 0612,2025-11-27,False
LAX,BOI,UA 4682,UAL,OO 4682,SKW,2025-11-27 10:15:00,Arr 1301,2025-11-27,False
TUS,SFO,UA 4683,UAL,OO 4683,SKW,2025-11-27 07:13:00,Arr 0841,2025-11-27,False
OMA,IAH,UA 4684,UAL,OO 4684,SKW,2025-11-27 14:52:00,Arr 1700,2025-11-27,False
ORD,BOI,UA 4685,UAL,OO 4685,SKW,2025-11-27 08:45:00,Arr 1228 (+26min),2025-11-27,False
ORD,DSM,UA 4686,UAL,OO 4686,SKW,2025-11-27 09:06:00,Arr 1058 (+16min),2025-11-27,False
DEN,CPR,UA 4687,UAL,OO 4687,SKW,2025-11-27 11:20:00,Arr 1223,2025-11-27,False
DEN,FAR,UA 4688,UAL,OO 4688,SKW,2025-11-27 09:52:00,Arr 1253 (+2min),2025-11-27,False
ORD,GRB,UA 4689,UAL,OO 4689,SKW,2025-11-27 08:54:00,Arr 0956,2025-11-27,False
ORD,ELP,UA 4690,UAL,OO 4690,SKW,2025-11-27 12:45:00,Arr 1503,2025-11-27,False
CRP,IAH,UA 4691,UAL,OO 4691,SKW,2025-11-27 07:00:00,Arr 0758,2025-11-27,False
MLI,DEN,UA 4692,UAL,OO 4692,SKW,2025-11-27 08:52:00,Arr 1007,2025-11-27,False
ORD,MDT,UA 4693,UAL,OO 4693,SKW,2025-11-27 07:10:00,Arr 0954,2025-11-27,False
ORD,PSP,UA 4694,UAL,OO 4694,SKW,2025-11-27 09:25:00,Arr 1152,2025-11-27,False
CRW,ORD,UA 4697,UAL,OO 4697,SKW,2025-11-27 13:59:00,Arr 1431,2025-11-27,False
PSP,SFO,UA 4699,UAL,OO 4699,SKW,2025-11-27 07:58:00,Arr 0949 (+4min),2025-11-27,False
SFO,RNO,UA 4700,UAL,OO 4700,SKW,2025-11-27 13:15:00,Arr 1442 (+17min),2025-11-27,False
RNO,SFO,UA 4701,UAL,OO 4701,SKW,2025-11-27 15:30:00,Arr 1618,2025-11-27,False
DEN,AVL,UA 4703,UAL,OO 4703,SKW,2025-11-27 10:06:00,Arr 1513 (+9min),2025-11-27,False
DEN,GJT,UA 4704,UAL,OO 4704,SKW,2025-11-27 09:35:00,Arr 1041,2025-11-27,False
IDA,DEN,UA 4706,UAL,OO 4706,SKW,2025-11-27 07:00:00,Arr 0836,2025-11-27,False
HSV,ORD,UA 4707,UAL,OO 4707,SKW,2025-11-27 07:30:00,Arr 0956 (+10min),2025-11-27,False
SFO,ACV,UA 4708,UAL,OO 4708,SKW,2025-11-27 09:30:00,Arr 1036,2025-11-27,False
GJT,DEN,UA 4709,UAL,OO 4709,SKW,2025-11-27 11:21:00,Arr 1224,2025-11-27,False
BIS,DEN,UA 4710,UAL,OO 4710,SKW,2025-11-27 09:08:00,Arr 1023,2025-11-27,False
COS,DEN,UA 4711,UAL,OO 4711,SKW,2025-11-27 07:45:00,Arr 0856 (+3min),2025-11-27,False
BUR,DEN,UA 4713,UAL,OO 4713,SKW,2025-11-27 08:55:00,Arr 1224,2025-11-27,False
FNT,ORD,UA 4714,UAL,OO 4714,SKW,2025-11-27 07:00:00,Arr 0701,2025-11-27,False
SFO,ACV,UA 4715,UAL,OO 4715,SKW,2025-11-27 13:30:00,Arr 1440,2025-11-27,False
MRY,LAX,UA 4717,UAL,OO 4717,SKW,2025-11-27 06:00:00,Arr 0708,2025-11-27,False
BTR,IAH,UA 4718,UAL,OO 4718,SKW,2025-11-27 09:30:00,Arr 1039,2025-11-27,False
GSO,ORD,UA 4722,UAL,OO 4722,SKW,2025-11-27 06:30:00,Arr 0754 (+1min),2025-11-27,False
SAN,LAX,UA 4723,UAL,OO 4723,SKW,2025-11-27 06:15:00,Arr 0707,2025-11-27,False
BFL,SFO,UA 4724,UAL,OO 4724,SKW,2025-11-27 06:15:00,Arr 0719,2025-11-27,False
DEN,SAF,UA 4731,UAL,OO 4731,SKW,2025-11-27 08:05:00,Arr 0912,2025-11-27,False
BOI,SFO,UA 4733,UAL,OO 4733,SKW,2025-11-27 10:40:00,Arr 1138,2025-11-27,False
DEN,COS,UA 4734,UAL,OO 4734,SKW,2025-11-27 11:15:00,Arr 1217 (+4min),2025-11-27,False
IAH,MEM,UA 4736,UAL,OO 4736,SKW,2025-11-27 07:35:00,Arr 0902,2025-11-27,False
BIS,DEN,UA 4738,UAL,OO 4738,SKW,2025-11-27 05:45:00,Arr 0640,2025-11-27,False
MKE,ORD,UA 4740,UAL,OO 4740,SKW,2025-11-27 12:04:00,Arr 1304,2025-11-27,False
LEX,DEN,UA 4741,UAL,OO 4741,SKW,2025-11-27 09:00:00,Arr 1241 (+134min),2025-11-27,False
BNA,IAH,UA 4746,UAL,OO 4746,SKW,2025-11-27 08:43:00,Arr 1037,2025-11-27,False
OKC,DEN,UA 4751,UAL,OO 4751,SKW,2025-11-27 06:00:00,Arr 0648,2025-11-27,False
DTW,ORD,UA 4754,UAL,OO 4754,SKW,2025-11-27 06:00:00,Arr 0638,2025-11-27,False
LAX,ACV,UA 4756,UAL,OO 4756,SKW,2025-11-27 13:14:00,Arr 1453,2025-11-27,False
DEN,FSD,UA 4759,UAL,OO 4759,SKW,2025-11-27 09:45:00,Arr 1214,2025-11-27,False
BUR,SFO,UA 4762,UAL,OO 4762,SKW,2025-11-27 10:15:00,Arr 1201,2025-11-27,False
SFO,GEG,UA 4763,UAL,OO 4763,SKW,2025-11-27 08:25:00,Arr 1018,2025-11-27,False
DEN,SBP,UA 4765,UAL,OO 4765,SKW,2025-11-27 11:30:00,Arr 1328 (+1min),2025-11-27,False
FAR,ORD,UA 4769,UAL,OO 4769,SKW,2025-11-27 07:30:00,Arr 1433 (+291min),2025-11-27,False
BNA,ORD,UA 4775,UAL,OO 4775,SKW,2025-11-27 09:50:00,Arr 1128,2025-11-27,False
DSM,DEN,UA 4777,UAL,OO 4777,SKW,2025-11-27 05:45:00,Arr 0706 (+13min),2025-11-27,False
ORD,FAR,UA 4778,UAL,OO 4778,SKW,2025-11-27 08:45:00,Arr 1051,2025-11-27,False
IAH,BNA,UA 4785,UAL,OO 4785,SKW,2025-11-27 18:05:00,Arr 1956,2025-11-27,False
DEN,IDA,UA 4788,UAL,OO 4788,SKW,2025-11-27 08:00:00,Arr 0937,2025-11-27,False
ORD,SBN,UA 4791,UAL,OO 4791,SKW,2025-11-27 10:35:00,Arr 1221,2025-11-27,False
IAH,ECP,UA 4795,UAL,OO 4795,SKW,2025-11-27 07:30:00,Arr 0901,2025-11-27,False
LAX,SBA,UA 4796,UAL,OO 4796,SKW,2025-11-27 22:50:00,Arr 2330,2025-11-27,False
DEN,CPR,UA 4797,UAL,OO 4797,SKW,2025-11-27 13:35:00,Arr 1430,2025-11-27,False
GJT,DEN,UA 4800,UAL,OO 4800,SKW,2025-11-27 05:30:00,Arr 0638,2025-11-27,False
SFO,SLC,UA 4802,UAL,OO 4802,SKW,2025-11-27 12:55:00,Arr 1531,2025-11-27,False
SFO,SLC,UA 4805,UAL,OO 4805,SKW,2025-11-27 16:32:00,Arr 1911,2025-11-27,False
DEN,BOI,UA 4806,UAL,OO 4806,SKW,2025-11-27 07:45:00,Diverted,2025-11-27,False
SGU,PHX,AA 4810,AAL,OO 4810,SKW,2025-11-27 07:30:00,Arr 0838,2025-11-27,False
PHX,SGU,AA 4811,AAL,OO 4811,SKW,2025-11-27 09:48:00,Arr 1110,2025-11-27,False
SGU,PHX,AA 4812,AAL,OO 4812,SKW,2025-11-27 12:15:00,Arr 1316,2025-11-27,False
PHX,SGU,AA 4813,AAL,OO 4813,SKW,2025-11-27 14:50:00,Arr 1557,2025-11-27,False
SGU,PHX,AA 4814,AAL,OO 4814,SKW,2025-11-27 16:45:00,Arr 1734,2025-11-27,False
PHX,SGU,AA 4815,AAL,OO 4815,SKW,2025-11-27 22:50:00,Arr 2342,2025-11-27,False
SGU,DFW,AA 4816,AAL,OO 4816,SKW,2025-11-27 05:00:00,Arr 0837,2025-11-27,False
DFW,SGU,AA 4817,AAL,OO 4817,SKW,2025-11-27 10:20:00,Arr 1152,2025-11-27,False
DFW,GTR,AA 4820,AAL,OO 4820,SKW,2025-11-27 08:18:00,Arr 0948,2025-11-27,False
GTR,DFW,AA 4820,AAL,OO 4820,SKW,2025-11-27 10:36:00,Arr 1211,2025-11-27,False
DFW,GRI,AA 4821,AAL,OO 4821,SKW,2025-11-27 13:37:00,Arr 1514,2025-11-27,False
GRI,DFW,AA 4822,AAL,OO 4822,SKW,2025-11-27 05:19:00,Arr 0712,2025-11-27,False
PHX,SMX,AA 4824,AAL,OO 4824,SKW,2025-11-27 21:37:00,Arr 2202,2025-11-27,False
SMX,PHX,AA 4825,AAL,OO 4825,SKW,2025-11-27 05:03:00,Arr 0743,2025-11-27,False
PHX,SMX,AA 4826,AAL,OO 4826,SKW,2025-11-27 14:50:00,Arr 1519,2025-11-27,False
SMX,PHX,AA 4826,AAL,OO 4826,SKW,2025-11-27 16:26:00,Arr 1835,2025-11-27,False
STL,LAX,AA 4885,AAL,OO 4885,SKW,2025-11-27 07:00:00,Arr 1249 (+204min),2025-11-27,False
LAX,SMF,AA 4887,AAL,OO 4887,SKW,2025-11-27 14:35:00,Arr 1550,2025-11-27,False
PHX,BOI,AA 4889,AAL,OO 4889,SKW,2025-11-27 11:12:00,Arr 1312,2025-11-27,False
LAX,TUL,AA 4890,AAL,OO 4890,SKW,2025-11-27 08:30:00,Arr 1330,2025-11-27,False
PHX,MAF,AA 4892,AAL,OO 4892,SKW,2025-11-27 13:30:00,Arr 1601,2025-11-27,False
YUM,PHX,AA 4893,AAL,OO 4893,SKW,2025-11-27 06:30:00,Arr 0709,2025-11-27,False
LAX,XNA,AA 4894,AAL,OO 4894,SKW,2025-11-27 10:12:00,Arr 1511,2025-11-27,False
XNA,LAX,AA 4894,AAL,OO 4894,SKW,2025-11-27 16:00:00,Arr 1718,2025-11-27,False
ORD,RIC,AA 4896,AAL,OO 4896,SKW,2025-11-27 13:59:00,Arr 1652,2025-11-27,False
DFW,SHV,AA 4897,AAL,OO 4897,SKW,2025-11-27 08:26:00,Arr 0913,2025-11-27,False
RIC,ORD,AA 4902,AAL,OO 4902,SKW,2025-11-27 05:46:00,Arr 0707,2025-11-27,False
FWA,ORD,AA 4904,AAL,OO 4904,SKW,2025-11-27 05:49:00,Arr 0538,2025-11-27,False
ORD,FWA,AA 4905,AAL,OO 4905,SKW,2025-11-27 09:01:00,Arr 1056,2025-11-27,False
LAX,TUS,AA 4909,AAL,OO 4909,SKW,2025-11-27 13:17:00,Arr 1525,2025-11-27,False
ORD,FNT,AA 4910,AAL,OO 4910,SKW,2025-11-27 15:00:00,Arr 1719 (+6min),2025-11-27,False
SMF,LAX,AA 4911,AAL,OO 4911,SKW,2025-11-27 11:31:00,Arr 1246,2025-11-27,False
ORD,MKE,AA 4912,AAL,OO 4912,SKW,2025-11-27 08:44:00,Arr 0944,2025-11-27,False
PHX,SLC,AA 4914,AAL,OO 4914,SKW,2025-11-27 14:35:00,Arr 1552,2025-11-27,False
ORD,RST,AA 4919,AAL,OO 4919,SKW,2025-11-27 11:55:00,Arr 1303,2025-11-27,False
FWA,ORD,AA 4920,AAL,OO 4920,SKW,2025-11-27 11:50:00,Arr 1215 (+8min),2025-11-27,False
MKE,ORD,AA 4922,AAL,OO 4922,SKW,2025-11-27 13:00:00,Arr 1355,2025-11-27,False
DFW,SJT,AA 4925,AAL,OO 4925,SKW,2025-11-27 08:20:00,Arr 0915,2025-11-27,False
ORD,DTW,AA 4927,AAL,OO 4927,SKW,2025-11-27 13:30:00,Arr 1531,2025-11-27,False
PVU,DFW,AA 4928,AAL,OO 4928,SKW,2025-11-27 07:00:00,Arr 1116 (+25min),2025-11-27,False
PHX,FLG,AA 4930,AAL,OO 4930,SKW,2025-11-27 08:25:00,Arr 0907,2025-11-27,False
DTW,ORD,AA 4931,AAL,OO 4931,SKW,2025-11-27 05:33:00,Cancelled,2025-11-27,False
PHX,FLG,AA 4933,AAL,OO 4933,SKW,2025-11-27 11:04:00,Arr 1206,2025-11-27,False
ASE,DFW,AA 4934,AAL,OO 4934,SKW,2025-11-27 07:34:00,Arr 1606 (+308min),2025-11-27,False
ORD,OKC,AA 4935,AAL,OO 4935,SKW,2025-11-27 10:09:00,Arr 1233,2025-11-27,False
PHX,OMA,AA 4937,AAL,OO 4937,SKW,2025-11-27 09:59:00,Arr 1329,2025-11-27,False
MAF,PHX,AA 4939,AAL,OO 4939,SKW,2025-11-27 06:25:00,Arr 0714,2025-11-27,False
SHV,CLT,AA 4940,AAL,OO 4940,SKW,2025-11-27 07:02:00,Arr 0959,2025-11-27,False
PHX,PSC,AA 4944,AAL,OO 4944,SKW,2025-11-27 12:20:00,Arr 1418 (+1min),2025-11-27,False
PHX,TUS,AA 4945,AAL,OO 4945,SKW,2025-11-27 11:09:00,Arr 1155,2025-11-27,False
IDA,PHX,AA 4947,AAL,OO 4947,SKW,2025-11-27 07:10:00,Arr 0900,2025-11-27,False
DFW,DRO,AA 4949,AAL,OO 4949,SKW,2025-11-27 08:24:00,Arr 0917,2025-11-27,False
ORD,MHK,AA 4952,AAL,OO 4952,SKW,2025-11-27 11:39:00,Arr 1304,2025-11-27,False
LEX,ORD,AA 4955,AAL,OO 4955,SKW,2025-11-27 06:00:00,Arr 0912 (+148min),2025-11-27,False
MHK,ORD,AA 4956,AAL,OO 4956,SKW,2025-11-27 06:09:00,Arr 0832 (+18min),2025-11-27,False
PHX,TUL,AA 4960,AAL,OO 4960,SKW,2025-11-27 10:10:00,Arr 1332,2025-11-27,False
LAX,ELP,AA 4964,AAL,OO 4964,SKW,2025-11-27 15:18:00,Arr 1758,2025-11-27,False
ORD,STL,AA 4970,AAL,OO 4970,SKW,2025-11-27 06:44:00,Arr 0748,2025-11-27,False
ELP,LAX,AA 4971,AAL,OO 4971,SKW,2025-11-27 12:36:00,Arr 1352,2025-11-27,False
LAX,ELP,AA 4971,AAL,OO 4971,SKW,2025-11-27 09:05:00,Arr 1202,2025-11-27,False
ORD,MKE,AA 4972,AAL,OO 4972,SKW,2025-11-27 12:45:00,Arr 1323,2025-11-27,False
PHX,TUS,AA 4973,AAL,OO 4973,SKW,2025-11-27 14:35:00,Arr 1515,2025-11-27,False
GJT,PHX,AA 4974,AAL,OO 4974,SKW,2025-11-27 07:30:00,Arr 0915,2025-11-27,False
PHX,FLG,AA 4979,AAL,OO 4979,SKW,2025-11-27 14:37:00,Arr 1511,2025-11-27,False
PHX,CID,AA 4981,AAL,OO 4981,SKW,2025-11-27 09:35:00,Arr 1331,2025-11-27,False
CID,PHX,AA 4983,AAL,OO 4983,SKW,2025-11-27 07:45:00,Arr 1019,2025-11-27,False
PHX,PSP,AA 4988,AAL,OO 4988,SKW,2025-11-27 08:44:00,Arr 0914 (+10min),2025-11-27,False
PSP,PHX,AA 4988,AAL,OO 4988,SKW,2025-11-27 09:59:00,Arr 1151,2025-11-27,False
BFL,PHX,AA 4993,AAL,OO 4993,SKW,2025-11-27 09:50:00,Arr 1228,2025-11-27,False
PHX,BFL,AA 4993,AAL,OO 4993,SKW,2025-11-27 08:31:00,Arr 0908,2025-11-27,False
PHX,DRO,AA 4994,AAL,OO 4994,SKW,2025-11-27 17:01:00,Arr 1811,2025-11-27,False
DFW,BPT,AA 4999,AAL,OO 4999,SKW,2025-11-27 12:51:00,Arr 1356,2025-11-27,False
ORD,LEX,AA 5002,AAL,OO 5002,SKW,2025-11-27 13:30:00,Arr 1534,2025-11-27,False
PHX,SEA,AA 5004,AAL,OO 5004,SKW,2025-11-27 08:15:00,Arr 1025,2025-11-27,False
PSC,PHX,AA 5007,AAL,OO 5007,SKW,2025-11-27 05:05:00,Arr 0845,2025-11-27,False
LAX,OKC,AA 5008,AAL,OO 5008,SKW,2025-11-27 09:56:00,Arr 1441,2025-11-27,False
OKC,LAX,AA 5008,AAL,OO 5008,SKW,2025-11-27 15:21:00,Arr 1619,2025-11-27,False
ORD,TVC,AA 5009,AAL,OO 5009,SKW,2025-11-27 14:09:00,Arr 1619,2025-11-27,False
CLE,ORD,AA 5010,AAL,OO 5010,SKW,2025-11-27 09:42:00,Arr 1013,2025-11-27,False
ORD,CLE,AA 5010,AAL,OO 5010,SKW,2025-11-27 06:48:00,Arr 0859,2025-11-27,False
LAX,PDX,AA 5011,AAL,OO 5011,SKW,2025-11-27 13:55:00,Arr 1603,2025-11-27,False
RST,ORD,AA 5012,AAL,OO 5012,SKW,2025-11-27 06:18:00,Arr 0803 (+4min),2025-11-27,False
ATY,DEN,UA 5015,UAL,OO 5015,SKW,2025-11-27 11:40:00,Arr 1248 (+5min),2025-11-27,False
CMX,ORD,UA 5016,UAL,OO 5016,SKW,2025-11-27 08:30:00,Arr 1906 (+580min),2025-11-27,False
PIB,IAH,UA 5017,UAL,OO 5017,SKW,2025-11-27 10:35:00,Arr 1149,2025-11-27,False
DEN,ATY,UA 5018,UAL,OO 5018,SKW,2025-11-27 07:55:00,Arr 1048,2025-11-27,False
DEN,SLN,UA 5019,UAL,OO 5019,SKW,2025-11-27 14:05:00,Arr 1610,2025-11-27,False
JLN,ORD,UA 5020,UAL,OO 5020,SKW,2025-11-27 07:45:00,Arr 0924,2025-11-27,False
GCC,DEN,UA 5021,UAL,OO 5021,SKW,2025-11-27 10:00:00,Arr 1135 (+5min),2025-11-27,False
IAD,JST,UA 5022,UAL,OO 5022,SKW,2025-11-27 12:45:00,Arr 1327,2025-11-27,False
DEN,BTM,UA 5023,UAL,OO 5023,SKW,2025-11-27 13:45:00,Arr 1524,2025-11-27,False
MGW,IAD,UA 5025,UAL,OO 5025,SKW,2025-11-27 06:20:00,Arr 0702,2025-11-27,False
DEN,HYS,UA 5026,UAL,OO 5026,SKW,2025-11-27 13:30:00,Arr 1526,2025-11-27,False
DEC,ORD,UA 5027,UAL,OO 5027,SKW,2025-11-27 09:44:00,Arr 1033,2025-11-27,False
ORD,DEC,UA 5027,UAL,OO 5027,SKW,2025-11-27 07:45:00,Arr 0834,2025-11-27,False
DEN,GCC,UA 5029,UAL,OO 5029,SKW,2025-11-27 07:50:00,Arr 0856,2025-11-27,False
IAD,MGW,UA 5030,UAL,OO 5030,SKW,2025-11-27 12:45:00,Arr 1348,2025-11-27,False
DEN,FMN,UA 5031,UAL,OO 5031,SKW,2025-11-27 13:50:00,Arr 1456,2025-11-27,False
SGU,LAX,UA 5032,UAL,OO 5032,SKW,2025-11-27 11:30:00,Arr 1142,2025-11-27,False
LBL,DEN,UA 5033,UAL,OO 5033,SKW,2025-11-27 11:34:00,Arr 1138,2025-11-27,False
IAH,MEI,UA 5034,UAL,OO 5034,SKW,2025-11-27 14:20:00,Arr 1534,2025-11-27,False
DEN,LAR,UA 5035,UAL,OO 5035,SKW,2025-11-27 08:05:00,Arr 0905,2025-11-27,False
CYS,DEN,UA 5036,UAL,OO 5036,SKW,2025-11-27 06:00:00,Arr 0640,2025-11-27,False
BTM,DEN,UA 5037,UAL,OO 5037,SKW,2025-11-27 09:47:00,Arr 1136,2025-11-27,False
ORD,CMX,UA 5038,UAL,OO 5038,SKW,2025-11-27 14:10:00,Arr 1723 (+36min),2025-11-27,False
LBF,DEN,UA 5040,UAL,OO 5040,SKW,2025-11-27 11:14:00,Arr 1136 (+6min),2025-11-27,False
ORD,JLN,UA 5041,UAL,OO 5041,SKW,2025-11-27 14:05:00,Arr 1547,2025-11-27,False
JMS,DEN,UA 5042,UAL,OO 5042,SKW,2025-11-27 11:30:00,Arr 1201,2025-11-27,False
LAF,ORD,UA 5043,UAL,OO 5043,SKW,2025-11-27 06:10:00,Arr 0552,2025-11-27,False
ORD,MCW,UA 5043,UAL,OO 5043,SKW,2025-11-27 07:45:00,Arr 0901,2025-11-27,False
FMN,DEN,UA 5044,UAL,OO 5044,SKW,2025-11-27 05:45:00,Arr 0704 (+7min),2025-11-27,False
JST,IAD,UA 5046,UAL,OO 5046,SKW,2025-11-27 06:15:00,Arr 0659,2025-11-27,False
IAH,PIB,UA 5049,UAL,OO 5049,SKW,2025-11-27 08:00:00,Arr 0914,2025-11-27,False
DEN,PRC,UA 5050,UAL,OO 5050,SKW,2025-11-27 13:45:00,Arr 1512,2025-11-27,False
ORD,SUX,UA 5052,UAL,OO 5052,SKW,2025-11-27 14:00:00,Arr 1543,2025-11-27,False
DVL,DEN,UA 5053,UAL,OO 5053,SKW,2025-11-27 11:30:00,Arr 1211,2025-11-27,False
DEN,SGU,UA 5054,UAL,OO 5054,SKW,2025-11-27 08:15:00,Arr 1001,2025-11-27,False
DEN,GCC,UA 5055,UAL,OO 5055,SKW,2025-11-27 14:10:00,Arr 1519,2025-11-27,False
EAR,DEN,UA 5057,UAL,OO 5057,SKW,2025-11-27 06:25:00,Arr 0701 (+5min),2025-11-27,False
VCT,IAH,UA 5058,UAL,OO 5058,SKW,2025-11-27 05:30:00,Arr 0613,2025-11-27,False
PIR,DEN,UA 5060,UAL,OO 5060,SKW,2025-11-27 06:15:00,Arr 0649,2025-11-27,False
ORD,LAF,UA 5070,UAL,OO 5070,SKW,2025-11-27 14:15:00,Arr 1633 (+17min),2025-11-27,False
SUX,ORD,UA 5071,UAL,OO 5071,SKW,2025-11-27 07:45:00,Arr 0941 (+9min),2025-11-27,False
BFF,DEN,UA 5072,UAL,OO 5072,SKW,2025-11-27 10:20:00,Arr 1141 (+11min),2025-11-27,False
DEN,BFF,UA 5072,UAL,OO 5072,SKW,2025-11-27 07:50:00,Arr 0836,2025-11-27,False
IAH,VCT,UA 5073,UAL,OO 5073,SKW,2025-11-27 14:20:00,Arr 1501,2025-11-27,False
MEI,IAH,UA 5073,UAL,OO 5073,SKW,2025-11-27 09:00:00,Arr 1012,2025-11-27,False
DEN,RIW,UA 5077,UAL,OO 5077,SKW,2025-11-27 13:35:00,Arr 1437,2025-11-27,False
GCC,DEN,UA 5078,UAL,OO 5078,SKW,2025-11-27 05:15:00,Arr 0608,2025-11-27,False
DEN,SHR,UA 5079,UAL,OO 5079,SKW,2025-11-27 13:25:00,Arr 1450,2025-11-27,False
DEN,JMS,UA 5080,UAL,OO 5080,SKW,2025-11-27 07:50:00,Arr 1034,2025-11-27,False
DEN,PIR,UA 5084,UAL,OO 5084,SKW,2025-11-27 14:00:00,Arr 1614,2025-11-27,False
LAR,DEN,UA 5084,UAL,OO 5084,SKW,2025-11-27 10:30:00,Arr 1107,2025-11-27,False
COD,DEN,UA 5089,UAL,OO 5089,SKW,2025-11-27 08:30:00,Arr 1002,2025-11-27,False
DEN,SHR,UA 5093,UAL,OO 5093,SKW,2025-11-27 07:50:00,Arr 0941 (+24min),2025-11-27,False
RKS,DEN,UA 5093,UAL,OO 5093,SKW,2025-11-27 05:15:00,Arr 0607,2025-11-27,False
SGU,DEN,UA 5095,UAL,OO 5095,SKW,2025-11-27 05:10:00,Arr 0700,2025-11-27,False
DIK,DEN,UA 5096,UAL,OO 5096,SKW,2025-11-27 08:20:00,Arr 1041 (+6min),2025-11-27,False
DEN,DIK,UA 5098,UAL,OO 5098,SKW,2025-11-27 13:25:00,Arr 1503,2025-11-27,False
DEN,DVL,UA 5102,UAL,OO 5102,SKW,2025-11-27 07:45:00,Arr 1043,2025-11-27,False
DEN,COD,UA 5104,UAL,OO 5104,SKW,2025-11-27 13:55:00,Arr 1532,2025-11-27,False
SHR,DEN,UA 5104,UAL,OO 5104,SKW,2025-11-27 09:55:00,Arr 1324 (+103min),2025-11-27,False
MCW,ORD,UA 5105,UAL,OO 5105,SKW,2025-11-27 10:00:00,Arr 1136 (+7min),2025-11-27,False
SLN,DEN,UA 5109,UAL,OO 5109,SKW,2025-11-27 06:30:00,Arr 0750 (+47min),2025-11-27,False
DEN,LBL,UA 5111,UAL,OO 5111,SKW,2025-11-27 07:55:00,Arr 0959,2025-11-27,False
SHR,DEN,UA 5111,UAL,OO 5111,SKW,2025-11-27 05:15:00,Arr 0700,2025-11-27,False
DDC,DEN,UA 5115,UAL,OO 5115,SKW,2025-11-27 11:06:00,Arr 1143 (+9min),2025-11-27,False
DEN,DDC,UA 5115,UAL,OO 5115,SKW,2025-11-27 07:46:00,Arr 1044 (+44min),2025-11-27,False
DEN,RKS,UA 5116,UAL,OO 5116,SKW,2025-11-27 13:50:00,Arr 1439,2025-11-27,False
LAX,SGU,UA 5117,UAL,OO 5117,SKW,2025-11-27 13:25:00,Arr 1531,2025-11-27,False
FOD,ORD,UA 5119,UAL,OO 5119,SKW,2025-11-27 10:05:00,Arr 1119,2025-11-27,False
DEN,EAR,UA 5120,UAL,OO 5120,SKW,2025-11-27 13:45:00,Arr 1542,2025-11-27,False
EAU,ORD,UA 5121,UAL,OO 5121,SKW,2025-11-27 05:00:00,Arr 0605,2025-11-27,False
ORD,FOD,UA 5121,UAL,OO 5121,SKW,2025-11-27 07:45:00,Arr 0857,2025-11-27,False
ORD,EAU,UA 5122,UAL,OO 5122,SKW,2025-11-27 13:55:00,Arr 1506,2025-11-27,False
PRC,DEN,UA 5127,UAL,OO 5127,SKW,2025-11-27 10:04:00,Arr 1147,2025-11-27,False
RIW,DEN,UA 5130,UAL,OO 5130,SKW,2025-11-27 05:15:00,Arr 0616,2025-11-27,False
DEN,LBF,UA 5133,UAL,OO 5133,SKW,2025-11-27 07:55:00,Arr 0949,2025-11-27,False
HYS,DEN,UA 5137,UAL,OO 5137,SKW,2025-11-27 06:30:00,Arr 0652,2025-11-27,False
DEN,CYS,UA 5141,UAL,OO 5141,SKW,2025-11-27 13:40:00,Arr 1410,2025-11-27,False
DEN,FAT,UA 5212,UAL,OO 5212,SKW,2025-11-27 11:30:00,Arr 1310,2025-11-27,False
DEN,MCI,UA 5214,UAL,OO 5214,SKW,2025-11-27 07:49:00,Arr 1040,2025-11-27,False
ORD,LNK,UA 5215,UAL,OO 5215,SKW,2025-11-27 08:45:00,Arr 1025,2025-11-27,False
SFO,SMF,UA 5220,UAL,OO 5220,SKW,2025-11-27 08:25:00,Arr 0927 (+4min),2025-11-27,False
AMA,DEN,UA 5221,UAL,OO 5221,SKW,2025-11-27 08:00:00,Arr 0831,2025-11-27,False
DEN,DRO,UA 5224,UAL,OO 5224,SKW,2025-11-27 11:27:00,Arr 1249 (+2min),2025-11-27,False
ORD,MKE,UA 5225,UAL,OO 5225,SKW,2025-11-27 14:05:00,Arr 1442,2025-11-27,False
SBN,ORD,UA 5231,UAL,OO 5231,SKW,2025-11-27 07:30:00,Arr 0814 (+36min),2025-11-27,False
DEN,AMA,UA 5233,UAL,OO 5233,SKW,2025-11-27 13:50:00,Arr 1606,2025-11-27,False
ORD,MKE,UA 5234,UAL,OO 5234,SKW,2025-11-27 10:23:00,Arr 1055,2025-11-27,False
DEN,COS,UA 5246,UAL,OO 5246,SKW,2025-11-27 07:52:00,Arr 0841,2025-11-27,False
DEN,MFR,UA 5247,UAL,OO 5247,SKW,2025-11-27 11:20:00,Arr 1326 (+3min),2025-11-27,False
SMF,SFO,UA 5248,UAL,OO 5248,SKW,2025-11-27 10:40:00,Arr 1217 (+33min),2025-11-27,False
SAN,LAX,UA 5249,UAL,OO 5249,SKW,2025-11-27 11:02:00,Arr 1155,2025-11-27,False
LAX,SEA,UA 5252,UAL,OO 5252,SKW,2025-11-27 13:08:00,Arr 1537,2025-11-27,False
RNO,SFO,UA 5258,UAL,OO 5258,SKW,2025-11-27 06:00:00,Arr 0737 (+3min),2025-11-27,False
LIT,DEN,UA 5260,UAL,OO 5260,SKW,2025-11-27 08:30:00,Arr 1018 (+7min),2025-11-27,False
SFO,FAT,UA 5273,UAL,OO 5273,SKW,2025-11-27 16:50:00,Arr 1736,2025-11-27,False
CAE,ORD,UA 5285,UAL,OO 5285,SKW,2025-11-27 10:20:00,Arr 1124,2025-11-27,False
SFO,RDD,UA 5286,UAL,OO 5286,SKW,2025-11-27 11:05:00,Arr 1400 (+105min),2025-11-27,False
TUL,ORD,UA 5288,UAL,OO 5288,SKW,2025-11-27 07:30:00,Arr 0917,2025-11-27,False
ORD,CRW,UA 5289,UAL,OO 5289,SKW,2025-11-27 10:43:00,Arr 1330 (+6min),2025-11-27,False
DEN,MSP,UA 5291,UAL,OO 5291,SKW,2025-11-27 09:35:00,Arr 1241,2025-11-27,False
BHM,DEN,UA 5295,UAL,OO 5295,SKW,2025-11-27 08:00:00,Arr 1034 (+7min),2025-11-27,False
DEN,PSC,UA 5298,UAL,OO 5298,SKW,2025-11-27 11:35:00,Arr 1328 (+4min),2025-11-27,False
LAX,FAT,UA 5299,UAL,OO 5299,SKW,2025-11-27 10:35:00,Arr 1130,2025-11-27,False
IAH,HOB,UA 5301,UAL,OO 5301,SKW,2025-11-27 18:30:00,Arr 1856,2025-11-27,False
SLC,DEN,UA 5302,UAL,OO 5302,SKW,2025-11-27 08:25:00,Arr 1001,2025-11-27,False
DEN,COS,UA 5306,UAL,OO 5306,SKW,2025-11-27 09:55:00,Arr 1032,2025-11-27,False
FAT,LAX,UA 5307,UAL,OO 5307,SKW,2025-11-27 14:02:00,Arr 1511,2025-11-27,False
DEN,SAF,UA 5310,UAL,OO 5310,SKW,2025-11-27 11:20:00,Arr 1314 (+33min),2025-11-27,False
DEN,OMA,UA 5312,UAL,OO 5312,SKW,2025-11-27 08:00:00,Arr 1028,2025-11-27,False
ACV,SFO,UA 5313,UAL,OO 5313,SKW,2025-11-27 08:20:00,Arr 0946 (+8min),2025-11-27,False
DEN,TUL,UA 5315,UAL,OO 5315,SKW,2025-11-27 09:50:00,Arr 1318 (+40min),2025-11-27,False
ATW,DEN,UA 5317,UAL,OO 5317,SKW,2025-11-27 08:30:00,Arr 1028,2025-11-27,False
DEN,OKC,UA 5324,UAL,OO 5324,SKW,2025-11-27 10:02:00,Arr 1242,2025-11-27,False
COS,IAH,UA 5325,UAL,OO 5325,SKW,2025-11-27 07:30:00,Arr 1051,2025-11-27,False
DEN,PSP,UA 5326,UAL,OO 5326,SKW,2025-11-27 07:46:00,Arr 0906,2025-11-27,False
RNO,LAX,UA 5328,UAL,OO 5328,SKW,2025-11-27 10:33:00,Arr 1203,2025-11-27,False
LAX,FAT,UA 5329,UAL,OO 5329,SKW,2025-11-27 22:37:00,Arr 2330,2025-11-27,False
DEN,MAF,UA 5333,UAL,OO 5333,SKW,2025-11-27 09:54:00,Arr 1224,2025-11-27,False
ECP,IAH,UA 5334,UAL,OO 5334,SKW,2025-11-27 10:10:00,Arr 1212,2025-11-27,False
LAX,SLC,UA 5336,UAL,OO 5336,SKW,2025-11-27 13:05:00,Arr 1541,2025-11-27,False
FAT,SFO,UA 5338,UAL,OO 5338,SKW,2025-11-27 06:45:00,Arr 0737,2025-11-27,False
DEN,BIL,UA 5339,UAL,OO 5339,SKW,2025-11-27 08:00:00,Arr 0934,2025-11-27,False
ACV,LAX,UA 5341,UAL,OO 5341,SKW,2025-11-27 16:13:00,Arr 1754,2025-11-27,False
DEN,GUC,UA 5343,UAL,OO 5343,SKW,2025-11-27 11:30:00,Arr 1243 (+10min),2025-11-27,False
ORD,MBS,UA 5344,UAL,OO 5344,SKW,2025-11-27 11:05:00,Arr 1314,2025-11-27,False
SFO,SEA,UA 5346,UAL,OO 5346,SKW,2025-11-27 06:00:00,Arr 0756,2025-11-27,False
LNK,DEN,UA 5348,UAL,OO 5348,SKW,2025-11-27 09:16:00,Arr 0954,2025-11-27,False
ORD,CAK,UA 5358,UAL,OO 5358,SKW,2025-11-27 14:34:00,Arr 1828 (+82min),2025-11-27,False
OKC,ORD,UA 5364,UAL,OO 5364,SKW,2025-11-27 07:40:00,Arr 0951,2025-11-27,False
XWA,DEN,UA 5367,UAL,OO 5367,SKW,2025-11-27 07:00:00,Arr 0812,2025-11-27,False
LAX,RDM,UA 5370,UAL,OO 5370,SKW,2025-11-27 12:43:00,Arr 1439,2025-11-27,False
SNA,SFO,UA 5373,UAL,OO 5373,SKW,2025-11-27 12:35:00,Arr 1345,2025-11-27,False
SFO,MFR,UA 5384,UAL,OO 5384,SKW,2025-11-27 16:23:00,Arr 1740,2025-11-27,False
BOI,ORD,UA 5386,UAL,OO 5386,SKW,2025-11-27 08:17:00,Arr 1301,2025-11-27,False
DEN,HLN,UA 5388,UAL,OO 5388,SKW,2025-11-27 11:20:00,Arr 1325,2025-11-27,False
SMF,LAX,UA 5390,UAL,OO 5390,SKW,2025-11-27 06:45:00,Arr 0819,2025-11-27,False
SFO,RNO,UA 5394,UAL,OO 5394,SKW,2025-11-27 08:25:00,Arr 1316 (+222min),2025-11-27,False
ORD,GSO,UA 5395,UAL,OO 5395,SKW,2025-11-27 13:55:00,Arr 1643,2025-11-27,False
DEN,TVC,UA 5399,UAL,OO 5399,SKW,2025-11-27 09:50:00,Arr 1441 (+6min),2025-11-27,False
ORD,BNA,UA 5400,UAL,OO 5400,SKW,2025-11-27 07:15:00,Arr 0850,2025-11-27,False
LAX,RDD,UA 5401,UAL,OO 5401,SKW,2025-11-27 13:20:00,Arr 1443,2025-11-27,False
BZN,DEN,UA 5403,UAL,OO 5403,SKW,2025-11-27 10:47:00,Arr 1225,2025-11-27,False
CHO,ORD,UA 5407,UAL,OO 5407,SKW,2025-11-27 07:01:00,Arr 0748,2025-11-27,False
SLC,LAX,UA 5408,UAL,OO 5408,SKW,2025-11-27 08:00:00,Arr 0849,2025-11-27,False
LAX,RNO,UA 5410,UAL,OO 5410,SKW,2025-11-27 08:15:00,Arr 0930,2025-11-27,False
DEN,HSV,UA 5412,UAL,OO 5412,SKW,2025-11-27 10:10:00,Arr 1337,2025-11-27,False
HOB,DEN,UA 5416,UAL,OO 5416,SKW,2025-11-27 07:00:00,Arr 0858 (+5min),2025-11-27,False
MSP,ORD,UA 5420,UAL,OO 5420,SKW,2025-11-27 09:55:00,Arr 1124,2025-11-27,False
DEN,LBB,UA 5421,UAL,OO 5421,SKW,2025-11-27 13:50:00,Arr 1614,2025-11-27,False
IAH,ICT,UA 5423,UAL,OO 5423,SKW,2025-11-27 16:35:00,Arr 1829,2025-11-27,False
LAX,SBP,UA 5424,UAL,OO 5424,SKW,2025-11-27 16:22:00,Arr 1704,2025-11-27,False
FAT,LAX,UA 5426,UAL,OO 5426,SKW,2025-11-27 06:00:00,Arr 0709,2025-11-27,False
FWA,ORD,UA 5434,UAL,OO 5434,SKW,2025-11-27 07:15:00,Arr 0807 (+26min),2025-11-27,False
SFO,BOI,UA 5435,UAL,OO 5435,SKW,2025-11-27 13:15:00,Arr 1541,2025-11-27,False
ORD,DLH,UA 5437,UAL,OO 5437,SKW,2025-11-27 12:54:00,Arr 1422,2025-11-27,False
DEN,MRY,UA 5438,UAL,OO 5438,SKW,2025-11-27 11:31:00,Arr 1354 (+30min),2025-11-27,False
IAH,OKC,UA 5442,UAL,OO 5442,SKW,2025-11-27 18:16:00,Arr 1945,2025-11-27,False
ORD,DTW,UA 5444,UAL,OO 5444,SKW,2025-11-27 14:20:00,Arr 1643,2025-11-27,False
ORD,FWA,UA 5448,UAL,OO 5448,SKW,2025-11-27 13:55:00,Arr 1602,2025-11-27,False
MLI,ORD,UA 5449,UAL,OO 5449,SKW,2025-11-27 06:35:00,Arr 0759 (+10min),2025-11-27,False
ORD,BNA,UA 5451,UAL,OO 5451,SKW,2025-11-27 12:45:00,Arr 1421,2025-11-27,False
RDD,SFO,UA 5452,UAL,OO 5452,SKW,2025-11-27 14:22:00,Arr 1529,2025-11-27,False
PIA,DEN,UA 5455,UAL,OO 5455,SKW,2025-11-27 08:43:00,Arr 1000,2025-11-27,False
SLC,SFO,UA 5457,UAL,OO 5457,SKW,2025-11-27 20:16:00,Arr 2117,2025-11-27,False
IAH,COS,UA 5459,UAL,OO 5459,SKW,2025-11-27 18:15:00,Arr 1941,2025-11-27,False
SMF,SFO,UA 5460,UAL,OO 5460,SKW,2025-11-27 06:20:00,Arr 0658,2025-11-27,False
DEN,XWA,UA 5461,UAL,OO 5461,SKW,2025-11-27 11:20:00,Arr 1415,2025-11-27,False
IAH,LBB,UA 5467,UAL,OO 5467,SKW,2025-11-27 09:30:00,Arr 1114,2025-11-27,False
MBS,ORD,UA 5473,UAL,OO 5473,SKW,2025-11-27 07:10:00,Arr 0751,2025-11-27,False
SFO,MRY,UA 5479,UAL,OO 5479,SKW,2025-11-27 09:30:00,Arr 1005,2025-11-27,False
DEN,SGF,UA 5481,UAL,OO 5481,SKW,2025-11-27 09:50:00,Arr 1228,2025-11-27,False
PHX,LAX,UA 5484,UAL,OO 5484,SKW,2025-11-27 14:30:00,Arr 1443,2025-11-27,False
IAH,MAF,UA 5485,UAL,OO 5485,SKW,2025-11-27 07:20:00,Arr 0850,2025-11-27,False
DEN,ABQ,UA 5487,UAL,OO 5487,SKW,2025-11-27 08:05:00,Arr 0924,2025-11-27,False
SBN,ORD,UA 5489,UAL,OO 5489,SKW,2025-11-27 13:08:00,Arr 1329 (+14min),2025-11-27,False
SFO,PSC,UA 5491,UAL,OO 5491,SKW,2025-11-27 09:30:00,Arr 1117,2025-11-27,False
TYS,ORD,UA 5493,UAL,OO 5493,SKW,2025-11-27 08:26:00,Arr 1014 (+44min),2025-11-27,False
DEN,MOT,UA 5495,UAL,OO 5495,SKW,2025-11-27 11:15:00,Arr 1420,2025-11-27,False
SFO,RNO,UA 5496,UAL,OO 5496,SKW,2025-11-27 11:10:00,Arr 1227 (+6min),2025-11-27,False
GSO,DEN,UA 5507,UAL,OO 5507,SKW,2025-11-27 08:15:00,Arr 1039 (+18min),2025-11-27,False
DEN,LIT,UA 5508,UAL,OO 5508,SKW,2025-11-27 09:35:00,Arr 1227,2025-11-27,False
SFO,OTH,UA 5509,UAL,OO 5509,SKW,2025-11-27 11:20:00,Arr 1257,2025-11-27,False
CPR,DEN,UA 5513,UAL,OO 5513,SKW,2025-11-27 05:30:00,Arr 0638,2025-11-27,False
HLN,DEN,UA 5514,UAL,OO 5514,SKW,2025-11-27 06:40:00,Arr 0857 (+8min),2025-11-27,False
MRY,SFO,UA 5515,UAL,OO 5515,SKW,2025-11-27 07:50:00,Arr 0834,2025-11-27,False
SFO,BUR,UA 5518,UAL,OO 5518,SKW,2025-11-27 07:15:00,Arr 0836,2025-11-27,False
SAF,DEN,UA 5519,UAL,OO 5519,SKW,2025-11-27 10:48:00,Arr 1156,2025-11-27,False
ORD,COU,UA 5521,UAL,OO 5521,SKW,2025-11-27 12:45:00,Arr 1359,2025-11-27,False
SMF,LAX,UA 5522,UAL,OO 5522,SKW,2025-11-27 10:34:00,Arr 1201,2025-11-27,False
IAH,MFE,UA 5530,UAL,OO 5530,SKW,2025-11-27 12:00:00,Arr 1314,2025-11-27,False
ORD,CHO,UA 5532,UAL,OO 5532,SKW,2025-11-27 07:25:00,Arr 1008,2025-11-27,False
TUL,IAH,UA 5533,UAL,OO 5533,SKW,2025-11-27 15:41:00,Arr 1701,2025-11-27,False
RDM,LAX,UA 5535,UAL,OO 5535,SKW,2025-11-27 15:49:00,Arr 1740,2025-11-27,False
COS,DEN,UA 5536,UAL,OO 5536,SKW,2025-11-27 08:30:00,Arr 0939,2025-11-27,False
LAX,SMF,UA 5537,UAL,OO 5537,SKW,2025-11-27 08:15:00,Arr 0943,2025-11-27,False
IAH,MFE,UA 5541,UAL,OO 5541,SKW,2025-11-27 18:40:00,Arr 1948,2025-11-27,False
PSP,LAX,UA 5542,UAL,OO 5542,SKW,2025-11-27 08:34:00,Arr 0945 (+5min),2025-11-27,False
JAC,DEN,UA 5543,UAL,OO 5543,SKW,2025-11-27 10:45:00,Arr 1151,2025-11-27,False
RDD,SFO,UA 5549,UAL,OO 5549,SKW,2025-11-27 06:15:00,Arr 1536 (+489min),2025-11-27,False
ORD,MLI,UA 5550,UAL,OO 5550,SKW,2025-11-27 14:10:00,Arr 1529 (+9min),2025-11-27,False
DEN,BZN,UA 5551,UAL,OO 5551,SKW,2025-11-27 08:00:00,Arr 0943,2025-11-27,False
COS,DEN,UA 5552,UAL,OO 5552,SKW,2025-11-27 07:00:00,Arr 0814 (+4min),2025-11-27,False
LAX,ASE,UA 5553,UAL,OO 5553,SKW,2025-11-27 09:15:00,Arr 1211,2025-11-27,False
DEN,SUN,UA 5554,UAL,OO 5554,SKW,2025-11-27 11:33:00,Arr 1344 (+4min),2025-11-27,False
ORD,OKC,UA 5557,UAL,OO 5557,SKW,2025-11-27 09:10:00,Arr 1141,2025-11-27,False
IAH,SHV,UA 5558,UAL,OO 5558,SKW,2025-11-27 21:10:00,Arr 2156,2025-11-27,False
HDN,DEN,UA 5559,UAL,OO 5559,SKW,2025-11-27 07:00:00,Arr 0841 (+11min),2025-11-27,False
SFO,TUS,UA 5560,UAL,OO 5560,SKW,2025-11-27 08:28:00,Arr 1141 (+1min),2025-11-27,False
PSP,DEN,UA 5561,UAL,OO 5561,SKW,2025-11-27 09:00:00,Arr 1153,2025-11-27,False
COS,ORD,UA 5562,UAL,OO 5562,SKW,2025-11-27 09:29:00,Arr 1258,2025-11-27,False
ORD,SBN,UA 5564,UAL,OO 5564,SKW,2025-11-27 14:15:00,Arr 1558,2025-11-27,False
ORD,CHO,UA 5565,UAL,OO 5565,SKW,2025-11-27 13:55:00,Arr 1614,2025-11-27,False
OKC,IAH,UA 5567,UAL,OO 5567,SKW,2025-11-27 15:30:00,Arr 1659,2025-11-27,False
ORD,MLI,UA 5568,UAL,OO 5568,SKW,2025-11-27 09:00:00,Arr 0944,2025-11-27,False
TUS,SFO,UA 5570,UAL,OO 5570,SKW,2025-11-27 10:20:00,Arr 1159 (+9min),2025-11-27,False
IAH,TUL,UA 5571,UAL,OO 5571,SKW,2025-11-27 11:55:00,Arr 1325,2025-11-27,False
ICT,IAH,UA 5572,UAL,OO 5572,SKW,2025-11-27 09:00:00,Arr 1057,2025-11-27,False
SFO,MFR,UA 5574,UAL,OO 5574,SKW,2025-11-27 10:37:00,Arr 1148,2025-11-27,False
SFO,OMA,UA 5575,UAL,OO 5575,SKW,2025-11-27 16:22:00,Arr 2131,2025-11-27,False
RAP,DEN,UA 5576,UAL,OO 5576,SKW,2025-11-27 05:15:00,Arr 0657 (+2min),2025-11-27,False
RDD,LAX,UA 5579,UAL,OO 5579,SKW,2025-11-27 16:04:00,Arr 1724,2025-11-27,False
LAX,PHX,UA 5582,UAL,OO 5582,SKW,2025-11-27 22:40:00,Arr 0047,2025-11-27,False
TUS,SFO,UA 5583,UAL,OO 5583,SKW,2025-11-27 13:40:00,Arr 1451,2025-11-27,False
LAX,PSP,UA 5586,UAL,OO 5586,SKW,2025-11-27 09:25:00,Arr 1010,2025-11-27,False
MRY,DEN,UA 5587,UAL,OO 5587,SKW,2025-11-27 05:00:00,Arr 0826,2025-11-27,False
ORD,DAY,UA 5588,UAL,OO 5588,SKW,2025-11-27 11:05:00,Arr 1322,2025-11-27,False
LAX,FAT,UA 5591,UAL,OO 5591,SKW,2025-11-27 16:35:00,Arr 1726,2025-11-27,False
ORD,MEM,UA 5593,UAL,OO 5593,SKW,2025-11-27 08:50:00,Arr 1052,2025-11-27,False
TUS,DEN,UA 5598,UAL,OO 5598,SKW,2025-11-27 10:40:00,Arr 1232,2025-11-27,False
ORD,FNT,UA 5601,UAL,OO 5601,SKW,2025-11-27 13:48:00,Arr 1550,2025-11-27,False
ASE,LAX,UA 5605,UAL,OO 5605,SKW,2025-11-27 13:40:00,Arr 1442,2025-11-27,False
COU,ORD,UA 5609,UAL,OO 5609,SKW,2025-11-27 08:00:00,Arr 0946 (+9min),2025-11-27,False
LAX,SAN,UA 5612,UAL,OO 5612,SKW,2025-11-27 22:42:00,Arr 2324,2025-11-27,False
LAX,MRY,UA 5613,UAL,OO 5613,SKW,2025-11-27 16:30:00,Arr 1721,2025-11-27,False
DEN,COS,UA 5614,UAL,OO 5614,SKW,2025-11-27 13:40:00,Arr 1443 (+11min),2025-11-27,False
LAX,PHX,UA 5615,UAL,OO 5615,SKW,2025-11-27 08:15:00,Arr 1030,2025-11-27,False
SFO,SNA,UA 5617,UAL,OO 5617,SKW,2025-11-27 09:29:00,Arr 1114 (+2min),2025-11-27,False
SFO,BFL,UA 5625,UAL,OO 5625,SKW,2025-11-27 09:30:00,Arr 1033,2025-11-27,False
SBA,SFO,UA 5627,UAL,OO 5627,SKW,2025-11-27 18:45:00,Arr 1934,2025-11-27,False
LAX,MRY,UA 5630,UAL,OO 5630,SKW,2025-11-27 08:15:00,Arr 0926,2025-11-27,False
OMA,DEN,UA 5632,UAL,OO 5632,SKW,2025-11-27 06:00:00,Arr 0704 (+2min),2025-11-27,False
LEX,ORD,UA 5633,UAL,OO 5633,SKW,2025-11-27 07:05:00,Arr 0738,2025-11-27,False
TUS,ORD,UA 5635,UAL,OO 5635,SKW,2025-11-27 08:30:00,Arr 1302,2025-11-27,False
DRO,DEN,UA 5638,UAL,OO 5638,SKW,2025-11-27 11:00:00,Arr 1158,2025-11-27,False
ORD,LEX,UA 5640,UAL,OO 5640,SKW,2025-11-27 10:45:00,Arr 1249,2025-11-27,False
ORD,RAP,UA 5642,UAL,OO 5642,SKW,2025-11-27 08:45:00,Arr 1043 (+9min),2025-11-27,False
LBB,IAH,UA 5644,UAL,OO 5644,SKW,2025-11-27 11:54:00,Arr 1328,2025-11-27,False
SFO,RNO,UA 5646,UAL,OO 5646,SKW,2025-11-27 22:35:00,Arr 2329,2025-11-27,False
DEN,TUS,UA 5651,UAL,OO 5651,SKW,2025-11-27 13:55:00,Arr 1555,2025-11-27,False
SEA,LAX,UA 5654,UAL,OO 5654,SKW,2025-11-27 09:04:00,Arr 1149,2025-11-27,False
DEN,IDA,UA 5656,UAL,OO 5656,SKW,2025-11-27 11:45:00,Arr 1338 (+3min),2025-11-27,False
MRY,LAX,UA 5658,UAL,OO 5658,SKW,2025-11-27 10:27:00,Arr 1135,2025-11-27,False
ELP,ORD,UA 5659,UAL,OO 5659,SKW,2025-11-27 08:00:00,Arr 1207,2025-11-27,False
LFT,IAH,UA 5660,UAL,OO 5660,SKW,2025-11-27 09:53:00,Arr 1056,2025-11-27,False
SFO,BUR,UA 5661,UAL,OO 5661,SKW,2025-11-27 13:20:00,Arr 1507 (+17min),2025-11-27,False
SFO,FAT,UA 5662,UAL,OO 5662,SKW,2025-11-27 09:00:00,Arr 1049 (+35min),2025-11-27,False
ORD,LIT,UA 5663,UAL,OO 5663,SKW,2025-11-27 08:45:00,Arr 1030,2025-11-27,False
TUL,DEN,UA 5667,UAL,OO 5667,SKW,2025-11-27 06:00:00,Arr 0719 (+16min),2025-11-27,False
MAF,IAH,UA 5668,UAL,OO 5668,SKW,2025-11-27 05:00:00,Arr 0617,2025-11-27,False
MEM,ORD,UA 5672,UAL,OO 5672,SKW,2025-11-27 10:30:00,Arr 1212,2025-11-27,False
TYS,DEN,UA 5673,UAL,OO 5673,SKW,2025-11-27 08:50:00,Arr 1134 (+63min),2025-11-27,False
LIT,ORD,UA 5676,UAL,OO 5676,SKW,2025-11-27 11:34:00,Arr 1323,2025-11-27,False
MOT,DEN,UA 5678,UAL,OO 5678,SKW,2025-11-27 07:15:00,Arr 0824,2025-11-27,False
LAX,LAS,UA 5680,UAL,OO 5680,SKW,2025-11-27 19:20:00,Arr 2029,2025-11-27,False
SFO,SBP,UA 5681,UAL,OO 5681,SKW,2025-11-27 11:05:00,Arr 1214,2025-11-27,False
MAF,IAH,UA 5683,UAL,OO 5683,SKW,2025-11-27 09:39:00,Arr 1105,2025-11-27,False
ORD,MSP,UA 5684,UAL,OO 5684,SKW,2025-11-27 07:27:00,Arr 0857,2025-11-27,False
SFO,SBP,UA 5693,UAL,OO 5693,SKW,2025-11-27 16:25:00,Arr 1718,2025-11-27,False
HOB,IAH,UA 5696,UAL,OO 5696,SKW,2025-11-27 08:15:00,Arr 1051,2025-11-27,False
SFO,SBA,UA 5698,UAL,OO 5698,SKW,2025-11-27 16:40:00,Arr 1749,2025-11-27,False
FSD,DEN,UA 5701,UAL,OO 5701,SKW,2025-11-27 06:00:00,Arr 0653,2025-11-27,False
SFO,PSP,UA 5703,UAL,OO 5703,SKW,2025-11-27 16:10:00,Arr 1728,2025-11-27,False
SFO,PSP,UA 5704,UAL,OO 5704,SKW,2025-11-27 13:00:00,Arr 1451 (+7min),2025-11-27,False
RAP,DEN,UA 5708,UAL,OO 5708,SKW,2025-11-27 10:22:00,Arr 1129,2025-11-27,False
MEM,IAH,UA 5710,UAL,OO 5710,SKW,2025-11-27 11:37:00,Arr 1320,2025-11-27,False
ORD,DTW,UA 5717,UAL,OO 5717,SKW,2025-11-27 07:20:00,Arr 0933,2025-11-27,False
SFO,TUS,UA 5718,UAL,OO 5718,SKW,2025-11-27 13:10:00,Arr 1833 (+131min),2025-11-27,False
MCI,DEN,UA 5719,UAL,OO 5719,SKW,2025-11-27 06:00:00,Arr 0715 (+10min),2025-11-27,False
SFO,BOI,UA 5720,UAL,OO 5720,SKW,2025-11-27 16:10:00,Arr 1839,2025-11-27,False
LAX,RNO,UA 5722,UAL,OO 5722,SKW,2025-11-27 16:10:00,Arr 1726,2025-11-27,False
SBN,ORD,UA 5723,UAL,OO 5723,SKW,2025-11-27 06:05:00,Arr 0558,2025-11-27,False
MCI,ORD,UA 5725,UAL,OO 5725,SKW,2025-11-27 06:00:00,Arr 0754 (+8min),2025-11-27,False
ORD,TYS,UA 5726,UAL,OO 5726,SKW,2025-11-27 07:20:00,Arr 1016 (+11min),2025-11-27,False
ORD,TUS,UA 5727,UAL,OO 5727,SKW,2025-11-27 09:07:00,Arr 1229,2025-11-27,False
DEN,JAC,UA 5730,UAL,OO 5730,SKW,2025-11-27 08:00:00,Arr 0947 (+2min),2025-11-27,False
ORD,PIA,UA 5733,UAL,OO 5733,SKW,2025-11-27 08:59:00,Arr 1041 (+25min),2025-11-27,False
SLC,SFO,UA 5736,UAL,OO 5736,SKW,2025-11-27 08:00:00,Arr 0940 (+9min),2025-11-27,False
FAT,SFO,UA 5737,UAL,OO 5737,SKW,2025-11-27 10:58:00,Arr 1223 (+19min),2025-11-27,False
MFE,IAH,UA 5739,UAL,OO 5739,SKW,2025-11-27 05:00:00,Arr 0610,2025-11-27,False
BNA,ORD,UA 5741,UAL,OO 5741,SKW,2025-11-27 06:07:00,Arr 0834 (+29min),2025-11-27,False
DEN,CPR,UA 5743,UAL,OO 5743,SKW,2025-11-27 09:35:00,Arr 1042,2025-11-27,False
GRR,ORD,UA 5752,UAL,OO 5752,SKW,2025-11-27 06:12:00,Arr 0648 (+18min),2025-11-27,False
DLH,ORD,UA 5754,UAL,OO 5754,SKW,2025-11-27 11:14:00,Arr 1317 (+4min),2025-11-27,False
MFE,IAH,UA 5756,UAL,OO 5756,SKW,2025-11-27 14:06:00,Arr 1504,2025-11-27,False
IAH,MEM,UA 5758,UAL,OO 5758,SKW,2025-11-27 12:15:00,Arr 1354,2025-11-27,False
ORD,ATW,UA 5761,UAL,OO 5761,SKW,2025-11-27 12:45:00,Arr 1355,2025-11-27,False
MFR,SFO,UA 5764,UAL,OO 5764,SKW,2025-11-27 14:05:00,Arr 1521,2025-11-27,False
IAH,SHV,UA 5765,UAL,OO 5765,SKW,2025-11-27 14:20:00,Arr 1519,2025-11-27,False
ASE,DEN,UA 5766,UAL,OO 5766,SKW,2025-11-27 07:10:00,Arr 0806,2025-11-27,False
DEN,ASE,UA 5769,UAL,OO 5769,SKW,2025-11-27 11:33:00,Arr 1229,2025-11-27,False
ASE,DEN,UA 5770,UAL,OO 5770,SKW,2025-11-27 08:30:00,Arr 0952,2025-11-27,False
DEN,ASE,UA 5771,UAL,OO 5771,SKW,2025-11-27 13:40:00,Arr 1428,2025-11-27,False
ASE,DEN,UA 5772,UAL,OO 5772,SKW,2025-11-27 11:35:00,Arr 1212,2025-11-27,False
DEN,ASE,UA 5782,UAL,OO 5782,SKW,2025-11-27 09:40:00,Arr 1034,2025-11-27,False
PHX,LAX,UA 5788,UAL,OO 5788,SKW,2025-11-27 06:30:00,Arr 0647,2025-11-27,False
PHX,LAX,UA 5789,UAL,OO 5789,SKW,2025-11-27 11:33:00,Arr 1210,2025-11-27,False
LBB,DEN,UA 5791,UAL,OO 5791,SKW,2025-11-27 08:00:00,Arr 0853 (+11min),2025-11-27,False
MEM,IAH,UA 5798,UAL,OO 5798,SKW,2025-11-27 15:26:00,Arr 1646,2025-11-27,False
MKE,ORD,UA 5799,UAL,OO 5799,SKW,2025-11-27 05:00:00,Arr 0549,2025-11-27,False
SFO,RDD,UA 5800,UAL,OO 5800,SKW,2025-11-27 16:25:00,Arr 1717,2025-11-27,False
SBA,SFO,UA 5804,UAL,OO 5804,SKW,2025-11-27 10:39:00,Arr 1227 (+27min),2025-11-27,False
SNA,SFO,UA 5805,UAL,OO 5805,SKW,2025-11-27 09:45:00,Arr 1054,2025-11-27,False
PIA,ORD,UA 5807,UAL,OO 5807,SKW,2025-11-27 10:51:00,Arr 1206 (+1min),2025-11-27,False
PSC,SFO,UA 5811,UAL,OO 5811,SKW,2025-11-27 06:25:00,Arr 0844 (+4min),2025-11-27,False
CPR,DEN,UA 5818,UAL,OO 5818,SKW,2025-11-27 07:00:00,Arr 0803,2025-11-27,False
ORD,DLH,UA 5819,UAL,OO 5819,SKW,2025-11-27 08:51:00,Arr 1108 (+30min),2025-11-27,False
TUS,DEN,UA 5820,UAL,OO 5820,SKW,2025-11-27 08:15:00,Arr 1029 (+7min),2025-11-27,False
ORD,MKE,UA 5821,UAL,OO 5821,SKW,2025-11-27 09:12:00,Arr 1006,2025-11-27,False
MAF,DEN,UA 5822,UAL,OO 5822,SKW,2025-11-27 07:56:00,Arr 0839,2025-11-27,False
BIL,DEN,UA 5829,UAL,OO 5829,SKW,2025-11-27 05:00:00,Arr 0632,2025-11-27,False
SFO,SAT,UA 5830,UAL,OO 5830,SKW,2025-11-27 11:20:00,Arr 1817 (+78min),2025-11-27,False
DEN,LNK,UA 5831,UAL,OO 5831,SKW,2025-11-27 09:40:00,Arr 1159,2025-11-27,False
BFL,DEN,UA 5839,UAL,OO 5839,SKW,2025-11-27 05:15:00,Arr 0837,2025-11-27,False
SMF,SFO,UA 5840,UAL,OO 5840,SKW,2025-11-27 14:26:00,Arr 1551 (+21min),2025-11-27,False
ORD,MEM,UA 5841,UAL,OO 5841,SKW,2025-11-27 12:45:00,Arr 1430,2025-11-27,False
PVD,ORD,UA 5842,UAL,OO 5842,SKW,2025-11-27 06:01:00,Arr 0745,2025-11-27,False
SCE,ORD,UA 5846,UAL,OO 5846,SKW,2025-11-27 08:30:00,Arr 1405 (+260min),2025-11-27,False
ORD,HSV,UA 5852,UAL,OO 5852,SKW,2025-11-27 10:46:00,Arr 1238,2025-11-27,False
SAT,SFO,UA 5854,UAL,OO 5854,SKW,2025-11-27 07:30:00,Arr 0942,2025-11-27,False
COU,DEN,UA 5857,UAL,OO 5857,SKW,2025-11-27 09:00:00,Arr 1102 (+34min),2025-11-27,False
LNK,DEN,UA 5866,UAL,OO 5866,SKW,2025-11-27 06:06:00,Arr 0636,2025-11-27,False
OMA,SFO,UA 5871,UAL,OO 5871,SKW,2025-11-27 07:34:00,Arr 0941,2025-11-27,False
IDA,DEN,UA 5881,UAL,OO 5881,SKW,2025-11-27 05:00:00,Arr 0648,2025-11-27,False
SBP,SFO,UA 5882,UAL,OO 5882,SKW,2025-11-27 06:00:00,Arr 0653,2025-11-27,False
SAF,DEN,UA 5885,UAL,OO 5885,SKW,2025-11-27 07:00:00,Arr 0834,2025-11-27,False
MSP,DEN,UA 5890,UAL,OO 5890,SKW,2025-11-27 05:30:00,Arr 0636,2025-11-27,False
SFO,SMF,UA 5896,UAL,OO 5896,SKW,2025-11-27 12:55:00,Arr 1430 (+40min),2025-11-27,False
SBP,LAX,UA 5897,UAL,OO 5897,SKW,2025-11-27 07:04:00,Arr 0807,2025-11-27,False
SGF,DEN,UA 5898,UAL,OO 5898,SKW,2025-11-27 09:06:00,Arr 1037 (+3min),2025-11-27,False
RNO,SFO,UA 5899,UAL,OO 5899,SKW,2025-11-27 10:43:00,Arr 1509 (+181min),2025-11-27,False
SHV,DEN,UA 5900,UAL,OO 5900,SKW,2025-11-27 09:00:00,Arr 1041 (+6min),2025-11-27,False
SBP,SFO,UA 5903,UAL,OO 5903,SKW,2025-11-27 08:33:00,Arr 0954 (+9min),2025-11-27,False
RNO,LAX,UA 5908,UAL,OO 5908,SKW,2025-11-27 18:29:00,Arr 1945,2025-11-27,False
LNK,ORD,UA 5910,UAL,OO 5910,SKW,2025-11-27 07:45:00,Arr 0939,2025-11-27,False
TYS,ORD,UA 5921,UAL,OO 5921,SKW,2025-11-27 10:50:00,Arr 1147,2025-11-27,False
BOI,DEN,UA 5924,UAL,OO 5924,SKW,2025-11-27 05:00:00,Arr 0646,2025-11-27,False
DEN,RAP,UA 5927,UAL,OO 5927,SKW,2025-11-27 07:55:00,Arr 0854,2025-11-27,False
ORD,AVL,UA 5928,UAL,OO 5928,SKW,2025-11-27 07:15:00,Arr 1003,2025-11-27,False
SFO,SNA,UA 5940,UAL,OO 5940,SKW,2025-11-27 07:15:00,Arr 0848,2025-11-27,False
RNO,SFO,UA 5943,UAL,OO 5943,SKW,2025-11-27 14:00:00,Arr 1515,2025-11-27,False
SBP,SFO,UA 5951,UAL,OO 5951,SKW,2025-11-27 14:16:00,Arr 1510,2025-11-27,False
SFO,SBA,UA 5953,UAL,OO 5953,SKW,2025-11-27 08:30:00,Arr 0954 (+5min),2025-11-27,False
SBA,SFO,UA 5955,UAL,OO 5955,SKW,2025-11-27 08:19:00,Arr 1001 (+23min),2025-11-27,False
PSP,SFO,UA 5956,UAL,OO 5956,SKW,2025-11-27 10:13:00,Arr 1205 (+5min),2025-11-27,False
SFO,FAT,UA 5958,UAL,OO 5958,SKW,2025-11-27 11:20:00,Arr 1235 (+4min),2025-11-27,False
SFO,TUS,UA 5962,UAL,OO 5962,SKW,2025-11-27 16:29:00,Arr 1925,2025-11-27,False
OTH,SFO,UA 5967,UAL,OO 5967,SKW,2025-11-27 13:54:00,Arr 1516,2025-11-27,False
FWA,ORD,UA 5969,UAL,OO 5969,SKW,2025-11-27 06:05:00,Arr 0611,2025-11-27,False
FAT,SFO,UA 5974,UAL,OO 5974,SKW,2025-11-27 14:05:00,Arr 1453,2025-11-27,False
CHO,ORD,UA 5977,UAL,OO 5977,SKW,2025-11-27 10:55:00,Arr 1133,2025-11-27,False
SHV,IAH,UA 5981,UAL,OO 5981,SKW,2025-11-27 05:20:00,Arr 0634,2025-11-27,False
DEN,BHM,UA 5985,UAL,OO 5985,SKW,2025-11-27 10:03:00,Arr 1544 (+109min),2025-11-27,False
ABQ,DEN,UA 5988,UAL,OO 5988,SKW,2025-11-27 05:15:00,Arr 0640,2025-11-27,False
CHA,ORD,UA 5992,UAL,OO 5992,SKW,2025-11-27 08:45:00,Arr 0931,2025-11-27,False
MKE,ORD,UA 5996,UAL,OO 5996,SKW,2025-11-27 06:05:00,Arr 0654,2025-11-27,False
SHV,IAH,UA 5997,UAL,OO 5997,SKW,2025-11-27 07:32:00,Arr 0834,2025-11-27,False
ORD,CAE,UA 6007,UAL,OO 6007,SKW,2025-11-27 13:53:00,Arr 1640,2025-11-27,False
DEN,SLC,UA 6009,UAL,OO 6009,SKW,2025-11-27 09:45:00,Arr 1116,2025-11-27,False
SAF,LAX,AA 6185,AAL,OO 6185,SKW,2025-11-27 12:32:00,Arr 1319,2025-11-27,False
BFL,PHX,AA 6189,AAL,OO 6189,SKW,2025-11-27 06:15:00,Arr 0837,2025-11-27,False
MSN,ORD,AA 6190,AAL,OO 6190,SKW,2025-11-27 07:00:00,Arr 0804,2025-11-27,False
SAT,LAX,AA 6191,AAL,OO 6191,SKW,2025-11-27 07:30:00,Arr 0859,2025-11-27,False
PHX,TUS,AA 6193,AAL,OO 6193,SKW,2025-11-27 16:20:00,Arr 1856 (+97min),2025-11-27,False
DFW,SAF,AA 6194,AAL,OO 6194,SKW,2025-11-27 11:43:00,Arr 1225,2025-11-27,False
ABQ,PHX,AA 6196,AAL,OO 6196,SKW,2025-11-27 06:17:00,Arr 0804 (+14min),2025-11-27,False
CLT,SHV,AA 6197,AAL,OO 6197,SKW,2025-11-27 11:15:00,Arr 1248,2025-11-27,False
OKC,ORD,AA 6198,AAL,OO 6198,SKW,2025-11-27 06:46:00,Arr 1516 (+366min),2025-11-27,False
PHX,GJT,AA 6201,AAL,OO 6201,SKW,2025-11-27 13:30:00,Arr 1444,2025-11-27,False
TVC,ORD,AA 6203,AAL,OO 6203,SKW,2025-11-27 05:55:00,Arr 0732 (+61min),2025-11-27,False
PHX,ABQ,AA 6206,AAL,OO 6206,SKW,2025-11-27 16:26:00,Arr 1731,2025-11-27,False
ORD,FSD,AA 6212,AAL,OO 6212,SKW,2025-11-27 11:11:00,Arr 1248,2025-11-27,False
ORD,ICT,AA 6213,AAL,OO 6213,SKW,2025-11-27 09:55:00,Arr 1148,2025-11-27,False
ORD,MSN,AA 6217,AAL,OO 6217,SKW,2025-11-27 11:40:00,Arr 1236,2025-11-27,False
ORD,PWM,AA 6218,AAL,OO 6218,SKW,2025-11-27 08:05:00,Arr 1115,2025-11-27,False
PWM,ORD,AA 6218,AAL,OO 6218,SKW,2025-11-27 12:06:00,Arr 1341,2025-11-27,False
PHX,SBA,AA 6226,AAL,OO 6226,SKW,2025-11-27 08:52:00,Arr 0918,2025-11-27,False
SBA,PHX,AA 6226,AAL,OO 6226,SKW,2025-11-27 10:08:00,Arr 1216,2025-11-27,False
ORD,MLI,AA 6228,AAL,OO 6228,SKW,2025-11-27 15:00:00,Arr 1711 (+69min),2025-11-27,False
MLI,ORD,AA 6229,AAL,OO 6229,SKW,2025-11-27 06:00:00,Arr 0648,2025-11-27,False
FSD,ORD,AA 6231,AAL,OO 6231,SKW,2025-11-27 10:59:00,Arr 1229,2025-11-27,False
ORD,FSD,AA 6231,AAL,OO 6231,SKW,2025-11-27 08:29:00,Arr 1011,2025-11-27,False
DRO,PHX,AA 6234,AAL,OO 6234,SKW,2025-11-27 06:00:00,Arr 0723,2025-11-27,False
MFR,PHX,AA 6237,AAL,OO 6237,SKW,2025-11-27 08:00:00,Arr 1120,2025-11-27,False
PHX,MFR,AA 6238,AAL,OO 6238,SKW,2025-11-27 14:45:00,Arr 1608,2025-11-27,False
BUR,PHX,AA 6239,AAL,OO 6239,SKW,2025-11-27 09:59:00,Arr 1228,2025-11-27,False
PHX,BUR,AA 6239,AAL,OO 6239,SKW,2025-11-27 08:49:00,Arr 0931 (+3min),2025-11-27,False
PHX,SLC,AA 6243,AAL,OO 6243,SKW,2025-11-27 09:54:00,Arr 1151 (+4min),2025-11-27,False
ORD,HSV,AA 6248,AAL,OO 6248,SKW,2025-11-27 11:59:00,Arr 1335,2025-11-27,False
MCI,ORD,AA 6249,AAL,OO 6249,SKW,2025-11-27 09:06:00,Arr 1152 (+58min),2025-11-27,False
ORD,MCI,AA 6249,AAL,OO 6249,SKW,2025-11-27 06:50:00,Arr 0913 (+37min),2025-11-27,False
MCI,ORD,AA 6250,AAL,OO 6250,SKW,2025-11-27 12:03:00,Arr 1402 (+14min),2025-11-27,False
ORD,MCI,AA 6250,AAL,OO 6250,SKW,2025-11-27 09:40:00,Arr 1136 (+3min),2025-11-27,False
ACT,DFW,AA 6252,AAL,OO 6252,SKW,2025-11-27 06:13:00,Arr 0649,2025-11-27,False
PHX,DRO,AA 6254,AAL,OO 6254,SKW,2025-11-27 09:49:00,Arr 1111,2025-11-27,False
GRR,ORD,AA 6257,AAL,OO 6257,SKW,2025-11-27 14:01:00,Arr 1423 (+12min),2025-11-27,False
ORD,GRR,AA 6257,AAL,OO 6257,SKW,2025-11-27 11:27:00,Arr 1321,2025-11-27,False
BNA,ORD,AA 6259,AAL,OO 6259,SKW,2025-11-27 09:01:00,Arr 1034,2025-11-27,False
SMF,LAX,AA 6265,AAL,OO 6265,SKW,2025-11-27 06:20:00,Arr 0725,2025-11-27,False
GCK,DFW,AA 6266,AAL,OO 6266,SKW,2025-11-27 05:33:00,Arr 0715,2025-11-27,False
ORD,FWA,AA 6268,AAL,OO 6268,SKW,2025-11-27 15:21:00,Arr 1750 (+23min),2025-11-27,False
TYR,DFW,AA 6270,AAL,OO 6270,SKW,2025-11-27 06:00:00,Arr 0635,2025-11-27,False
PHX,TUS,AA 6271,AAL,OO 6271,SKW,2025-11-27 09:47:00,Arr 1045,2025-11-27,False
SAF,DFW,AA 6272,AAL,OO 6272,SKW,2025-11-27 06:15:00,Arr 0916,2025-11-27,False
MLI,ORD,AA 6273,AAL,OO 6273,SKW,2025-11-27 09:48:00,Arr 1101 (+2min),2025-11-27,False
ORD,MLI,AA 6273,AAL,OO 6273,SKW,2025-11-27 08:12:00,Arr 0927 (+9min),2025-11-27,False
FAT,PHX,AA 6275,AAL,OO 6275,SKW,2025-11-27 06:02:00,Arr 0832,2025-11-27,False
PHX,SFO,AA 6276,AAL,OO 6276,SKW,2025-11-27 08:30:00,Arr 1013 (+19min),2025-11-27,False
FLG,PHX,AA 6277,AAL,OO 6277,SKW,2025-11-27 10:36:00,Arr 1121,2025-11-27,False
OMA,PHX,AA 6279,AAL,OO 6279,SKW,2025-11-27 05:30:00,Arr 0725,2025-11-27,False
ORD,MKE,AA 6282,AAL,OO 6282,SKW,2025-11-27 15:10:00,Arr 1557,2025-11-27,False
MKE,ORD,AA 6283,AAL,OO 6283,SKW,2025-11-27 08:52:00,Arr 1028 (+20min),2025-11-27,False
TUL,PHX,AA 6284,AAL,OO 6284,SKW,2025-11-27 08:18:00,Arr 1025,2025-11-27,False
PDX,LAX,AA 6290,AAL,OO 6290,SKW,2025-11-27 06:00:00,Arr 0819,2025-11-27,False
SHV,DFW,AA 6293,AAL,OO 6293,SKW,2025-11-27 07:45:00,Arr 0857,2025-11-27,False
FNT,ORD,AA 6299,AAL,OO 6299,SKW,2025-11-27 05:30:00,Arr 0541,2025-11-27,False
DRO,DFW,AA 6302,AAL,OO 6302,SKW,2025-11-27 05:29:00,Arr 0831,2025-11-27,False
TUS,PHX,AA 6307,AAL,OO 6307,SKW,2025-11-27 08:00:00,Arr 0918 (+15min),2025-11-27,False
STL,ORD,AA 6308,AAL,OO 6308,SKW,2025-11-27 08:39:00,Arr 0948,2025-11-27,False
ORD,BNA,AA 6309,AAL,OO 6309,SKW,2025-11-27 12:06:00,Arr 1403 (+15min),2025-11-27,False
LAX,OKC,AA 6312,AAL,OO 6312,SKW,2025-11-27 14:41:00,Arr 1920,2025-11-27,False
LAX,SFO,AA 6316,AAL,OO 6316,SKW,2025-11-27 08:30:00,Arr 1002,2025-11-27,False
DFW,SHV,AA 6317,AAL,OO 6317,SKW,2025-11-27 10:32:00,Arr 1133,2025-11-27,False
PHX,OKC,AA 6320,AAL,OO 6320,SKW,2025-11-27 13:44:00,Arr 1713 (+18min),2025-11-27,False
DFW,PVU,AA 6321,AAL,OO 6321,SKW,2025-11-27 11:39:00,Arr 1326,2025-11-27,False
SLC,PHX,AA 6327,AAL,OO 6327,SKW,2025-11-27 08:17:00,Arr 1008,2025-11-27,False
DRO,PHX,AA 6328,AAL,OO 6328,SKW,2025-11-27 08:25:00,Arr 1013,2025-11-27,False
BPT,DFW,AA 6329,AAL,OO 6329,SKW,2025-11-27 05:45:00,Arr 0641,2025-11-27,False
ROW,DFW,AA 6331,AAL,OO 6331,SKW,2025-11-27 06:00:00,Arr 0909 (+24min),2025-11-27,False
SBN,DFW,AA 6335,AAL,OO 6335,SKW,2025-11-27 07:11:00,Arr 0919 (+10min),2025-11-27,False
TUL,LAX,AA 6336,AAL,OO 6336,SKW,2025-11-27 14:07:00,Arr 1514,2025-11-27,False
SLC,PHX,AA 6338,AAL,OO 6338,SKW,2025-11-27 07:00:00,Arr 0826,2025-11-27,False
LAX,SAF,AA 6347,AAL,OO 6347,SKW,2025-11-27 08:50:00,Arr 1139,2025-11-27,False
ELP,PHX,AA 6357,AAL,OO 6357,SKW,2025-11-27 12:18:00,Arr 1332,2025-11-27,False
PHX,ELP,AA 6357,AAL,OO 6357,SKW,2025-11-27 10:05:00,Arr 1119,2025-11-27,False
LAX,OMA,AA 6362,AAL,OO 6362,SKW,2025-11-27 09:39:00,Arr 1440,2025-11-27,False
DSM,ORD,AA 6364,AAL,OO 6364,SKW,2025-11-27 08:58:00,Arr 1028,2025-11-27,False
ORD,DSM,AA 6364,AAL,OO 6364,SKW,2025-11-27 06:56:00,Arr 0757,2025-11-27,False
LEX,ORD,AA 6365,AAL,OO 6365,SKW,2025-11-27 11:27:00,Arr 1143,2025-11-27,False
ORD,LEX,AA 6365,AAL,OO 6365,SKW,2025-11-27 08:25:00,Arr 1028,2025-11-27,False
MKE,ORD,AA 6370,AAL,OO 6370,SKW,2025-11-27 05:00:00,Arr 0547,2025-11-27,False
DTW,ORD,AA 6378,AAL,OO 6378,SKW,2025-11-27 10:15:00,Arr 1102 (+13min),2025-11-27,False
SFO,LAX,AA 6381,AAL,OO 6381,SKW,2025-11-27 11:00:00,Arr 1221,2025-11-27,False
PHX,ABQ,AA 6383,AAL,OO 6383,SKW,2025-11-27 09:50:00,Arr 1125 (+9min),2025-11-27,False
SJT,DFW,AA 6384,AAL,OO 6384,SKW,2025-11-27 06:00:00,Arr 0654,2025-11-27,False
IAH,LAX,AA 6389,AAL,OO 6389,SKW,2025-11-27 14:31:00,Arr 1551,2025-11-27,False
LAX,IAH,AA 6389,AAL,OO 6389,SKW,2025-11-27 08:31:00,Arr 1348,2025-11-27,False
COS,DFW,AA 6390,AAL,OO 6390,SKW,2025-11-27 08:15:00,Arr 1131 (+8min),2025-11-27,False
OKC,PHX,AA 6392,AAL,OO 6392,SKW,2025-11-27 08:39:00,Arr 1014,2025-11-27,False
TUS,LAX,AA 6393,AAL,OO 6393,SKW,2025-11-27 07:21:00,Arr 0749,2025-11-27,False
DFW,COS,AA 6395,AAL,OO 6395,SKW,2025-11-27 08:39:00,Arr 0937,2025-11-27,False
PHX,YUM,AA 6399,AAL,OO 6399,SKW,2025-11-27 11:10:00,Arr 1218,2025-11-27,False
SFO,PHX,AA 6404,AAL,OO 6404,SKW,2025-11-27 06:00:00,Arr 0908 (+3min),2025-11-27,False
PSP,PHX,AA 6406,AAL,OO 6406,SKW,2025-11-27 06:44:00,Arr 0846,2025-11-27,False
DSM,LAX,AA 6409,AAL,OO 6409,SKW,2025-11-27 13:19:00,Arr 1455,2025-11-27,False
LAX,DSM,AA 6409,AAL,OO 6409,SKW,2025-11-27 07:00:00,Arr 1217,2025-11-27,False
DFW,ACT,AA 6410,AAL,OO 6410,SKW,2025-11-27 12:56:00,Arr 1332,2025-11-27,False
LAX,STL,AA 6419,AAL,OO 6419,SKW,2025-11-27 09:50:00,Arr 1523 (+6min),2025-11-27,False
SEA,LAX,AA 6420,AAL,OO 6420,SKW,2025-11-27 06:05:00,Arr 0850,2025-11-27,False
LAX,DEN,AA 6422,AAL,OO 6422,SKW,2025-11-27 08:57:00,Arr 1215,2025-11-27,False
SHV,DFW,AA 6423,AAL,OO 6423,SKW,2025-11-27 05:45:00,Arr 0638,2025-11-27,False
PHX,YUM,AA 6424,AAL,OO 6424,SKW,2025-11-27 16:17:00,Arr 1725 (+7min),2025-11-27,False
YUM,PHX,AA 6425,AAL,OO 6425,SKW,2025-11-27 12:56:00,Arr 1345,2025-11-27,False
ELP,LAX,AA 6427,AAL,OO 6427,SKW,2025-11-27 07:29:00,Arr 0840,2025-11-27,False
LAX,SMF,AA 6429,AAL,OO 6429,SKW,2025-11-27 09:23:00,Arr 1046,2025-11-27,False
TUS,PHX,AA 6430,AAL,OO 6430,SKW,2025-11-27 06:30:00,Arr 0709,2025-11-27,False
SEA,PHX,AA 6437,AAL,OO 6437,SKW,2025-11-27 06:30:00,Arr 1036 (+6min),2025-11-27,False
TUS,PHX,AA 6439,AAL,OO 6439,SKW,2025-11-27 12:56:00,Arr 1345,2025-11-27,False
FLG,PHX,AA 6440,AAL,OO 6440,SKW,2025-11-27 12:41:00,Arr 1314,2025-11-27,False
HSV,ORD,AA 6441,AAL,OO 6441,SKW,2025-11-27 07:27:00,Arr 0932,2025-11-27,False
DFW,SBN,AA 6448,AAL,OO 6448,SKW,2025-11-27 12:50:00,Arr 1613,2025-11-27,False
BOI,PHX,AA 6450,AAL,OO 6450,SKW,2025-11-27 06:37:00,Arr 0917 (+12min),2025-11-27,False
OKC,ORD,AA 6451,AAL,OO 6451,SKW,2025-11-27 09:05:00,Arr 1121,2025-11-27,False
PHX,FAT,AA 6453,AAL,OO 6453,SKW,2025-11-27 14:54:00,Arr 1537,2025-11-27,False
LAX,ABQ,AA 6458,AAL,OO 6458,SKW,2025-11-27 16:05:00,Arr 1843,2025-11-27,False
MRY,PHX,AA 6461,AAL,OO 6461,SKW,2025-11-27 09:52:00,Arr 1230,2025-11-27,False
PHX,MRY,AA 6461,AAL,OO 6461,SKW,2025-11-27 08:16:00,Arr 0910,2025-11-27,False
OKC,LAX,AA 6462,AAL,OO 6462,SKW,2025-11-27 07:30:00,Arr 0844,2025-11-27,False
ORD,RIC,AA 6463,AAL,OO 6463,SKW,2025-11-27 08:12:00,Arr 1102,2025-11-27,False
RIC,ORD,AA 6463,AAL,OO 6463,SKW,2025-11-27 11:52:00,Arr 1257,2025-11-27,False
ORD,OKC,AA 6475,AAL,OO 6475,SKW,2025-11-27 15:29:00,Arr 1803 (+10min),2025-11-27,False
OMA,LAX,AA 6479,AAL,OO 6479,SKW,2025-11-27 06:54:00,Arr 0831,2025-11-27,False
ABQ,LAX,AA 6480,AAL,OO 6480,SKW,2025-11-27 07:00:00,Arr 0805,2025-11-27,False
LAX,SEA,AA 6481,AAL,OO 6481,SKW,2025-11-27 09:47:00,Arr 1229,2025-11-27,False
PHX,IDA,AA 6484,AAL,OO 6484,SKW,2025-11-27 13:40:00,Arr 1531,2025-11-27,False
PHX,DEN,AA 6488,AAL,OO 6488,SKW,2025-11-27 13:30:00,Arr 1515,2025-11-27,False
DFW,GCK,AA 6489,AAL,OO 6489,SKW,2025-11-27 13:21:00,Arr 1443,2025-11-27,False
GJT,PHX,AA 6491,AAL,OO 6491,SKW,2025-11-27 12:10:00,Arr 1336,2025-11-27,False
PHX,GJT,AA 6491,AAL,OO 6491,SKW,2025-11-27 09:49:00,Arr 1135 (+6min),2025-11-27,False
DFW,ROW,AA 6495,AAL,OO 6495,SKW,2025-11-27 11:43:00,Arr 1214,2025-11-27,False
LAX,SAT,AA 6497,AAL,OO 6497,SKW,2025-11-27 09:42:00,Arr 1431,2025-11-27,False
PHX,BFL,AA 6499,AAL,OO 6499,SKW,2025-11-27 15:31:00,Arr 1558,2025-11-27,False
DFW,TYR,AA 6500,AAL,OO 6500,SKW,2025-11-27 08:51:00,Arr 0922,2025-11-27,False
DFW,ASE,AA 6503,AAL,OO 6503,SKW,2025-11-27 10:12:00,Arr 1123,2025-11-27,False
PHX,TUS,AA 6505,AAL,OO 6505,SKW,2025-11-27 13:15:00,Arr 1355,2025-11-27,False
TUS,PHX,AA 6505,AAL,OO 6505,SKW,2025-11-27 14:39:00,Arr 1513,2025-11-27,False
FLG,PHX,AA 6509,AAL,OO 6509,SKW,2025-11-27 07:45:00,Arr 1240 (+226min),2025-11-27,False
BUR,PHX,AA 6510,AAL,OO 6510,SKW,2025-11-27 13:11:00,Arr 1356 (+1326min),2025-11-27,False
PHX,BUR,AA 6510,AAL,OO 6510,SKW,2025-11-27 11:56:00,Arr 1230,2025-11-27,False
PHX,PSP,AA 6513,AAL,OO 6513,SKW,2025-11-27 15:00:00,Arr 1505,2025-11-27,False
TUS,PHX,AA 6514,AAL,OO 6514,SKW,2025-11-27 11:30:00,Arr 1226,2025-11-27,False
ABQ,PHX,AA 6516,AAL,OO 6516,SKW,2025-11-27 12:15:00,Arr 1324,2025-11-27,False
DEN,LAX,AA 6518,AAL,OO 6518,SKW,2025-11-27 12:55:00,Arr 1420,2025-11-27,False
FSD,ORD,AA 6519,AAL,OO 6519,SKW,2025-11-27 05:29:00,Arr 0745 (+19min),2025-11-27,False
DTW,SFO,UA 2866,UAL,UA 2866,UAL,2025-11-27 17:35:00,Arr 1941,2025-11-27,False
DEN,ORD,UA 2865,UAL,UA 2865,UAL,2025-11-27 11:15:00,Arr 1434,2025-11-27,False
SAN,SFO,UA 2863,UAL,UA 2863,UAL,2025-11-27 07:58:00,Arr 0953 (+8min),2025-11-27,False
IAD,SFO,UA 2862,UAL,UA 2862,UAL,2025-11-27 14:30:00,Arr 1718,2025-11-27,False
SFO,SAN,UA 2861,UAL,UA 2861,UAL,2025-11-27 22:35:00,Arr 2353,2025-11-27,False
SFO,LAX,UA 2860,UAL,UA 2860,UAL,2025-11-27 17:45:00,Arr 1855,2025-11-27,False
PHX,IAH,UA 2858,UAL,UA 2858,UAL,2025-11-27 09:25:00,Arr 1257,2025-11-27,False
FSD,ORD,UA 2857,UAL,UA 2857,UAL,2025-11-27 08:00:00,Arr 1002 (+9min),2025-11-27,False
SFO,IAH,UA 2855,UAL,UA 2855,UAL,2025-11-27 14:50:00,Arr 2030,2025-11-27,False
SAN,SFO,UA 2855,UAL,UA 2855,UAL,2025-11-27 09:54:00,Arr 1117,2025-11-27,False
SFO,BNA,UA 2854,UAL,UA 2854,UAL,2025-11-27 23:00:00,Arr 0450,2025-11-27,False
SAT,DEN,UA 2853,UAL,UA 2853,UAL,2025-11-27 08:30:00,Arr 0940,2025-11-27,False
SFO,CLE,UA 2851,UAL,UA 2851,UAL,2025-11-27 09:00:00,Arr 1613,2025-11-27,False
MSN,DEN,UA 2748,UAL,UA 2748,UAL,2025-11-27 08:00:00,Arr 0909,2025-11-27,False
ORD,IAD,UA 2746,UAL,UA 2746,UAL,2025-11-27 13:00:00,Arr 1545,2025-11-27,False
IAH,AUS,UA 2744,UAL,UA 2744,UAL,2025-11-27 07:35:00,Arr 0819,2025-11-27,False
MSY,IAH,UA 2744,UAL,UA 2744,UAL,2025-11-27 05:10:00,Arr 0610,2025-11-27,False
LAX,EWR,UA 2743,UAL,UA 2743,UAL,2025-11-27 07:00:00,Arr 1448,2025-11-27,False
DEN,TUS,UA 2742,UAL,UA 2742,UAL,2025-11-27 11:31:00,Arr 1340 (+2min),2025-11-27,False
IAD,ATL,UA 2739,UAL,UA 2739,UAL,2025-11-27 08:16:00,Arr 1001,2025-11-27,False
PIT,IAH,UA 2698,UAL,UA 2698,UAL,2025-11-27 06:00:00,Arr 0817,2025-11-27,False
ORD,SFO,UA 2693,UAL,UA 2693,UAL,2025-11-27 16:17:00,Arr 1853,2025-11-27,False
EWR,LAX,UA 2692,UAL,UA 2692,UAL,2025-11-27 08:40:00,Arr 1127,2025-11-27,False
ORD,MSN,UA 2690,UAL,UA 2690,UAL,2025-11-27 13:55:00,Arr 1554 (+60min),2025-11-27,False
ORD,LAX,UA 2684,UAL,UA 2684,UAL,2025-11-27 10:58:00,Arr 1324,2025-11-27,False
MDT,ORD,UA 2684,UAL,UA 2684,UAL,2025-11-27 06:30:00,Arr 0720,2025-11-27,False
ORD,SAN,UA 2683,UAL,UA 2683,UAL,2025-11-27 13:30:00,Arr 1548,2025-11-27,False
DFW,IAH,UA 2682,UAL,UA 2682,UAL,2025-11-27 15:45:00,Arr 1654,2025-11-27,False
TPA,DEN,UA 2680,UAL,UA 2680,UAL,2025-11-27 08:00:00,Arr 1009 (+6min),2025-11-27,False
EWR,LAX,UA 2679,UAL,UA 2679,UAL,2025-11-27 10:00:00,Arr 1246,2025-11-27,False
EWR,JAX,UA 2678,UAL,UA 2678,UAL,2025-11-27 13:00:00,Arr 1529,2025-11-27,False
SAN,ORD,UA 2677,UAL,UA 2677,UAL,2025-11-27 10:51:00,Arr 1639,2025-11-27,False
DEN,IAH,UA 2676,UAL,UA 2676,UAL,2025-11-27 09:35:00,Arr 1252,2025-11-27,False
IAH,PIT,UA 2675,UAL,UA 2675,UAL,2025-11-27 12:20:00,Arr 1605 (+3min),2025-11-27,False
DFW,IAH,UA 2675,UAL,UA 2675,UAL,2025-11-27 09:58:00,Arr 1043,2025-11-27,False
TPA,EWR,UA 2674,UAL,UA 2674,UAL,2025-11-27 11:16:00,Arr 1327,2025-11-27,False
EWR,SAV,UA 2673,UAL,UA 2673,UAL,2025-11-27 14:00:00,Arr 1610,2025-11-27,False
ORD,PNS,UA 2672,UAL,UA 2672,UAL,2025-11-27 10:49:00,Arr 1257,2025-11-27,False
IND,ORD,UA 2672,UAL,UA 2672,UAL,2025-11-27 07:15:00,Arr 0733 (+4min),2025-11-27,False
DFW,IAH,UA 2670,UAL,UA 2670,UAL,2025-11-27 07:00:00,Arr 0810,2025-11-27,False
EWR,ATL,UA 2669,UAL,UA 2669,UAL,2025-11-27 09:15:00,Arr 1138,2025-11-27,False
IAD,EWR,UA 2669,UAL,UA 2669,UAL,2025-11-27 06:00:00,Arr 0704,2025-11-27,False
DCA,ORD,UA 2668,UAL,UA 2668,UAL,2025-11-27 08:30:00,Arr 1007 (+16min),2025-11-27,False
LAX,IAD,UA 2667,UAL,UA 2667,UAL,2025-11-27 11:00:00,Arr 1855 (+1min),2025-11-27,False
DEN,SNA,UA 2666,UAL,UA 2666,UAL,2025-11-27 08:25:00,Arr 0940,2025-11-27,False
SFO,PHL,UA 2665,UAL,UA 2665,UAL,2025-11-27 08:45:00,Arr 1641,2025-11-27,False
SFO,BWI,UA 2664,UAL,UA 2664,UAL,2025-11-27 09:16:00,Arr 1717,2025-11-27,False
IAH,MCO,UA 2662,UAL,UA 2662,UAL,2025-11-27 12:25:00,Arr 1526,2025-11-27,False
LGA,IAH,UA 2661,UAL,UA 2661,UAL,2025-11-27 14:00:00,Arr 1642,2025-11-27,False
IAH,LGA,UA 2659,UAL,UA 2659,UAL,2025-11-27 18:45:00,Arr 2252,2025-11-27,False
IAH,MAF,UA 2658,UAL,UA 2658,UAL,2025-11-27 18:05:00,Arr 1932,2025-11-27,False
ORD,IAH,UA 2657,UAL,UA 2657,UAL,2025-11-27 12:45:00,Arr 1518,2025-11-27,False
MCI,ORD,UA 2654,UAL,UA 2654,UAL,2025-11-27 09:58:00,Arr 1120,2025-11-27,False
ORD,RDU,UA 2653,UAL,UA 2653,UAL,2025-11-27 11:00:00,Arr 1357,2025-11-27,False
IAH,PHX,UA 2650,UAL,UA 2650,UAL,2025-11-27 16:50:00,Arr 1830,2025-11-27,False
ORD,BWI,UA 2649,UAL,UA 2649,UAL,2025-11-27 14:20:00,Arr 1655,2025-11-27,False
SNA,ORD,UA 2649,UAL,UA 2649,UAL,2025-11-27 06:45:00,Arr 1250,2025-11-27,False
GRR,DEN,UA 2648,UAL,UA 2648,UAL,2025-11-27 08:00:00,Arr 1014 (+71min),2025-11-27,False
SFO,BOS,UA 2647,UAL,UA 2647,UAL,2025-11-27 08:25:00,Arr 1622,2025-11-27,False
DEN,BDL,UA 2643,UAL,UA 2643,UAL,2025-11-27 09:42:00,Arr 1520,2025-11-27,False
SLC,DEN,UA 2643,UAL,UA 2643,UAL,2025-11-27 07:00:00,Arr 0816,2025-11-27,False
TPA,ORD,UA 2642,UAL,UA 2642,UAL,2025-11-27 09:30:00,Arr 1106,2025-11-27,False
SEA,SFO,UA 2640,UAL,UA 2640,UAL,2025-11-27 07:00:00,Arr 0855,2025-11-27,False
DFW,IAD,UA 2639,UAL,UA 2639,UAL,2025-11-27 07:25:00,Arr 1059,2025-11-27,False
ORD,IAH,UA 2638,UAL,UA 2638,UAL,2025-11-27 08:50:00,Arr 1146,2025-11-27,False
MSP,ORD,UA 2638,UAL,UA 2638,UAL,2025-11-27 06:00:00,Arr 0735,2025-11-27,False
DEN,GRR,UA 2637,UAL,UA 2637,UAL,2025-11-27 10:06:00,Arr 1429,2025-11-27,False
CLE,MCO,UA 2636,UAL,UA 2636,UAL,2025-11-27 07:30:00,Arr 0955,2025-11-27,False
PDX,ORD,UA 2635,UAL,UA 2635,UAL,2025-11-27 07:00:00,Arr 1235,2025-11-27,False
EWR,SRQ,UA 2631,UAL,UA 2631,UAL,2025-11-27 07:10:00,Arr 1016,2025-11-27,False
GRR,ORD,UA 2629,UAL,UA 2629,UAL,2025-11-27 09:21:00,Arr 0947 (+14min),2025-11-27,False
SFO,BUR,UA 2628,UAL,UA 2628,UAL,2025-11-27 10:49:00,Arr 1152,2025-11-27,False
ORD,SFO,UA 2628,UAL,UA 2628,UAL,2025-11-27 06:15:00,Arr 0841,2025-11-27,False
SAN,ORD,UA 2624,UAL,UA 2624,UAL,2025-11-27 22:30:00,Arr 0408,2025-11-27,False
ORD,MIA,UA 2623,UAL,UA 2623,UAL,2025-11-27 07:35:00,Arr 1149,2025-11-27,False
BUF,EWR,UA 2622,UAL,UA 2622,UAL,2025-11-27 06:00:00,Arr 0735,2025-11-27,False
SFO,ATL,UA 2620,UAL,UA 2620,UAL,2025-11-27 22:35:00,Arr 0549,2025-11-27,False
MCO,SFO,UA 2620,UAL,UA 2620,UAL,2025-11-27 18:30:00,Arr 2113,2025-11-27,False
SFO,ORD,UA 2619,UAL,UA 2619,UAL,2025-11-27 13:28:00,Arr 1909,2025-11-27,False
PHX,SFO,UA 2619,UAL,UA 2619,UAL,2025-11-27 11:10:00,Arr 1205,2025-11-27,False
SEA,ORD,UA 2618,UAL,UA 2618,UAL,2025-11-27 07:00:00,Arr 1234,2025-11-27,False
LGA,IAH,UA 2617,UAL,UA 2617,UAL,2025-11-27 09:55:00,Arr 1245,2025-11-27,False
ORD,LGA,UA 2617,UAL,UA 2617,UAL,2025-11-27 06:00:00,Arr 0922 (+15min),2025-11-27,False
IAH,ORD,UA 2616,UAL,UA 2616,UAL,2025-11-27 06:30:00,Arr 0906,2025-11-27,False
IAH,PHX,UA 2614,UAL,UA 2614,UAL,2025-11-27 07:20:00,Arr 0853,2025-11-27,False
EWR,DEN,UA 2612,UAL,UA 2612,UAL,2025-11-27 15:30:00,Arr 1734,2025-11-27,False
SFO,PDX,UA 2611,UAL,UA 2611,UAL,2025-11-27 16:45:00,Arr 1909 (+33min),2025-11-27,False
IAH,SFO,UA 2611,UAL,UA 2611,UAL,2025-11-27 12:27:00,Arr 1415,2025-11-27,False
PHL,IAH,UA 2611,UAL,UA 2611,UAL,2025-11-27 08:15:00,Arr 1045,2025-11-27,False
SEA,LAX,UA 2610,UAL,UA 2610,UAL,2025-11-27 12:41:00,Arr 1509,2025-11-27,False
SFO,RDU,UA 2609,UAL,UA 2609,UAL,2025-11-27 07:30:00,Arr 1523,2025-11-27,False
LAS,IAH,UA 2608,UAL,UA 2608,UAL,2025-11-27 06:00:00,Arr 1110 (+8min),2025-11-27,False
LAS,LAX,UA 2602,UAL,UA 2602,UAL,2025-11-27 08:00:00,Arr 0910,2025-11-27,False
DEN,RSW,UA 2601,UAL,UA 2601,UAL,2025-11-27 09:50:00,Arr 1532,2025-11-27,False
IAH,LAX,UA 2600,UAL,UA 2600,UAL,2025-11-27 07:20:00,Arr 0847,2025-11-27,False
ORD,FLL,UA 2499,UAL,UA 2499,UAL,2025-11-27 08:57:00,Arr 1308,2025-11-27,False
IAH,RDU,UA 2498,UAL,UA 2498,UAL,2025-11-27 18:15:00,Arr 2140,2025-11-27,False
SAT,IAH,UA 2498,UAL,UA 2498,UAL,2025-11-27 14:14:00,Arr 1506,2025-11-27,False
IAD,ORD,UA 2497,UAL,UA 2497,UAL,2025-11-27 17:10:00,Arr 1901 (+35min),2025-11-27,False
SNA,SFO,UA 2495,UAL,UA 2495,UAL,2025-11-27 19:34:00,Arr 2044,2025-11-27,False
RSW,ORD,UA 2494,UAL,UA 2494,UAL,2025-11-27 12:42:00,Arr 1438,2025-11-27,False
RIC,DEN,UA 2493,UAL,UA 2493,UAL,2025-11-27 08:20:00,Arr 1014,2025-11-27,False
IAH,MIA,UA 2492,UAL,UA 2492,UAL,2025-11-27 18:25:00,Arr 2207 (+9min),2025-11-27,False
IAH,SAN,UA 2491,UAL,UA 2491,UAL,2025-11-27 09:30:00,Arr 1032,2025-11-27,False
SFO,BUR,UA 2490,UAL,UA 2490,UAL,2025-11-27 16:10:00,Arr 1720,2025-11-27,False
FLL,ORD,UA 2488,UAL,UA 2488,UAL,2025-11-27 07:05:00,Arr 0905,2025-11-27,False
IAH,AUS,UA 2483,UAL,UA 2483,UAL,2025-11-27 14:20:00,Arr 1532 (+10min),2025-11-27,False
ORD,IAH,UA 2483,UAL,UA 2483,UAL,2025-11-27 10:35:00,Arr 1311,2025-11-27,False
ROC,ORD,UA 2483,UAL,UA 2483,UAL,2025-11-27 06:30:00,Arr 0745 (+6min),2025-11-27,False
STL,IAH,UA 2480,UAL,UA 2480,UAL,2025-11-27 08:20:00,Arr 1015,2025-11-27,False
SAN,DEN,UA 2476,UAL,UA 2476,UAL,2025-11-27 09:05:00,Arr 1208,2025-11-27,False
IAD,DFW,UA 2471,UAL,UA 2471,UAL,2025-11-27 08:30:00,Arr 1059,2025-11-27,False
EWR,MSY,UA 2468,UAL,UA 2468,UAL,2025-11-27 12:30:00,Arr 1423,2025-11-27,False
RSW,EWR,UA 2468,UAL,UA 2468,UAL,2025-11-27 07:00:00,Arr 0925,2025-11-27,False
ORD,DTW,UA 2467,UAL,UA 2467,UAL,2025-11-27 10:55:00,Arr 1306,2025-11-27,False
BOS,ORD,UA 2467,UAL,UA 2467,UAL,2025-11-27 07:50:00,Arr 0941,2025-11-27,False
ORD,SFO,UA 2465,UAL,UA 2465,UAL,2025-11-27 12:45:00,Arr 1519,2025-11-27,False
MSP,IAH,UA 2464,UAL,UA 2464,UAL,2025-11-27 08:00:00,Arr 1034,2025-11-27,False
IAD,MCO,UA 2463,UAL,UA 2463,UAL,2025-11-27 17:37:00,Arr 2009 (+7min),2025-11-27,False
RDU,IAD,UA 2463,UAL,UA 2463,UAL,2025-11-27 15:05:00,Arr 1611,2025-11-27,False
DEN,BOS,UA 2461,UAL,UA 2461,UAL,2025-11-27 10:15:00,Arr 1546,2025-11-27,False
IAH,LAX,UA 2460,UAL,UA 2460,UAL,2025-11-27 12:35:00,Arr 1352,2025-11-27,False
MCO,IAH,UA 2456,UAL,UA 2456,UAL,2025-11-27 15:15:00,Arr 1622,2025-11-27,False
EWR,DEN,UA 2455,UAL,UA 2455,UAL,2025-11-27 09:35:00,Arr 1148,2025-11-27,False
JAX,IAH,UA 2453,UAL,UA 2453,UAL,2025-11-27 07:00:00,Arr 0815,2025-11-27,False
IAH,MCO,UA 2451,UAL,UA 2451,UAL,2025-11-27 18:33:00,Arr 2132,2025-11-27,False
EWR,IAH,UA 2451,UAL,UA 2451,UAL,2025-11-27 12:10:00,Arr 1443,2025-11-27,False
LAX,LAS,UA 2449,UAL,UA 2449,UAL,2025-11-27 10:46:00,Arr 1138,2025-11-27,False
DEN,LGA,UA 2446,UAL,UA 2446,UAL,2025-11-27 10:06:00,Arr 1629 (+39min),2025-11-27,False
EWR,FLL,UA 2444,UAL,UA 2444,UAL,2025-11-27 09:10:00,Arr 1211,2025-11-27,False
CVG,IAH,UA 2442,UAL,UA 2442,UAL,2025-11-27 07:00:00,Arr 0807,2025-11-27,False
EWR,ORD,UA 2440,UAL,UA 2440,UAL,2025-11-27 07:18:00,Arr 0849,2025-11-27,False
IAH,BOS,UA 2439,UAL,UA 2439,UAL,2025-11-27 16:20:00,Arr 2043,2025-11-27,False
EWR,IAH,UA 2438,UAL,UA 2438,UAL,2025-11-27 07:00:00,Arr 1003,2025-11-27,False
SFO,SLC,UA 2437,UAL,UA 2437,UAL,2025-11-27 09:09:00,Arr 1149,2025-11-27,False
PBI,IAH,UA 2436,UAL,UA 2436,UAL,2025-11-27 06:30:00,Arr 0803,2025-11-27,False
SMF,EWR,UA 2435,UAL,UA 2435,UAL,2025-11-27 23:06:00,Arr 0715 (+3min),2025-11-27,False
IAD,SMF,UA 2435,UAL,UA 2435,UAL,2025-11-27 19:39:00,Arr 2247 (+12min),2025-11-27,False
EWR,LAX,UA 2434,UAL,UA 2434,UAL,2025-11-27 06:00:00,Arr 0923 (+23min),2025-11-27,False
IAH,DEN,UA 2433,UAL,UA 2433,UAL,2025-11-27 07:20:00,Arr 0852,2025-11-27,False
IAH,LAX,UA 2431,UAL,UA 2431,UAL,2025-11-27 06:01:00,Arr 0723,2025-11-27,False
LAX,ORD,UA 2430,UAL,UA 2430,UAL,2025-11-27 06:00:00,Arr 1154,2025-11-27,False
MCO,ORD,UA 2426,UAL,UA 2426,UAL,2025-11-27 13:58:00,Arr 1550,2025-11-27,False
MIA,SFO,UA 2423,UAL,UA 2423,UAL,2025-11-27 18:00:00,Arr 2054,2025-11-27,False
DEN,DCA,UA 2420,UAL,UA 2420,UAL,2025-11-27 09:35:00,Arr 1451,2025-11-27,False
SFO,DEN,UA 2420,UAL,UA 2420,UAL,2025-11-27 05:00:00,Arr 0819,2025-11-27,False
ORD,PHL,UA 2418,UAL,UA 2418,UAL,2025-11-27 07:25:00,Arr 1023,2025-11-27,False
IAH,ORD,UA 2417,UAL,UA 2417,UAL,2025-11-27 12:10:00,Arr 1455 (+1min),2025-11-27,False
STL,SFO,UA 2416,UAL,UA 2416,UAL,2025-11-27 17:29:00,Arr 2248 (+161min),2025-11-27,False
DEN,ATL,UA 2415,UAL,UA 2415,UAL,2025-11-27 10:10:00,Arr 1440,2025-11-27,False
ORD,BNA,UA 2414,UAL,UA 2414,UAL,2025-11-27 10:58:00,Arr 1226,2025-11-27,False
PHX,EWR,UA 2413,UAL,UA 2413,UAL,2025-11-27 07:00:00,Arr 1329,2025-11-27,False
BWI,DEN,UA 2412,UAL,UA 2412,UAL,2025-11-27 08:15:00,Arr 1011,2025-11-27,False
IAD,SLC,UA 2410,UAL,UA 2410,UAL,2025-11-27 17:55:00,Arr 2111 (+16min),2025-11-27,False
SFO,BZN,UA 2408,UAL,UA 2408,UAL,2025-11-27 11:20:00,Arr 1600 (+81min),2025-11-27,False
IAH,PHX,UA 2406,UAL,UA 2406,UAL,2025-11-27 18:35:00,Arr 2003,2025-11-27,False
BOS,SFO,UA 2400,UAL,UA 2400,UAL,2025-11-27 17:57:00,Arr 2108,2025-11-27,False
LAX,EWR,UA 2397,UAL,UA 2397,UAL,2025-11-27 21:00:00,Arr 0534 (+22min),2025-11-27,False
ORD,LAX,UA 2396,UAL,UA 2396,UAL,2025-11-27 13:00:00,Arr 1506,2025-11-27,False
RSW,ORD,UA 2396,UAL,UA 2396,UAL,2025-11-27 09:10:00,Arr 1101,2025-11-27,False
TPA,IAH,UA 2393,UAL,UA 2393,UAL,2025-11-27 07:00:00,Arr 0822,2025-11-27,False
SFO,SAN,UA 2391,UAL,UA 2391,UAL,2025-11-27 13:17:00,Arr 1448,2025-11-27,False
DEN,SFO,UA 2391,UAL,UA 2391,UAL,2025-11-27 07:45:00,Arr 0948 (+11min),2025-11-27,False
DEN,PDX,UA 2390,UAL,UA 2390,UAL,2025-11-27 11:55:00,Arr 1348 (+1min),2025-11-27,False
ORD,CLE,UA 2389,UAL,UA 2389,UAL,2025-11-27 10:55:00,Arr 1300,2025-11-27,False
LGA,ORD,UA 2389,UAL,UA 2389,UAL,2025-11-27 06:15:00,Arr 0747,2025-11-27,False
MCO,EWR,UA 2387,UAL,UA 2387,UAL,2025-11-27 10:22:00,Arr 1230,2025-11-27,False
SFO,DCA,UA 2386,UAL,UA 2386,UAL,2025-11-27 13:32:00,Arr 2123,2025-11-27,False
PDX,SFO,UA 2386,UAL,UA 2386,UAL,2025-11-27 10:05:00,Arr 1156,2025-11-27,False
IAH,MSY,UA 2385,UAL,UA 2385,UAL,2025-11-27 12:03:00,Arr 1255,2025-11-27,False
SAT,IAH,UA 2385,UAL,UA 2385,UAL,2025-11-27 09:45:00,Arr 1029,2025-11-27,False
IAH,STL,UA 2384,UAL,UA 2384,UAL,2025-11-27 18:05:00,Arr 1952,2025-11-27,False
PHL,DEN,UA 2383,UAL,UA 2383,UAL,2025-11-27 08:08:00,Arr 1013,2025-11-27,False
EWR,LAS,UA 2382,UAL,UA 2382,UAL,2025-11-27 07:35:00,Arr 1009,2025-11-27,False
DEN,LAS,UA 2381,UAL,UA 2381,UAL,2025-11-27 09:35:00,Arr 1024,2025-11-27,False
FCA,DEN,UA 2381,UAL,UA 2381,UAL,2025-11-27 06:10:00,Arr 0817,2025-11-27,False
SFO,DTW,UA 2380,UAL,UA 2380,UAL,2025-11-27 08:54:00,Arr 1609,2025-11-27,False
IAH,TUL,UA 2378,UAL,UA 2378,UAL,2025-11-27 14:33:00,Arr 1546,2025-11-27,False
PDX,DEN,UA 2375,UAL,UA 2375,UAL,2025-11-27 08:30:00,Arr 1137,2025-11-27,False
SFO,PHX,UA 2374,UAL,UA 2374,UAL,2025-11-27 07:02:00,Arr 0954,2025-11-27,False
LAX,KOA,UA 2373,UAL,UA 2373,UAL,2025-11-27 09:00:00,Arr 1226,2025-11-27,False
KOA,LAX,UA 2372,UAL,UA 2372,UAL,2025-11-27 14:20:00,Arr 2145,2025-11-27,False
LGA,IAH,UA 2371,UAL,UA 2371,UAL,2025-11-27 07:30:00,Arr 1022,2025-11-27,False
RNO,ORD,UA 2370,UAL,UA 2370,UAL,2025-11-27 07:00:00,Arr 1307 (+6min),2025-11-27,False
DEN,BTV,UA 2368,UAL,UA 2368,UAL,2025-11-27 10:10:00,Arr 1525,2025-11-27,False
TUS,DEN,UA 2368,UAL,UA 2368,UAL,2025-11-27 07:00:00,Arr 0838,2025-11-27,False
SFO,PDX,UA 2367,UAL,UA 2367,UAL,2025-11-27 09:00:00,Arr 1043,2025-11-27,False
DEN,SFO,UA 2367,UAL,UA 2367,UAL,2025-11-27 06:00:00,Arr 0725,2025-11-27,False
IAH,IAD,UA 2366,UAL,UA 2366,UAL,2025-11-27 12:15:00,Arr 1701 (+44min),2025-11-27,False
MSN,ORD,UA 2364,UAL,UA 2364,UAL,2025-11-27 08:25:00,Arr 0945 (+9min),2025-11-27,False
SBA,SFO,UA 2363,UAL,UA 2363,UAL,2025-11-27 06:05:00,Arr 0705,2025-11-27,False
ORD,LAX,UA 2361,UAL,UA 2361,UAL,2025-11-27 07:10:00,Arr 0940,2025-11-27,False
IAH,SFO,UA 2358,UAL,UA 2358,UAL,2025-11-27 09:51:00,Arr 1159,2025-11-27,False
IND,IAH,UA 2358,UAL,UA 2358,UAL,2025-11-27 06:45:00,Arr 0807,2025-11-27,False
PBI,IAD,UA 2357,UAL,UA 2357,UAL,2025-11-27 13:38:00,Diverted,2025-11-27,False
SFO,BOS,UA 2356,UAL,UA 2356,UAL,2025-11-27 10:45:00,Arr 1903,2025-11-27,False
LAS,SFO,UA 2356,UAL,UA 2356,UAL,2025-11-27 07:45:00,Arr 0938 (+9min),2025-11-27,False
EWR,CHS,UA 2355,UAL,UA 2355,UAL,2025-11-27 06:45:00,Arr 0857 (+2min),2025-11-27,False
DEN,MCO,UA 2354,UAL,UA 2354,UAL,2025-11-27 10:11:00,Arr 1525,2025-11-27,False
SFO,DEN,UA 2348,UAL,UA 2348,UAL,2025-11-27 08:30:00,Arr 1156,2025-11-27,False
IAH,RSW,UA 2347,UAL,UA 2347,UAL,2025-11-27 07:20:00,Arr 1008,2025-11-27,False
DEN,EWR,UA 2345,UAL,UA 2345,UAL,2025-11-27 06:00:00,Arr 1132,2025-11-27,False
AUS,IAD,UA 2344,UAL,UA 2344,UAL,2025-11-27 12:17:00,Arr 1631 (+8min),2025-11-27,False
SAN,ORD,UA 2343,UAL,UA 2343,UAL,2025-11-27 07:00:00,Arr 1253,2025-11-27,False
MCO,ORD,UA 2341,UAL,UA 2341,UAL,2025-11-27 09:40:00,Arr 1134,2025-11-27,False
IAH,LAS,UA 2339,UAL,UA 2339,UAL,2025-11-27 18:35:00,Arr 1930,2025-11-27,False
IAD,BNA,UA 2336,UAL,UA 2336,UAL,2025-11-27 08:25:00,Arr 0914,2025-11-27,False
CHS,ORD,UA 2333,UAL,UA 2333,UAL,2025-11-27 06:15:00,Arr 0725,2025-11-27,False
SFO,AUS,UA 2332,UAL,UA 2332,UAL,2025-11-27 16:45:00,Arr 2202,2025-11-27,False
IAD,ORD,UA 2331,UAL,UA 2331,UAL,2025-11-27 12:40:00,Arr 1324,2025-11-27,False
TPA,EWR,UA 2330,UAL,UA 2330,UAL,2025-11-27 08:20:00,Arr 1046,2025-11-27,False
DEN,ORD,UA 2329,UAL,UA 2329,UAL,2025-11-27 09:35:00,Arr 1304,2025-11-27,False
RNO,DEN,UA 2329,UAL,UA 2329,UAL,2025-11-27 05:20:00,Arr 0837,2025-11-27,False
EWR,SFO,UA 2328,UAL,UA 2328,UAL,2025-11-27 15:00:00,Arr 1917 (+61min),2025-11-27,False
TPA,IAH,UA 2326,UAL,UA 2326,UAL,2025-11-27 11:45:00,Arr 1258,2025-11-27,False
MKE,DEN,UA 2325,UAL,UA 2325,UAL,2025-11-27 08:15:00,Arr 1018 (+13min),2025-11-27,False
ORD,MCO,UA 2323,UAL,UA 2323,UAL,2025-11-27 08:50:00,Arr 1232,2025-11-27,False
SFO,IAH,UA 2322,UAL,UA 2322,UAL,2025-11-27 13:00:00,Arr 1840,2025-11-27,False
SLC,EWR,UA 2320,UAL,UA 2320,UAL,2025-11-27 00:45:00,Arr 0635,2025-11-27,False
DEN,LAS,UA 2316,UAL,UA 2316,UAL,2025-11-27 07:50:00,Arr 0833,2025-11-27,False
FLL,IAH,UA 2314,UAL,UA 2314,UAL,2025-11-27 06:20:00,Arr 0758,2025-11-27,False
IAH,DCA,UA 2311,UAL,UA 2311,UAL,2025-11-27 09:49:00,Arr 1335,2025-11-27,False
DEN,SAN,UA 2309,UAL,UA 2309,UAL,2025-11-27 07:45:00,Arr 0856,2025-11-27,False
LIH,DEN,UA 2308,UAL,UA 2308,UAL,2025-11-27 20:30:00,Arr 0609,2025-11-27,False
DEN,LIH,UA 2307,UAL,UA 2307,UAL,2025-11-27 12:05:00,Arr 1646,2025-11-27,False
IAH,DEN,UA 2307,UAL,UA 2307,UAL,2025-11-27 08:30:00,Arr 0957,2025-11-27,False
SBA,SFO,UA 2305,UAL,UA 2305,UAL,2025-11-27 14:09:00,Arr 1914 (+238min),2025-11-27,False
IAH,PIT,UA 2304,UAL,UA 2304,UAL,2025-11-27 07:35:00,Arr 1116,2025-11-27,False
LAX,EWR,UA 2303,UAL,UA 2303,UAL,2025-11-27 23:00:00,Arr 0715 (+15min),2025-11-27,False
ORD,BWI,UA 2302,UAL,UA 2302,UAL,2025-11-27 07:05:00,Arr 0952,2025-11-27,False
ORD,EWR,UA 2301,UAL,UA 2301,UAL,2025-11-27 09:15:00,Arr 1211,2025-11-27,False
EWR,MIA,UA 2295,UAL,UA 2295,UAL,2025-11-27 11:25:00,Arr 1555 (+78min),2025-11-27,False
IAD,EWR,UA 2295,UAL,UA 2295,UAL,2025-11-27 08:45:00,Arr 0947,2025-11-27,False
DEN,MCO,UA 2292,UAL,UA 2292,UAL,2025-11-27 08:05:00,Arr 1338,2025-11-27,False
PHX,ORD,UA 2291,UAL,UA 2291,UAL,2025-11-27 10:24:00,Arr 1438,2025-11-27,False
SAV,ORD,UA 2290,UAL,UA 2290,UAL,2025-11-27 10:00:00,Arr 1119,2025-11-27,False
ORD,SAT,UA 2287,UAL,UA 2287,UAL,2025-11-27 09:15:00,Arr 1147,2025-11-27,False
CVG,ORD,UA 2287,UAL,UA 2287,UAL,2025-11-27 07:10:00,Arr 0745 (+3min),2025-11-27,False
SMF,DEN,UA 2285,UAL,UA 2285,UAL,2025-11-27 08:49:00,Arr 1152,2025-11-27,False
ORD,MCO,UA 2280,UAL,UA 2280,UAL,2025-11-27 07:15:00,Arr 1053,2025-11-27,False
BOS,SFO,UA 2279,UAL,UA 2279,UAL,2025-11-27 11:00:00,Arr 1500 (+8min),2025-11-27,False
IAD,TPA,UA 2277,UAL,UA 2277,UAL,2025-11-27 12:35:00,Arr 1517 (+12min),2025-11-27,False
IAD,LAX,UA 2276,UAL,UA 2276,UAL,2025-11-27 18:00:00,Arr 2034,2025-11-27,False
IAH,SMF,UA 2274,UAL,UA 2274,UAL,2025-11-27 10:10:00,Arr 1204,2025-11-27,False
DEN,MSY,UA 2273,UAL,UA 2273,UAL,2025-11-27 09:50:00,Arr 1314,2025-11-27,False
DEN,SEA,UA 2271,UAL,UA 2271,UAL,2025-11-27 08:30:00,Arr 1026,2025-11-27,False
SAN,DEN,UA 2270,UAL,UA 2270,UAL,2025-11-27 06:45:00,Arr 0959,2025-11-27,False
DEN,RDU,UA 2269,UAL,UA 2269,UAL,2025-11-27 09:54:00,Arr 1443,2025-11-27,False
SEA,DEN,UA 2269,UAL,UA 2269,UAL,2025-11-27 05:05:00,Arr 0826,2025-11-27,False
SFO,MCI,UA 2267,UAL,UA 2267,UAL,2025-11-27 11:12:00,Arr 1636 (+1min),2025-11-27,False
SAV,EWR,UA 2266,UAL,UA 2266,UAL,2025-11-27 06:15:00,Arr 0808,2025-11-27,False
IAD,BNA,UA 2264,UAL,UA 2264,UAL,2025-11-27 17:45:00,Arr 1837,2025-11-27,False
SMF,IAD,UA 2264,UAL,UA 2264,UAL,2025-11-27 08:00:00,Arr 1534,2025-11-27,False
RDM,SFO,UA 2262,UAL,UA 2262,UAL,2025-11-27 13:54:00,Arr 1521,2025-11-27,False
IAH,FLL,UA 2261,UAL,UA 2261,UAL,2025-11-27 07:30:00,Arr 1058,2025-11-27,False
IAH,TPA,UA 2260,UAL,UA 2260,UAL,2025-11-27 07:20:00,Arr 1017,2025-11-27,False
DFW,IAH,UA 2260,UAL,UA 2260,UAL,2025-11-27 05:15:00,Arr 0615,2025-11-27,False
DEN,IND,UA 2255,UAL,UA 2255,UAL,2025-11-27 10:03:00,Arr 1441 (+8min),2025-11-27,False
MSY,IAH,UA 2253,UAL,UA 2253,UAL,2025-11-27 12:01:00,Arr 1301,2025-11-27,False
IAD,MSY,UA 2253,UAL,UA 2253,UAL,2025-11-27 08:22:00,Arr 0959,2025-11-27,False
SAT,IAD,UA 2250,UAL,UA 2250,UAL,2025-11-27 12:12:00,Arr 1604,2025-11-27,False
SFO,EWR,UA 2248,UAL,UA 2248,UAL,2025-11-27 14:45:00,Arr 2249,2025-11-27,False
MCO,EWR,UA 2245,UAL,UA 2245,UAL,2025-11-27 11:32:00,Arr 1341,2025-11-27,False
IAH,MCO,UA 2245,UAL,UA 2245,UAL,2025-11-27 07:21:00,Arr 1017,2025-11-27,False
DEN,PHX,UA 2244,UAL,UA 2244,UAL,2025-11-27 09:35:00,Arr 1128,2025-11-27,False
COS,DEN,UA 2244,UAL,UA 2244,UAL,2025-11-27 06:00:00,Arr 0657,2025-11-27,False
SFO,ORD,UA 2243,UAL,UA 2243,UAL,2025-11-27 08:30:00,Arr 1432,2025-11-27,False
IAH,SLC,UA 2242,UAL,UA 2242,UAL,2025-11-27 09:54:00,Arr 1208,2025-11-27,False
IAD,CLE,UA 2241,UAL,UA 2241,UAL,2025-11-27 17:30:00,Arr 1927 (+35min),2025-11-27,False
EWR,LAX,UA 2238,UAL,UA 2238,UAL,2025-11-27 16:20:00,Arr 1903,2025-11-27,False
SAN,IAH,UA 2237,UAL,UA 2237,UAL,2025-11-27 12:07:00,Arr 1657,2025-11-27,False
ORD,EWR,UA 2234,UAL,UA 2234,UAL,2025-11-27 13:36:00,Arr 1623,2025-11-27,False
SAT,EWR,UA 2233,UAL,UA 2233,UAL,2025-11-27 07:00:00,Arr 1130,2025-11-27,False
ORD,MSP,UA 2232,UAL,UA 2232,UAL,2025-11-27 08:50:00,Arr 1002,2025-11-27,False
DAY,ORD,UA 2232,UAL,UA 2232,UAL,2025-11-27 07:00:00,Arr 0809 (+43min),2025-11-27,False
SFO,ORD,UA 2231,UAL,UA 2231,UAL,2025-11-27 07:00:00,Arr 1305,2025-11-27,False
SFO,MCO,UA 2230,UAL,UA 2230,UAL,2025-11-27 13:25:00,Arr 2125,2025-11-27,False
ORD,LAX,UA 2227,UAL,UA 2227,UAL,2025-11-27 16:40:00,Arr 1859,2025-11-27,False
DCA,ORD,UA 2227,UAL,UA 2227,UAL,2025-11-27 12:00:00,Arr 1259,2025-11-27,False
ONT,ORD,UA 2226,UAL,UA 2226,UAL,2025-11-27 07:00:00,Arr 1304 (+7min),2025-11-27,False
ALB,ORD,UA 2225,UAL,UA 2225,UAL,2025-11-27 06:00:00,Arr 0712,2025-11-27,False
DEN,SJC,UA 2224,UAL,UA 2224,UAL,2025-11-27 08:15:00,Arr 1000,2025-11-27,False
ORD,GRR,UA 2223,UAL,UA 2223,UAL,2025-11-27 14:08:00,Arr 1558,2025-11-27,False
IAH,AUS,UA 2221,UAL,UA 2221,UAL,2025-11-27 10:01:00,Arr 1058,2025-11-27,False
IAH,LGA,UA 2220,UAL,UA 2220,UAL,2025-11-27 14:40:00,Arr 1900,2025-11-27,False
SJU,EWR,UA 2219,UAL,UA 2219,UAL,2025-11-27 02:05:00,Arr 0531 (+7min),2025-11-27,False
MSN,EWR,UA 2218,UAL,UA 2218,UAL,2025-11-27 06:00:00,Arr 0852,2025-11-27,False
IAD,IAH,UA 2217,UAL,UA 2217,UAL,2025-11-27 17:45:00,Arr 2028 (+9min),2025-11-27,False
SEA,IAD,UA 2217,UAL,UA 2217,UAL,2025-11-27 08:00:00,Arr 1526,2025-11-27,False
LAX,BOS,UA 2210,UAL,UA 2210,UAL,2025-11-27 22:51:00,Arr 0658,2025-11-27,False
SFO,EWR,UA 2209,UAL,UA 2209,UAL,2025-11-27 11:45:00,Arr 1949,2025-11-27,False
MCO,ORD,UA 2207,UAL,UA 2207,UAL,2025-11-27 10:30:00,Arr 1220,2025-11-27,False
CMH,IAH,UA 2205,UAL,UA 2205,UAL,2025-11-27 06:30:00,Arr 0833 (+1min),2025-11-27,False
IAH,FLL,UA 2204,UAL,UA 2204,UAL,2025-11-27 13:31:00,Arr 1655,2025-11-27,False
BZN,ORD,UA 2202,UAL,UA 2202,UAL,2025-11-27 12:45:00,Arr 1624,2025-11-27,False
DCA,ORD,UA 2201,UAL,UA 2201,UAL,2025-11-27 10:30:00,Arr 1124,2025-11-27,False
IAH,LGA,UA 2199,UAL,UA 2199,UAL,2025-11-27 07:05:00,Arr 1101,2025-11-27,False
PHL,IAH,UA 2197,UAL,UA 2197,UAL,2025-11-27 12:47:00,Arr 1511,2025-11-27,False
IAH,PHL,UA 2196,UAL,UA 2196,UAL,2025-11-27 12:25:00,Arr 1632,2025-11-27,False
AUS,IAH,UA 2196,UAL,UA 2196,UAL,2025-11-27 09:42:00,Arr 1035,2025-11-27,False
ORD,BDL,UA 2195,UAL,UA 2195,UAL,2025-11-27 11:01:00,Arr 1359,2025-11-27,False
DEN,JAC,UA 2193,UAL,UA 2193,UAL,2025-11-27 11:45:00,Arr 1316,2025-11-27,False
EWR,LAX,UA 2191,UAL,UA 2191,UAL,2025-11-27 14:45:00,Arr 1739,2025-11-27,False
TPA,ORD,UA 2189,UAL,UA 2189,UAL,2025-11-27 07:30:00,Arr 0904,2025-11-27,False
DEN,FLL,UA 2188,UAL,UA 2188,UAL,2025-11-27 09:51:00,Arr 1546,2025-11-27,False
MFR,DEN,UA 2185,UAL,UA 2185,UAL,2025-11-27 05:00:00,Arr 0822,2025-11-27,False
ORD,MCI,UA 2183,UAL,UA 2183,UAL,2025-11-27 08:59:00,Arr 1019,2025-11-27,False
ORD,PHL,UA 2182,UAL,UA 2182,UAL,2025-11-27 11:05:00,Arr 1359,2025-11-27,False
IAH,ORD,UA 2182,UAL,UA 2182,UAL,2025-11-27 07:20:00,Arr 0956,2025-11-27,False
IAH,LGA,UA 2181,UAL,UA 2181,UAL,2025-11-27 12:00:00,Arr 1559,2025-11-27,False
SFO,LAX,UA 2179,UAL,UA 2179,UAL,2025-11-27 22:59:00,Arr 0013,2025-11-27,False
SFO,SAN,UA 2177,UAL,UA 2177,UAL,2025-11-27 11:05:00,Arr 1241,2025-11-27,False
AUS,SFO,UA 2177,UAL,UA 2177,UAL,2025-11-27 06:00:00,Arr 0733,2025-11-27,False
IAH,BNA,UA 2174,UAL,UA 2174,UAL,2025-11-27 07:35:00,Arr 0934 (+2min),2025-11-27,False
ICT,IAH,UA 2172,UAL,UA 2172,UAL,2025-11-27 06:30:00,Arr 0814,2025-11-27,False
FLL,IAD,UA 2169,UAL,UA 2169,UAL,2025-11-27 09:00:00,Arr 1102,2025-11-27,False
ORD,FLL,UA 2168,UAL,UA 2168,UAL,2025-11-27 10:52:00,Arr 1503 (+2min),2025-11-27,False
DEN,RNO,UA 2167,UAL,UA 2167,UAL,2025-11-27 11:16:00,Arr 1310 (+28min),2025-11-27,False
RDU,DEN,UA 2167,UAL,UA 2167,UAL,2025-11-27 08:00:00,Arr 0952,2025-11-27,False
IAH,DFW,UA 2166,UAL,UA 2166,UAL,2025-11-27 09:42:00,Arr 1053,2025-11-27,False
EWR,ORD,UA 2164,UAL,UA 2164,UAL,2025-11-27 06:00:00,Arr 0739,2025-11-27,False
RDU,IAD,UA 2163,UAL,UA 2163,UAL,2025-11-27 10:35:00,Arr 1129,2025-11-27,False
FLL,IAH,UA 2162,UAL,UA 2162,UAL,2025-11-27 13:30:00,Arr 1506,2025-11-27,False
DEN,MCI,UA 2159,UAL,UA 2159,UAL,2025-11-27 10:00:00,Arr 1223,2025-11-27,False
PBI,EWR,UA 2158,UAL,UA 2158,UAL,2025-11-27 07:10:00,Arr 0933,2025-11-27,False
SAT,IAH,UA 2157,UAL,UA 2157,UAL,2025-11-27 16:24:00,Arr 1736 (+11min),2025-11-27,False
IAD,LAS,UA 2156,UAL,UA 2156,UAL,2025-11-27 12:47:00,Arr 1451,2025-11-27,False
TPA,IAD,UA 2156,UAL,UA 2156,UAL,2025-11-27 09:00:00,Arr 1051,2025-11-27,False
DEN,BUR,UA 2154,UAL,UA 2154,UAL,2025-11-27 11:22:00,Arr 1426 (+87min),2025-11-27,False
OKC,DEN,UA 2154,UAL,UA 2154,UAL,2025-11-27 09:10:00,Arr 0948,2025-11-27,False
SFO,RDM,UA 2153,UAL,UA 2153,UAL,2025-11-27 10:35:00,Arr 1159,2025-11-27,False
CLE,SFO,UA 2153,UAL,UA 2153,UAL,2025-11-27 06:09:00,Arr 0813,2025-11-27,False
CLT,EWR,UA 2151,UAL,UA 2151,UAL,2025-11-27 07:04:00,Arr 0833,2025-11-27,False
DEN,SMF,UA 2149,UAL,UA 2149,UAL,2025-11-27 08:05:00,Arr 0938,2025-11-27,False
ORD,SMF,UA 2145,UAL,UA 2145,UAL,2025-11-27 09:09:00,Arr 1137,2025-11-27,False
EWR,SJU,UA 2143,UAL,UA 2143,UAL,2025-11-27 07:55:00,Arr 1243,2025-11-27,False
IAH,MSY,UA 2140,UAL,UA 2140,UAL,2025-11-27 18:50:00,Arr 1949,2025-11-27,False
SAN,IAH,UA 2140,UAL,UA 2140,UAL,2025-11-27 10:20:00,Arr 1519,2025-11-27,False
MSN,ORD,UA 2137,UAL,UA 2137,UAL,2025-11-27 06:30:00,Arr 0753 (+12min),2025-11-27,False
SEA,IAH,UA 2135,UAL,UA 2135,UAL,2025-11-27 07:10:00,Arr 1309,2025-11-27,False
ORD,DEN,UA 2131,UAL,UA 2131,UAL,2025-11-27 08:47:00,Cancelled,2025-11-27,False
SAN,IAD,UA 2129,UAL,UA 2129,UAL,2025-11-27 22:00:00,Arr 0526,2025-11-27,False
LAX,EWR,UA 2127,UAL,UA 2127,UAL,2025-11-27 10:30:00,Arr 1845 (+10min),2025-11-27,False
BNA,IAD,UA 2125,UAL,UA 2125,UAL,2025-11-27 13:30:00,Arr 1558,2025-11-27,False
IAH,ORD,UA 2124,UAL,UA 2124,UAL,2025-11-27 09:35:00,Arr 1217 (+1min),2025-11-27,False
SFO,PHX,UA 2115,UAL,UA 2115,UAL,2025-11-27 11:03:00,Arr 1456 (+50min),2025-11-27,False
EWR,SFO,UA 2115,UAL,UA 2115,UAL,2025-11-27 06:00:00,Arr 0833,2025-11-27,False
SFO,DFW,UA 2114,UAL,UA 2114,UAL,2025-11-27 10:55:00,Arr 1610,2025-11-27,False
LAX,ORD,UA 2113,UAL,UA 2113,UAL,2025-11-27 10:15:00,Arr 1554,2025-11-27,False
SFO,LAX,UA 2113,UAL,UA 2113,UAL,2025-11-27 07:25:00,Arr 0850,2025-11-27,False
DEN,MEM,UA 2111,UAL,UA 2111,UAL,2025-11-27 11:08:00,Arr 1357,2025-11-27,False
EWR,AUS,UA 2110,UAL,UA 2110,UAL,2025-11-27 06:59:00,Arr 1004,2025-11-27,False
MIA,EWR,UA 2107,UAL,UA 2107,UAL,2025-11-27 11:00:00,Arr 1342,2025-11-27,False
IAH,MIA,UA 2105,UAL,UA 2105,UAL,2025-11-27 12:08:00,Arr 1554 (+10min),2025-11-27,False
ORD,BOS,UA 2104,UAL,UA 2104,UAL,2025-11-27 06:15:00,Arr 0916,2025-11-27,False
LAS,ORD,UA 2102,UAL,UA 2102,UAL,2025-11-27 23:59:00,Arr 0539 (+6min),2025-11-27,False
ORD,SRQ,UA 2101,UAL,UA 2101,UAL,2025-11-27 07:20:00,Arr 1104,2025-11-27,False
EWR,ORD,UA 2100,UAL,UA 2100,UAL,2025-11-27 08:00:00,Arr 0932,2025-11-27,False
GRR,ORD,UA 2099,UAL,UA 2099,UAL,2025-11-27 07:30:00,Arr 0823 (+41min),2025-11-27,False
BOS,IAD,UA 2098,UAL,UA 2098,UAL,2025-11-27 09:30:00,Arr 1111,2025-11-27,False
SFO,ORD,UA 2097,UAL,UA 2097,UAL,2025-11-27 22:40:00,Arr 0445,2025-11-27,False
LAX,EWR,UA 2096,UAL,UA 2096,UAL,2025-11-27 08:00:00,Arr 1559,2025-11-27,False
ORD,IAH,UA 2095,UAL,UA 2095,UAL,2025-11-27 15:43:00,Arr 1817,2025-11-27,False
MCO,SFO,UA 2094,UAL,UA 2094,UAL,2025-11-27 06:30:00,Arr 0924,2025-11-27,False
ORD,LGA,UA 2092,UAL,UA 2092,UAL,2025-11-27 08:00:00,Arr 1044,2025-11-27,False
SFO,ORD,UA 2091,UAL,UA 2091,UAL,2025-11-27 06:00:00,Arr 1213,2025-11-27,False
ORD,DEN,UA 2090,UAL,UA 2090,UAL,2025-11-27 12:57:00,Arr 1431,2025-11-27,False
SJU,ORD,UA 2089,UAL,UA 2089,UAL,2025-11-27 08:10:00,Arr 1117,2025-11-27,False
SJU,ORD,UA 2088,UAL,UA 2088,UAL,2025-11-27 16:52:00,Arr 1931,2025-11-27,False
DEN,IAD,UA 2087,UAL,UA 2087,UAL,2025-11-27 10:20:00,Arr 1516,2025-11-27,False
LAX,IAH,UA 2086,UAL,UA 2086,UAL,2025-11-27 12:00:00,Arr 1702,2025-11-27,False
JAX,IAH,UA 2084,UAL,UA 2084,UAL,2025-11-27 11:40:00,Arr 1254,2025-11-27,False
DEN,RDM,UA 2082,UAL,UA 2082,UAL,2025-11-27 11:15:00,Arr 1241,2025-11-27,False
ATL,DEN,UA 2082,UAL,UA 2082,UAL,2025-11-27 07:15:00,Arr 0846,2025-11-27,False
IAD,ATL,UA 2081,UAL,UA 2081,UAL,2025-11-27 17:45:00,Arr 1947 (+5min),2025-11-27,False
SFO,RDU,UA 2080,UAL,UA 2080,UAL,2025-11-27 23:20:00,Arr 0651,2025-11-27,False
EUG,SFO,UA 2077,UAL,UA 2077,UAL,2025-11-27 14:09:00,Arr 1525,2025-11-27,False
SFO,DEN,UA 2076,UAL,UA 2076,UAL,2025-11-27 11:00:00,Arr 1450 (+7min),2025-11-27,False
ORD,BOS,UA 2067,UAL,UA 2067,UAL,2025-11-27 07:15:00,Arr 1028,2025-11-27,False
ORD,IAH,UA 2066,UAL,UA 2066,UAL,2025-11-27 06:00:00,Arr 0837,2025-11-27,False
MCO,IAD,UA 2065,UAL,UA 2065,UAL,2025-11-27 14:18:00,Arr 1606,2025-11-27,False
DEN,SAT,UA 2063,UAL,UA 2063,UAL,2025-11-27 09:50:00,Arr 1259,2025-11-27,False
ORF,EWR,UA 2062,UAL,UA 2062,UAL,2025-11-27 06:04:00,Arr 0714,2025-11-27,False
DEN,EWR,UA 2058,UAL,UA 2058,UAL,2025-11-27 09:51:00,Arr 1512,2025-11-27,False
LAX,SFO,UA 2056,UAL,UA 2056,UAL,2025-11-27 21:30:00,Arr 2237,2025-11-27,False
IAD,SAN,UA 2054,UAL,UA 2054,UAL,2025-11-27 17:55:00,Arr 2035 (+2min),2025-11-27,False
CLE,EWR,UA 2053,UAL,UA 2053,UAL,2025-11-27 08:05:00,Arr 0912,2025-11-27,False
EWR,LAS,UA 2050,UAL,UA 2050,UAL,2025-11-27 13:30:00,Arr 1636 (+29min),2025-11-27,False
DFW,DEN,UA 2049,UAL,UA 2049,UAL,2025-11-27 11:05:00,Arr 1201,2025-11-27,False
LAS,SFO,UA 2046,UAL,UA 2046,UAL,2025-11-27 18:25:00,Arr 1940,2025-11-27,False
DEN,HDN,UA 2045,UAL,UA 2045,UAL,2025-11-27 11:30:00,Arr 1223,2025-11-27,False
ORD,MCO,UA 2042,UAL,UA 2042,UAL,2025-11-27 14:10:00,Arr 1738,2025-11-27,False
AUS,ORD,UA 2042,UAL,UA 2042,UAL,2025-11-27 10:00:00,Arr 1238,2025-11-27,False
DEN,SFO,UA 2041,UAL,UA 2041,UAL,2025-11-27 10:05:00,Arr 1155,2025-11-27,False
LAS,LAX,UA 2039,UAL,UA 2039,UAL,2025-11-27 06:00:00,Arr 0705,2025-11-27,False
ORD,SEA,UA 2038,UAL,UA 2038,UAL,2025-11-27 07:10:00,Arr 0954 (+4min),2025-11-27,False
SFO,FLL,UA 2034,UAL,UA 2034,UAL,2025-11-27 22:35:00,Arr 0650,2025-11-27,False
ORD,EWR,UA 2029,UAL,UA 2029,UAL,2025-11-27 14:30:00,Arr 1735,2025-11-27,False
SFO,IAD,UA 2027,UAL,UA 2027,UAL,2025-11-27 11:20:00,Arr 1916,2025-11-27,False
IAD,SJU,UA 2025,UAL,UA 2025,UAL,2025-11-27 17:32:00,Arr 2223 (+1min),2025-11-27,False
SJU,IAD,UA 2024,UAL,UA 2024,UAL,2025-11-27 17:50:00,Arr 2037,2025-11-27,False
SJU,IAD,UA 2022,UAL,UA 2022,UAL,2025-11-27 08:30:00,Arr 1107,2025-11-27,False
IAD,SJU,UA 2021,UAL,UA 2021,UAL,2025-11-27 08:27:00,Arr 1316,2025-11-27,False
LAX,SFO,UA 2019,UAL,UA 2019,UAL,2025-11-27 16:10:00,Arr 1722,2025-11-27,False
SFO,MCO,UA 2018,UAL,UA 2018,UAL,2025-11-27 08:45:00,Arr 1645,2025-11-27,False
IAH,PHL,UA 2017,UAL,UA 2017,UAL,2025-11-27 07:25:00,Arr 1122,2025-11-27,False
LAS,IAH,UA 2017,UAL,UA 2017,UAL,2025-11-27 00:59:00,Arr 0550,2025-11-27,False
ORD,DFW,UA 2016,UAL,UA 2016,UAL,2025-11-27 11:15:00,Arr 1339,2025-11-27,False
IAH,DEN,UA 2013,UAL,UA 2013,UAL,2025-11-27 12:50:00,Arr 1410,2025-11-27,False
ONT,SFO,UA 2012,UAL,UA 2012,UAL,2025-11-27 06:00:00,Arr 0714,2025-11-27,False
SFO,EWR,UA 2011,UAL,UA 2011,UAL,2025-11-27 13:00:00,Arr 2102,2025-11-27,False
DEN,DSM,UA 2009,UAL,UA 2009,UAL,2025-11-27 09:45:00,Arr 1225,2025-11-27,False
ORD,MCO,UA 2008,UAL,UA 2008,UAL,2025-11-27 11:00:00,Arr 1439,2025-11-27,False
IAD,PBI,UA 2005,UAL,UA 2005,UAL,2025-11-27 09:00:00,Arr 1127,2025-11-27,False
IAH,SAT,UA 2003,UAL,UA 2003,UAL,2025-11-27 07:40:00,Arr 0828,2025-11-27,False
SNA,DEN,UA 1999,UAL,UA 1999,UAL,2025-11-27 08:50:00,Arr 1157,2025-11-27,False
PHX,DEN,UA 1998,UAL,UA 1998,UAL,2025-11-27 08:30:00,Arr 1026 (+3min),2025-11-27,False
ORD,SJU,UA 1996,UAL,UA 1996,UAL,2025-11-27 08:55:00,Arr 1527,2025-11-27,False
LAS,EWR,UA 1995,UAL,UA 1995,UAL,2025-11-27 21:55:00,Arr 0514,2025-11-27,False
ORD,PDX,UA 1994,UAL,UA 1994,UAL,2025-11-27 09:05:00,Arr 1139,2025-11-27,False
RIC,ORD,UA 1994,UAL,UA 1994,UAL,2025-11-27 06:30:00,Arr 0742,2025-11-27,False
EWR,IAD,UA 1992,UAL,UA 1992,UAL,2025-11-27 15:04:00,Arr 1746 (+80min),2025-11-27,False
IAH,JAX,UA 1986,UAL,UA 1986,UAL,2025-11-27 12:21:00,Arr 1501,2025-11-27,False
MIA,ORD,UA 1983,UAL,UA 1983,UAL,2025-11-27 12:23:00,Arr 1430,2025-11-27,False
DSM,IAH,UA 1982,UAL,UA 1982,UAL,2025-11-27 06:05:00,Arr 0834,2025-11-27,False
LAX,EWR,UA 1981,UAL,UA 1981,UAL,2025-11-27 11:45:00,Arr 1938,2025-11-27,False
IAH,AUS,UA 1980,UAL,UA 1980,UAL,2025-11-27 18:05:00,Arr 1850,2025-11-27,False
EWR,TPA,UA 1979,UAL,UA 1979,UAL,2025-11-27 07:03:00,Arr 1001,2025-11-27,False
DEN,CVG,UA 1978,UAL,UA 1978,UAL,2025-11-27 09:35:00,Arr 1358,2025-11-27,False
IAH,BOS,UA 1977,UAL,UA 1977,UAL,2025-11-27 07:40:00,Arr 1158,2025-11-27,False
ORD,ATL,UA 1975,UAL,UA 1975,UAL,2025-11-27 07:10:00,Arr 1006,2025-11-27,False
BOS,EWR,UA 1974,UAL,UA 1974,UAL,2025-11-27 09:00:00,Arr 1009,2025-11-27,False
IAH,LAS,UA 1971,UAL,UA 1971,UAL,2025-11-27 14:25:00,Arr 1524,2025-11-27,False
IAH,DEN,UA 1970,UAL,UA 1970,UAL,2025-11-27 11:00:00,Arr 1226,2025-11-27,False
ORD,SAV,UA 1968,UAL,UA 1968,UAL,2025-11-27 11:51:00,Arr 1510,2025-11-27,False
ORD,LAX,UA 1967,UAL,UA 1967,UAL,2025-11-27 18:00:00,Arr 2015,2025-11-27,False
IAH,LGA,UA 1966,UAL,UA 1966,UAL,2025-11-27 08:05:00,Arr 1206,2025-11-27,False
AUS,IAH,UA 1966,UAL,UA 1966,UAL,2025-11-27 05:30:00,Arr 0612,2025-11-27,False
DEN,SLC,UA 1963,UAL,UA 1963,UAL,2025-11-27 11:50:00,Arr 1321,2025-11-27,False
EWR,SLC,UA 1962,UAL,UA 1962,UAL,2025-11-27 19:59:00,Arr 2304,2025-11-27,False
EWR,SFO,UA 1960,UAL,UA 1960,UAL,2025-11-27 07:00:00,Arr 1027 (+5min),2025-11-27,False
ANC,DEN,UA 1959,UAL,UA 1959,UAL,2025-11-27 23:59:00,Arr 0634,2025-11-27,False
OGG,SFO,UA 1958,UAL,UA 1958,UAL,2025-11-27 08:00:00,Arr 1439,2025-11-27,False
SFO,OGG,UA 1957,UAL,UA 1957,UAL,2025-11-27 13:20:00,Arr 1639,2025-11-27,False
MIA,SFO,UA 1957,UAL,UA 1957,UAL,2025-11-27 08:45:00,Arr 1214,2025-11-27,False
DEN,IAH,UA 1956,UAL,UA 1956,UAL,2025-11-27 11:45:00,Arr 1507,2025-11-27,False
MSY,IAH,UA 1955,UAL,UA 1955,UAL,2025-11-27 09:05:00,Arr 1037 (+7min),2025-11-27,False
SFO,TPA,UA 1954,UAL,UA 1954,UAL,2025-11-27 07:30:00,Arr 1520,2025-11-27,False
SMF,IAH,UA 1949,UAL,UA 1949,UAL,2025-11-27 11:19:00,Arr 1643,2025-11-27,False
HNL,SFO,UA 1947,UAL,UA 1947,UAL,2025-11-27 14:25:00,Arr 2115,2025-11-27,False
IAH,LAX,UA 1945,UAL,UA 1945,UAL,2025-11-27 14:20:00,Arr 1547,2025-11-27,False
LAX,ORD,UA 1941,UAL,UA 1941,UAL,2025-11-27 07:00:00,Arr 1258,2025-11-27,False
DEN,SAN,UA 1940,UAL,UA 1940,UAL,2025-11-27 11:34:00,Arr 1311 (+7min),2025-11-27,False
LAX,EWR,UA 1939,UAL,UA 1939,UAL,2025-11-27 14:40:00,Arr 2236,2025-11-27,False
JAX,IAD,UA 1938,UAL,UA 1938,UAL,2025-11-27 13:33:00,Arr 1447,2025-11-27,False
ONT,IAH,UA 1936,UAL,UA 1936,UAL,2025-11-27 06:05:00,Arr 1102,2025-11-27,False
IAD,CLE,UA 1935,UAL,UA 1935,UAL,2025-11-27 08:15:00,Arr 0912,2025-11-27,False
IAH,CLE,UA 1934,UAL,UA 1934,UAL,2025-11-27 07:20:00,Arr 1058,2025-11-27,False
ORD,LAS,UA 1933,UAL,UA 1933,UAL,2025-11-27 09:15:00,Arr 1105,2025-11-27,False
EWR,ORF,UA 1932,UAL,UA 1932,UAL,2025-11-27 09:15:00,Arr 1037,2025-11-27,False
IAD,SAN,UA 1930,UAL,UA 1930,UAL,2025-11-27 09:00:00,Arr 1110,2025-11-27,False
IAD,MCO,UA 1926,UAL,UA 1926,UAL,2025-11-27 10:47:00,Arr 1309,2025-11-27,False
MSY,EWR,UA 1915,UAL,UA 1915,UAL,2025-11-27 11:20:00,Arr 1457,2025-11-27,False
RSW,CLE,UA 1914,UAL,UA 1914,UAL,2025-11-27 12:15:00,Arr 1504 (+9min),2025-11-27,False
IAH,SAN,UA 1913,UAL,UA 1913,UAL,2025-11-27 14:55:00,Arr 1606,2025-11-27,False
LAX,DEN,UA 1912,UAL,UA 1912,UAL,2025-11-27 08:50:00,Arr 1159,2025-11-27,False
ORD,BTV,UA 1910,UAL,UA 1910,UAL,2025-11-27 11:20:00,Arr 1408,2025-11-27,False
SNA,EWR,UA 1900,UAL,UA 1900,UAL,2025-11-27 07:15:00,Arr 1507,2025-11-27,False
BWI,IAH,UA 1898,UAL,UA 1898,UAL,2025-11-27 06:00:00,Arr 0817,2025-11-27,False
SFO,LAX,UA 1896,UAL,UA 1896,UAL,2025-11-27 09:05:00,Arr 1037,2025-11-27,False
IAH,PHX,UA 1895,UAL,UA 1895,UAL,2025-11-27 10:07:00,Arr 1147,2025-11-27,False
LAX,IAD,UA 1892,UAL,UA 1892,UAL,2025-11-27 23:30:00,Arr 0709,2025-11-27,False
MSP,DEN,UA 1891,UAL,UA 1891,UAL,2025-11-27 08:47:00,Arr 0948,2025-11-27,False
EWR,RDU,UA 1890,UAL,UA 1890,UAL,2025-11-27 06:10:00,Arr 0742,2025-11-27,False
SMF,DEN,UA 1889,UAL,UA 1889,UAL,2025-11-27 05:00:00,Arr 0814,2025-11-27,False
IAH,EWR,UA 1886,UAL,UA 1886,UAL,2025-11-27 07:34:00,Arr 1140,2025-11-27,False
BOS,EWR,UA 1882,UAL,UA 1882,UAL,2025-11-27 11:59:00,Arr 1312,2025-11-27,False
AUS,ORD,UA 1878,UAL,UA 1878,UAL,2025-11-27 07:00:00,Arr 0939,2025-11-27,False
DEN,BIL,UA 1877,UAL,UA 1877,UAL,2025-11-27 11:50:00,Arr 1329 (+6min),2025-11-27,False
GJT,DEN,UA 1877,UAL,UA 1877,UAL,2025-11-27 07:00:00,Arr 0754,2025-11-27,False
EWR,ORD,UA 1875,UAL,UA 1875,UAL,2025-11-27 11:15:00,Arr 1226,2025-11-27,False
PHX,IAD,UA 1873,UAL,UA 1873,UAL,2025-11-27 09:00:00,Arr 1457,2025-11-27,False
IAD,SAT,UA 1869,UAL,UA 1869,UAL,2025-11-27 17:25:00,Arr 2129 (+74min),2025-11-27,False
MSY,IAD,UA 1868,UAL,UA 1868,UAL,2025-11-27 12:25:00,Arr 1519,2025-11-27,False
ORD,MSY,UA 1868,UAL,UA 1868,UAL,2025-11-27 07:10:00,Arr 0926,2025-11-27,False
MCO,EWR,UA 1866,UAL,UA 1866,UAL,2025-11-27 12:22:00,Arr 1435,2025-11-27,False
EWR,MCO,UA 1865,UAL,UA 1865,UAL,2025-11-27 07:30:00,Arr 1033 (+8min),2025-11-27,False
MIA,EWR,UA 1864,UAL,UA 1864,UAL,2025-11-27 06:05:00,Arr 0853,2025-11-27,False
IAH,AUS,UA 1859,UAL,UA 1859,UAL,2025-11-27 12:20:00,Arr 1312,2025-11-27,False
IAD,BNA,UA 1858,UAL,UA 1858,UAL,2025-11-27 13:00:00,Arr 1349,2025-11-27,False
CHS,IAD,UA 1858,UAL,UA 1858,UAL,2025-11-27 10:00:00,Arr 1111,2025-11-27,False
ORD,MIA,UA 1857,UAL,UA 1857,UAL,2025-11-27 10:35:00,Diverted,2025-11-27,False
MEM,ORD,UA 1856,UAL,UA 1856,UAL,2025-11-27 07:30:00,Arr 0911,2025-11-27,False
LAX,EWR,UA 1855,UAL,UA 1855,UAL,2025-11-27 12:30:00,Arr 2023,2025-11-27,False
SFO,OGG,UA 1850,UAL,UA 1850,UAL,2025-11-27 09:10:00,Arr 1216,2025-11-27,False
SFO,IAD,UA 1849,UAL,UA 1849,UAL,2025-11-27 08:25:00,Arr 1606,2025-11-27,False
ORD,ATL,UA 1848,UAL,UA 1848,UAL,2025-11-27 10:35:00,Arr 1346 (+6min),2025-11-27,False
DFW,EWR,UA 1847,UAL,UA 1847,UAL,2025-11-27 07:00:00,Arr 1105,2025-11-27,False
BWI,LAX,UA 1845,UAL,UA 1845,UAL,2025-11-27 18:57:00,Arr 2120,2025-11-27,False
MIA,IAH,UA 1843,UAL,UA 1843,UAL,2025-11-27 09:00:00,Arr 1042,2025-11-27,False
DEN,MKE,UA 1836,UAL,UA 1836,UAL,2025-11-27 09:50:00,Arr 1309,2025-11-27,False
ORD,TPA,UA 1834,UAL,UA 1834,UAL,2025-11-27 11:15:00,Arr 1447,2025-11-27,False
CID,ORD,UA 1834,UAL,UA 1834,UAL,2025-11-27 08:00:00,Arr 0919,2025-11-27,False
EWR,EYW,UA 1833,UAL,UA 1833,UAL,2025-11-27 08:45:00,Arr 1218 (+8min),2025-11-27,False
BOS,EWR,UA 1833,UAL,UA 1833,UAL,2025-11-27 06:02:00,Arr 0731 (+1min),2025-11-27,False
FLL,EWR,UA 1832,UAL,UA 1832,UAL,2025-11-27 08:03:00,Arr 1039,2025-11-27,False
ATL,IAD,UA 1831,UAL,UA 1831,UAL,2025-11-27 14:42:00,Arr 1634 (+4min),2025-11-27,False
ORD,DSM,UA 1830,UAL,UA 1830,UAL,2025-11-27 12:59:00,Arr 1401,2025-11-27,False
MSY,ORD,UA 1830,UAL,UA 1830,UAL,2025-11-27 07:00:00,Arr 0920,2025-11-27,False
DEN,IAH,UA 1829,UAL,UA 1829,UAL,2025-11-27 13:25:00,Arr 1630,2025-11-27,False
SFO,DEN,UA 1829,UAL,UA 1829,UAL,2025-11-27 06:30:00,Arr 0951,2025-11-27,False
SAN,EWR,UA 1827,UAL,UA 1827,UAL,2025-11-27 07:00:00,Arr 1500,2025-11-27,False
EWR,SAN,UA 1826,UAL,UA 1826,UAL,2025-11-27 06:55:00,Arr 0941,2025-11-27,False
IAD,FLL,UA 1825,UAL,UA 1825,UAL,2025-11-27 08:15:00,Arr 1107 (+6min),2025-11-27,False
PNS,IAH,UA 1823,UAL,UA 1823,UAL,2025-11-27 07:00:00,Arr 0830,2025-11-27,False
MSY,IAH,UA 1822,UAL,UA 1822,UAL,2025-11-27 15:48:00,Arr 1644,2025-11-27,False
MSY,IAH,UA 1821,UAL,UA 1821,UAL,2025-11-27 07:00:00,Arr 0812,2025-11-27,False
ORD,DCA,UA 1815,UAL,UA 1815,UAL,2025-11-27 07:00:00,Arr 0938,2025-11-27,False
BNA,EWR,UA 1814,UAL,UA 1814,UAL,2025-11-27 10:15:00,Arr 1250,2025-11-27,False
DEN,SFO,UA 1812,UAL,UA 1812,UAL,2025-11-27 13:25:00,Arr 1517 (+1min),2025-11-27,False
DEN,ORD,UA 1811,UAL,UA 1811,UAL,2025-11-27 07:46:00,Arr 1115,2025-11-27,False
RSW,IAH,UA 1809,UAL,UA 1809,UAL,2025-11-27 07:00:00,Arr 0842,2025-11-27,False
ORD,OMA,UA 1806,UAL,UA 1806,UAL,2025-11-27 11:13:00,Arr 1240,2025-11-27,False
LAX,BWI,UA 1805,UAL,UA 1805,UAL,2025-11-27 09:49:00,Arr 1732,2025-11-27,False
ORD,DEN,UA 1803,UAL,UA 1803,UAL,2025-11-27 10:42:00,Arr 1221,2025-11-27,False
RDU,ORD,UA 1803,UAL,UA 1803,UAL,2025-11-27 06:30:00,Arr 0743,2025-11-27,False
PDX,EWR,UA 1802,UAL,UA 1802,UAL,2025-11-27 23:12:00,Arr 0645,2025-11-27,False
IAH,LAS,UA 1799,UAL,UA 1799,UAL,2025-11-27 09:46:00,Arr 1102,2025-11-27,False
DTW,IAH,UA 1798,UAL,UA 1798,UAL,2025-11-27 08:15:00,Arr 1015,2025-11-27,False
IAH,EWR,UA 1797,UAL,UA 1797,UAL,2025-11-27 06:02:00,Arr 1018,2025-11-27,False
EWR,PHX,UA 1796,UAL,UA 1796,UAL,2025-11-27 07:59:00,Arr 1108,2025-11-27,False
MIA,IAH,UA 1795,UAL,UA 1795,UAL,2025-11-27 06:20:00,Arr 0745,2025-11-27,False
DCA,ORD,UA 1793,UAL,UA 1793,UAL,2025-11-27 06:30:00,Arr 0736,2025-11-27,False
LAX,SFO,UA 1791,UAL,UA 1791,UAL,2025-11-27 10:26:00,Arr 1216 (+15min),2025-11-27,False
IAD,SAT,UA 1789,UAL,UA 1789,UAL,2025-11-27 08:15:00,Arr 1036,2025-11-27,False
IAH,IAD,UA 1788,UAL,UA 1788,UAL,2025-11-27 16:50:00,Arr 2036,2025-11-27,False
SFO,IAH,UA 1788,UAL,UA 1788,UAL,2025-11-27 07:16:00,Arr 1246,2025-11-27,False
BDL,IAD,UA 1786,UAL,UA 1786,UAL,2025-11-27 10:34:00,Arr 1154,2025-11-27,False
MIA,DEN,UA 1784,UAL,UA 1784,UAL,2025-11-27 08:00:00,Arr 1026,2025-11-27,False
LAX,BOS,UA 1783,UAL,UA 1783,UAL,2025-11-27 08:20:00,Arr 1627,2025-11-27,False
BOI,DEN,UA 1782,UAL,UA 1782,UAL,2025-11-27 06:15:00,Arr 0805,2025-11-27,False
SYR,ORD,UA 1778,UAL,UA 1778,UAL,2025-11-27 06:15:00,Arr 0741 (+4min),2025-11-27,False
EWR,SFO,UA 1777,UAL,UA 1777,UAL,2025-11-27 08:45:00,Arr 1138,2025-11-27,False
RDU,EWR,UA 1777,UAL,UA 1777,UAL,2025-11-27 06:22:00,Arr 0746,2025-11-27,False
IAD,ORD,UA 1775,UAL,UA 1775,UAL,2025-11-27 08:30:00,Arr 0949 (+3min),2025-11-27,False
FAT,DEN,UA 1774,UAL,UA 1774,UAL,2025-11-27 05:25:00,Arr 0827,2025-11-27,False
DEN,MTJ,UA 1772,UAL,UA 1772,UAL,2025-11-27 11:30:00,Arr 1225,2025-11-27,False
EWR,PBI,UA 1771,UAL,UA 1771,UAL,2025-11-27 06:30:00,Arr 0924 (+2min),2025-11-27,False
JAX,EWR,UA 1770,UAL,UA 1770,UAL,2025-11-27 07:10:00,Arr 0902,2025-11-27,False
SFO,MIA,UA 1769,UAL,UA 1769,UAL,2025-11-27 23:05:00,Arr 0752 (+17min),2025-11-27,False
RDU,SFO,UA 1769,UAL,UA 1769,UAL,2025-11-27 18:35:00,Arr 2139,2025-11-27,False
IAH,SFO,UA 1768,UAL,UA 1768,UAL,2025-11-27 07:20:00,Arr 0915,2025-11-27,False
RAP,DEN,UA 1767,UAL,UA 1767,UAL,2025-11-27 07:10:00,Arr 0824,2025-11-27,False
PIT,DEN,UA 1765,UAL,UA 1765,UAL,2025-11-27 08:30:00,Arr 0958,2025-11-27,False
MIA,IAH,UA 1764,UAL,UA 1764,UAL,2025-11-27 11:55:00,Arr 1326,2025-11-27,False
SAN,SFO,UA 1763,UAL,UA 1763,UAL,2025-11-27 13:10:00,Arr 1424,2025-11-27,False
AUS,EWR,UA 1760,UAL,UA 1760,UAL,2025-11-27 06:00:00,Arr 1030,2025-11-27,False
DEN,KOA,UA 1758,UAL,UA 1758,UAL,2025-11-27 12:00:00,Arr 1603,2025-11-27,False
IAD,SFO,UA 1757,UAL,UA 1757,UAL,2025-11-27 18:03:00,Arr 2109 (+4min),2025-11-27,False
FLL,ORD,UA 1755,UAL,UA 1755,UAL,2025-11-27 12:28:00,Arr 1427,2025-11-27,False
SFO,LAX,UA 1754,UAL,UA 1754,UAL,2025-11-27 16:15:00,Arr 1730,2025-11-27,False
OGG,SFO,UA 1750,UAL,UA 1750,UAL,2025-11-27 22:55:00,Arr 0546,2025-11-27,False
SFO,OGG,UA 1749,UAL,UA 1749,UAL,2025-11-27 16:45:00,Arr 1956,2025-11-27,False
AUS,SFO,UA 1749,UAL,UA 1749,UAL,2025-11-27 12:50:00,Arr 1423,2025-11-27,False
AUS,IAH,UA 1747,UAL,UA 1747,UAL,2025-11-27 12:15:00,Arr 1259,2025-11-27,False
TPA,SFO,UA 1744,UAL,UA 1744,UAL,2025-11-27 09:00:00,Arr 1152,2025-11-27,False
SFO,SBA,UA 1743,UAL,UA 1743,UAL,2025-11-27 22:38:00,Arr 2321,2025-11-27,False
ORD,ABQ,UA 1741,UAL,UA 1741,UAL,2025-11-27 09:20:00,Arr 1119,2025-11-27,False
ORD,RSW,UA 1740,UAL,UA 1740,UAL,2025-11-27 07:25:00,Arr 1109,2025-11-27,False
EWR,MCO,UA 1739,UAL,UA 1739,UAL,2025-11-27 10:15:00,Arr 1259,2025-11-27,False
PWM,EWR,UA 1739,UAL,UA 1739,UAL,2025-11-27 06:00:00,Arr 0734,2025-11-27,False
DEN,OGG,UA 1736,UAL,UA 1736,UAL,2025-11-27 12:15:00,Arr 0120 (+524min),2025-11-27,False
OGG,DEN,UA 1735,UAL,UA 1735,UAL,2025-11-27 20:42:00,Arr 1914 (+783min),2025-11-27,False
IAD,PIT,UA 1734,UAL,UA 1734,UAL,2025-11-27 08:35:00,Arr 0932,2025-11-27,False
BOS,IAD,UA 1734,UAL,UA 1734,UAL,2025-11-27 05:30:00,Arr 0657,2025-11-27,False
MIA,IAD,UA 1733,UAL,UA 1733,UAL,2025-11-27 12:51:00,Arr 1508,2025-11-27,False
KOA,DEN,UA 1731,UAL,UA 1731,UAL,2025-11-27 20:55:00,Arr 0633 (+3min),2025-11-27,False
EWR,BNA,UA 1728,UAL,UA 1728,UAL,2025-11-27 12:09:00,Arr 1339,2025-11-27,False
BUF,DEN,UA 1727,UAL,UA 1727,UAL,2025-11-27 08:00:00,Arr 1014 (+28min),2025-11-27,False
OGG,SFO,UA 1726,UAL,UA 1726,UAL,2025-11-27 14:40:00,Arr 2126,2025-11-27,False
KOA,SFO,UA 1724,UAL,UA 1724,UAL,2025-11-27 21:10:00,Arr 2220 (+1073min),2025-11-27,False
SFO,KOA,UA 1723,UAL,UA 1723,UAL,2025-11-27 16:20:00,Arr 1934,2025-11-27,False
KOA,SFO,UA 1722,UAL,UA 1722,UAL,2025-11-27 14:40:00,Arr 2141,2025-11-27,False
SFO,KOA,UA 1721,UAL,UA 1721,UAL,2025-11-27 09:35:00,Arr 1250,2025-11-27,False
DEN,IAH,UA 1720,UAL,UA 1720,UAL,2025-11-27 07:45:00,Arr 1050,2025-11-27,False
IAH,DFW,UA 1719,UAL,UA 1719,UAL,2025-11-27 11:55:00,Arr 1309,2025-11-27,False
IAH,FLL,UA 1718,UAL,UA 1718,UAL,2025-11-27 14:20:00,Arr 1808 (+16min),2025-11-27,False
BNA,DEN,UA 1716,UAL,UA 1716,UAL,2025-11-27 08:24:00,Arr 1033 (+5min),2025-11-27,False
DEN,GJT,UA 1714,UAL,UA 1714,UAL,2025-11-27 11:30:00,Arr 1236 (+4min),2025-11-27,False
SFO,SAN,UA 1712,UAL,UA 1712,UAL,2025-11-27 06:25:00,Arr 0747,2025-11-27,False
LAS,IAH,UA 1711,UAL,UA 1711,UAL,2025-11-27 10:08:00,Arr 1453,2025-11-27,False
IAD,BOS,UA 1709,UAL,UA 1709,UAL,2025-11-27 12:58:00,Arr 1416,2025-11-27,False
BNA,IAD,UA 1709,UAL,UA 1709,UAL,2025-11-27 08:30:00,Arr 1105,2025-11-27,False
ONT,SFO,UA 1708,UAL,UA 1708,UAL,2025-11-27 13:40:00,Arr 1438,2025-11-27,False
IAD,SFO,UA 1702,UAL,UA 1702,UAL,2025-11-27 08:30:00,Arr 1106,2025-11-27,False
CMH,IAD,UA 1695,UAL,UA 1695,UAL,2025-11-27 15:05:00,Arr 1720 (+58min),2025-11-27,False
ATL,ORD,UA 1693,UAL,UA 1693,UAL,2025-11-27 10:10:00,Arr 1114,2025-11-27,False
MCO,LAX,UA 1691,UAL,UA 1691,UAL,2025-11-27 19:16:00,Arr 2127,2025-11-27,False
LAS,EWR,UA 1690,UAL,UA 1690,UAL,2025-11-27 07:00:00,Arr 1428,2025-11-27,False
IAD,LAX,UA 1689,UAL,UA 1689,UAL,2025-11-27 12:35:00,Arr 1503,2025-11-27,False
MCI,SFO,UA 1688,UAL,UA 1688,UAL,2025-11-27 17:40:00,Arr 1923,2025-11-27,False
IAH,IND,UA 1687,UAL,UA 1687,UAL,2025-11-27 12:07:00,Arr 1538 (+10min),2025-11-27,False
SFO,IAH,UA 1687,UAL,UA 1687,UAL,2025-11-27 05:15:00,Arr 1043,2025-11-27,False
DEN,PHX,UA 1686,UAL,UA 1686,UAL,2025-11-27 11:35:00,Arr 1327,2025-11-27,False
IAD,RDU,UA 1685,UAL,UA 1685,UAL,2025-11-27 12:55:00,Arr 1349,2025-11-27,False
DEN,SLC,UA 1684,UAL,UA 1684,UAL,2025-11-27 08:02:00,Arr 0921,2025-11-27,False
BNA,SFO,UA 1681,UAL,UA 1681,UAL,2025-11-27 08:30:00,Arr 1124,2025-11-27,False
SFO,DCA,UA 1678,UAL,UA 1678,UAL,2025-11-27 08:38:00,Arr 1615,2025-11-27,False
EWR,CLE,UA 1673,UAL,UA 1673,UAL,2025-11-27 14:45:00,Arr 1609,2025-11-27,False
SFO,PDX,UA 1668,UAL,UA 1668,UAL,2025-11-27 12:55:00,Arr 1435,2025-11-27,False
AUS,SFO,UA 1668,UAL,UA 1668,UAL,2025-11-27 09:55:00,Arr 1127,2025-11-27,False
CVG,DEN,UA 1666,UAL,UA 1666,UAL,2025-11-27 08:00:00,Arr 0910,2025-11-27,False
SFO,BOS,UA 1665,UAL,UA 1665,UAL,2025-11-27 23:25:00,Arr 0755,2025-11-27,False
PDX,SFO,UA 1660,UAL,UA 1660,UAL,2025-11-27 07:30:00,Arr 0959 (+30min),2025-11-27,False
ORD,SRQ,UA 1659,UAL,UA 1659,UAL,2025-11-27 11:10:00,Arr 1443,2025-11-27,False
PHL,ORD,UA 1659,UAL,UA 1659,UAL,2025-11-27 06:00:00,Arr 0704,2025-11-27,False
ORD,EWR,UA 1658,UAL,UA 1658,UAL,2025-11-27 06:02:00,Arr 0904,2025-11-27,False
ORD,LGA,UA 1657,UAL,UA 1657,UAL,2025-11-27 07:00:00,Arr 0949,2025-11-27,False
IAH,DEN,UA 1654,UAL,UA 1654,UAL,2025-11-27 18:05:00,Arr 1921,2025-11-27,False
MAF,IAH,UA 1651,UAL,UA 1651,UAL,2025-11-27 07:00:00,Arr 0824,2025-11-27,False
IAH,MSY,UA 1647,UAL,UA 1647,UAL,2025-11-27 14:30:00,Arr 1527,2025-11-27,False
IAH,OMA,UA 1646,UAL,UA 1646,UAL,2025-11-27 16:35:00,Arr 1845,2025-11-27,False
LGA,IAH,UA 1646,UAL,UA 1646,UAL,2025-11-27 12:29:00,Arr 1515,2025-11-27,False
CLE,IAH,UA 1645,UAL,UA 1645,UAL,2025-11-27 06:15:00,Arr 0821,2025-11-27,False
SJU,IAH,UA 1644,UAL,UA 1644,UAL,2025-11-27 07:45:00,Arr 1122 (+31min),2025-11-27,False
SFO,MSY,UA 1639,UAL,UA 1639,UAL,2025-11-27 07:20:00,Arr 1303,2025-11-27,False
DEN,LAX,UA 1638,UAL,UA 1638,UAL,2025-11-27 08:03:00,Arr 0925,2025-11-27,False
SFO,DFW,UA 1636,UAL,UA 1636,UAL,2025-11-27 16:40:00,Arr 2144,2025-11-27,False
PSP,SFO,UA 1636,UAL,UA 1636,UAL,2025-11-27 13:55:00,Arr 1507,2025-11-27,False
LAX,IAD,UA 1635,UAL,UA 1635,UAL,2025-11-27 12:45:00,Arr 2020,2025-11-27,False
DFW,ORD,UA 1634,UAL,UA 1634,UAL,2025-11-27 10:10:00,Arr 1227,2025-11-27,False
DEN,BNA,UA 1633,UAL,UA 1633,UAL,2025-11-27 09:52:00,Arr 1318,2025-11-27,False
LAS,LAX,UA 1631,UAL,UA 1631,UAL,2025-11-27 13:12:00,Arr 1414,2025-11-27,False
MCO,IAH,UA 1630,UAL,UA 1630,UAL,2025-11-27 09:00:00,Arr 1024,2025-11-27,False
EWR,SAN,UA 1626,UAL,UA 1626,UAL,2025-11-27 09:30:00,Arr 1218,2025-11-27,False
LAX,MCO,UA 1621,UAL,UA 1621,UAL,2025-11-27 10:20:00,Arr 1753,2025-11-27,False
ORD,SEA,UA 1620,UAL,UA 1620,UAL,2025-11-27 08:45:00,Arr 1107,2025-11-27,False
MCO,IAD,UA 1617,UAL,UA 1617,UAL,2025-11-27 12:15:00,Arr 1359,2025-11-27,False
EWR,MCO,UA 1613,UAL,UA 1613,UAL,2025-11-27 06:25:00,Arr 0916,2025-11-27,False
MSY,EWR,UA 1612,UAL,UA 1612,UAL,2025-11-27 06:05:00,Arr 0935,2025-11-27,False
IND,DEN,UA 1607,UAL,UA 1607,UAL,2025-11-27 08:00:00,Arr 0837,2025-11-27,False
LAX,BWI,UA 1605,UAL,UA 1605,UAL,2025-11-27 23:55:00,Arr 0747,2025-11-27,False
FAR,DEN,UA 1599,UAL,UA 1599,UAL,2025-11-27 09:01:00,Arr 1029 (+3min),2025-11-27,False
PBI,EWR,UA 1598,UAL,UA 1598,UAL,2025-11-27 08:10:00,Arr 1032,2025-11-27,False
BWI,SFO,UA 1596,UAL,UA 1596,UAL,2025-11-27 08:30:00,Arr 1118,2025-11-27,False
LAS,LAX,UA 1591,UAL,UA 1591,UAL,2025-11-27 10:40:00,Arr 1133,2025-11-27,False
EWR,IAH,UA 1590,UAL,UA 1590,UAL,2025-11-27 14:19:00,Arr 1700,2025-11-27,False
IAD,DEN,UA 1587,UAL,UA 1587,UAL,2025-11-27 12:40:00,Arr 1428,2025-11-27,False
DEN,OMA,UA 1586,UAL,UA 1586,UAL,2025-11-27 10:05:00,Arr 1222,2025-11-27,False
JAC,DEN,UA 1586,UAL,UA 1586,UAL,2025-11-27 07:00:00,Arr 0847,2025-11-27,False
EGE,DEN,UA 1584,UAL,UA 1584,UAL,2025-11-27 07:10:00,Arr 0819,2025-11-27,False
LAS,ORD,UA 1583,UAL,UA 1583,UAL,2025-11-27 11:00:00,Arr 1622,2025-11-27,False
ORD,JAX,UA 1581,UAL,UA 1581,UAL,2025-11-27 11:05:00,Arr 1412,2025-11-27,False
CLE,ORD,UA 1581,UAL,UA 1581,UAL,2025-11-27 08:40:00,Arr 0856,2025-11-27,False
DEN,LGA,UA 1579,UAL,UA 1579,UAL,2025-11-27 14:00:00,Arr 1922,2025-11-27,False
SFO,SBA,UA 1578,UAL,UA 1578,UAL,2025-11-27 10:47:00,Arr 1148,2025-11-27,False
BNA,SFO,UA 1578,UAL,UA 1578,UAL,2025-11-27 06:30:00,Arr 0928,2025-11-27,False
CLE,ORD,UA 1576,UAL,UA 1576,UAL,2025-11-27 07:10:00,Arr 0738,2025-11-27,False
DEN,PHL,UA 1575,UAL,UA 1575,UAL,2025-11-27 10:10:00,Arr 1518,2025-11-27,False
LAX,IAH,UA 1571,UAL,UA 1571,UAL,2025-11-27 10:22:00,Arr 1535,2025-11-27,False
SFO,LAX,UA 1571,UAL,UA 1571,UAL,2025-11-27 06:00:00,Arr 0729,2025-11-27,False
SFO,PHX,UA 1561,UAL,UA 1561,UAL,2025-11-27 16:43:00,Arr 1923,2025-11-27,False
DEN,SFO,UA 1561,UAL,UA 1561,UAL,2025-11-27 11:46:00,Arr 1322,2025-11-27,False
SDF,DEN,UA 1561,UAL,UA 1561,UAL,2025-11-27 08:00:00,Arr 0850,2025-11-27,False
SFO,ORD,UA 1557,UAL,UA 1557,UAL,2025-11-27 10:35:00,Arr 1625,2025-11-27,False
PHX,SFO,UA 1557,UAL,UA 1557,UAL,2025-11-27 06:25:00,Arr 0714,2025-11-27,False
EWR,SJU,UA 1556,UAL,UA 1556,UAL,2025-11-27 09:43:00,Arr 1428,2025-11-27,False
IAH,IAD,UA 1549,UAL,UA 1549,UAL,2025-11-27 07:25:00,Arr 1104,2025-11-27,False
DEN,FCA,UA 1547,UAL,UA 1547,UAL,2025-11-27 11:15:00,Arr 1329,2025-11-27,False
LAX,LAS,UA 1546,UAL,UA 1546,UAL,2025-11-27 22:35:00,Arr 2336,2025-11-27,False
CLE,IAH,UA 1545,UAL,UA 1545,UAL,2025-11-27 14:56:00,Arr 1651,2025-11-27,False
MCI,DEN,UA 1544,UAL,UA 1544,UAL,2025-11-27 09:05:00,Arr 1101 (+51min),2025-11-27,False
SMF,IAH,UA 1540,UAL,UA 1540,UAL,2025-11-27 05:30:00,Arr 1105,2025-11-27,False
IAD,DEN,UA 1537,UAL,UA 1537,UAL,2025-11-27 09:57:00,Arr 1151,2025-11-27,False
DEN,EWR,UA 1536,UAL,UA 1536,UAL,2025-11-27 07:46:00,Arr 1526 (+116min),2025-11-27,False
IAD,IAH,UA 1535,UAL,UA 1535,UAL,2025-11-27 12:55:00,Arr 1505,2025-11-27,False
SFO,MSP,UA 1531,UAL,UA 1531,UAL,2025-11-27 08:25:00,Arr 1336,2025-11-27,False
STT,EWR,UA 1530,UAL,UA 1530,UAL,2025-11-27 14:15:00,Arr 1714,2025-11-27,False
EWR,STT,UA 1529,UAL,UA 1529,UAL,2025-11-27 07:00:00,Arr 1322 (+82min),2025-11-27,False
SFO,CMH,UA 1528,UAL,UA 1528,UAL,2025-11-27 13:15:00,Arr 2051,2025-11-27,False
EWR,MSY,UA 1527,UAL,UA 1527,UAL,2025-11-27 09:00:00,Arr 1122,2025-11-27,False
EWR,ORD,UA 1525,UAL,UA 1525,UAL,2025-11-27 10:00:00,Arr 1146 (+1min),2025-11-27,False
IAD,IAH,UA 1524,UAL,UA 1524,UAL,2025-11-27 08:30:00,Arr 1044,2025-11-27,False
DEN,SAV,UA 1522,UAL,UA 1522,UAL,2025-11-27 10:08:00,Arr 1455,2025-11-27,False
IAH,SFO,UA 1521,UAL,UA 1521,UAL,2025-11-27 18:50:00,Arr 2055,2025-11-27,False
SFO,MSY,UA 1515,UAL,UA 1515,UAL,2025-11-27 16:38:00,Arr 2225,2025-11-27,False
SLC,SFO,UA 1515,UAL,UA 1515,UAL,2025-11-27 13:50:00,Arr 1500,2025-11-27,False
EYW,EWR,UA 1513,UAL,UA 1513,UAL,2025-11-27 13:06:00,Arr 1607,2025-11-27,False
EWR,MIA,UA 1511,UAL,UA 1511,UAL,2025-11-27 14:00:00,Arr 1830 (+78min),2025-11-27,False
SFO,HNL,UA 1509,UAL,UA 1509,UAL,2025-11-27 16:50:00,Arr 2011,2025-11-27,False
RSW,EWR,UA 1508,UAL,UA 1508,UAL,2025-11-27 06:00:00,Arr 0832,2025-11-27,False
MCO,EWR,UA 1506,UAL,UA 1506,UAL,2025-11-27 08:00:00,Arr 1014,2025-11-27,False
DEN,EWR,UA 1505,UAL,UA 1505,UAL,2025-11-27 13:45:00,Arr 1905,2025-11-27,False
ORD,RDU,UA 1502,UAL,UA 1502,UAL,2025-11-27 14:20:00,Arr 1658,2025-11-27,False
SLC,ORD,UA 1502,UAL,UA 1502,UAL,2025-11-27 08:30:00,Arr 1221,2025-11-27,False
IAH,TPA,UA 1501,UAL,UA 1501,UAL,2025-11-27 12:35:00,Arr 1526,2025-11-27,False
CID,DEN,UA 1500,UAL,UA 1500,UAL,2025-11-27 08:53:00,Arr 0946,2025-11-27,False
LAX,MCO,UA 1498,UAL,UA 1498,UAL,2025-11-27 16:15:00,Arr 2341,2025-11-27,False
SFO,LAX,UA 1498,UAL,UA 1498,UAL,2025-11-27 13:25:00,Arr 1449,2025-11-27,False
ORD,SFO,UA 1498,UAL,UA 1498,UAL,2025-11-27 09:10:00,Arr 1130,2025-11-27,False
PIT,IAD,UA 1497,UAL,UA 1497,UAL,2025-11-27 10:40:00,Arr 1124,2025-11-27,False
SLC,DEN,UA 1496,UAL,UA 1496,UAL,2025-11-27 10:55:00,Arr 1202,2025-11-27,False
MCO,IAD,UA 1494,UAL,UA 1494,UAL,2025-11-27 09:00:00,Arr 1056,2025-11-27,False
EWR,MCO,UA 1493,UAL,UA 1493,UAL,2025-11-27 08:20:00,Arr 1121 (+5min),2025-11-27,False
ORD,CMH,UA 1492,UAL,UA 1492,UAL,2025-11-27 07:10:00,Arr 0928,2025-11-27,False
ORD,ORF,UA 1491,UAL,UA 1491,UAL,2025-11-27 11:20:00,Arr 1358,2025-11-27,False
MCI,IAH,UA 1488,UAL,UA 1488,UAL,2025-11-27 08:10:00,Arr 0959,2025-11-27,False
SAT,IAH,UA 1486,UAL,UA 1486,UAL,2025-11-27 07:40:00,Arr 0841,2025-11-27,False
CMH,ORD,UA 1485,UAL,UA 1485,UAL,2025-11-27 10:26:00,Arr 1040,2025-11-27,False
MIA,ORD,UA 1484,UAL,UA 1484,UAL,2025-11-27 07:00:00,Arr 0906,2025-11-27,False
SFO,SAN,UA 1483,UAL,UA 1483,UAL,2025-11-27 09:00:00,Arr 1031,2025-11-27,False
DEN,PHX,UA 1481,UAL,UA 1481,UAL,2025-11-27 07:45:00,Arr 0928,2025-11-27,False
DEN,SDF,UA 1479,UAL,UA 1479,UAL,2025-11-27 09:40:00,Arr 1358,2025-11-27,False
IAH,SAT,UA 1477,UAL,UA 1477,UAL,2025-11-27 18:26:00,Arr 1918,2025-11-27,False
SYR,DEN,UA 1476,UAL,UA 1476,UAL,2025-11-27 08:00:00,Arr 0956,2025-11-27,False
SEA,IAH,UA 1475,UAL,UA 1475,UAL,2025-11-27 12:39:00,Arr 1833,2025-11-27,False
DEN,FLL,UA 1469,UAL,UA 1469,UAL,2025-11-27 08:10:00,Arr 1337,2025-11-27,False
DEN,CMH,UA 1460,UAL,UA 1460,UAL,2025-11-27 10:06:00,Arr 1523 (+25min),2025-11-27,False
MSO,DEN,UA 1460,UAL,UA 1460,UAL,2025-11-27 06:20:00,Arr 0804,2025-11-27,False
EWR,PBI,UA 1457,UAL,UA 1457,UAL,2025-11-27 11:34:00,Arr 1435,2025-11-27,False
BUR,SFO,UA 1453,UAL,UA 1453,UAL,2025-11-27 14:02:00,Arr 1512,2025-11-27,False
DEN,JAX,UA 1451,UAL,UA 1451,UAL,2025-11-27 10:00:00,Arr 1504,2025-11-27,False
DCA,IAH,UA 1450,UAL,UA 1450,UAL,2025-11-27 06:00:00,Arr 0815,2025-11-27,False
AUS,EWR,UA 1449,UAL,UA 1449,UAL,2025-11-27 09:00:00,Arr 1316,2025-11-27,False
ORD,BUF,UA 1448,UAL,UA 1448,UAL,2025-11-27 14:03:00,Arr 1626,2025-11-27,False
STT,IAD,UA 1445,UAL,UA 1445,UAL,2025-11-27 13:02:00,Arr 1727 (+62min),2025-11-27,False
IAD,STT,UA 1443,UAL,UA 1443,UAL,2025-11-27 08:15:00,Arr 1252,2025-11-27,False
DEN,LGA,UA 1442,UAL,UA 1442,UAL,2025-11-27 08:15:00,Arr 1348,2025-11-27,False
SRQ,ORD,UA 1437,UAL,UA 1437,UAL,2025-11-27 11:30:00,Arr 1317,2025-11-27,False
EWR,MCO,UA 1435,UAL,UA 1435,UAL,2025-11-27 13:00:00,Arr 1549,2025-11-27,False
IAD,SFO,UA 1434,UAL,UA 1434,UAL,2025-11-27 12:35:00,Arr 1514,2025-11-27,False
LAX,HNL,UA 1431,UAL,UA 1431,UAL,2025-11-27 13:00:00,Arr 1657,2025-11-27,False
OMA,IAH,UA 1429,UAL,UA 1429,UAL,2025-11-27 06:00:00,Arr 0754,2025-11-27,False
EWR,BNA,UA 1428,UAL,UA 1428,UAL,2025-11-27 07:30:00,Arr 0910 (+5min),2025-11-27,False
DEN,SEA,UA 1424,UAL,UA 1424,UAL,2025-11-27 11:50:00,Arr 1343,2025-11-27,False
MCO,DEN,UA 1424,UAL,UA 1424,UAL,2025-11-27 08:00:00,Arr 1010,2025-11-27,False
MCO,EWR,UA 1422,UAL,UA 1422,UAL,2025-11-27 06:00:00,Arr 0816,2025-11-27,False
ORD,FLL,UA 1421,UAL,UA 1421,UAL,2025-11-27 07:06:00,Arr 1105,2025-11-27,False
DEN,MIA,UA 1418,UAL,UA 1418,UAL,2025-11-27 10:05:00,Arr 1614 (+10min),2025-11-27,False
SBP,DEN,UA 1418,UAL,UA 1418,UAL,2025-11-27 05:15:00,Arr 0838,2025-11-27,False
LAX,IAH,UA 1416,UAL,UA 1416,UAL,2025-11-27 09:00:00,Arr 1407,2025-11-27,False
DEN,SMF,UA 1415,UAL,UA 1415,UAL,2025-11-27 11:45:00,Arr 1344 (+19min),2025-11-27,False
BOS,ORD,UA 1414,UAL,UA 1414,UAL,2025-11-27 06:00:00,Arr 0808 (+8min),2025-11-27,False
SFO,FLL,UA 1410,UAL,UA 1410,UAL,2025-11-27 07:42:00,Arr 1601,2025-11-27,False
IAH,DFW,UA 1407,UAL,UA 1407,UAL,2025-11-27 07:25:00,Arr 0839,2025-11-27,False
SFO,BOI,UA 1406,UAL,UA 1406,UAL,2025-11-27 11:02:00,Arr 1326,2025-11-27,False
ORD,SFO,UA 1406,UAL,UA 1406,UAL,2025-11-27 07:10:00,Arr 0944,2025-11-27,False
PHX,ORD,UA 1399,UAL,UA 1399,UAL,2025-11-27 08:30:00,Arr 1304 (+5min),2025-11-27,False
LAX,IAH,UA 1397,UAL,UA 1397,UAL,2025-11-27 07:35:00,Arr 1247,2025-11-27,False
STL,DEN,UA 1396,UAL,UA 1396,UAL,2025-11-27 09:00:00,Arr 1025,2025-11-27,False
BZN,DEN,UA 1395,UAL,UA 1395,UAL,2025-11-27 06:35:00,Arr 0819,2025-11-27,False
MSY,IAD,UA 1392,UAL,UA 1392,UAL,2025-11-27 08:00:00,Arr 1114,2025-11-27,False
PBI,EWR,UA 1391,UAL,UA 1391,UAL,2025-11-27 10:30:00,Arr 1351 (+32min),2025-11-27,False
DFW,SFO,UA 1390,UAL,UA 1390,UAL,2025-11-27 07:30:00,Arr 0905,2025-11-27,False
IAH,DFW,UA 1388,UAL,UA 1388,UAL,2025-11-27 14:20:00,Arr 1515,2025-11-27,False
SFO,IAH,UA 1387,UAL,UA 1387,UAL,2025-11-27 11:15:00,Arr 1658,2025-11-27,False
PHX,SFO,UA 1387,UAL,UA 1387,UAL,2025-11-27 08:05:00,Arr 0852,2025-11-27,False
SFO,MIA,UA 1386,UAL,UA 1386,UAL,2025-11-27 07:00:00,Arr 1555 (+19min),2025-11-27,False
ICT,DEN,UA 1384,UAL,UA 1384,UAL,2025-11-27 09:15:00,Arr 0957,2025-11-27,False
IAH,SNA,UA 1383,UAL,UA 1383,UAL,2025-11-27 09:35:00,Arr 1054,2025-11-27,False
RDU,IAH,UA 1383,UAL,UA 1383,UAL,2025-11-27 06:07:00,Arr 0811,2025-11-27,False
IAH,LAX,UA 1381,UAL,UA 1381,UAL,2025-11-27 18:35:00,Arr 1950,2025-11-27,False
DEN,IAD,UA 1379,UAL,UA 1379,UAL,2025-11-27 11:15:00,Arr 1625,2025-11-27,False
TUL,DEN,UA 1379,UAL,UA 1379,UAL,2025-11-27 09:25:00,Arr 1034 (+13min),2025-11-27,False
DEN,EGE,UA 1378,UAL,UA 1378,UAL,2025-11-27 11:31:00,Arr 1222,2025-11-27,False
DEN,ORD,UA 1377,UAL,UA 1377,UAL,2025-11-27 06:00:00,Arr 0929,2025-11-27,False
DFW,EWR,UA 1376,UAL,UA 1376,UAL,2025-11-27 08:00:00,Arr 1202,2025-11-27,False
IAH,SAN,UA 1373,UAL,UA 1373,UAL,2025-11-27 18:35:00,Arr 1948,2025-11-27,False
ORD,IAH,UA 1373,UAL,UA 1373,UAL,2025-11-27 14:21:00,Arr 1701,2025-11-27,False
IAH,SAT,UA 1371,UAL,UA 1371,UAL,2025-11-27 09:35:00,Arr 1025,2025-11-27,False
STL,IAH,UA 1371,UAL,UA 1371,UAL,2025-11-27 06:15:00,Arr 0805,2025-11-27,False
IAH,TPA,UA 1370,UAL,UA 1370,UAL,2025-11-27 14:25:00,Arr 1728,2025-11-27,False
SJU,DEN,UA 1368,UAL,UA 1368,UAL,2025-11-27 14:25:00,Arr 1743,2025-11-27,False
IAH,SNA,UA 1367,UAL,UA 1367,UAL,2025-11-27 18:15:00,Arr 1951,2025-11-27,False
IAD,LAX,UA 1366,UAL,UA 1366,UAL,2025-11-27 09:10:00,Arr 1137,2025-11-27,False
EWR,IAD,UA 1366,UAL,UA 1366,UAL,2025-11-27 06:00:00,Arr 0715,2025-11-27,False
EWR,RDU,UA 1365,UAL,UA 1365,UAL,2025-11-27 10:35:00,Arr 1157,2025-11-27,False
EWR,FLL,UA 1364,UAL,UA 1364,UAL,2025-11-27 07:00:00,Arr 1012 (+5min),2025-11-27,False
DSM,ORD,UA 1363,UAL,UA 1363,UAL,2025-11-27 08:02:00,Arr 0948 (+13min),2025-11-27,False
DEN,BWI,UA 1362,UAL,UA 1362,UAL,2025-11-27 09:49:00,Arr 1457,2025-11-27,False
PSP,DEN,UA 1362,UAL,UA 1362,UAL,2025-11-27 05:20:00,Arr 0819,2025-11-27,False
IAH,RSW,UA 1361,UAL,UA 1361,UAL,2025-11-27 12:25:00,Arr 1527,2025-11-27,False
EWR,ATL,UA 1359,UAL,UA 1359,UAL,2025-11-27 14:00:00,Arr 1653 (+24min),2025-11-27,False
SFO,LAS,UA 1358,UAL,UA 1358,UAL,2025-11-27 07:00:00,Arr 0826,2025-11-27,False
ORD,IAD,UA 1357,UAL,UA 1357,UAL,2025-11-27 08:50:00,Arr 1137,2025-11-27,False
LAS,SFO,UA 1355,UAL,UA 1355,UAL,2025-11-27 06:00:00,Arr 0734,2025-11-27,False
SFO,IAD,UA 1354,UAL,UA 1354,UAL,2025-11-27 13:25:00,Arr 2053,2025-11-27,False
LAX,SFO,UA 1354,UAL,UA 1354,UAL,2025-11-27 08:04:00,Arr 0919,2025-11-27,False
DEN,DFW,UA 1350,UAL,UA 1350,UAL,2025-11-27 09:37:00,Arr 1218,2025-11-27,False
ONT,DEN,UA 1350,UAL,UA 1350,UAL,2025-11-27 05:05:00,Arr 0806,2025-11-27,False
BOS,ORD,UA 1349,UAL,UA 1349,UAL,2025-11-27 09:40:00,Arr 1121,2025-11-27,False
IAD,RDU,UA 1348,UAL,UA 1348,UAL,2025-11-27 08:21:00,Arr 0916,2025-11-27,False
LAX,SFO,UA 1346,UAL,UA 1346,UAL,2025-11-27 13:34:00,Arr 1445,2025-11-27,False
MCO,LAX,UA 1346,UAL,UA 1346,UAL,2025-11-27 07:00:00,Arr 0927,2025-11-27,False
EWR,SFO,UA 1343,UAL,UA 1343,UAL,2025-11-27 12:00:00,Arr 1506,2025-11-27,False
ORD,TPA,UA 1342,UAL,UA 1342,UAL,2025-11-27 07:30:00,Arr 1058,2025-11-27,False
LAX,ORD,UA 1342,UAL,UA 1342,UAL,2025-11-27 00:25:00,Arr 0626,2025-11-27,False
SFO,MCO,UA 1341,UAL,UA 1341,UAL,2025-11-27 23:08:00,Arr 0704,2025-11-27,False
EWR,SFO,UA 1340,UAL,UA 1340,UAL,2025-11-27 16:30:00,Arr 2128 (+105min),2025-11-27,False
DEN,SJU,UA 1339,UAL,UA 1339,UAL,2025-11-27 09:45:00,Arr 1815,2025-11-27,False
LAX,DEN,UA 1339,UAL,UA 1339,UAL,2025-11-27 05:00:00,Arr 0809,2025-11-27,False
ORD,SAN,UA 1337,UAL,UA 1337,UAL,2025-11-27 07:10:00,Arr 0932,2025-11-27,False
FLL,EWR,UA 1336,UAL,UA 1336,UAL,2025-11-27 07:30:00,Arr 1003,2025-11-27,False
OMA,IAH,UA 1334,UAL,UA 1334,UAL,2025-11-27 08:15:00,Arr 1041,2025-11-27,False
ORD,LGA,UA 1332,UAL,UA 1332,UAL,2025-11-27 11:00:00,Arr 1402,2025-11-27,False
SAT,ORD,UA 1332,UAL,UA 1332,UAL,2025-11-27 07:05:00,Arr 0939,2025-11-27,False
SEA,SFO,UA 1330,UAL,UA 1330,UAL,2025-11-27 13:20:00,Arr 1506,2025-11-27,False
EWR,SEA,UA 1330,UAL,UA 1330,UAL,2025-11-27 07:59:00,Arr 1053,2025-11-27,False
EWR,ORD,UA 1328,UAL,UA 1328,UAL,2025-11-27 09:01:00,Arr 1023,2025-11-27,False
ATL,DEN,UA 1327,UAL,UA 1327,UAL,2025-11-27 11:13:00,Arr 1230,2025-11-27,False
IAH,SMF,UA 1326,UAL,UA 1326,UAL,2025-11-27 18:30:00,Arr 2015,2025-11-27,False
IAD,LAS,UA 1323,UAL,UA 1323,UAL,2025-11-27 08:50:00,Arr 1038,2025-11-27,False
IAD,RDU,UA 1322,UAL,UA 1322,UAL,2025-11-27 17:37:00,Arr 1849,2025-11-27,False
EWR,LAX,UA 1321,UAL,UA 1321,UAL,2025-11-27 12:00:00,Arr 1448,2025-11-27,False
TPA,EWR,UA 1321,UAL,UA 1321,UAL,2025-11-27 06:00:00,Arr 0822,2025-11-27,False
DEN,SNA,UA 1320,UAL,UA 1320,UAL,2025-11-27 11:30:00,Arr 1309 (+6min),2025-11-27,False
RSW,DEN,UA 1320,UAL,UA 1320,UAL,2025-11-27 08:00:00,Arr 1009,2025-11-27,False
LAX,ORD,UA 1318,UAL,UA 1318,UAL,2025-11-27 13:18:00,Arr 1901,2025-11-27,False
ORD,LGA,UA 1316,UAL,UA 1316,UAL,2025-11-27 10:00:00,Arr 1251,2025-11-27,False
BWI,ORD,UA 1316,UAL,UA 1316,UAL,2025-11-27 06:15:00,Arr 0712,2025-11-27,False
BOS,ORD,UA 1314,UAL,UA 1314,UAL,2025-11-27 11:15:00,Arr 1300,2025-11-27,False
IAH,TPA,UA 1312,UAL,UA 1312,UAL,2025-11-27 18:15:00,Arr 2107,2025-11-27,False
LAX,IAD,UA 1311,UAL,UA 1311,UAL,2025-11-27 08:40:00,Arr 1615,2025-11-27,False
LGA,ORD,UA 1310,UAL,UA 1310,UAL,2025-11-27 10:15:00,Arr 1144,2025-11-27,False
SRQ,EWR,UA 1309,UAL,UA 1309,UAL,2025-11-27 06:00:00,Arr 0840,2025-11-27,False
DEN,PIT,UA 1308,UAL,UA 1308,UAL,2025-11-27 10:04:00,Arr 1455,2025-11-27,False
BOS,EWR,UA 1307,UAL,UA 1307,UAL,2025-11-27 08:15:00,Arr 0930,2025-11-27,False
ORD,DFW,UA 1304,UAL,UA 1304,UAL,2025-11-27 08:45:00,Arr 1113,2025-11-27,False
BDL,ORD,UA 1304,UAL,UA 1304,UAL,2025-11-27 06:10:00,Arr 0746,2025-11-27,False
LAX,SFO,UA 1299,UAL,UA 1299,UAL,2025-11-27 20:20:00,Arr 2132,2025-11-27,False
ORF,ORD,UA 1297,UAL,UA 1297,UAL,2025-11-27 06:35:00,Arr 0752,2025-11-27,False
LIH,LAX,UA 1296,UAL,UA 1296,UAL,2025-11-27 14:15:00,Arr 2141,2025-11-27,False
LAX,LIH,UA 1295,UAL,UA 1295,UAL,2025-11-27 08:40:00,Arr 1212,2025-11-27,False
DEN,PSP,UA 1294,UAL,UA 1294,UAL,2025-11-27 11:20:00,Arr 1235,2025-11-27,False
LAX,IAH,UA 1293,UAL,UA 1293,UAL,2025-11-27 13:15:00,Arr 1821,2025-11-27,False
CHS,EWR,UA 1289,UAL,UA 1289,UAL,2025-11-27 06:01:00,Arr 0733,2025-11-27,False
ORD,PIT,UA 1285,UAL,UA 1285,UAL,2025-11-27 07:25:00,Arr 0948,2025-11-27,False
LAX,BZN,UA 1284,UAL,UA 1284,UAL,2025-11-27 08:52:00,Arr 1206,2025-11-27,False
SAT,IAH,UA 1282,UAL,UA 1282,UAL,2025-11-27 11:40:00,Arr 1226,2025-11-27,False
EWR,CLE,UA 1281,UAL,UA 1281,UAL,2025-11-27 07:51:00,Arr 0921,2025-11-27,False
ORD,CHS,UA 1279,UAL,UA 1279,UAL,2025-11-27 10:40:00,Arr 1337,2025-11-27,False
EWR,TPA,UA 1273,UAL,UA 1273,UAL,2025-11-27 10:30:00,Arr 1328,2025-11-27,False
ABQ,ORD,UA 1269,UAL,UA 1269,UAL,2025-11-27 12:48:00,Arr 1614,2025-11-27,False
IAH,LAS,UA 1264,UAL,UA 1264,UAL,2025-11-27 07:25:00,Arr 0823,2025-11-27,False
LAX,DEN,UA 1260,UAL,UA 1260,UAL,2025-11-27 11:02:00,Arr 1416,2025-11-27,False
SFO,LAS,UA 1259,UAL,UA 1259,UAL,2025-11-27 12:55:00,Arr 1439 (+4min),2025-11-27,False
ATL,SFO,UA 1259,UAL,UA 1259,UAL,2025-11-27 07:17:00,Arr 0941,2025-11-27,False
IAD,BDL,UA 1257,UAL,UA 1257,UAL,2025-11-27 08:15:00,Arr 0917,2025-11-27,False
RDU,IAD,UA 1257,UAL,UA 1257,UAL,2025-11-27 06:00:00,Arr 0655,2025-11-27,False
CLT,DEN,UA 1256,UAL,UA 1256,UAL,2025-11-27 08:15:00,Arr 0949,2025-11-27,False
EWR,DEN,UA 1254,UAL,UA 1254,UAL,2025-11-27 11:40:00,Arr 1339,2025-11-27,False
EWR,PBI,UA 1253,UAL,UA 1253,UAL,2025-11-27 07:30:00,Arr 1018,2025-11-27,False
DEN,LAX,UA 1252,UAL,UA 1252,UAL,2025-11-27 13:45:00,Arr 1500,2025-11-27,False
RAP,DEN,UA 1250,UAL,UA 1250,UAL,2025-11-27 08:45:00,Arr 1036 (+23min),2025-11-27,False
DEN,PDX,UA 1247,UAL,UA 1247,UAL,2025-11-27 07:46:00,Arr 0922,2025-11-27,False
SFO,PSP,UA 1246,UAL,UA 1246,UAL,2025-11-27 08:25:00,Arr 1218 (+136min),2025-11-27,False
SFO,EUG,UA 1245,UAL,UA 1245,UAL,2025-11-27 16:15:00,Arr 1743,2025-11-27,False
LAX,SFO,UA 1245,UAL,UA 1245,UAL,2025-11-27 12:00:00,Arr 1259,2025-11-27,False
EWR,LAX,UA 1244,UAL,UA 1244,UAL,2025-11-27 07:15:00,Arr 1027,2025-11-27,False
EUG,DEN,UA 1241,UAL,UA 1241,UAL,2025-11-27 05:00:00,Arr 0824,2025-11-27,False
JAX,ORD,UA 1239,UAL,UA 1239,UAL,2025-11-27 11:30:00,Arr 1252,2025-11-27,False
IAH,JAX,UA 1239,UAL,UA 1239,UAL,2025-11-27 07:35:00,Arr 1030,2025-11-27,False
LAX,IAH,UA 1235,UAL,UA 1235,UAL,2025-11-27 06:00:00,Arr 1111,2025-11-27,False
GEG,DEN,UA 1234,UAL,UA 1234,UAL,2025-11-27 05:10:00,Arr 0813,2025-11-27,False
DEN,EWR,UA 1233,UAL,UA 1233,UAL,2025-11-27 11:45:00,Arr 1720,2025-11-27,False
DEN,GSP,UA 1232,UAL,UA 1232,UAL,2025-11-27 10:00:00,Arr 1454,2025-11-27,False
ORD,IAH,UA 1231,UAL,UA 1231,UAL,2025-11-27 07:10:00,Arr 1002,2025-11-27,False
LAS,IAD,UA 1228,UAL,UA 1228,UAL,2025-11-27 08:45:00,Arr 1601,2025-11-27,False
EWR,SFO,UA 1227,UAL,UA 1227,UAL,2025-11-27 14:00:00,Arr 1713,2025-11-27,False
RDU,EWR,UA 1227,UAL,UA 1227,UAL,2025-11-27 08:48:00,Arr 1012,2025-11-27,False
LAX,LAS,UA 1224,UAL,UA 1224,UAL,2025-11-27 16:40:00,Arr 1746,2025-11-27,False
HNL,LAX,UA 1221,UAL,UA 1221,UAL,2025-11-27 08:00:00,Arr 1528,2025-11-27,False
BWI,LAX,UA 1220,UAL,UA 1220,UAL,2025-11-27 07:07:00,Arr 0935,2025-11-27,False
SNA,DEN,UA 1217,UAL,UA 1217,UAL,2025-11-27 07:00:00,Arr 1025,2025-11-27,False
IAH,DFW,UA 1215,UAL,UA 1215,UAL,2025-11-27 18:05:00,Arr 1917,2025-11-27,False
EWR,MCO,UA 1213,UAL,UA 1213,UAL,2025-11-27 14:40:00,Arr 1726,2025-11-27,False
EWR,PHX,UA 1210,UAL,UA 1210,UAL,2025-11-27 14:33:00,Arr 1741,2025-11-27,False
EWR,JAX,UA 1207,UAL,UA 1207,UAL,2025-11-27 06:45:00,Arr 0903,2025-11-27,False
ORD,EWR,UA 1205,UAL,UA 1205,UAL,2025-11-27 11:52:00,Arr 1442,2025-11-27,False
RDU,SFO,UA 1204,UAL,UA 1204,UAL,2025-11-27 06:30:00,Arr 0916,2025-11-27,False
SEA,EWR,UA 1197,UAL,UA 1197,UAL,2025-11-27 06:20:00,Arr 1403,2025-11-27,False
ORD,CLE,UA 1195,UAL,UA 1195,UAL,2025-11-27 07:30:00,Arr 0936,2025-11-27,False
IAH,SJU,UA 1192,UAL,UA 1192,UAL,2025-11-27 10:10:00,Arr 1622,2025-11-27,False
RDM,DEN,UA 1188,UAL,UA 1188,UAL,2025-11-27 05:00:00,Arr 0833 (+5min),2025-11-27,False
ORD,PBI,UA 1187,UAL,UA 1187,UAL,2025-11-27 10:55:00,Arr 1458,2025-11-27,False
DFW,SFO,UA 1184,UAL,UA 1184,UAL,2025-11-27 19:49:00,Arr 2145,2025-11-27,False
DEN,GTF,UA 1183,UAL,UA 1183,UAL,2025-11-27 11:31:00,Arr 1338 (+5min),2025-11-27,False
LGA,DEN,UA 1183,UAL,UA 1183,UAL,2025-11-27 07:21:00,Arr 0940,2025-11-27,False
LAS,IAH,UA 1181,UAL,UA 1181,UAL,2025-11-27 08:00:00,Arr 1247,2025-11-27,False
DFW,DEN,UA 1177,UAL,UA 1177,UAL,2025-11-27 09:00:00,Arr 1048 (+36min),2025-11-27,False
HNL,SFO,UA 1176,UAL,UA 1176,UAL,2025-11-27 09:50:00,Arr 1637,2025-11-27,False
SFO,HNL,UA 1175,UAL,UA 1175,UAL,2025-11-27 09:30:00,Arr 1248,2025-11-27,False
SJU,EWR,UA 1173,UAL,UA 1173,UAL,2025-11-27 14:20:00,Arr 1745 (+4min),2025-11-27,False
SAV,ORD,UA 1172,UAL,UA 1172,UAL,2025-11-27 11:29:00,Arr 1250,2025-11-27,False
LAX,HNL,UA 1170,UAL,UA 1170,UAL,2025-11-27 17:10:00,Arr 2036,2025-11-27,False
HNL,LAX,UA 1169,UAL,UA 1169,UAL,2025-11-27 22:50:00,Arr 0559,2025-11-27,False
SFO,PDX,UA 1168,UAL,UA 1168,UAL,2025-11-27 22:50:00,Arr 0056 (+10min),2025-11-27,False
LAS,SFO,UA 1168,UAL,UA 1168,UAL,2025-11-27 19:45:00,Arr 2115,2025-11-27,False
SFO,LAX,UA 1164,UAL,UA 1164,UAL,2025-11-27 10:54:00,Arr 1224,2025-11-27,False
PDX,SFO,UA 1164,UAL,UA 1164,UAL,2025-11-27 06:00:00,Arr 0737,2025-11-27,False
BQN,EWR,UA 1162,UAL,UA 1162,UAL,2025-11-27 01:09:00,Arr 0357,2025-11-27,False
LAX,HNL,UA 1158,UAL,UA 1158,UAL,2025-11-27 09:00:00,Arr 1207,2025-11-27,False
HNL,LAX,UA 1157,UAL,UA 1157,UAL,2025-11-27 12:35:00,Arr 1945,2025-11-27,False
SFO,EWR,UA 1149,UAL,UA 1149,UAL,2025-11-27 07:00:00,Arr 1454,2025-11-27,False
ORD,SAV,UA 1147,UAL,UA 1147,UAL,2025-11-27 07:10:00,Arr 1048 (+25min),2025-11-27,False
JAX,EWR,UA 1144,UAL,UA 1144,UAL,2025-11-27 10:41:00,Arr 1243,2025-11-27,False
HNL,SFO,UA 1141,UAL,UA 1141,UAL,2025-11-27 23:30:00,Arr 0623,2025-11-27,False
IAD,TPA,UA 1140,UAL,UA 1140,UAL,2025-11-27 17:33:00,Arr 1950,2025-11-27,False
SFO,IAD,UA 1140,UAL,UA 1140,UAL,2025-11-27 06:45:00,Arr 1423,2025-11-27,False
ATL,EWR,UA 1134,UAL,UA 1134,UAL,2025-11-27 08:00:00,Arr 0955,2025-11-27,False
ORD,EWR,UA 1126,UAL,UA 1126,UAL,2025-11-27 11:02:00,Arr 1359,2025-11-27,False
DEN,BOI,UA 1125,UAL,UA 1125,UAL,2025-11-27 11:30:00,Arr 1341 (+10min),2025-11-27,False
SFO,AUS,UA 1116,UAL,UA 1116,UAL,2025-11-27 13:05:00,Arr 1829,2025-11-27,False
SEA,SFO,UA 1116,UAL,UA 1116,UAL,2025-11-27 09:25:00,Arr 1120,2025-11-27,False
BNA,ORD,UA 1113,UAL,UA 1113,UAL,2025-11-27 08:00:00,Arr 0947,2025-11-27,False
LIH,SFO,UA 1112,UAL,UA 1112,UAL,2025-11-27 14:31:00,Arr 2152 (+7min),2025-11-27,False
SFO,LIH,UA 1111,UAL,UA 1111,UAL,2025-11-27 09:20:00,Arr 1247,2025-11-27,False
IAD,CHS,UA 1108,UAL,UA 1108,UAL,2025-11-27 08:20:00,Arr 1013 (+5min),2025-11-27,False
SFO,AUS,UA 1107,UAL,UA 1107,UAL,2025-11-27 07:30:00,Arr 1257,2025-11-27,False
IAH,SJC,UA 1105,UAL,UA 1105,UAL,2025-11-27 10:18:00,Arr 1204,2025-11-27,False
PIT,IAH,UA 1102,UAL,UA 1102,UAL,2025-11-27 12:50:00,Arr 1454,2025-11-27,False
DEN,IAD,UA 1101,UAL,UA 1101,UAL,2025-11-27 08:05:00,Arr 1305,2025-11-27,False
CLE,RSW,UA 1100,UAL,UA 1100,UAL,2025-11-27 08:15:00,Arr 1121 (+17min),2025-11-27,False
ORD,DCA,UA 1097,UAL,UA 1097,UAL,2025-11-27 11:15:00,Arr 1352,2025-11-27,False
MCO,ORD,UA 1097,UAL,UA 1097,UAL,2025-11-27 07:30:00,Arr 0917,2025-11-27,False
IAD,SFO,UA 1095,UAL,UA 1095,UAL,2025-11-27 06:30:00,Arr 0932,2025-11-27,False
RSW,IAH,UA 1094,UAL,UA 1094,UAL,2025-11-27 11:41:00,Arr 1251,2025-11-27,False
EWR,RSW,UA 1094,UAL,UA 1094,UAL,2025-11-27 07:30:00,Arr 1036,2025-11-27,False
DEN,LAX,UA 1093,UAL,UA 1093,UAL,2025-11-27 06:00:00,Arr 0715,2025-11-27,False
SFO,IAD,UA 1083,UAL,UA 1083,UAL,2025-11-27 23:20:00,Arr 0701,2025-11-27,False
SMF,ORD,UA 1082,UAL,UA 1082,UAL,2025-11-27 07:00:00,Arr 1242,2025-11-27,False
LAX,TPA,UA 1079,UAL,UA 1079,UAL,2025-11-27 23:59:00,Arr 0945 (+131min),2025-11-27,False
DCA,IAH,UA 1077,UAL,UA 1077,UAL,2025-11-27 11:00:00,Arr 1311,2025-11-27,False
ORD,DCA,UA 1077,UAL,UA 1077,UAL,2025-11-27 06:00:00,Arr 0831,2025-11-27,False
IAD,AUS,UA 1074,UAL,UA 1074,UAL,2025-11-27 13:05:00,Arr 1524,2025-11-27,False
IAD,MIA,UA 1073,UAL,UA 1073,UAL,2025-11-27 08:25:00,Arr 1114,2025-11-27,False
IAD,JAX,UA 1071,UAL,UA 1071,UAL,2025-11-27 17:55:00,Arr 1959,2025-11-27,False
SAN,IAD,UA 1071,UAL,UA 1071,UAL,2025-11-27 08:30:00,Arr 1620,2025-11-27,False
LAX,ORD,UA 1069,UAL,UA 1069,UAL,2025-11-27 12:40:00,Arr 1827,2025-11-27,False
EWR,ATL,UA 1068,UAL,UA 1068,UAL,2025-11-27 06:25:00,Arr 0900 (+4min),2025-11-27,False
PDX,IAD,UA 1067,UAL,UA 1067,UAL,2025-11-27 08:20:00,Arr 1547,2025-11-27,False
EWR,DFW,UA 1066,UAL,UA 1066,UAL,2025-11-27 13:00:00,Arr 1604 (+1min),2025-11-27,False
ATL,IAH,UA 1057,UAL,UA 1057,UAL,2025-11-27 07:15:00,Arr 0817,2025-11-27,False
SFO,SNA,UA 1048,UAL,UA 1048,UAL,2025-11-27 10:51:00,Arr 1218,2025-11-27,False
PHL,SFO,UA 1048,UAL,UA 1048,UAL,2025-11-27 06:25:00,Arr 0931,2025-11-27,False
ORD,LAX,UA 1044,UAL,UA 1044,UAL,2025-11-27 08:48:00,Arr 1113,2025-11-27,False
ORD,RSW,UA 1036,UAL,UA 1036,UAL,2025-11-27 09:25:00,Arr 1304,2025-11-27,False
TVC,ORD,UA 1036,UAL,UA 1036,UAL,2025-11-27 07:00:00,Arr 0803 (+32min),2025-11-27,False
SFO,IND,UA 1032,UAL,UA 1032,UAL,2025-11-27 09:42:00,Arr 1643,2025-11-27,False
SAN,SFO,UA 1032,UAL,UA 1032,UAL,2025-11-27 06:15:00,Arr 0751,2025-11-27,False
IAH,ATL,UA 1030,UAL,UA 1030,UAL,2025-11-27 07:40:00,Arr 1019,2025-11-27,False
DEN,AUS,UA 1026,UAL,UA 1026,UAL,2025-11-27 10:56:00,Arr 1354,2025-11-27,False
MCO,DEN,UA 1022,UAL,UA 1022,UAL,2025-11-27 09:47:00,Arr 1151,2025-11-27,False
MTJ,DEN,UA 1016,UAL,UA 1016,UAL,2025-11-27 07:15:00,Arr 0825,2025-11-27,False
DEN,LAX,UA 1013,UAL,UA 1013,UAL,2025-11-27 11:31:00,Arr 1310 (+4min),2025-11-27,False
DEN,TPA,UA 1010,UAL,UA 1010,UAL,2025-11-27 10:49:00,Arr 1615,2025-11-27,False
XNA,DEN,UA 1009,UAL,UA 1009,UAL,2025-11-27 09:05:00,Arr 1101 (+45min),2025-11-27,False
SFO,SEA,UA 1008,UAL,UA 1008,UAL,2025-11-27 14:00:00,Arr 1603,2025-11-27,False
BOS,SFO,UA 1008,UAL,UA 1008,UAL,2025-11-27 08:00:00,Arr 1131,2025-11-27,False
LAX,LAS,UA 1006,UAL,UA 1006,UAL,2025-11-27 08:15:00,Arr 0916,2025-11-27,False
ORD,IND,UA 1004,UAL,UA 1004,UAL,2025-11-27 14:12:00,Arr 1614,2025-11-27,False
DEN,CHS,UA 1003,UAL,UA 1003,UAL,2025-11-27 09:48:00,Arr 1453,2025-11-27,False
SBA,DEN,UA 1003,UAL,UA 1003,UAL,2025-11-27 05:30:00,Arr 0839,2025-11-27,False
RDU,SFO,UA 795,UAL,UA 795,UAL,2025-11-27 08:45:00,Arr 1138,2025-11-27,False
OMA,DEN,UA 792,UAL,UA 792,UAL,2025-11-27 09:05:00,Arr 0955,2025-11-27,False
ORD,DEN,UA 791,UAL,UA 791,UAL,2025-11-27 07:10:00,Arr 0836,2025-11-27,False
SFO,EUG,UA 790,UAL,UA 790,UAL,2025-11-27 10:48:00,Arr 1209,2025-11-27,False
LAS,DEN,UA 789,UAL,UA 789,UAL,2025-11-27 07:23:00,Arr 1000,2025-11-27,False
IAH,ORD,UA 787,UAL,UA 787,UAL,2025-11-27 18:36:00,Arr 2114,2025-11-27,False
ICT,ORD,UA 786,UAL,UA 786,UAL,2025-11-27 07:30:00,Arr 0924,2025-11-27,False
JAX,DEN,UA 785,UAL,UA 785,UAL,2025-11-27 08:00:00,Arr 0958,2025-11-27,False
PHX,EWR,UA 782,UAL,UA 782,UAL,2025-11-27 09:20:00,Arr 1548,2025-11-27,False
AUS,DEN,UA 779,UAL,UA 779,UAL,2025-11-27 11:08:00,Arr 1217,2025-11-27,False
PDX,SFO,UA 776,UAL,UA 776,UAL,2025-11-27 13:00:00,Arr 1429,2025-11-27,False
MCO,IAH,UA 774,UAL,UA 774,UAL,2025-11-27 11:55:00,Arr 1317,2025-11-27,False
IAD,CMH,UA 773,UAL,UA 773,UAL,2025-11-27 12:40:00,Arr 1351,2025-11-27,False
ORD,DEN,UA 767,UAL,UA 767,UAL,2025-11-27 13:55:00,Arr 1526,2025-11-27,False
SFO,ONT,UA 765,UAL,UA 765,UAL,2025-11-27 11:15:00,Arr 1235,2025-11-27,False
ORD,PWM,UA 763,UAL,UA 763,UAL,2025-11-27 10:53:00,Arr 1356,2025-11-27,False
IAH,MIA,UA 759,UAL,UA 759,UAL,2025-11-27 07:20:00,Arr 1038,2025-11-27,False
MSP,ORD,UA 758,UAL,UA 758,UAL,2025-11-27 08:00:00,Arr 0929,2025-11-27,False
SEA,DEN,UA 757,UAL,UA 757,UAL,2025-11-27 08:36:00,Arr 1153,2025-11-27,False
IAD,LAX,UA 754,UAL,UA 754,UAL,2025-11-27 06:48:00,Arr 0918,2025-11-27,False
SFO,LAS,UA 751,UAL,UA 751,UAL,2025-11-27 16:55:00,Arr 1828,2025-11-27,False
SEA,ORD,UA 747,UAL,UA 747,UAL,2025-11-27 10:53:00,Arr 1617,2025-11-27,False
IAH,MCO,UA 745,UAL,UA 745,UAL,2025-11-27 09:43:00,Arr 1300,2025-11-27,False
IAH,CLE,UA 744,UAL,UA 744,UAL,2025-11-27 12:25:00,Arr 1618 (+8min),2025-11-27,False
LAS,IAD,UA 742,UAL,UA 742,UAL,2025-11-27 12:31:00,Arr 0042 (+281min),2025-11-27,False
DEN,BZN,UA 741,UAL,UA 741,UAL,2025-11-27 11:45:00,Arr 1323,2025-11-27,False
IAH,PDX,UA 740,UAL,UA 740,UAL,2025-11-27 09:31:00,Arr 1205,2025-11-27,False
IAD,IAH,UA 740,UAL,UA 740,UAL,2025-11-27 06:00:00,Arr 0814,2025-11-27,False
EWR,RSW,UA 738,UAL,UA 738,UAL,2025-11-27 10:50:00,Arr 1347,2025-11-27,False
JAX,IAD,UA 731,UAL,UA 731,UAL,2025-11-27 09:20:00,Arr 1035,2025-11-27,False
IAH,SAT,UA 730,UAL,UA 730,UAL,2025-11-27 14:20:00,Arr 1512,2025-11-27,False
SNA,IAH,UA 730,UAL,UA 730,UAL,2025-11-27 08:15:00,Arr 1310,2025-11-27,False
ORD,JAX,UA 729,UAL,UA 729,UAL,2025-11-27 07:05:00,Arr 1027,2025-11-27,False
CMH,DEN,UA 728,UAL,UA 728,UAL,2025-11-27 08:45:00,Arr 1005,2025-11-27,False
LGA,ORD,UA 725,UAL,UA 725,UAL,2025-11-27 07:15:00,Arr 0828,2025-11-27,False
ELP,DEN,UA 724,UAL,UA 724,UAL,2025-11-27 07:00:00,Arr 0842,2025-11-27,False
DAY,DEN,UA 723,UAL,UA 723,UAL,2025-11-27 08:55:00,Arr 1040 (+15min),2025-11-27,False
FLL,IAH,UA 722,UAL,UA 722,UAL,2025-11-27 09:00:00,Arr 1028,2025-11-27,False
BOS,IAD,UA 721,UAL,UA 721,UAL,2025-11-27 14:21:00,Arr 1557,2025-11-27,False
MFR,SFO,UA 717,UAL,UA 717,UAL,2025-11-27 06:00:00,Arr 0720,2025-11-27,False
CLE,FLL,UA 715,UAL,UA 715,UAL,2025-11-27 07:00:00,Arr 1011 (+16min),2025-11-27,False
SFO,EWR,UA 713,UAL,UA 713,UAL,2025-11-27 10:45:00,Arr 1852,2025-11-27,False
IAD,ORD,UA 708,UAL,UA 708,UAL,2025-11-27 06:30:00,Arr 0730,2025-11-27,False
DEN,ABQ,UA 704,UAL,UA 704,UAL,2025-11-27 11:15:00,Arr 1236,2025-11-27,False
IAH,ORD,UA 702,UAL,UA 702,UAL,2025-11-27 08:15:00,Arr 1117 (+21min),2025-11-27,False
IAH,SJU,UA 701,UAL,UA 701,UAL,2025-11-27 15:04:00,Arr 2237 (+71min),2025-11-27,False
TPA,LAX,UA 700,UAL,UA 700,UAL,2025-11-27 09:00:00,Arr 1056,2025-11-27,False
DCA,SFO,UA 699,UAL,UA 699,UAL,2025-11-27 17:59:00,Arr 2040,2025-11-27,False
SFO,EWR,UA 698,UAL,UA 698,UAL,2025-11-27 21:35:00,Arr 0535,2025-11-27,False
DCA,IAH,UA 697,UAL,UA 697,UAL,2025-11-27 08:15:00,Arr 1033,2025-11-27,False
ORD,SJU,UA 695,UAL,UA 695,UAL,2025-11-27 14:20:00,Arr 2042,2025-11-27,False
IND,IAH,UA 694,UAL,UA 694,UAL,2025-11-27 15:35:00,Arr 1643,2025-11-27,False
EWR,DFW,UA 693,UAL,UA 693,UAL,2025-11-27 07:30:00,Arr 1026,2025-11-27,False
CLE,DEN,UA 690,UAL,UA 690,UAL,2025-11-27 08:45:00,Arr 0949,2025-11-27,False
IAD,BOS,UA 688,UAL,UA 688,UAL,2025-11-27 17:20:00,Arr 1908 (+10min),2025-11-27,False
SLC,IAD,UA 688,UAL,UA 688,UAL,2025-11-27 09:27:00,Arr 1502,2025-11-27,False
DEN,LAS,UA 687,UAL,UA 687,UAL,2025-11-27 11:30:00,Arr 1307 (+31min),2025-11-27,False
DRO,DEN,UA 687,UAL,UA 687,UAL,2025-11-27 07:00:00,Arr 0822,2025-11-27,False
EWR,IAH,UA 686,UAL,UA 686,UAL,2025-11-27 08:10:00,Arr 1053,2025-11-27,False
AUS,IAH,UA 685,UAL,UA 685,UAL,2025-11-27 16:18:00,Arr 1718,2025-11-27,False
SFO,SEA,UA 684,UAL,UA 684,UAL,2025-11-27 10:00:00,Arr 1156,2025-11-27,False
CMH,SFO,UA 684,UAL,UA 684,UAL,2025-11-27 07:00:00,Arr 0913,2025-11-27,False
IAD,TPA,UA 683,UAL,UA 683,UAL,2025-11-27 08:35:00,Arr 1104,2025-11-27,False
FLL,CLE,UA 679,UAL,UA 679,UAL,2025-11-27 12:06:00,Arr 1434,2025-11-27,False
MFE,IAH,UA 678,UAL,UA 678,UAL,2025-11-27 07:00:00,Arr 0801,2025-11-27,False
SLC,IAH,UA 677,UAL,UA 677,UAL,2025-11-27 13:11:00,Arr 1702,2025-11-27,False
IAH,PHX,UA 673,UAL,UA 673,UAL,2025-11-27 14:30:00,Arr 1615,2025-11-27,False
IAH,SEA,UA 672,UAL,UA 672,UAL,2025-11-27 09:45:00,Arr 1247,2025-11-27,False
LGA,IAH,UA 672,UAL,UA 672,UAL,2025-11-27 06:00:00,Arr 0852,2025-11-27,False
DEN,SBA,UA 671,UAL,UA 671,UAL,2025-11-27 11:25:00,Arr 1657 (+230min),2025-11-27,False
ORF,DEN,UA 671,UAL,UA 671,UAL,2025-11-27 08:03:00,Arr 1026 (+6min),2025-11-27,False
ORD,AUS,UA 669,UAL,UA 669,UAL,2025-11-27 07:10:00,Arr 0947,2025-11-27,False
SJU,IAH,UA 668,UAL,UA 668,UAL,2025-11-27 15:46:00,Arr 2045 (+109min),2025-11-27,False
LAS,ORD,UA 664,UAL,UA 664,UAL,2025-11-27 07:05:00,Arr 1230,2025-11-27,False
ORD,SAN,UA 660,UAL,UA 660,UAL,2025-11-27 08:51:00,Arr 1116,2025-11-27,False
IAH,SEA,UA 659,UAL,UA 659,UAL,2025-11-27 16:25:00,Arr 1903,2025-11-27,False
AUS,IAH,UA 656,UAL,UA 656,UAL,2025-11-27 07:10:00,Arr 0756,2025-11-27,False
IAH,DCA,UA 654,UAL,UA 654,UAL,2025-11-27 12:00:00,Arr 1557,2025-11-27,False
DEN,STL,UA 652,UAL,UA 652,UAL,2025-11-27 09:35:00,Arr 1213,2025-11-27,False
LAS,IAH,UA 650,UAL,UA 650,UAL,2025-11-27 12:23:00,Arr 1731 (+6min),2025-11-27,False
ORD,LAS,UA 650,UAL,UA 650,UAL,2025-11-27 07:30:00,Arr 0921,2025-11-27,False
EWR,SFO,UA 648,UAL,UA 648,UAL,2025-11-27 10:00:00,Arr 1317,2025-11-27,False
BOS,DEN,UA 647,UAL,UA 647,UAL,2025-11-27 07:25:00,Arr 0949,2025-11-27,False
IAH,ORD,UA 646,UAL,UA 646,UAL,2025-11-27 14:25:00,Arr 1715 (+7min),2025-11-27,False
PDX,IAH,UA 646,UAL,UA 646,UAL,2025-11-27 07:00:00,Arr 1258,2025-11-27,False
BNA,IAH,UA 644,UAL,UA 644,UAL,2025-11-27 06:25:00,Arr 0832,2025-11-27,False
PIT,SFO,UA 643,UAL,UA 643,UAL,2025-11-27 06:45:00,Arr 0858,2025-11-27,False
IAD,PHX,UA 642,UAL,UA 642,UAL,2025-11-27 12:35:00,Arr 1520,2025-11-27,False
IAD,BOS,UA 641,UAL,UA 641,UAL,2025-11-27 08:15:00,Arr 0928,2025-11-27,False
DEN,MSO,UA 639,UAL,UA 639,UAL,2025-11-27 11:20:00,Arr 1326,2025-11-27,False
SFO,HNL,UA 638,UAL,UA 638,UAL,2025-11-27 18:39:00,Arr 2154,2025-11-27,False
IAD,AUS,UA 637,UAL,UA 637,UAL,2025-11-27 08:25:00,Arr 1049,2025-11-27,False
BDL,IAD,UA 635,UAL,UA 635,UAL,2025-11-27 06:00:00,Arr 0724 (+1min),2025-11-27,False
ATL,IAD,UA 632,UAL,UA 632,UAL,2025-11-27 09:35:00,Arr 1057,2025-11-27,False
MCO,SFO,UA 626,UAL,UA 626,UAL,2025-11-27 08:45:00,Arr 1124,2025-11-27,False
SJC,DEN,UA 625,UAL,UA 625,UAL,2025-11-27 08:45:00,Arr 1204,2025-11-27,False
LGA,ORD,UA 623,UAL,UA 623,UAL,2025-11-27 09:15:00,Arr 1038,2025-11-27,False
PHL,ORD,UA 622,UAL,UA 622,UAL,2025-11-27 10:05:00,Arr 1118,2025-11-27,False
ABQ,DEN,UA 621,UAL,UA 621,UAL,2025-11-27 07:00:00,Arr 0836 (+8min),2025-11-27,False
IAD,PDX,UA 619,UAL,UA 619,UAL,2025-11-27 17:37:00,Arr 2036 (+7min),2025-11-27,False
ORD,BOS,UA 618,UAL,UA 618,UAL,2025-11-27 09:20:00,Arr 1222,2025-11-27,False
DEN,ORD,UA 617,UAL,UA 617,UAL,2025-11-27 13:25:00,Arr 1634,2025-11-27,False
SFO,LAS,UA 611,UAL,UA 611,UAL,2025-11-27 11:00:00,Arr 1256 (+12min),2025-11-27,False
DEN,BNA,UA 605,UAL,UA 605,UAL,2025-11-27 08:01:00,Arr 1107,2025-11-27,False
FSD,DEN,UA 604,UAL,UA 604,UAL,2025-11-27 08:57:00,Arr 1028 (+28min),2025-11-27,False
CLE,EWR,UA 601,UAL,UA 601,UAL,2025-11-27 06:27:00,Arr 0749,2025-11-27,False
IAD,DEN,UA 599,UAL,UA 599,UAL,2025-11-27 17:18:00,Arr 1939 (+10min),2025-11-27,False
PHX,DEN,UA 597,UAL,UA 597,UAL,2025-11-27 10:53:00,Arr 1227,2025-11-27,False
ORD,PHX,UA 597,UAL,UA 597,UAL,2025-11-27 07:25:00,Arr 1024 (+1min),2025-11-27,False
LAS,DEN,UA 596,UAL,UA 596,UAL,2025-11-27 05:55:00,Arr 0832,2025-11-27,False
AUS,DEN,UA 595,UAL,UA 595,UAL,2025-11-27 09:01:00,Arr 1015,2025-11-27,False
EWR,BOS,UA 593,UAL,UA 593,UAL,2025-11-27 11:10:00,Arr 1158,2025-11-27,False
BNA,EWR,UA 593,UAL,UA 593,UAL,2025-11-27 06:00:00,Arr 0851,2025-11-27,False
CHS,ORD,UA 592,UAL,UA 592,UAL,2025-11-27 11:25:00,Arr 1229,2025-11-27,False
IAH,SFO,UA 589,UAL,UA 589,UAL,2025-11-27 14:23:00,Arr 1617,2025-11-27,False
TPA,IAH,UA 589,UAL,UA 589,UAL,2025-11-27 09:40:00,Arr 1050,2025-11-27,False
ORD,IAD,UA 587,UAL,UA 587,UAL,2025-11-27 14:06:00,Arr 1719 (+21min),2025-11-27,False
LGA,DEN,UA 586,UAL,UA 586,UAL,2025-11-27 10:00:00,Arr 1206,2025-11-27,False
MCO,IAH,UA 584,UAL,UA 584,UAL,2025-11-27 07:05:00,Arr 0825,2025-11-27,False
CLE,IAD,UA 583,UAL,UA 583,UAL,2025-11-27 10:39:00,Arr 1153,2025-11-27,False
DSM,DEN,UA 581,UAL,UA 581,UAL,2025-11-27 09:01:00,Arr 1030 (+11min),2025-11-27,False
DEN,DFW,UA 578,UAL,UA 578,UAL,2025-11-27 13:47:00,Arr 1635,2025-11-27,False
EWR,BOS,UA 577,UAL,UA 577,UAL,2025-11-27 14:15:00,Arr 1509,2025-11-27,False
ORD,LAX,UA 576,UAL,UA 576,UAL,2025-11-27 14:30:00,Arr 1654,2025-11-27,False
IAH,MSY,UA 575,UAL,UA 575,UAL,2025-11-27 09:47:00,Arr 1055,2025-11-27,False
CLT,IAH,UA 575,UAL,UA 575,UAL,2025-11-27 06:45:00,Arr 0829,2025-11-27,False
LAS,SFO,UA 574,UAL,UA 574,UAL,2025-11-27 11:07:00,Arr 1230,2025-11-27,False
PHX,LAX,UA 573,UAL,UA 573,UAL,2025-11-27 20:50:00,Arr 2059,2025-11-27,False
EWR,IAH,UA 571,UAL,UA 571,UAL,2025-11-27 10:15:00,Arr 1338 (+13min),2025-11-27,False
ORD,MSY,UA 570,UAL,UA 570,UAL,2025-11-27 10:40:00,Arr 1241,2025-11-27,False
ATL,ORD,UA 570,UAL,UA 570,UAL,2025-11-27 08:10:00,Arr 0924,2025-11-27,False
EWR,BQN,UA 569,UAL,UA 569,UAL,2025-11-27 19:00:00,Arr 2358 (+1min),2025-11-27,False
ORD,EWR,UA 563,UAL,UA 563,UAL,2025-11-27 07:15:00,Arr 1017,2025-11-27,False
ORD,MCI,UA 561,UAL,UA 561,UAL,2025-11-27 12:45:00,Arr 1418,2025-11-27,False
PIT,ORD,UA 561,UAL,UA 561,UAL,2025-11-27 11:00:00,Arr 1124,2025-11-27,False
LAX,SFO,UA 560,UAL,UA 560,UAL,2025-11-27 06:00:00,Arr 0707,2025-11-27,False
EWR,MIA,UA 559,UAL,UA 559,UAL,2025-11-27 06:45:00,Arr 0950 (+1min),2025-11-27,False
DEN,BOS,UA 558,UAL,UA 558,UAL,2025-11-27 08:01:00,Arr 1346,2025-11-27,False
BZN,LAX,UA 556,UAL,UA 556,UAL,2025-11-27 13:37:00,Arr 1452,2025-11-27,False
ATL,EWR,UA 554,UAL,UA 554,UAL,2025-11-27 11:16:00,Arr 1312,2025-11-27,False
ORD,DCA,UA 551,UAL,UA 551,UAL,2025-11-27 08:00:00,Arr 1049,2025-11-27,False
EWR,TPA,UA 548,UAL,UA 548,UAL,2025-11-27 09:15:00,Arr 1216,2025-11-27,False
ORD,LAS,UA 547,UAL,UA 547,UAL,2025-11-27 12:56:00,Arr 1435,2025-11-27,False
LAS,EWR,UA 546,UAL,UA 546,UAL,2025-11-27 10:00:00,Arr 1733,2025-11-27,False
SFO,AUS,UA 545,UAL,UA 545,UAL,2025-11-27 11:09:00,Arr 1618,2025-11-27,False
IAH,CLE,UA 544,UAL,UA 544,UAL,2025-11-27 18:25:00,Arr 2158,2025-11-27,False
IAH,MSP,UA 543,UAL,UA 543,UAL,2025-11-27 11:55:00,Arr 1445,2025-11-27,False
DFW,IAH,UA 539,UAL,UA 539,UAL,2025-11-27 12:25:00,Arr 1321,2025-11-27,False
ORD,DFW,UA 539,UAL,UA 539,UAL,2025-11-27 07:25:00,Arr 0935,2025-11-27,False
DEN,SJC,UA 535,UAL,UA 535,UAL,2025-11-27 12:00:00,Arr 1336,2025-11-27,False
PDX,ORD,UA 534,UAL,UA 534,UAL,2025-11-27 10:52:00,Arr 1626,2025-11-27,False
ORD,TVC,UA 533,UAL,UA 533,UAL,2025-11-27 13:15:00,Arr 1511,2025-11-27,False
SFO,SNA,UA 532,UAL,UA 532,UAL,2025-11-27 13:28:00,Arr 1453,2025-11-27,False
SJC,IAH,UA 530,UAL,UA 530,UAL,2025-11-27 11:05:00,Arr 1719 (+32min),2025-11-27,False
SDF,IAD,UA 529,UAL,UA 529,UAL,2025-11-27 14:35:00,Arr 1549,2025-11-27,False
DFW,IAH,UA 528,UAL,UA 528,UAL,2025-11-27 14:25:00,Arr 1513,2025-11-27,False
AUS,IAD,UA 525,UAL,UA 525,UAL,2025-11-27 07:15:00,Arr 1109,2025-11-27,False
ORD,SNA,UA 520,UAL,UA 520,UAL,2025-11-27 12:45:00,Arr 1507,2025-11-27,False
SNA,IAH,UA 517,UAL,UA 517,UAL,2025-11-27 12:14:00,Arr 1712,2025-11-27,False
RSW,IAD,UA 516,UAL,UA 516,UAL,2025-11-27 13:45:00,Arr 1544,2025-11-27,False
EWR,SAT,UA 515,UAL,UA 515,UAL,2025-11-27 11:55:00,Arr 1459,2025-11-27,False
SFO,RDM,UA 514,UAL,UA 514,UAL,2025-11-27 16:40:00,Arr 1753,2025-11-27,False
EWR,DEN,UA 513,UAL,UA 513,UAL,2025-11-27 07:55:00,Arr 1046 (+18min),2025-11-27,False
IAH,DCA,UA 512,UAL,UA 512,UAL,2025-11-27 07:30:00,Arr 1112,2025-11-27,False
SFO,IAH,UA 512,UAL,UA 512,UAL,2025-11-27 00:43:00,Arr 0617,2025-11-27,False
PIT,EWR,UA 511,UAL,UA 511,UAL,2025-11-27 07:30:00,Arr 0828,2025-11-27,False
IAH,LAS,UA 507,UAL,UA 507,UAL,2025-11-27 12:00:00,Arr 1258,2025-11-27,False
IAH,MIA,UA 506,UAL,UA 506,UAL,2025-11-27 16:20:00,Arr 1931,2025-11-27,False
SFO,IAH,UA 505,UAL,UA 505,UAL,2025-11-27 23:59:00,Arr 0526,2025-11-27,False
SAN,SFO,UA 505,UAL,UA 505,UAL,2025-11-27 19:50:00,Arr 2121,2025-11-27,False
SFO,LAS,UA 504,UAL,UA 504,UAL,2025-11-27 23:05:00,Arr 0026,2025-11-27,False
BNA,DEN,UA 502,UAL,UA 502,UAL,2025-11-27 10:35:00,Arr 1227,2025-11-27,False
LAS,DEN,UA 501,UAL,UA 501,UAL,2025-11-27 09:46:00,Arr 1229,2025-11-27,False
IND,SFO,UA 500,UAL,UA 500,UAL,2025-11-27 07:22:00,Arr 0915,2025-11-27,False
SFO,BNA,UA 499,UAL,UA 499,UAL,2025-11-27 09:46:00,Arr 1541,2025-11-27,False
ORD,RNO,UA 498,UAL,UA 498,UAL,2025-11-27 12:50:00,Arr 1502,2025-11-27,False
IAH,FLL,UA 497,UAL,UA 497,UAL,2025-11-27 18:25:00,Arr 2140,2025-11-27,False
IAH,MCO,UA 496,UAL,UA 496,UAL,2025-11-27 14:30:00,Arr 1738,2025-11-27,False
SAN,IAH,UA 496,UAL,UA 496,UAL,2025-11-27 08:00:00,Arr 1307,2025-11-27,False
IAH,FLL,UA 494,UAL,UA 494,UAL,2025-11-27 09:40:00,Arr 1258,2025-11-27,False
MEM,IAH,UA 494,UAL,UA 494,UAL,2025-11-27 06:45:00,Arr 0815,2025-11-27,False
ORD,TVC,UA 493,UAL,UA 493,UAL,2025-11-27 10:35:00,Arr 1238,2025-11-27,False
ORD,TUL,UA 492,UAL,UA 492,UAL,2025-11-27 08:45:00,Arr 1112 (+19min),2025-11-27,False
IAH,MSY,UA 491,UAL,UA 491,UAL,2025-11-27 07:40:00,Arr 0832,2025-11-27,False
LAX,IAH,UA 491,UAL,UA 491,UAL,2025-11-27 00:55:00,Arr 0554,2025-11-27,False
IAH,OMA,UA 489,UAL,UA 489,UAL,2025-11-27 18:05:00,Arr 2006,2025-11-27,False
BUR,SFO,UA 488,UAL,UA 488,UAL,2025-11-27 07:15:00,Arr 0822,2025-11-27,False
IAH,SFO,UA 487,UAL,UA 487,UAL,2025-11-27 05:15:00,Arr 0704,2025-11-27,False
ORD,FSD,UA 486,UAL,UA 486,UAL,2025-11-27 13:02:00,Arr 1438,2025-11-27,False
ORD,SJC,UA 484,UAL,UA 484,UAL,2025-11-27 12:45:00,Arr 1510,2025-11-27,False
PHX,IAD,UA 483,UAL,UA 483,UAL,2025-11-27 23:59:00,Arr 0547,2025-11-27,False
ORD,CHS,UA 482,UAL,UA 482,UAL,2025-11-27 07:10:00,Arr 1009,2025-11-27,False
TUL,IAH,UA 481,UAL,UA 481,UAL,2025-11-27 06:45:00,Arr 0808,2025-11-27,False
EWR,DEN,UA 480,UAL,UA 480,UAL,2025-11-27 06:05:00,Arr 0821,2025-11-27,False
ORD,ONT,UA 479,UAL,UA 479,UAL,2025-11-27 12:45:00,Arr 1450,2025-11-27,False
ORD,MSN,UA 478,UAL,UA 478,UAL,2025-11-27 09:05:00,Arr 0955,2025-11-27,False
PHX,IAH,UA 477,UAL,UA 477,UAL,2025-11-27 07:00:00,Arr 1028,2025-11-27,False
IAH,EWR,UA 476,UAL,UA 476,UAL,2025-11-27 11:55:00,Arr 1626 (+5min),2025-11-27,False
SLC,IAH,UA 476,UAL,UA 476,UAL,2025-11-27 07:00:00,Arr 1040,2025-11-27,False
ORD,PVD,UA 475,UAL,UA 475,UAL,2025-11-27 11:05:00,Arr 1413,2025-11-27,False
ORD,IAD,UA 472,UAL,UA 472,UAL,2025-11-27 15:35:00,Arr 1811,2025-11-27,False
IAD,ATL,UA 471,UAL,UA 471,UAL,2025-11-27 12:52:00,Arr 1435,2025-11-27,False
SAT,IAD,UA 471,UAL,UA 471,UAL,2025-11-27 07:07:00,Arr 1103,2025-11-27,False
ORD,ICT,UA 470,UAL,UA 470,UAL,2025-11-27 08:50:00,Arr 1032,2025-11-27,False
IAH,LAX,UA 469,UAL,UA 469,UAL,2025-11-27 09:38:00,Arr 1126 (+1min),2025-11-27,False
SAT,IAH,UA 469,UAL,UA 469,UAL,2025-11-27 05:30:00,Arr 0621,2025-11-27,False
IAH,SAT,UA 468,UAL,UA 468,UAL,2025-11-27 11:55:00,Arr 1301,2025-11-27,False
ORD,MSP,UA 467,UAL,UA 467,UAL,2025-11-27 13:02:00,Arr 1424,2025-11-27,False
ORD,SLC,UA 466,UAL,UA 466,UAL,2025-11-27 09:00:00,Arr 1119,2025-11-27,False
ORD,GEG,UA 465,UAL,UA 465,UAL,2025-11-27 09:15:00,Arr 1108,2025-11-27,False
AUS,IAH,UA 464,UAL,UA 464,UAL,2025-11-27 14:30:00,Arr 1518,2025-11-27,False
ORD,PDX,UA 463,UAL,UA 463,UAL,2025-11-27 13:30:00,Arr 1558,2025-11-27,False
IAH,ATL,UA 462,UAL,UA 462,UAL,2025-11-27 14:55:00,Arr 1747,2025-11-27,False
PDX,DEN,UA 459,UAL,UA 459,UAL,2025-11-27 05:00:00,Arr 0820,2025-11-27,False
ORD,RIC,UA 457,UAL,UA 457,UAL,2025-11-27 07:35:00,Arr 1042 (+8min),2025-11-27,False
DEN,AUS,UA 456,UAL,UA 456,UAL,2025-11-27 08:10:00,Arr 1113,2025-11-27,False
ORD,PHX,UA 455,UAL,UA 455,UAL,2025-11-27 13:00:00,Arr 1541,2025-11-27,False
BWI,ORD,UA 455,UAL,UA 455,UAL,2025-11-27 10:56:00,Arr 1158,2025-11-27,False
ORD,DAY,UA 454,UAL,UA 454,UAL,2025-11-27 14:46:00,Arr 1700,2025-11-27,False
IAD,FLL,UA 453,UAL,UA 453,UAL,2025-11-27 17:55:00,Arr 2054 (+13min),2025-11-27,False
IAH,CMH,UA 451,UAL,UA 451,UAL,2025-11-27 16:20:00,Arr 1939,2025-11-27,False
MYR,EWR,UA 450,UAL,UA 450,UAL,2025-11-27 11:18:00,Arr 1241,2025-11-27,False
MSY,SFO,UA 448,UAL,UA 448,UAL,2025-11-27 18:15:00,Arr 2104,2025-11-27,False
EWR,MCO,UA 447,UAL,UA 447,UAL,2025-11-27 09:15:00,Arr 1209,2025-11-27,False
SYR,EWR,UA 447,UAL,UA 447,UAL,2025-11-27 06:00:00,Arr 0703,2025-11-27,False
EWR,LAS,UA 446,UAL,UA 446,UAL,2025-11-27 10:14:00,Arr 1231,2025-11-27,False
ORD,MCI,UA 445,UAL,UA 445,UAL,2025-11-27 07:20:00,Arr 0856,2025-11-27,False
ORD,ALB,UA 444,UAL,UA 444,UAL,2025-11-27 14:15:00,Arr 1718,2025-11-27,False
FLL,DEN,UA 442,UAL,UA 442,UAL,2025-11-27 08:00:00,Arr 1022,2025-11-27,False
IAH,EWR,UA 441,UAL,UA 441,UAL,2025-11-27 09:34:00,Arr 1337,2025-11-27,False
LAX,ORD,UA 440,UAL,UA 440,UAL,2025-11-27 23:20:00,Arr 0505,2025-11-27,False
LAX,SEA,UA 439,UAL,UA 439,UAL,2025-11-27 08:40:00,Arr 1107,2025-11-27,False
SFO,EWR,UA 435,UAL,UA 435,UAL,2025-11-27 08:35:00,Arr 1637,2025-11-27,False
MSP,SFO,UA 434,UAL,UA 434,UAL,2025-11-27 18:45:00,Arr 2046,2025-11-27,False
SFO,SEA,UA 433,UAL,UA 433,UAL,2025-11-27 11:20:00,Arr 1318,2025-11-27,False
MSP,EWR,UA 431,UAL,UA 431,UAL,2025-11-27 12:17:00,Arr 1603 (+3min),2025-11-27,False
DEN,ONT,UA 430,UAL,UA 430,UAL,2025-11-27 11:15:00,Arr 1232,2025-11-27,False
SAN,EWR,UA 427,UAL,UA 427,UAL,2025-11-27 22:48:00,Arr 0644,2025-11-27,False
DTW,ORD,UA 426,UAL,UA 426,UAL,2025-11-27 07:00:00,Arr 0751 (+25min),2025-11-27,False
LAX,AUS,UA 425,UAL,UA 425,UAL,2025-11-27 10:46:00,Arr 1526,2025-11-27,False
IAH,DEN,UA 423,UAL,UA 423,UAL,2025-11-27 10:15:00,Arr 1152,2025-11-27,False
LAX,PHX,UA 421,UAL,UA 421,UAL,2025-11-27 16:55:00,Arr 1854,2025-11-27,False
IAD,DEN,UA 419,UAL,UA 419,UAL,2025-11-27 08:25:00,Arr 1030 (+6min),2025-11-27,False
OGG,LAX,UA 418,UAL,UA 418,UAL,2025-11-27 14:06:00,Arr 2132 (+6min),2025-11-27,False
LAX,OGG,UA 417,UAL,UA 417,UAL,2025-11-27 09:05:00,Arr 1237,2025-11-27,False
DEN,CLE,UA 414,UAL,UA 414,UAL,2025-11-27 10:20:00,Arr 1504,2025-11-27,False
ICT,DEN,UA 414,UAL,UA 414,UAL,2025-11-27 06:00:00,Arr 0627,2025-11-27,False
IAH,PBI,UA 413,UAL,UA 413,UAL,2025-11-27 09:30:00,Arr 1329 (+29min),2025-11-27,False
JAX,ORD,UA 411,UAL,UA 411,UAL,2025-11-27 08:00:00,Arr 0928,2025-11-27,False
IAH,MCI,UA 410,UAL,UA 410,UAL,2025-11-27 16:20:00,Arr 1816,2025-11-27,False
MIA,EWR,UA 408,UAL,UA 408,UAL,2025-11-27 07:27:00,Arr 0956,2025-11-27,False
IAH,ONT,UA 407,UAL,UA 407,UAL,2025-11-27 14:40:00,Arr 1557,2025-11-27,False
LAS,EWR,UA 406,UAL,UA 406,UAL,2025-11-27 23:30:00,Arr 0659,2025-11-27,False
DEN,LAX,UA 405,UAL,UA 405,UAL,2025-11-27 10:12:00,Arr 1202 (+14min),2025-11-27,False
IAH,EWR,UA 404,UAL,UA 404,UAL,2025-11-27 18:32:00,Arr 2232,2025-11-27,False
EWR,FLL,UA 403,UAL,UA 403,UAL,2025-11-27 11:00:00,Arr 1358,2025-11-27,False
ABQ,IAH,UA 402,UAL,UA 402,UAL,2025-11-27 08:00:00,Arr 1051,2025-11-27,False
PHX,DEN,UA 401,UAL,UA 401,UAL,2025-11-27 06:30:00,Arr 0812,2025-11-27,False
SFO,LAS,UA 400,UAL,UA 400,UAL,2025-11-27 08:25:00,Arr 0954,2025-11-27,False
RDM,SFO,UA 400,UAL,UA 400,UAL,2025-11-27 06:00:00,Arr 0745,2025-11-27,False
ORD,BOS,UA 399,UAL,UA 399,UAL,2025-11-27 10:48:00,Arr 1403,2025-11-27,False
DEN,MSP,UA 397,UAL,UA 397,UAL,2025-11-27 07:45:00,Arr 1032,2025-11-27,False
IAH,IND,UA 395,UAL,UA 395,UAL,2025-11-27 16:20:00,Arr 1923,2025-11-27,False
LAX,CLE,UA 394,UAL,UA 394,UAL,2025-11-27 11:00:00,Arr 1819,2025-11-27,False
DEN,TYS,UA 393,UAL,UA 393,UAL,2025-11-27 11:04:00,Arr 1522,2025-11-27,False
DEN,HNL,UA 384,UAL,UA 384,UAL,2025-11-27 12:05:00,Arr 1617,2025-11-27,False
HNL,DEN,UA 383,UAL,UA 383,UAL,2025-11-27 20:45:00,Arr 0618,2025-11-27,False
DCA,IAH,UA 382,UAL,UA 382,UAL,2025-11-27 12:50:00,Arr 1457,2025-11-27,False
DFW,ORD,UA 380,UAL,UA 380,UAL,2025-11-27 07:00:00,Arr 0922,2025-11-27,False
IAD,MCO,UA 379,UAL,UA 379,UAL,2025-11-27 08:30:00,Arr 1107 (+12min),2025-11-27,False
PHX,IAH,UA 378,UAL,UA 378,UAL,2025-11-27 11:34:00,Arr 1503,2025-11-27,False
SFO,DEN,UA 377,UAL,UA 377,UAL,2025-11-27 14:49:00,Arr 1808,2025-11-27,False
IAH,DTW,UA 374,UAL,UA 374,UAL,2025-11-27 12:10:00,Arr 1604 (+12min),2025-11-27,False
HNL,SFO,UA 373,UAL,UA 373,UAL,2025-11-27 08:00:00,Arr 1541 (+21min),2025-11-27,False
BIL,DEN,UA 372,UAL,UA 372,UAL,2025-11-27 07:00:00,Arr 0822,2025-11-27,False
IAH,SDF,UA 371,UAL,UA 371,UAL,2025-11-27 10:06:00,Arr 1318,2025-11-27,False
EWR,FLL,UA 370,UAL,UA 370,UAL,2025-11-27 14:00:00,Arr 1722 (+23min),2025-11-27,False
DCA,SFO,UA 369,UAL,UA 369,UAL,2025-11-27 07:00:00,Arr 1008 (+1min),2025-11-27,False
IAD,EWR,UA 368,UAL,UA 368,UAL,2025-11-27 17:33:00,Arr 2000 (+50min),2025-11-27,False
IAD,BUF,UA 367,UAL,UA 367,UAL,2025-11-27 17:15:00,Arr 1816,2025-11-27,False
IAH,CLT,UA 366,UAL,UA 366,UAL,2025-11-27 14:45:00,Arr 1804,2025-11-27,False
SFO,RDU,UA 365,UAL,UA 365,UAL,2025-11-27 13:35:00,Arr 2119,2025-11-27,False
LAS,SFO,UA 365,UAL,UA 365,UAL,2025-11-27 10:05:00,Arr 1213 (+25min),2025-11-27,False
BDL,DEN,UA 364,UAL,UA 364,UAL,2025-11-27 07:31:00,Arr 0957,2025-11-27,False
PSC,DEN,UA 361,UAL,UA 361,UAL,2025-11-27 05:05:00,Arr 0813,2025-11-27,False
DFW,IAD,UA 358,UAL,UA 358,UAL,2025-11-27 12:10:00,Arr 1606 (+6min),2025-11-27,False
AUS,LAX,UA 357,UAL,UA 357,UAL,2025-11-27 07:30:00,Arr 0830,2025-11-27,False
SJC,ORD,UA 356,UAL,UA 356,UAL,2025-11-27 06:30:00,Arr 1246,2025-11-27,False
BOS,IAH,UA 355,UAL,UA 355,UAL,2025-11-27 09:50:00,Arr 1300,2025-11-27,False
EWR,LAS,UA 354,UAL,UA 354,UAL,2025-11-27 06:05:00,Arr 0852,2025-11-27,False
EWR,LAX,UA 353,UAL,UA 353,UAL,2025-11-27 19:30:00,Arr 2215,2025-11-27,False
MCO,CLE,UA 352,UAL,UA 352,UAL,2025-11-27 11:23:00,Arr 1321,2025-11-27,False
IAH,BWI,UA 351,UAL,UA 351,UAL,2025-11-27 12:00:00,Arr 1548,2025-11-27,False
IAH,BOS,UA 350,UAL,UA 350,UAL,2025-11-27 12:58:00,Arr 1734,2025-11-27,False
DEN,MSY,UA 348,UAL,UA 348,UAL,2025-11-27 07:45:00,Arr 1058,2025-11-27,False
DEN,IAD,UA 347,UAL,UA 347,UAL,2025-11-27 13:35:00,Arr 1831,2025-11-27,False
IAD,JAX,UA 345,UAL,UA 345,UAL,2025-11-27 08:45:00,Arr 1049,2025-11-27,False
IAH,LGA,UA 344,UAL,UA 344,UAL,2025-11-27 10:13:00,Arr 1434,2025-11-27,False
ORD,SFO,UA 343,UAL,UA 343,UAL,2025-11-27 10:35:00,Arr 1306,2025-11-27,False
IAH,ORD,UA 343,UAL,UA 343,UAL,2025-11-27 05:00:00,Arr 0742 (+1min),2025-11-27,False
IAH,ABQ,UA 341,UAL,UA 341,UAL,2025-11-27 16:32:00,Arr 1736,2025-11-27,False
DEN,PWM,UA 340,UAL,UA 340,UAL,2025-11-27 10:05:00,Arr 1540,2025-11-27,False
SFO,STL,UA 336,UAL,UA 336,UAL,2025-11-27 10:35:00,Diverted,2025-11-27,False
SNA,SFO,UA 336,UAL,UA 336,UAL,2025-11-27 07:20:00,Arr 0830,2025-11-27,False
EUG,SFO,UA 335,UAL,UA 335,UAL,2025-11-27 06:00:00,Arr 0722,2025-11-27,False
EWR,PHX,UA 334,UAL,UA 334,UAL,2025-11-27 09:00:00,Arr 1225,2025-11-27,False
BOS,LAX,UA 333,UAL,UA 333,UAL,2025-11-27 18:10:00,Arr 2109,2025-11-27,False
DEN,CID,UA 331,UAL,UA 331,UAL,2025-11-27 11:30:00,Arr 1410,2025-11-27,False
IAD,DFW,UA 330,UAL,UA 330,UAL,2025-11-27 12:54:00,Arr 1510,2025-11-27,False
SFO,PIT,UA 329,UAL,UA 329,UAL,2025-11-27 08:30:00,Arr 1556,2025-11-27,False
BOI,SFO,UA 329,UAL,UA 329,UAL,2025-11-27 06:20:00,Arr 0706,2025-11-27,False
EWR,SMF,UA 327,UAL,UA 327,UAL,2025-11-27 10:30:00,Arr 1329,2025-11-27,False
IAD,SEA,UA 326,UAL,UA 326,UAL,2025-11-27 17:55:00,Arr 2058 (+4min),2025-11-27,False
TPA,IAD,UA 326,UAL,UA 326,UAL,2025-11-27 13:40:00,Arr 1551,2025-11-27,False
EWR,MYR,UA 325,UAL,UA 325,UAL,2025-11-27 08:20:00,Arr 1001,2025-11-27,False
BOI,SFO,UA 324,UAL,UA 324,UAL,2025-11-27 14:40:00,Arr 1510,2025-11-27,False
EWR,MSP,UA 323,UAL,UA 323,UAL,2025-11-27 09:00:00,Arr 1044,2025-11-27,False
ORD,PHX,UA 321,UAL,UA 321,UAL,2025-11-27 08:45:00,Arr 1150,2025-11-27,False
DEN,IAH,UA 320,UAL,UA 320,UAL,2025-11-27 05:00:00,Arr 0813,2025-11-27,False
DEN,EUG,UA 318,UAL,UA 318,UAL,2025-11-27 11:15:00,Arr 1304,2025-11-27,False
FLL,IAD,UA 315,UAL,UA 315,UAL,2025-11-27 12:20:00,Arr 1421,2025-11-27,False
IAD,ABQ,UA 314,UAL,UA 314,UAL,2025-11-27 09:00:00,Arr 1105,2025-11-27,False
PHX,IAH,UA 313,UAL,UA 313,UAL,2025-11-27 13:25:00,Arr 1656,2025-11-27,False
DEN,ICT,UA 312,UAL,UA 312,UAL,2025-11-27 09:48:00,Arr 1203,2025-11-27,False
LAX,DEN,UA 311,UAL,UA 311,UAL,2025-11-27 13:02:00,Arr 1607,2025-11-27,False
BOS,LAX,UA 311,UAL,UA 311,UAL,2025-11-27 08:30:00,Arr 1146,2025-11-27,False
MSY,ORD,UA 310,UAL,UA 310,UAL,2025-11-27 10:40:00,Arr 1307,2025-11-27,False
IAD,RSW,UA 308,UAL,UA 308,UAL,2025-11-27 09:00:00,Arr 1140,2025-11-27,False
CMH,ORD,UA 307,UAL,UA 307,UAL,2025-11-27 07:00:00,Arr 0739 (+12min),2025-11-27,False
CLE,LAX,UA 306,UAL,UA 306,UAL,2025-11-27 06:47:00,Arr 0835,2025-11-27,False
DEN,XNA,UA 305,UAL,UA 305,UAL,2025-11-27 09:40:00,Arr 1203,2025-11-27,False
LGA,ORD,UA 304,UAL,UA 304,UAL,2025-11-27 08:15:00,Arr 0950,2025-11-27,False
MCI,ORD,UA 303,UAL,UA 303,UAL,2025-11-27 08:00:00,Arr 0941 (+3min),2025-11-27,False
DTW,DEN,UA 302,UAL,UA 302,UAL,2025-11-27 09:07:00,Arr 1020,2025-11-27,False
DEN,SYR,UA 301,UAL,UA 301,UAL,2025-11-27 13:45:00,Arr 1849,2025-11-27,False
SFO,HNL,UA 300,UAL,UA 300,UAL,2025-11-27 13:45:00,Arr 1652,2025-11-27,False
ATL,EWR,UA 299,UAL,UA 299,UAL,2025-11-27 06:25:00,Arr 0818,2025-11-27,False
EWR,BOS,UA 298,UAL,UA 298,UAL,2025-11-27 06:25:00,Arr 0711,2025-11-27,False
FLL,ORD,UA 297,UAL,UA 297,UAL,2025-11-27 11:01:00,Arr 1313,2025-11-27,False
DEN,GEG,UA 295,UAL,UA 295,UAL,2025-11-27 11:15:00,Arr 1305 (+20min),2025-11-27,False
MSY,DEN,UA 295,UAL,UA 295,UAL,2025-11-27 08:00:00,Arr 0954,2025-11-27,False
OMA,ORD,UA 293,UAL,UA 293,UAL,2025-11-27 08:00:00,Arr 0941,2025-11-27,False
AUS,SFO,UA 292,UAL,UA 292,UAL,2025-11-27 17:49:00,Arr 1931,2025-11-27,False
DEN,RIC,UA 291,UAL,UA 291,UAL,2025-11-27 13:25:00,Arr 1937 (+53min),2025-11-27,False
DEN,RAP,UA 287,UAL,UA 287,UAL,2025-11-27 13:25:00,Arr 1432,2025-11-27,False
SFO,EWR,UA 285,UAL,UA 285,UAL,2025-11-27 22:45:00,Arr 0631,2025-11-27,False
EWR,PDX,UA 284,UAL,UA 284,UAL,2025-11-27 14:05:00,Arr 1701,2025-11-27,False
FLL,SFO,UA 282,UAL,UA 282,UAL,2025-11-27 08:15:00,Arr 1122,2025-11-27,False
EWR,AUS,UA 281,UAL,UA 281,UAL,2025-11-27 11:11:00,Arr 1409,2025-11-27,False
DEN,ANC,UA 280,UAL,UA 280,UAL,2025-11-27 11:40:00,Arr 1516,2025-11-27,False
EWR,MSN,UA 279,UAL,UA 279,UAL,2025-11-27 14:22:00,Arr 1541,2025-11-27,False
EWR,CLT,UA 278,UAL,UA 278,UAL,2025-11-27 11:00:00,Arr 1244,2025-11-27,False
IAH,FLL,UA 277,UAL,UA 277,UAL,2025-11-27 16:20:00,Arr 1928,2025-11-27,False
SFO,IAH,UA 277,UAL,UA 277,UAL,2025-11-27 09:10:00,Arr 1454,2025-11-27,False
FLL,EWR,UA 275,UAL,UA 275,UAL,2025-11-27 10:04:00,Arr 1237,2025-11-27,False
EWR,GRR,UA 274,UAL,UA 274,UAL,2025-11-27 10:00:00,Arr 1158,2025-11-27,False
FLL,IAH,UA 273,UAL,UA 273,UAL,2025-11-27 11:30:00,Arr 1327,2025-11-27,False
DEN,MSN,UA 272,UAL,UA 272,UAL,2025-11-27 10:59:00,Arr 1353,2025-11-27,False
DEN,PBI,UA 271,UAL,UA 271,UAL,2025-11-27 09:45:00,Arr 1519,2025-11-27,False
EWR,SNA,UA 270,UAL,UA 270,UAL,2025-11-27 06:45:00,Arr 0948,2025-11-27,False
IAD,PHX,UA 267,UAL,UA 267,UAL,2025-11-27 08:20:00,Arr 1101,2025-11-27,False
DEN,ORF,UA 264,UAL,UA 264,UAL,2025-11-27 13:50:00,Arr 1858,2025-11-27,False
DEN,DFW,UA 263,UAL,UA 263,UAL,2025-11-27 08:01:00,Arr 1045,2025-11-27,False
EWR,ORD,UA 262,UAL,UA 262,UAL,2025-11-27 13:00:00,Arr 1420,2025-11-27,False
DEN,DRO,UA 259,UAL,UA 259,UAL,2025-11-27 13:45:00,Arr 1442,2025-11-27,False
EWR,BUF,UA 255,UAL,UA 255,UAL,2025-11-27 08:30:00,Arr 0947,2025-11-27,False
EWR,BOS,UA 254,UAL,UA 254,UAL,2025-11-27 07:55:00,Arr 1046 (+92min),2025-11-27,False
IAH,HNL,UA 253,UAL,UA 253,UAL,2025-11-27 09:35:00,Arr 1346,2025-11-27,False
HNL,IAH,UA 252,UAL,UA 252,UAL,2025-11-27 20:30:00,Arr 0751,2025-11-27,False
IAD,MSY,UA 251,UAL,UA 251,UAL,2025-11-27 17:45:00,Arr 1930,2025-11-27,False
SFO,ORD,UA 249,UAL,UA 249,UAL,2025-11-27 23:44:00,Arr 0539,2025-11-27,False
FLL,SFO,UA 249,UAL,UA 249,UAL,2025-11-27 17:55:00,Arr 2113,2025-11-27,False
DEN,DAY,UA 248,UAL,UA 248,UAL,2025-11-27 13:25:00,Arr 1839 (+38min),2025-11-27,False
LAX,DEN,UA 248,UAL,UA 248,UAL,2025-11-27 06:55:00,Arr 1003,2025-11-27,False
RDU,ORD,UA 247,UAL,UA 247,UAL,2025-11-27 10:00:00,Arr 1112,2025-11-27,False
DEN,DTW,UA 245,UAL,UA 245,UAL,2025-11-27 10:05:00,Arr 1453,2025-11-27,False
BNA,IAH,UA 241,UAL,UA 241,UAL,2025-11-27 10:50:00,Arr 1240,2025-11-27,False
DEN,CLT,UA 235,UAL,UA 235,UAL,2025-11-27 13:45:00,Arr 1900 (+3min),2025-11-27,False
IAH,SFO,UA 234,UAL,UA 234,UAL,2025-11-27 17:02:00,Arr 1859,2025-11-27,False
ORD,AUS,UA 233,UAL,UA 233,UAL,2025-11-27 10:55:00,Arr 1327,2025-11-27,False
DEN,BUF,UA 231,UAL,UA 231,UAL,2025-11-27 14:00:00,Arr 1900,2025-11-27,False
BUF,EWR,UA 230,UAL,UA 230,UAL,2025-11-27 10:55:00,Arr 1154,2025-11-27,False
BOS,IAH,UA 226,UAL,UA 226,UAL,2025-11-27 07:00:00,Arr 1016,2025-11-27,False
MCO,EWR,UA 225,UAL,UA 225,UAL,2025-11-27 09:00:00,Arr 1119,2025-11-27,False
ORD,BZN,UA 224,UAL,UA 224,UAL,2025-11-27 09:15:00,Arr 1131,2025-11-27,False
ATL,IAH,UA 222,UAL,UA 222,UAL,2025-11-27 11:55:00,Arr 1253,2025-11-27,False
DEN,ELP,UA 221,UAL,UA 221,UAL,2025-11-27 11:40:00,Arr 1325,2025-11-27,False
ORD,HNL,UA 219,UAL,UA 219,UAL,2025-11-27 09:35:00,Arr 1416,2025-11-27,False
HNL,ORD,UA 218,UAL,UA 218,UAL,2025-11-27 18:05:00,Arr 0549,2025-11-27,False
SFO,ONT,UA 216,UAL,UA 216,UAL,2025-11-27 16:13:00,Arr 1724,2025-11-27,False
BTV,ORD,UA 215,UAL,UA 215,UAL,2025-11-27 06:10:00,Arr 0739,2025-11-27,False
GTF,DEN,UA 214,UAL,UA 214,UAL,2025-11-27 06:20:00,Arr 0759,2025-11-27,False
BZN,SFO,UA 213,UAL,UA 213,UAL,2025-11-27 19:30:00,Arr 2037,2025-11-27,False
IAD,BDL,UA 203,UAL,UA 203,UAL,2025-11-27 17:23:00,Arr 1835,2025-11-27,False
FLL,IAH,UA 202,UAL,UA 202,UAL,2025-11-27 18:14:00,Arr 1942,2025-11-27,False
HNL,GUM,UA 201,UAL,UA 201,UAL,2025-11-27 15:05:00,Arr 1824,2025-11-27,False
GUM,HNL,UA 200,UAL,UA 200,UAL,2025-11-27 07:40:00,Arr 1849,2025-11-27,False
GUM,SPN,UA 174,UAL,UA 174,UAL,2025-11-27 08:00:00,Arr 0828,2025-11-27,False
SPN,GUM,UA 76,UAL,UA 76,UAL,2025-11-27 09:50:00,Arr 1013,2025-11-27,False
CVG,IAH,UA 6367,UAL,YV 6367,ASH,2025-11-27 11:45:00,Arr 1308,2025-11-27,False
SAV,IAD,UA 6366,UAL,YV 6366,ASH,2025-11-27 09:45:00,Arr 1056,2025-11-27,False
IAH,DTW,UA 6365,UAL,YV 6365,ASH,2025-11-27 09:50:00,Arr 1335,2025-11-27,False
IAH,SAV,UA 6355,UAL,YV 6355,ASH,2025-11-27 14:26:00,Arr 1722,2025-11-27,False
ECP,IAH,UA 6349,UAL,YV 6349,ASH,2025-11-27 06:30:00,Arr 1002 (+83min),2025-11-27,False
IAH,MAF,UA 6338,UAL,YV 6338,ASH,2025-11-27 12:10:00,Arr 1332,2025-11-27,False
SDF,IAH,UA 6326,UAL,YV 6326,ASH,2025-11-27 09:15:00,Arr 1036,2025-11-27,False
IAD,SAV,UA 6321,UAL,YV 6321,ASH,2025-11-27 08:45:00,Arr 1340 (+174min),2025-11-27,False
LIT,IAH,UA 6313,UAL,YV 6313,ASH,2025-11-27 09:10:00,Arr 1034,2025-11-27,False
IAH,CVG,UA 6312,UAL,YV 6312,ASH,2025-11-27 07:40:00,Arr 1057,2025-11-27,False
IAH,ELP,UA 6309,UAL,YV 6309,ASH,2025-11-27 10:05:00,Arr 1102,2025-11-27,False
ELP,IAH,UA 6303,UAL,YV 6303,ASH,2025-11-27 05:49:00,Arr 0827,2025-11-27,False
IAH,BHM,UA 6300,UAL,YV 6300,ASH,2025-11-27 12:13:00,Arr 1355,2025-11-27,False
RDU,IAH,UA 6296,UAL,YV 6296,ASH,2025-11-27 13:15:00,Arr 1511,2025-11-27,False
IAH,CHS,UA 6295,UAL,YV 6295,ASH,2025-11-27 12:40:00,Arr 1555,2025-11-27,False
XNA,IAH,UA 6290,UAL,YV 6290,ASH,2025-11-27 11:51:00,Arr 1313,2025-11-27,False
XNA,IAH,UA 6282,UAL,YV 6282,ASH,2025-11-27 06:50:00,Arr 1109 (+139min),2025-11-27,False
ORF,IAH,UA 6278,UAL,YV 6278,ASH,2025-11-27 06:07:00,Arr 0825,2025-11-27,False
IAH,TUS,UA 6273,UAL,YV 6273,ASH,2025-11-27 09:30:00,Arr 1104,2025-11-27,False
IAH,CMH,UA 6271,UAL,YV 6271,ASH,2025-11-27 07:20:00,Arr 1040,2025-11-27,False
XNA,IAH,UA 6270,UAL,YV 6270,ASH,2025-11-27 09:00:00,Arr 1028,2025-11-27,False
TUS,IAH,UA 6269,UAL,YV 6269,ASH,2025-11-27 07:35:00,Arr 1045,2025-11-27,False
SDF,IAH,UA 6266,UAL,YV 6266,ASH,2025-11-27 07:10:00,Arr 0840,2025-11-27,False
TUS,IAH,UA 6263,UAL,YV 6263,ASH,2025-11-27 12:01:00,Arr 1511,2025-11-27,False
PSP,IAH,UA 6262,UAL,YV 6262,ASH,2025-11-27 12:00:00,Arr 1647,2025-11-27,False
SDF,IAD,UA 6254,UAL,YV 6254,ASH,2025-11-27 09:55:00,Arr 1120,2025-11-27,False
SBN,IAD,UA 6252,UAL,YV 6252,ASH,2025-11-27 09:59:00,Arr 1149 (+9min),2025-11-27,False
DTW,IAH,UA 6251,UAL,YV 6251,ASH,2025-11-27 10:59:00,Arr 1317,2025-11-27,False
OKC,IAH,UA 6248,UAL,YV 6248,ASH,2025-11-27 09:35:00,Arr 1055,2025-11-27,False
OKC,IAH,UA 6247,UAL,YV 6247,ASH,2025-11-27 07:00:00,Arr 0817,2025-11-27,False
IAD,DTW,UA 6246,UAL,YV 6246,ASH,2025-11-27 17:10:00,Arr 1844,2025-11-27,False
OKC,IAH,UA 6242,UAL,YV 6242,ASH,2025-11-27 12:00:00,Arr 1346 (+11min),2025-11-27,False
OKC,IAH,UA 6241,UAL,YV 6241,ASH,2025-11-27 05:00:00,Arr 0608,2025-11-27,False
IAD,CLT,UA 6239,UAL,YV 6239,ASH,2025-11-27 12:30:00,Arr 1359,2025-11-27,False
CLT,IAH,UA 6236,UAL,YV 6236,ASH,2025-11-27 11:34:00,Arr 1328,2025-11-27,False
MKE,IAH,UA 6235,UAL,YV 6235,ASH,2025-11-27 08:00:00,Arr 1036,2025-11-27,False
LGA,IAD,UA 6230,UAL,YV 6230,ASH,2025-11-27 10:25:00,Arr 1132,2025-11-27,False
LFT,IAH,UA 6227,UAL,YV 6227,ASH,2025-11-27 05:20:00,Arr 0616,2025-11-27,False
LBB,IAH,UA 6224,UAL,YV 6224,ASH,2025-11-27 09:30:00,Arr 1110,2025-11-27,False
SAV,IAH,UA 6220,UAL,YV 6220,ASH,2025-11-27 07:04:00,Arr 0839,2025-11-27,False
IAH,ELP,UA 6217,UAL,YV 6217,ASH,2025-11-27 15:05:00,Arr 1551,2025-11-27,False
IAH,STL,UA 6214,UAL,YV 6214,ASH,2025-11-27 08:35:00,Arr 1027,2025-11-27,False
STL,IAH,UA 6213,UAL,YV 6213,ASH,2025-11-27 11:20:00,Arr 1313,2025-11-27,False
IND,IAD,UA 6212,UAL,YV 6212,ASH,2025-11-27 05:45:00,Arr 0705,2025-11-27,False
IAH,XNA,UA 6211,UAL,YV 6211,ASH,2025-11-27 09:30:00,Arr 1100,2025-11-27,False
IAD,CLT,UA 6209,UAL,YV 6209,ASH,2025-11-27 17:17:00,Arr 1842,2025-11-27,False
CLT,IAD,UA 6203,UAL,YV 6203,ASH,2025-11-27 14:50:00,Arr 1557,2025-11-27,False
IAH,CLT,UA 6202,UAL,YV 6202,ASH,2025-11-27 12:05:00,Arr 1511,2025-11-27,False
MCI,IAH,UA 6201,UAL,YV 6201,ASH,2025-11-27 06:15:00,Arr 0828,2025-11-27,False
IAH,SAV,UA 6200,UAL,YV 6200,ASH,2025-11-27 09:45:00,Arr 1305,2025-11-27,False
IAD,SAV,UA 6193,UAL,YV 6193,ASH,2025-11-27 12:50:00,Arr 1528 (+46min),2025-11-27,False
DTW,IAD,UA 6190,UAL,YV 6190,ASH,2025-11-27 14:35:00,Arr 1623 (+13min),2025-11-27,False
IAH,XNA,UA 6188,UAL,YV 6188,ASH,2025-11-27 18:30:00,Arr 1958,2025-11-27,False
IAH,SLC,UA 6187,UAL,YV 6187,ASH,2025-11-27 12:30:00,Arr 1440,2025-11-27,False
IAH,MAF,UA 6186,UAL,YV 6186,ASH,2025-11-27 09:46:00,Arr 1144 (+20min),2025-11-27,False
SAV,IAH,UA 6185,UAL,YV 6185,ASH,2025-11-27 15:30:00,Arr 1752 (+36min),2025-11-27,False
IAH,PSP,UA 6180,UAL,YV 6180,ASH,2025-11-27 09:30:00,Arr 1042,2025-11-27,False
IAH,LFT,UA 6177,UAL,YV 6177,ASH,2025-11-27 14:20:00,Arr 1520,2025-11-27,False
IAH,RIC,UA 6173,UAL,YV 6173,ASH,2025-11-27 12:00:00,Arr 1537,2025-11-27,False
IAH,STL,UA 6172,UAL,YV 6172,ASH,2025-11-27 13:43:00,Arr 1527,2025-11-27,False
IAH,XNA,UA 6169,UAL,YV 6169,ASH,2025-11-27 14:26:00,Arr 1557,2025-11-27,False
DTW,IAD,UA 6168,UAL,YV 6168,ASH,2025-11-27 05:45:00,Arr 1151 (+264min),2025-11-27,False
IAH,OKC,UA 6167,UAL,YV 6167,ASH,2025-11-27 07:20:00,Arr 0835,2025-11-27,False
ELP,IAH,UA 6163,UAL,YV 6163,ASH,2025-11-27 07:30:00,Arr 1021,2025-11-27,False
IAH,IND,UA 6162,UAL,YV 6162,ASH,2025-11-27 07:30:00,Arr 1042,2025-11-27,False
IND,IAD,UA 6157,UAL,YV 6157,ASH,2025-11-27 10:05:00,Arr 1144,2025-11-27,False
IAH,MCI,UA 6152,UAL,YV 6152,ASH,2025-11-27 12:10:00,Arr 1411,2025-11-27,False
ABQ,IAH,UA 6151,UAL,YV 6151,ASH,2025-11-27 12:15:00,Arr 1511,2025-11-27,False
BTR,IAH,UA 6150,UAL,YV 6150,ASH,2025-11-27 07:00:00,Arr 0755,2025-11-27,False
IAH,RDU,UA 6148,UAL,YV 6148,ASH,2025-11-27 08:57:00,Arr 1221,2025-11-27,False
IAH,CRP,UA 6146,UAL,YV 6146,ASH,2025-11-27 14:27:00,Arr 1517,2025-11-27,False
IAH,MKE,UA 6139,UAL,YV 6139,ASH,2025-11-27 12:05:00,Arr 1445,2025-11-27,False
IAD,IND,UA 6138,UAL,YV 6138,ASH,2025-11-27 12:45:00,Arr 1422,2025-11-27,False
IAD,DTW,UA 6137,UAL,YV 6137,ASH,2025-11-27 08:25:00,Arr 1037 (+31min),2025-11-27,False
IAH,MCI,UA 6134,UAL,YV 6134,ASH,2025-11-27 07:30:00,Arr 0930 (+1min),2025-11-27,False
IAD,MCI,UA 6126,UAL,YV 6126,ASH,2025-11-27 17:55:00,Arr 1947,2025-11-27,False
MCI,IAH,UA 6124,UAL,YV 6124,ASH,2025-11-27 15:00:00,Arr 1659,2025-11-27,False
IAH,OKC,UA 6122,UAL,YV 6122,ASH,2025-11-27 09:40:00,Arr 1140 (+25min),2025-11-27,False
IAH,TUS,UA 6120,UAL,YV 6120,ASH,2025-11-27 16:20:00,Arr 1741,2025-11-27,False
IAH,COS,UA 6119,UAL,YV 6119,ASH,2025-11-27 09:50:00,Arr 1123,2025-11-27,False
MCI,IAD,UA 6115,UAL,YV 6115,ASH,2025-11-27 12:45:00,Arr 1606,2025-11-27,False
PHL,IAD,UA 6113,UAL,YV 6113,ASH,2025-11-27 15:00:00,Arr 1553,2025-11-27,False
IAH,ORF,UA 6111,UAL,YV 6111,ASH,2025-11-27 16:20:00,Arr 2022 (+1min),2025-11-27,False
IAH,BTR,UA 6110,UAL,YV 6110,ASH,2025-11-27 10:05:00,Arr 1058,2025-11-27,False
IAD,MDT,UA 4986,UAL,C5 4986,UCA,2025-11-27 08:35:00,Arr 0913,2025-11-27,False
HRL,IAH,UA 4980,UAL,C5 4980,UCA,2025-11-27 12:10:00,Arr 1322,2025-11-27,False
MDT,IAD,UA 4974,UAL,C5 4974,UCA,2025-11-27 10:25:00,Arr 1103,2025-11-27,False
ALB,IAD,UA 4970,UAL,C5 4970,UCA,2025-11-27 05:50:00,Arr 0736 (+1min),2025-11-27,False
AMA,IAH,UA 4968,UAL,C5 4968,UCA,2025-11-27 06:30:00,Arr 0831 (+7min),2025-11-27,False
IAD,AVP,UA 4965,UAL,C5 4965,UCA,2025-11-27 08:35:00,Arr 0934,2025-11-27,False
IAD,GSP,UA 4963,UAL,C5 4963,UCA,2025-11-27 17:25:00,Arr 1911 (+1min),2025-11-27,False
GSP,IAD,UA 4958,UAL,C5 4958,UCA,2025-11-27 10:00:00,Arr 1117,2025-11-27,False
SHV,IAH,UA 4957,UAL,C5 4957,UCA,2025-11-27 12:15:00,Arr 1303,2025-11-27,False
IAH,SHV,UA 4952,UAL,C5 4952,UCA,2025-11-27 10:30:00,Arr 1130,2025-11-27,False
MOB,IAD,UA 4951,UAL,C5 4951,UCA,2025-11-27 12:45:00,Arr 1544,2025-11-27,False
MOB,IAD,UA 4949,UAL,C5 4949,UCA,2025-11-27 08:00:00,Arr 1049,2025-11-27,False
IAD,MOB,UA 4948,UAL,C5 4948,UCA,2025-11-27 09:00:00,Arr 1042 (+5min),2025-11-27,False
IAH,HSV,UA 4946,UAL,C5 4946,UCA,2025-11-27 14:55:00,Arr 1637,2025-11-27,False
IAD,ITH,UA 4945,UAL,C5 4945,UCA,2025-11-27 17:15:00,Arr 1812,2025-11-27,False
ALB,IAD,UA 4942,UAL,C5 4942,UCA,2025-11-27 14:41:00,Arr 1625 (+7min),2025-11-27,False
ITH,IAD,UA 4939,UAL,C5 4939,UCA,2025-11-27 06:10:00,Arr 0721,2025-11-27,False
SCE,IAD,UA 4938,UAL,C5 4938,UCA,2025-11-27 15:15:00,Arr 1545,2025-11-27,False
LCH,IAH,UA 4934,UAL,C5 4934,UCA,2025-11-27 14:15:00,Arr 1453,2025-11-27,False
IAD,MHT,UA 4930,UAL,C5 4930,UCA,2025-11-27 12:13:00,Arr 1459 (+72min),2025-11-27,False
IAH,BRO,UA 4929,UAL,C5 4929,UCA,2025-11-27 14:35:00,Arr 1532,2025-11-27,False
IAH,CRP,UA 4927,UAL,C5 4927,UCA,2025-11-27 12:09:00,Arr 1259,2025-11-27,False
IAD,ALB,UA 4926,UAL,C5 4926,UCA,2025-11-27 17:15:00,Arr 1849,2025-11-27,False
ROA,IAD,UA 4922,UAL,C5 4922,UCA,2025-11-27 06:20:00,Arr 0714,2025-11-27,False
IAH,LCH,UA 4921,UAL,C5 4921,UCA,2025-11-27 12:15:00,Arr 1302,2025-11-27,False
IAD,TYS,UA 4914,UAL,C5 4914,UCA,2025-11-27 18:36:00,Arr 2000,2025-11-27,False
TYS,IAH,UA 4913,UAL,C5 4913,UCA,2025-11-27 07:00:00,Arr 0854 (+11min),2025-11-27,False
HSV,IAH,UA 4909,UAL,C5 4909,UCA,2025-11-27 11:09:00,Arr 1251,2025-11-27,False
IAH,LFT,UA 4906,UAL,C5 4906,UCA,2025-11-27 10:03:00,Arr 1106,2025-11-27,False
IAH,TYS,UA 4900,UAL,C5 4900,UCA,2025-11-27 16:55:00,Arr 2022 (+13min),2025-11-27,False
IAH,JAN,UA 4896,UAL,C5 4896,UCA,2025-11-27 11:55:00,Arr 1322,2025-11-27,False
IAH,TYS,UA 4890,UAL,C5 4890,UCA,2025-11-27 14:50:00,Arr 1756,2025-11-27,False
ALB,IAD,UA 4889,UAL,C5 4889,UCA,2025-11-27 10:00:00,Arr 1122,2025-11-27,False
IAH,TYS,UA 4887,UAL,C5 4887,UCA,2025-11-27 10:05:00,Arr 1318,2025-11-27,False
IAD,SCE,UA 4884,UAL,C5 4884,UCA,2025-11-27 17:30:00,Arr 1844 (+6min),2025-11-27,False
IAH,PNS,UA 4882,UAL,C5 4882,UCA,2025-11-27 18:30:00,Arr 1946,2025-11-27,False
ICT,IAH,UA 4881,UAL,C5 4881,UCA,2025-11-27 15:08:00,Arr 1636,2025-11-27,False
GPT,IAH,UA 4879,UAL,C5 4879,UCA,2025-11-27 07:00:00,Arr 0828,2025-11-27,False
MOB,IAH,UA 4878,UAL,C5 4878,UCA,2025-11-27 11:35:00,Arr 1257,2025-11-27,False
IAH,SGF,UA 4867,UAL,C5 4867,UCA,2025-11-27 18:05:00,Arr 1946,2025-11-27,False
LBB,IAH,UA 4863,UAL,C5 4863,UCA,2025-11-27 07:00:00,Arr 0838,2025-11-27,False
IAH,LIT,UA 4861,UAL,C5 4861,UCA,2025-11-27 12:25:00,Arr 1357,2025-11-27,False
LBB,IAH,UA 4859,UAL,C5 4859,UCA,2025-11-27 15:21:00,Arr 1643,2025-11-27,False
IAD,DAY,UA 4858,UAL,C5 4858,UCA,2025-11-27 12:35:00,Arr 1436 (+22min),2025-11-27,False
MHT,IAD,UA 4857,UAL,C5 4857,UCA,2025-11-27 09:30:00,Arr 1111,2025-11-27,False
IAH,BHM,UA 4855,UAL,C5 4855,UCA,2025-11-27 07:35:00,Arr 0902,2025-11-27,False
SGF,IAH,UA 4852,UAL,C5 4852,UCA,2025-11-27 06:15:00,Arr 0757,2025-11-27,False
IAH,MOB,UA 4850,UAL,C5 4850,UCA,2025-11-27 12:55:00,Arr 1420,2025-11-27,False
TYS,IAD,UA 4848,UAL,C5 4848,UCA,2025-11-27 14:25:00,Arr 1543,2025-11-27,False
MOB,IAH,UA 4844,UAL,C5 4844,UCA,2025-11-27 07:00:00,Arr 0825,2025-11-27,False
TYS,IAH,UA 4841,UAL,C5 4841,UCA,2025-11-27 09:10:00,Arr 1021,2025-11-27,False
IAD,CHO,UA 4840,UAL,C5 4840,UCA,2025-11-27 18:35:00,Arr 1912,2025-11-27,False
SCE,IAD,UA 4834,UAL,C5 4834,UCA,2025-11-27 10:35:00,Arr 1122,2025-11-27,False
ROA,IAD,UA 4833,UAL,C5 4833,UCA,2025-11-27 15:00:00,Arr 1553,2025-11-27,False
IAD,ROA,UA 4831,UAL,C5 4831,UCA,2025-11-27 12:55:00,Arr 1356,2025-11-27,False
LIT,IAH,UA 4828,UAL,C5 4828,UCA,2025-11-27 07:00:00,Arr 0816,2025-11-27,False
DAY,IAD,UA 4824,UAL,C5 4824,UCA,2025-11-27 14:50:00,Arr 1627 (+8min),2025-11-27,False
BHM,IAH,UA 4822,UAL,C5 4822,UCA,2025-11-27 10:50:00,Arr 1231,2025-11-27,False
IAH,AMA,UA 4821,UAL,C5 4821,UCA,2025-11-27 09:30:00,Arr 1103,2025-11-27,False
CRP,IAH,UA 4820,UAL,C5 4820,UCA,2025-11-27 09:05:00,Arr 1002,2025-11-27,False
IAD,CAE,UA 4818,UAL,C5 4818,UCA,2025-11-27 08:20:00,Arr 0947,2025-11-27,False
IAH,AMA,UA 4817,UAL,C5 4817,UCA,2025-11-27 12:05:00,Arr 1348,2025-11-27,False
IAD,CHO,UA 4815,UAL,C5 4815,UCA,2025-11-27 12:57:00,Arr 1334,2025-11-27,False
IAH,BRO,UA 4813,UAL,C5 4813,UCA,2025-11-27 10:00:00,Arr 1111,2025-11-27,False
IAD,ALB,UA 4812,UAL,C5 4812,UCA,2025-11-27 08:40:00,Arr 0950,2025-11-27,False
GSO,EWR,UA 4618,UAL,G7 4618,GNF,2025-11-27 06:20:00,Arr 0741,2025-11-27,False
PVD,IAD,UA 4617,UAL,G7 4617,GNF,2025-11-27 10:18:00,Arr 1153,2025-11-27,False
PIT,EWR,UA 4615,UAL,G7 4615,GNF,2025-11-27 10:35:00,Arr 1214 (+12min),2025-11-27,False
ORD,STL,UA 4613,UAL,G7 4613,GNF,2025-11-27 09:20:00,Arr 1015,2025-11-27,False
PIA,ORD,UA 4612,UAL,G7 4612,GNF,2025-11-27 06:45:00,Arr 0759 (+1min),2025-11-27,False
ORD,XNA,UA 4606,UAL,G7 4606,GNF,2025-11-27 08:45:00,Arr 1113 (+19min),2025-11-27,False
RIC,EWR,UA 4604,UAL,G7 4604,GNF,2025-11-27 07:15:00,Arr 0822,2025-11-27,False
TYS,ORD,UA 4603,UAL,G7 4603,GNF,2025-11-27 06:45:00,Arr 0718,2025-11-27,False
ORD,STL,UA 4600,UAL,G7 4600,GNF,2025-11-27 11:05:00,Arr 1205,2025-11-27,False
SYR,IAD,UA 4597,UAL,G7 4597,GNF,2025-11-27 14:49:00,Arr 1607,2025-11-27,False
ORD,ROA,UA 4595,UAL,G7 4595,GNF,2025-11-27 09:00:00,Arr 1204 (+5min),2025-11-27,False
ORD,PIA,UA 4594,UAL,G7 4594,GNF,2025-11-27 13:30:00,Arr 1424,2025-11-27,False
IAD,ROC,UA 4585,UAL,G7 4585,GNF,2025-11-27 08:30:00,Arr 0935,2025-11-27,False
ROC,IAD,UA 4575,UAL,G7 4575,GNF,2025-11-27 10:35:00,Arr 1147,2025-11-27,False
MDT,IAD,UA 4572,UAL,G7 4572,GNF,2025-11-27 06:15:00,Arr 0706,2025-11-27,False
SCE,ORD,UA 4571,UAL,G7 4571,GNF,2025-11-27 10:50:00,Arr 1136,2025-11-27,False
IAD,SYR,UA 4570,UAL,G7 4570,GNF,2025-11-27 12:45:00,Arr 1341,2025-11-27,False
SYR,IAD,UA 4569,UAL,G7 4569,GNF,2025-11-27 05:45:00,Arr 0656,2025-11-27,False
ORD,SCE,UA 4568,UAL,G7 4568,GNF,2025-11-27 10:35:00,Arr 1306,2025-11-27,False
ORD,LEX,UA 4567,UAL,G7 4567,GNF,2025-11-27 14:40:00,Arr 1650,2025-11-27,False
ORD,SCE,UA 4566,UAL,G7 4566,GNF,2025-11-27 07:25:00,Arr 1008,2025-11-27,False
IAD,SYR,UA 4564,UAL,G7 4564,GNF,2025-11-27 08:20:00,Arr 0927,2025-11-27,False
IAD,ROC,UA 4563,UAL,G7 4563,GNF,2025-11-27 17:25:00,Arr 1850,2025-11-27,False
SYR,IAD,UA 4562,UAL,G7 4562,GNF,2025-11-27 10:26:00,Arr 1204 (+11min),2025-11-27,False
IAD,ROC,UA 4561,UAL,G7 4561,GNF,2025-11-27 12:50:00,Arr 1436 (+21min),2025-11-27,False
IAD,PWM,UA 4552,UAL,G7 4552,GNF,2025-11-27 17:15:00,Arr 1915 (+16min),2025-11-27,False
IAD,PVD,UA 4551,UAL,G7 4551,GNF,2025-11-27 08:15:00,Arr 0918,2025-11-27,False
IAD,PVD,UA 4548,UAL,G7 4548,GNF,2025-11-27 12:42:00,Arr 1354,2025-11-27,False
IAD,MDT,UA 4544,UAL,G7 4544,GNF,2025-11-27 17:10:00,Arr 1825 (+10min),2025-11-27,False
IAD,DAY,UA 4543,UAL,G7 4543,GNF,2025-11-27 08:15:00,Arr 1005 (+13min),2025-11-27,False
ORD,ATW,UA 4541,UAL,G7 4541,GNF,2025-11-27 10:45:00,Arr 1138,2025-11-27,False
GRB,ORD,UA 4541,UAL,G7 4541,GNF,2025-11-27 06:15:00,Arr 0712,2025-11-27,False
ORD,ABE,UA 4539,UAL,G7 4539,GNF,2025-11-27 08:45:00,Arr 1131,2025-11-27,False
IAD,BTV,UA 4535,UAL,G7 4535,GNF,2025-11-27 12:35:00,Arr 1734 (+208min),2025-11-27,False
LIT,ORD,UA 4528,UAL,G7 4528,GNF,2025-11-27 07:45:00,Arr 0930,2025-11-27,False
IAD,STL,UA 4527,UAL,G7 4527,GNF,2025-11-27 17:50:00,Arr 1908,2025-11-27,False
SGF,ORD,UA 4525,UAL,G7 4525,GNF,2025-11-27 11:19:00,Arr 1244,2025-11-27,False
ROC,EWR,UA 4523,UAL,G7 4523,GNF,2025-11-27 10:35:00,Arr 1123,2025-11-27,False
SCE,ORD,UA 4522,UAL,G7 4522,GNF,2025-11-27 06:45:00,Arr 0739,2025-11-27,False
EWR,PWM,UA 4518,UAL,G7 4518,GNF,2025-11-27 12:15:00,Arr 1322,2025-11-27,False
IAD,SYR,UA 4515,UAL,G7 4515,GNF,2025-11-27 17:30:00,Arr 1843,2025-11-27,False
EWR,CVG,UA 4511,UAL,G7 4511,GNF,2025-11-27 13:00:00,Arr 1506,2025-11-27,False
EWR,GSO,UA 4509,UAL,G7 4509,GNF,2025-11-27 12:28:00,Arr 1433 (+13min),2025-11-27,False
STL,IAD,UA 4506,UAL,G7 4506,GNF,2025-11-27 08:25:00,Arr 1108,2025-11-27,False
ORD,CHA,UA 4504,UAL,G7 4504,GNF,2025-11-27 08:45:00,Arr 1129,2025-11-27,False
RIC,IAD,UA 4503,UAL,G7 4503,GNF,2025-11-27 06:30:00,Arr 0705,2025-11-27,False
EWR,CVG,UA 4502,UAL,G7 4502,GNF,2025-11-27 09:00:00,Arr 1058,2025-11-27,False
ORD,AVP,UA 4501,UAL,G7 4501,GNF,2025-11-27 13:55:00,Arr 1629,2025-11-27,False
EWR,DCA,UA 4500,UAL,G7 4500,GNF,2025-11-27 08:00:00,Arr 0912,2025-11-27,False
XNA,ORD,UA 4495,UAL,G7 4495,GNF,2025-11-27 07:45:00,Arr 0938,2025-11-27,False
ROC,IAD,UA 4482,UAL,G7 4482,GNF,2025-11-27 14:55:00,Arr 1639 (+22min),2025-11-27,False
CID,ORD,UA 4480,UAL,G7 4480,GNF,2025-11-27 06:30:00,Arr 0758,2025-11-27,False
ROA,ORD,UA 4479,UAL,G7 4479,GNF,2025-11-27 06:45:00,Arr 0733,2025-11-27,False
ROC,EWR,UA 4478,UAL,G7 4478,GNF,2025-11-27 06:00:00,Arr 0746 (+22min),2025-11-27,False
EWR,BTV,UA 4476,UAL,G7 4476,GNF,2025-11-27 08:15:00,Arr 0926,2025-11-27,False
PWM,IAD,UA 4474,UAL,G7 4474,GNF,2025-11-27 05:30:00,Arr 0715,2025-11-27,False
IAD,RIC,UA 4472,UAL,G7 4472,GNF,2025-11-27 12:55:00,Arr 1352,2025-11-27,False
IAD,RIC,UA 4471,UAL,G7 4471,GNF,2025-11-27 17:25:00,Arr 1823,2025-11-27,False
RIC,IAD,UA 4467,UAL,G7 4467,GNF,2025-11-27 14:35:00,Arr 1522,2025-11-27,False
EWR,ROC,UA 4465,UAL,G7 4465,GNF,2025-11-27 08:29:00,Arr 0953,2025-11-27,False
EWR,BGR,UA 4459,UAL,G7 4459,GNF,2025-11-27 10:00:00,Arr 1107,2025-11-27,False
ORD,LIT,UA 4458,UAL,G7 4458,GNF,2025-11-27 12:33:00,Arr 1425,2025-11-27,False
STL,IAD,UA 4454,UAL,G7 4454,GNF,2025-11-27 13:10:00,Arr 1617,2025-11-27,False
EWR,PIT,UA 4451,UAL,G7 4451,GNF,2025-11-27 08:00:00,Arr 0925,2025-11-27,False
PVD,IAD,UA 4450,UAL,G7 4450,GNF,2025-11-27 14:47:00,Arr 1624,2025-11-27,False
BHM,ORD,UA 4449,UAL,G7 4449,GNF,2025-11-27 07:31:00,Arr 1332 (+223min),2025-11-27,False
ORD,BHM,UA 4445,UAL,G7 4445,GNF,2025-11-27 10:55:00,Arr 1229,2025-11-27,False
ATW,ORD,UA 4440,UAL,G7 4440,GNF,2025-11-27 08:15:00,Arr 0915,2025-11-27,False
AVP,ORD,UA 4438,UAL,G7 4438,GNF,2025-11-27 06:30:00,Arr 0740,2025-11-27,False
ORD,SGF,UA 4436,UAL,G7 4436,GNF,2025-11-27 12:55:00,Arr 1439,2025-11-27,False
LEX,ORD,UA 4428,UAL,G7 4428,GNF,2025-11-27 10:40:00,Arr 1107,2025-11-27,False
IAD,STL,UA 4427,UAL,G7 4427,GNF,2025-11-27 08:40:00,Arr 0942,2025-11-27,False
DAY,IAD,UA 4424,UAL,G7 4424,GNF,2025-11-27 10:27:00,Arr 1206 (+11min),2025-11-27,False
STL,ORD,UA 4423,UAL,G7 4423,GNF,2025-11-27 06:30:00,Arr 0748,2025-11-27,False
SGF,ORD,UA 4421,UAL,G7 4421,GNF,2025-11-27 08:00:00,Arr 0933,2025-11-27,False
PWM,IAD,UA 4415,UAL,G7 4415,GNF,2025-11-27 09:54:00,Arr 1148,2025-11-27,False
CVG,EWR,UA 4410,UAL,G7 4410,GNF,2025-11-27 11:54:00,Arr 1341,2025-11-27,False
CVG,EWR,UA 4409,UAL,G7 4409,GNF,2025-11-27 06:01:00,Arr 0748,2025-11-27,False
DCA,EWR,UA 4408,UAL,G7 4408,GNF,2025-11-27 10:05:00,Arr 1111,2025-11-27,False
ORD,CID,UA 4403,UAL,G7 4403,GNF,2025-11-27 09:14:00,Arr 1025,2025-11-27,False
ORD,FSD,UA 4400,UAL,G7 4400,GNF,2025-11-27 08:45:00,Arr 1108 (+26min),2025-11-27,False
STL,ORD,UA 4399,UAL,G7 4399,GNF,2025-11-27 10:00:00,Arr 1119,2025-11-27,False
IAD,PHL,UA 4396,UAL,G7 4396,GNF,2025-11-27 17:10:00,Arr 1759,2025-11-27,False
GSP,EWR,UA 4394,UAL,G7 4394,GNF,2025-11-27 06:25:00,Arr 0805,2025-11-27,False
CHA,ORD,UA 4392,UAL,G7 4392,GNF,2025-11-27 07:01:00,Arr 0744,2025-11-27,False
BTV,IAD,UA 4390,UAL,G7 4390,GNF,2025-11-27 14:41:00,Arr 1709 (+39min),2025-11-27,False
ORD,CID,UA 4389,UAL,G7 4389,GNF,2025-11-27 12:45:00,Arr 1350,2025-11-27,False
FSD,ORD,UA 4387,UAL,G7 4387,GNF,2025-11-27 11:17:00,Arr 1320 (+8min),2025-11-27,False
BTV,IAD,UA 4385,UAL,G7 4385,GNF,2025-11-27 10:15:00,Arr 1150,2025-11-27,False
SGF,IAH,UA 4379,UAL,C5 4379,UCA,2025-11-27 09:00:00,Arr 1057,2025-11-27,False
IAH,LCH,UA 4375,UAL,C5 4375,UCA,2025-11-27 16:30:00,Arr 1715,2025-11-27,False
IAD,MDT,UA 4372,UAL,C5 4372,UCA,2025-11-27 12:55:00,Arr 1351,2025-11-27,False
TUL,IAH,UA 4370,UAL,C5 4370,UCA,2025-11-27 11:51:00,Arr 1307,2025-11-27,False
IAH,MOB,UA 4369,UAL,C5 4369,UCA,2025-11-27 10:07:00,Arr 1140,2025-11-27,False
IAD,ROA,UA 4368,UAL,C5 4368,UCA,2025-11-27 08:30:00,Arr 0922,2025-11-27,False
IAH,LRD,UA 4366,UAL,C5 4366,UCA,2025-11-27 14:40:00,Arr 1548,2025-11-27,False
CRP,IAH,UA 4361,UAL,C5 4361,UCA,2025-11-27 14:15:00,Arr 1515,2025-11-27,False
SCE,IAD,UA 4359,UAL,C5 4359,UCA,2025-11-27 06:00:00,Arr 0652,2025-11-27,False
LRD,IAH,UA 4357,UAL,C5 4357,UCA,2025-11-27 09:25:00,Arr 1133 (+44min),2025-11-27,False
LFT,IAH,UA 4356,UAL,C5 4356,UCA,2025-11-27 12:20:00,Arr 1331,2025-11-27,False
IAH,LBB,UA 4354,UAL,C5 4354,UCA,2025-11-27 12:20:00,Arr 1401,2025-11-27,False
IAH,TUL,UA 4353,UAL,C5 4353,UCA,2025-11-27 09:35:00,Arr 1054,2025-11-27,False
IAH,JAN,UA 4347,UAL,C5 4347,UCA,2025-11-27 09:55:00,Arr 1133 (+11min),2025-11-27,False
BRO,IAH,UA 4346,UAL,C5 4346,UCA,2025-11-27 07:15:00,Arr 0846 (+5min),2025-11-27,False
IAH,HRL,UA 4344,UAL,C5 4344,UCA,2025-11-27 14:40:00,Arr 1535,2025-11-27,False
CHO,IAD,UA 4342,UAL,C5 4342,UCA,2025-11-27 06:10:00,Arr 0646,2025-11-27,False
HSV,IAD,UA 4340,UAL,C5 4340,UCA,2025-11-27 12:40:00,Arr 1533,2025-11-27,False
IAD,ROA,UA 4339,UAL,C5 4339,UCA,2025-11-27 17:30:00,Arr 1829,2025-11-27,False
CRP,IAH,UA 4338,UAL,C5 4338,UCA,2025-11-27 12:00:00,Arr 1249,2025-11-27,False
IAH,CRP,UA 4336,UAL,C5 4336,UCA,2025-11-27 09:48:00,Arr 1044,2025-11-27,False
IAD,BUF,UA 4335,UAL,C5 4335,UCA,2025-11-27 12:48:00,Arr 1352,2025-11-27,False
IAD,CHO,UA 4333,UAL,C5 4333,UCA,2025-11-27 09:00:00,Arr 0940,2025-11-27,False
ROA,IAD,UA 4332,UAL,C5 4332,UCA,2025-11-27 10:26:00,Arr 1109,2025-11-27,False
LCH,IAH,UA 4330,UAL,C5 4330,UCA,2025-11-27 07:30:00,Arr 0802,2025-11-27,False
BRO,IAH,UA 4329,UAL,C5 4329,UCA,2025-11-27 12:15:00,Arr 1324,2025-11-27,False
CHO,IAD,UA 4328,UAL,C5 4328,UCA,2025-11-27 14:40:00,Arr 1510,2025-11-27,False
TYS,IAD,UA 4325,UAL,C5 4325,UCA,2025-11-27 09:50:00,Arr 1123,2025-11-27,False
IAH,MOB,UA 4323,UAL,C5 4323,UCA,2025-11-27 17:18:00,Arr 1829,2025-11-27,False
IAD,SCE,UA 4319,UAL,C5 4319,UCA,2025-11-27 08:33:00,Arr 0943 (+5min),2025-11-27,False
JAN,IAH,UA 4318,UAL,C5 4318,UCA,2025-11-27 07:00:00,Arr 0830,2025-11-27,False
IAD,ALB,UA 4317,UAL,C5 4317,UCA,2025-11-27 12:35:00,Arr 1347,2025-11-27,False
IAH,HSV,UA 4315,UAL,C5 4315,UCA,2025-11-27 09:55:00,Arr 1137,2025-11-27,False
TYS,IAD,UA 4311,UAL,C5 4311,UCA,2025-11-27 05:45:00,Arr 0812 (+44min),2025-11-27,False
IAD,TYS,UA 4308,UAL,C5 4308,UCA,2025-11-27 12:55:00,Arr 1432,2025-11-27,False
TYS,IAH,UA 4302,UAL,C5 4302,UCA,2025-11-27 11:45:00,Arr 1245,2025-11-27,False
MFE,IAH,UA 4301,UAL,C5 4301,UCA,2025-11-27 09:50:00,Arr 1053,2025-11-27,False
IAH,SGF,UA 4300,UAL,C5 4300,UCA,2025-11-27 12:10:00,Arr 1355,2025-11-27,False
HSV,IAH,UA 4299,UAL,C5 4299,UCA,2025-11-27 06:30:00,Arr 0904 (+18min),2025-11-27,False
IAH,ICT,UA 4297,UAL,C5 4297,UCA,2025-11-27 14:34:00,Arr 1627,2025-11-27,False
MOB,IAH,UA 4296,UAL,C5 4296,UCA,2025-11-27 09:05:00,Arr 1031,2025-11-27,False
IAD,MOB,UA 4295,UAL,C5 4295,UCA,2025-11-27 18:35:00,Arr 1956,2025-11-27,False
IAH,PNS,UA 4293,UAL,C5 4293,UCA,2025-11-27 08:00:00,Arr 0954 (+15min),2025-11-27,False
BUF,IAD,UA 4291,UAL,C5 4291,UCA,2025-11-27 14:55:00,Arr 1554,2025-11-27,False
IAD,CAE,UA 4288,UAL,C5 4288,UCA,2025-11-27 12:35:00,Arr 1431 (+16min),2025-11-27,False
IAD,HSV,UA 4286,UAL,C5 4286,UCA,2025-11-27 12:56:00,Arr 1426 (+15min),2025-11-27,False
IAH,LRD,UA 4285,UAL,C5 4285,UCA,2025-11-27 09:50:00,Arr 1056,2025-11-27,False
CAE,IAD,UA 4283,UAL,C5 4283,UCA,2025-11-27 10:34:00,Arr 1140,2025-11-27,False
JAN,IAH,UA 4282,UAL,C5 4282,UCA,2025-11-27 09:08:00,Arr 1024,2025-11-27,False
CHO,IAD,UA 4281,UAL,C5 4281,UCA,2025-11-27 10:35:00,Arr 1120,2025-11-27,False
IAH,LBB,UA 4280,UAL,C5 4280,UCA,2025-11-27 14:25:00,Arr 1554,2025-11-27,False
ICT,IAH,UA 4275,UAL,C5 4275,UCA,2025-11-27 13:37:00,Arr 1518,2025-11-27,False
IAH,GPT,UA 4273,UAL,C5 4273,UCA,2025-11-27 14:35:00,Arr 1535,2025-11-27,False
IAH,GPT,UA 4272,UAL,C5 4272,UCA,2025-11-27 11:55:00,Arr 1300,2025-11-27,False
BRO,IAH,UA 4271,UAL,C5 4271,UCA,2025-11-27 09:35:00,Arr 1044,2025-11-27,False
MDT,IAD,UA 4268,UAL,C5 4268,UCA,2025-11-27 14:35:00,Arr 1516,2025-11-27,False
IAH,ICT,UA 4266,UAL,C5 4266,UCA,2025-11-27 12:10:00,Arr 1414 (+4min),2025-11-27,False
IAD,HSV,UA 4262,UAL,C5 4262,UCA,2025-11-27 09:00:00,Arr 1007,2025-11-27,False
IAH,GPT,UA 4261,UAL,C5 4261,UCA,2025-11-27 09:50:00,Arr 1104,2025-11-27,False
PNS,IAH,UA 4260,UAL,C5 4260,UCA,2025-11-27 09:00:00,Arr 1029,2025-11-27,False
PNS,IAH,UA 4258,UAL,C5 4258,UCA,2025-11-27 11:00:00,Arr 1231,2025-11-27,False
IAD,TYS,UA 4257,UAL,C5 4257,UCA,2025-11-27 09:00:00,Arr 1036,2025-11-27,False
IAH,MFE,UA 4256,UAL,C5 4256,UCA,2025-11-27 07:30:00,Arr 0832,2025-11-27,False
IAH,HSV,UA 4255,UAL,C5 4255,UCA,2025-11-27 11:55:00,Arr 1325,2025-11-27,False
IAH,HRL,UA 4254,UAL,C5 4254,UCA,2025-11-27 09:40:00,Arr 1058,2025-11-27,False
IAD,SCE,UA 4253,UAL,C5 4253,UCA,2025-11-27 12:55:00,Arr 1342,2025-11-27,False
IAH,ECP,UA 4249,UAL,C5 4249,UCA,2025-11-27 14:20:00,Arr 1544,2025-11-27,False
HRL,IAH,UA 4248,UAL,C5 4248,UCA,2025-11-27 05:00:00,Arr 0602,2025-11-27,False
JAN,IAH,UA 4245,UAL,C5 4245,UCA,2025-11-27 12:00:00,Arr 1337 (+2min),2025-11-27,False
GPT,IAH,UA 4243,UAL,C5 4243,UCA,2025-11-27 13:57:00,Arr 1513,2025-11-27,False
HSV,IAD,UA 4240,UAL,C5 4240,UCA,2025-11-27 08:10:00,Arr 1038,2025-11-27,False
IAH,JAN,UA 4236,UAL,C5 4236,UCA,2025-11-27 14:40:00,Arr 1608 (+2min),2025-11-27,False
GPT,IAH,UA 4234,UAL,C5 4234,UCA,2025-11-27 11:52:00,Arr 1307,2025-11-27,False
HSV,IAH,UA 4233,UAL,C5 4233,UCA,2025-11-27 09:00:00,Arr 1103,2025-11-27,False
HRL,IAH,UA 4232,UAL,C5 4232,UCA,2025-11-27 07:00:00,Arr 0800,2025-11-27,False
CAE,IAD,UA 4229,UAL,C5 4229,UCA,2025-11-27 14:50:00,Arr 1613,2025-11-27,False
AVP,IAD,UA 4227,UAL,C5 4227,UCA,2025-11-27 10:30:00,Arr 1127,2025-11-27,False
LRD,IAH,UA 4226,UAL,C5 4226,UCA,2025-11-27 07:10:00,Arr 0820,2025-11-27,False
IAH,ICT,UA 4225,UAL,C5 4225,UCA,2025-11-27 11:02:00,Arr 1238,2025-11-27,False
AMA,IAH,UA 4224,UAL,C5 4224,UCA,2025-11-27 09:00:00,Arr 1103 (+9min),2025-11-27,False
ORD,SGF,UA 4194,UAL,G7 4194,GNF,2025-11-27 08:48:00,Arr 1019,2025-11-27,False
RIC,EWR,UA 4192,UAL,G7 4192,GNF,2025-11-27 06:00:00,Arr 0721,2025-11-27,False
EWR,PWM,UA 4188,UAL,G7 4188,GNF,2025-11-27 07:45:00,Arr 0849,2025-11-27,False
IAD,EWR,UA 4187,UAL,G7 4187,GNF,2025-11-27 12:50:00,Arr 1400,2025-11-27,False
ORD,STL,UA 4184,UAL,G7 4184,GNF,2025-11-27 12:59:00,Arr 1415,2025-11-27,False
STL,ORD,UA 4183,UAL,G7 4183,GNF,2025-11-27 08:00:00,Arr 0926,2025-11-27,False
ORD,OMA,UA 4182,UAL,G7 4182,GNF,2025-11-27 08:50:00,Arr 1111 (+31min),2025-11-27,False
BGR,EWR,UA 4181,UAL,G7 4181,GNF,2025-11-27 06:06:00,Arr 0755,2025-11-27,False
GSO,IAD,UA 4180,UAL,G7 4180,GNF,2025-11-27 14:55:00,Arr 1554,2025-11-27,False
ORD,GRB,UA 4179,UAL,G7 4179,GNF,2025-11-27 11:20:00,Arr 1500 (+148min),2025-11-27,False
EWR,GSP,UA 4178,UAL,G7 4178,GNF,2025-11-27 09:15:00,Arr 1122,2025-11-27,False
EWR,IAD,UA 4177,UAL,G7 4177,GNF,2025-11-27 10:15:00,Arr 1156 (+7min),2025-11-27,False
ORD,BUF,UA 4176,UAL,G7 4176,GNF,2025-11-27 07:27:00,Arr 1009 (+6min),2025-11-27,False
OMA,ORD,UA 4175,UAL,G7 4175,GNF,2025-11-27 11:27:00,Arr 1315,2025-11-27,False
IAD,GSO,UA 4174,UAL,G7 4174,GNF,2025-11-27 12:51:00,Arr 1352,2025-11-27,False
PWM,IAD,UA 4173,UAL,G7 4173,GNF,2025-11-27 14:20:00,Arr 1621 (+8min),2025-11-27,False
EWR,DCA,UA 4172,UAL,G7 4172,GNF,2025-11-27 11:05:00,Arr 1226,2025-11-27,False
EWR,RIC,UA 4171,UAL,G7 4171,GNF,2025-11-27 15:05:00,Arr 1615,2025-11-27,False
DAY,ORD,UA 4170,UAL,G7 4170,GNF,2025-11-27 09:15:00,Arr 0933,2025-11-27,False
EWR,AVL,UA 4169,UAL,G7 4169,GNF,2025-11-27 06:59:00,Arr 0920 (+13min),2025-11-27,False
AVL,EWR,UA 4168,UAL,G7 4168,GNF,2025-11-27 09:43:00,Arr 1133,2025-11-27,False
DCA,EWR,UA 4167,UAL,G7 4167,GNF,2025-11-27 06:00:00,Arr 0700,2025-11-27,False
ABE,ORD,UA 4166,UAL,G7 4166,GNF,2025-11-27 06:32:00,Arr 0841 (+36min),2025-11-27,False
BUF,ORD,UA 4165,UAL,G7 4165,GNF,2025-11-27 10:50:00,Arr 1137,2025-11-27,False
IAH,GRR,UA 4079,UAL,YV 4079,ASH,2025-11-27 16:20:00,Arr 2009 (+3min),2025-11-27,False
IAH,STL,UA 4078,UAL,YV 4078,ASH,2025-11-27 16:45:00,Arr 2001 (+69min),2025-11-27,False
ATL,IAH,UA 4077,UAL,YV 4077,ASH,2025-11-27 09:20:00,Arr 1027,2025-11-27,False
LIT,IAH,UA 4075,UAL,YV 4075,ASH,2025-11-27 11:57:00,Arr 1305,2025-11-27,False
IAH,BHM,UA 4073,UAL,YV 4073,ASH,2025-11-27 14:25:00,Arr 1610,2025-11-27,False
IAD,SDF,UA 4072,UAL,YV 4072,ASH,2025-11-27 17:30:00,Arr 1921,2025-11-27,False
PHL,IAD,UA 4071,UAL,YV 4071,ASH,2025-11-27 10:34:00,Arr 1141 (+1min),2025-11-27,False
IAD,CMH,UA 4070,UAL,YV 4070,ASH,2025-11-27 08:22:00,Arr 0950 (+1min),2025-11-27,False
IAH,BNA,UA 4069,UAL,YV 4069,ASH,2025-11-27 10:03:00,Arr 1156,2025-11-27,False
CMH,IAH,UA 4068,UAL,YV 4068,ASH,2025-11-27 11:40:00,Arr 1309,2025-11-27,False
IAD,SBN,UA 4067,UAL,YV 4067,ASH,2025-11-27 18:45:00,Arr 2018,2025-11-27,False
IAD,LGA,UA 4066,UAL,YV 4066,ASH,2025-11-27 08:19:00,Arr 0923,2025-11-27,False
IAH,LIT,UA 4065,UAL,YV 4065,ASH,2025-11-27 14:45:00,Arr 1555,2025-11-27,False
IAD,CLE,UA 4063,UAL,YV 4063,ASH,2025-11-27 12:45:00,Arr 1350,2025-11-27,False
GRR,IAH,UA 4062,UAL,YV 4062,ASH,2025-11-27 06:27:00,Arr 0913 (+30min),2025-11-27,False
IAD,BUF,UA 4061,UAL,YV 4061,ASH,2025-11-27 08:25:00,Arr 1128 (+100min),2025-11-27,False
IAD,BDL,UA 4059,UAL,YV 4059,ASH,2025-11-27 12:40:00,Arr 1356,2025-11-27,False
GSP,IAH,UA 4057,UAL,YV 4057,ASH,2025-11-27 06:45:00,Arr 0808,2025-11-27,False
IAH,LIT,UA 4056,UAL,YV 4056,ASH,2025-11-27 09:40:00,Arr 1056,2025-11-27,False
CRP,IAH,UA 4054,UAL,YV 4054,ASH,2025-11-27 16:17:00,Arr 1712,2025-11-27,False
MAF,IAH,UA 4051,UAL,YV 4051,ASH,2025-11-27 15:05:00,Arr 1617,2025-11-27,False
COS,IAH,UA 4050,UAL,YV 4050,ASH,2025-11-27 12:10:00,Arr 1515,2025-11-27,False
CMH,IAD,UA 4049,UAL,YV 4049,ASH,2025-11-27 10:30:00,Arr 1138,2025-11-27,False
IAH,CVG,UA 4047,UAL,YV 4047,ASH,2025-11-27 12:40:00,Arr 1604,2025-11-27,False
IAH,GSP,UA 4043,UAL,YV 4043,ASH,2025-11-27 12:25:00,Arr 1530,2025-11-27,False
IAH,MCI,UA 4037,UAL,YV 4037,ASH,2025-11-27 09:54:00,Arr 1158,2025-11-27,False
IAH,LBB,UA 4034,UAL,YV 4034,ASH,2025-11-27 18:05:00,Arr 1938,2025-11-27,False
CLT,IAD,UA 4029,UAL,YV 4029,ASH,2025-11-27 06:00:00,Arr 0722,2025-11-27,False
MCI,IAH,UA 4028,UAL,YV 4028,ASH,2025-11-27 10:35:00,Arr 1221,2025-11-27,False
BHM,IAH,UA 4025,UAL,YV 4025,ASH,2025-11-27 08:45:00,Arr 1026,2025-11-27,False
CLE,IAD,UA 4023,UAL,YV 4023,ASH,2025-11-27 14:55:00,Arr 1626 (+7min),2025-11-27,False
IAH,CRP,UA 4022,UAL,YV 4022,ASH,2025-11-27 18:08:00,Arr 2007 (+45min),2025-11-27,False
BUF,IAD,UA 4020,UAL,YV 4020,ASH,2025-11-27 10:37:00,Arr 1311 (+76min),2025-11-27,False
BNA,IAH,UA 4019,UAL,YV 4019,ASH,2025-11-27 14:42:00,Arr 1649,2025-11-27,False
IAH,CMH,UA 4018,UAL,YV 4018,ASH,2025-11-27 12:05:00,Arr 1548,2025-11-27,False
BTR,IAH,UA 4017,UAL,YV 4017,ASH,2025-11-27 12:10:00,Arr 1311,2025-11-27,False
IAH,BTR,UA 4016,UAL,YV 4016,ASH,2025-11-27 14:30:00,Arr 1517,2025-11-27,False
CHS,IAH,UA 4013,UAL,YV 4013,ASH,2025-11-27 06:30:00,Arr 0810,2025-11-27,False
BDL,IAD,UA 4012,UAL,YV 4012,ASH,2025-11-27 14:47:00,Arr 1613,2025-11-27,False
MAF,IAH,UA 4011,UAL,YV 4011,ASH,2025-11-27 12:05:00,Arr 1330,2025-11-27,False
IAH,ATL,UA 4009,UAL,YV 4009,ASH,2025-11-27 11:55:00,Arr 1453,2025-11-27,False
BHM,IAH,UA 4008,UAL,YV 4008,ASH,2025-11-27 06:00:00,Arr 0745,2025-11-27,False
IAD,PHL,UA 4007,UAL,YV 4007,ASH,2025-11-27 12:55:00,Arr 1349,2025-11-27,False
SAV,IAD,UA 4006,UAL,YV 4006,ASH,2025-11-27 14:20:00,Arr 1539,2025-11-27,False
RIC,IAH,UA 4005,UAL,YV 4005,ASH,2025-11-27 06:00:00,Arr 0821,2025-11-27,False
MSP,IAD,UA 4004,UAL,YV 4004,ASH,2025-11-27 12:12:00,Arr 1531,2025-11-27,False
MEM,IAH,UA 4003,UAL,YV 4003,ASH,2025-11-27 09:00:00,Arr 1032,2025-11-27,False
IAH,ELP,UA 4001,UAL,YV 4001,ASH,2025-11-27 12:08:00,Arr 1312,2025-11-27,False
LFT,IAH,UA 4000,UAL,YV 4000,ASH,2025-11-27 06:30:00,Arr 0728,2025-11-27,False
ELP,IAH,UA 3998,UAL,YV 3998,ASH,2025-11-27 14:12:00,Arr 1640,2025-11-27,False
CRP,IAH,UA 3997,UAL,YV 3997,ASH,2025-11-27 05:15:00,Arr 0612,2025-11-27,False
IAD,PHL,UA 3995,UAL,YV 3995,ASH,2025-11-27 08:30:00,Arr 0939,2025-11-27,False
ELP,IAH,UA 3994,UAL,YV 3994,ASH,2025-11-27 08:10:00,Arr 1052,2025-11-27,False
IAD,MSP,UA 3993,UAL,YV 3993,ASH,2025-11-27 09:00:00,Arr 1032,2025-11-27,False
ATL,IAD,UA 3992,UAL,YV 3992,ASH,2025-11-27 05:30:00,Arr 0657,2025-11-27,False
IAH,OKC,UA 3991,UAL,YV 3991,ASH,2025-11-27 12:10:00,Arr 1347 (+2min),2025-11-27,False
IAD,IND,UA 3990,UAL,YV 3990,ASH,2025-11-27 17:25:00,Arr 1907,2025-11-27,False
IND,IAH,UA 3989,UAL,YV 3989,ASH,2025-11-27 11:45:00,Arr 1312,2025-11-27,False
IAH,CLT,UA 3988,UAL,YV 3988,ASH,2025-11-27 07:22:00,Arr 1019,2025-11-27,False
IAD,GSP,UA 3987,UAL,YV 3987,ASH,2025-11-27 12:35:00,Arr 1415 (+1min),2025-11-27,False
IAH,SDF,UA 3986,UAL,YV 3986,ASH,2025-11-27 16:35:00,Arr 1950,2025-11-27,False
ABQ,IAH,UA 3985,UAL,YV 3985,ASH,2025-11-27 05:33:00,Arr 0835,2025-11-27,False
IAH,MEM,UA 3984,UAL,YV 3984,ASH,2025-11-27 18:20:00,Arr 1944,2025-11-27,False
IAH,ELP,UA 3983,UAL,YV 3983,ASH,2025-11-27 17:42:00,Arr 1835,2025-11-27,False
IAH,ABQ,UA 3982,UAL,YV 3982,ASH,2025-11-27 09:57:00,Arr 1114,2025-11-27,False
GSP,IAD,UA 3981,UAL,YV 3981,ASH,2025-11-27 14:55:00,Arr 1626,2025-11-27,False
IAD,SDF,UA 3980,UAL,YV 3980,ASH,2025-11-27 12:50:00,Arr 1630 (+105min),2025-11-27,False
JFK,LAX,AA 1,AAL,AA 1,AAL,2025-11-27 07:30:00,Arr 1049,2025-11-27,False
LAX,JFK,AA 2,AAL,AA 2,AAL,2025-11-27 07:30:00,Arr 1532,2025-11-27,False
JFK,LAX,AA 3,AAL,AA 3,AAL,2025-11-27 12:00:00,Arr 1506,2025-11-27,False
DFW,HNL,AA 5,AAL,AA 5,AAL,2025-11-27 11:20:00,Arr 1533,2025-11-27,False
HNL,DFW,AA 6,AAL,AA 6,AAL,2025-11-27 18:46:00,Arr 0538,2025-11-27,False
DFW,ABQ,AA 9,AAL,AA 9,AAL,2025-11-27 13:01:00,Arr 1402 (+4min),2025-11-27,False
LAX,BOS,AA 12,AAL,AA 12,AAL,2025-11-27 08:20:00,Arr 1621,2025-11-27,False
LAX,HNL,AA 31,AAL,AA 31,AAL,2025-11-27 09:05:00,Arr 1409 (+63min),2025-11-27,False
LAX,JFK,AA 32,AAL,AA 32,AAL,2025-11-27 11:00:00,Arr 1905,2025-11-27,False
KOA,LAX,AA 58,AAL,AA 58,AAL,2025-11-27 16:32:00,Arr 2336,2025-11-27,False
LAX,KOA,AA 59,AAL,AA 59,AAL,2025-11-27 11:12:00,Arr 1442,2025-11-27,False
HNL,ORD,AA 74,AAL,AA 74,AAL,2025-11-27 19:00:00,Arr 0654,2025-11-27,False
ORD,HNL,AA 75,AAL,AA 75,AAL,2025-11-27 10:00:00,Arr 1453,2025-11-27,False
HNL,DFW,AA 102,AAL,AA 102,AAL,2025-11-27 19:50:00,Arr 0705,2025-11-27,False
DFW,HNL,AA 115,AAL,AA 115,AAL,2025-11-27 09:30:00,Arr 1319,2025-11-27,False
OGG,DFW,AA 116,AAL,AA 116,AAL,2025-11-27 20:00:00,Arr 0700 (+1min),2025-11-27,False
LAX,JFK,AA 118,AAL,AA 118,AAL,2025-11-27 06:10:00,Arr 1411,2025-11-27,False
LAX,LIH,AA 119,AAL,AA 119,AAL,2025-11-27 09:12:00,Arr 1243,2025-11-27,False
DFW,OGG,AA 123,AAL,AA 123,AAL,2025-11-27 11:15:00,Arr 1529,2025-11-27,False
LAX,HNL,AA 143,AAL,AA 143,AAL,2025-11-27 16:10:00,Arr 1918,2025-11-27,False
HNL,LAX,AA 144,AAL,AA 144,AAL,2025-11-27 22:45:00,Arr 0554,2025-11-27,False
HNL,LAX,AA 162,AAL,AA 162,AAL,2025-11-27 14:36:00,Arr 2324 (+69min),2025-11-27,False
HNL,LAX,AA 164,AAL,AA 164,AAL,2025-11-27 07:00:00,Arr 1427,2025-11-27,False
JFK,LAX,AA 171,AAL,AA 171,AAL,2025-11-27 06:00:00,Arr 0852,2025-11-27,False
JFK,SFO,AA 179,AAL,AA 179,AAL,2025-11-27 07:30:00,Arr 1117,2025-11-27,False
DFW,KOA,AA 229,AAL,AA 229,AAL,2025-11-27 11:15:00,Arr 1527 (+3min),2025-11-27,False
KOA,DFW,AA 230,AAL,AA 230,AAL,2025-11-27 19:30:00,Arr 0702 (+27min),2025-11-27,False
BOS,MIA,AA 231,AAL,AA 231,AAL,2025-11-27 20:16:00,Arr 2349,2025-11-27,False
SFO,JFK,AA 234,AAL,AA 234,AAL,2025-11-27 06:00:00,Arr 1412,2025-11-27,False
LAX,JFK,AA 238,AAL,AA 238,AAL,2025-11-27 09:45:00,Arr 1735,2025-11-27,False
MIA,BOS,AA 239,AAL,AA 239,AAL,2025-11-27 16:09:00,Arr 1852,2025-11-27,False
OGG,LAX,AA 254,AAL,AA 254,AAL,2025-11-27 15:01:00,Arr 2300 (+27min),2025-11-27,False
JFK,LAX,AA 255,AAL,AA 255,AAL,2025-11-27 09:00:00,Arr 1211,2025-11-27,False
MIA,RDU,AA 258,AAL,AA 258,AAL,2025-11-27 16:50:00,Arr 1839,2025-11-27,False
LIH,LAX,AA 266,AAL,AA 266,AAL,2025-11-27 14:49:00,Arr 2211,2025-11-27,False
LAX,OGG,AA 271,AAL,AA 271,AAL,2025-11-27 09:41:00,Arr 1427 (+56min),2025-11-27,False
RDU,MIA,AA 274,AAL,AA 274,AAL,2025-11-27 19:50:00,Arr 2138,2025-11-27,False
OGG,DFW,AA 296,AAL,AA 296,AAL,2025-11-27 19:00:00,Arr 0603 (+4min),2025-11-27,False
LAX,HNL,AA 297,AAL,AA 297,AAL,2025-11-27 18:07:00,Arr 2134,2025-11-27,False
DFW,CLT,AA 317,AAL,AA 317,AAL,2025-11-27 08:29:00,Arr 1143,2025-11-27,False
MIA,ORD,AA 369,AAL,AA 369,AAL,2025-11-27 16:12:00,Arr 1834,2025-11-27,False
LAX,BOS,AA 382,AAL,AA 382,AAL,2025-11-27 12:55:00,Arr 2102,2025-11-27,False
SFO,DFW,AA 402,AAL,AA 402,AAL,2025-11-27 06:00:00,Arr 1118,2025-11-27,False
SAT,DFW,AA 413,AAL,AA 413,AAL,2025-11-27 10:23:00,Arr 1140 (+1min),2025-11-27,False
DFW,SAT,AA 415,AAL,AA 415,AAL,2025-11-27 12:41:00,Arr 1331,2025-11-27,False
DFW,DEN,AA 420,AAL,AA 420,AAL,2025-11-27 13:01:00,Arr 1359,2025-11-27,False
OGG,PHX,AA 432,AAL,AA 432,AAL,2025-11-27 22:55:00,Arr 0733,2025-11-27,False
ORD,RDU,AA 441,AAL,AA 441,AAL,2025-11-27 15:30:00,Arr 1811,2025-11-27,False
RDU,ORD,AA 442,AAL,AA 442,AAL,2025-11-27 09:32:00,Arr 1033,2025-11-27,False
DFW,MYR,AA 473,AAL,AA 473,AAL,2025-11-27 13:36:00,Arr 1707 (+7min),2025-11-27,False
BOS,ORD,AA 488,AAL,AA 488,AAL,2025-11-27 06:45:00,Arr 0824,2025-11-27,False
TUS,DFW,AA 490,AAL,AA 490,AAL,2025-11-27 06:00:00,Arr 0907,2025-11-27,False
SJU,PHL,AA 508,AAL,AA 508,AAL,2025-11-27 06:25:00,Arr 0905,2025-11-27,False
ORD,DCA,AA 523,AAL,AA 523,AAL,2025-11-27 06:06:00,Arr 0850,2025-11-27,False
IAD,DFW,AA 524,AAL,AA 524,AAL,2025-11-27 06:04:00,Arr 0824,2025-11-27,False
PHX,SNA,AA 543,AAL,AA 543,AAL,2025-11-27 12:01:00,Arr 1216,2025-11-27,False
SNA,PHX,AA 543,AAL,AA 543,AAL,2025-11-27 13:27:00,Arr 1533,2025-11-27,False
LGA,DFW,AA 547,AAL,AA 547,AAL,2025-11-27 08:15:00,Arr 1121 (+2min),2025-11-27,False
PBI,ORD,AA 575,AAL,AA 575,AAL,2025-11-27 07:30:00,Arr 0922,2025-11-27,False
PHL,LAX,AA 598,AAL,AA 598,AAL,2025-11-27 06:00:00,Arr 0842,2025-11-27,False
ORD,DCA,AA 603,AAL,AA 603,AAL,2025-11-27 11:37:00,Arr 1431 (+7min),2025-11-27,False
BNA,MIA,AA 604,AAL,AA 604,AAL,2025-11-27 18:56:00,Arr 2210,2025-11-27,False
SRQ,ORD,AA 612,AAL,AA 612,AAL,2025-11-27 11:40:00,Arr 1319,2025-11-27,False
SNA,PHX,AA 628,AAL,AA 628,AAL,2025-11-27 06:45:00,Arr 0856,2025-11-27,False
DCA,DFW,AA 634,AAL,AA 634,AAL,2025-11-27 06:30:00,Arr 0913,2025-11-27,False
SDF,MIA,AA 637,AAL,AA 637,AAL,2025-11-27 06:00:00,Arr 0841 (+7min),2025-11-27,False
ORD,LAX,AA 638,AAL,AA 638,AAL,2025-11-27 13:49:00,Arr 1608,2025-11-27,False
DFW,BUF,AA 644,AAL,AA 644,AAL,2025-11-27 12:40:00,Arr 1653 (+10min),2025-11-27,False
PHX,OGG,AA 645,AAL,AA 645,AAL,2025-11-27 11:55:00,Arr 1507,2025-11-27,False
RSW,ORD,AA 653,AAL,AA 653,AAL,2025-11-27 06:00:00,Arr 0755,2025-11-27,False
LAS,DFW,AA 654,AAL,AA 654,AAL,2025-11-27 07:00:00,Arr 1203 (+13min),2025-11-27,False
PHX,KOA,AA 663,AAL,AA 663,AAL,2025-11-27 13:10:00,Arr 1635,2025-11-27,False
KOA,PHX,AA 664,AAL,AA 664,AAL,2025-11-27 21:35:00,Arr 0616,2025-11-27,False
ORD,RSW,AA 669,AAL,AA 669,AAL,2025-11-27 12:47:00,Arr 1620,2025-11-27,False
LIH,PHX,AA 684,AAL,AA 684,AAL,2025-11-27 22:39:00,Arr 0737,2025-11-27,False
JFK,MIA,AA 688,AAL,AA 688,AAL,2025-11-27 10:30:00,Cancelled,2025-11-27,False
BOS,PHL,AA 690,AAL,AA 690,AAL,2025-11-27 06:00:00,Arr 0716,2025-11-27,False
PHX,HNL,AA 693,AAL,AA 693,AAL,2025-11-27 11:40:00,Arr 1501,2025-11-27,False
HNL,PHX,AA 694,AAL,AA 694,AAL,2025-11-27 22:55:00,Arr 0735,2025-11-27,False
PHX,LIH,AA 697,AAL,AA 697,AAL,2025-11-27 11:50:00,Arr 1504,2025-11-27,False
ABQ,DFW,AA 709,AAL,AA 709,AAL,2025-11-27 08:20:00,Arr 1146 (+28min),2025-11-27,False
DFW,SEA,AA 717,AAL,AA 717,AAL,2025-11-27 10:35:00,Arr 1259,2025-11-27,False
TUS,DFW,AA 756,AAL,AA 756,AAL,2025-11-27 08:00:00,Arr 1058,2025-11-27,False
DFW,SEA,AA 757,AAL,AA 757,AAL,2025-11-27 12:48:00,Arr 1458,2025-11-27,False
DFW,SEA,AA 767,AAL,AA 767,AAL,2025-11-27 08:13:00,Arr 1050 (+6min),2025-11-27,False
DFW,PHL,AA 768,AAL,AA 768,AAL,2025-11-27 10:25:00,Arr 1434,2025-11-27,False
RDU,LAX,AA 773,AAL,AA 773,AAL,2025-11-27 07:30:00,Arr 0954,2025-11-27,False
DFW,LAS,AA 777,AAL,AA 777,AAL,2025-11-27 11:45:00,Arr 1244,2025-11-27,False
CLT,MIA,AA 790,AAL,AA 790,AAL,2025-11-27 13:16:00,Arr 1551 (+30min),2025-11-27,False
DFW,ORD,AA 794,AAL,AA 794,AAL,2025-11-27 07:25:00,Arr 0941,2025-11-27,False
PHX,ORD,AA 795,AAL,AA 795,AAL,2025-11-27 05:00:00,Arr 0918,2025-11-27,False
LAX,DFW,AA 801,AAL,AA 801,AAL,2025-11-27 08:35:00,Arr 1325,2025-11-27,False
RDU,DFW,AA 802,AAL,AA 802,AAL,2025-11-27 06:40:00,Arr 0928 (+22min),2025-11-27,False
PHX,DFW,AA 806,AAL,AA 806,AAL,2025-11-27 08:15:00,Arr 1130,2025-11-27,False
PHX,CLT,AA 811,AAL,AA 811,AAL,2025-11-27 06:00:00,Arr 1146,2025-11-27,False
MIA,CLT,AA 813,AAL,AA 813,AAL,2025-11-27 07:01:00,Arr 0905,2025-11-27,False
LAX,MIA,AA 815,AAL,AA 815,AAL,2025-11-27 07:00:00,Arr 1534 (+45min),2025-11-27,False
LAX,DFW,AA 818,AAL,AA 818,AAL,2025-11-27 10:25:00,Arr 1516,2025-11-27,False
PHL,LAX,AA 824,AAL,AA 824,AAL,2025-11-27 10:00:00,Arr 1232,2025-11-27,False
DFW,MIA,AA 832,AAL,AA 832,AAL,2025-11-27 14:43:00,Arr 1828,2025-11-27,False
ORD,PHX,AA 835,AAL,AA 835,AAL,2025-11-27 13:28:00,Arr 1608,2025-11-27,False
ILM,MIA,AA 836,AAL,AA 836,AAL,2025-11-27 06:00:00,Arr 0753,2025-11-27,False
PHX,MIA,AA 843,AAL,AA 843,AAL,2025-11-27 09:50:00,Arr 1615 (+9min),2025-11-27,False
DCA,DFW,AA 848,AAL,AA 848,AAL,2025-11-27 08:40:00,Arr 1056,2025-11-27,False
DFW,BOS,AA 849,AAL,AA 849,AAL,2025-11-27 10:14:00,Arr 1438,2025-11-27,False
FLL,ORD,AA 851,AAL,AA 851,AAL,2025-11-27 06:35:00,Arr 0834,2025-11-27,False
DEN,DFW,AA 852,AAL,AA 852,AAL,2025-11-27 08:13:00,Arr 1119,2025-11-27,False
DFW,CLT,AA 855,AAL,AA 855,AAL,2025-11-27 05:00:00,Arr 0806,2025-11-27,False
PSP,ORD,AA 858,AAL,AA 858,AAL,2025-11-27 06:00:00,Arr 1135,2025-11-27,False
JFK,DFW,AA 860,AAL,AA 860,AAL,2025-11-27 08:05:00,Arr 1129 (+15min),2025-11-27,False
MCO,ORD,AA 861,AAL,AA 861,AAL,2025-11-27 10:58:00,Arr 1241,2025-11-27,False
DFW,MCO,AA 866,AAL,AA 866,AAL,2025-11-27 08:59:00,Arr 1236,2025-11-27,False
ATL,ORD,AA 873,AAL,AA 873,AAL,2025-11-27 10:45:00,Arr 1141,2025-11-27,False
ORD,ATL,AA 873,AAL,AA 873,AAL,2025-11-27 07:00:00,Arr 0946,2025-11-27,False
TUS,DFW,AA 875,AAL,AA 875,AAL,2025-11-27 07:08:00,Arr 1009,2025-11-27,False
PHL,BOS,AA 877,AAL,AA 877,AAL,2025-11-27 09:13:00,Arr 1009,2025-11-27,False
MIA,ILM,AA 889,AAL,AA 889,AAL,2025-11-27 22:00:00,Arr 2357,2025-11-27,False
ORD,LAX,AA 891,AAL,AA 891,AAL,2025-11-27 06:00:00,Arr 0807,2025-11-27,False
CLT,JAX,AA 1830,AAL,AA 1830,AAL,2025-11-27 11:00:00,Arr 1212,2025-11-27,False
ORD,AUS,AA 1831,AAL,AA 1831,AAL,2025-11-27 10:00:00,Arr 1243,2025-11-27,False
MCO,DFW,AA 1834,AAL,AA 1834,AAL,2025-11-27 05:15:00,Arr 0703,2025-11-27,False
DFW,ORD,AA 1838,AAL,AA 1838,AAL,2025-11-27 09:14:00,Arr 1124,2025-11-27,False
CLT,PDX,AA 1843,AAL,AA 1843,AAL,2025-11-27 11:45:00,Arr 1432,2025-11-27,False
PIT,DFW,AA 1845,AAL,AA 1845,AAL,2025-11-27 06:44:00,Arr 0853,2025-11-27,False
MEM,CLT,AA 1846,AAL,AA 1846,AAL,2025-11-27 07:02:00,Arr 0929,2025-11-27,False
DFW,MSY,AA 1848,AAL,AA 1848,AAL,2025-11-27 11:34:00,Arr 1305 (+4min),2025-11-27,False
PDX,CLT,AA 1849,AAL,AA 1849,AAL,2025-11-27 22:15:00,Arr 0528,2025-11-27,False
LAS,MIA,AA 1851,AAL,AA 1851,AAL,2025-11-27 13:10:00,Arr 2029,2025-11-27,False
MIA,LAS,AA 1851,AAL,AA 1851,AAL,2025-11-27 09:25:00,Arr 1117,2025-11-27,False
DCA,MIA,AA 1852,AAL,AA 1852,AAL,2025-11-27 06:59:00,Arr 0939,2025-11-27,False
DCA,LAS,AA 1853,AAL,AA 1853,AAL,2025-11-27 07:00:00,Arr 0909,2025-11-27,False
PHL,ORD,AA 1854,AAL,AA 1854,AAL,2025-11-27 10:57:00,Arr 1157,2025-11-27,False
OMA,CLT,AA 1858,AAL,AA 1858,AAL,2025-11-27 06:11:00,Arr 1019 (+33min),2025-11-27,False
LAX,DFW,AA 1859,AAL,AA 1859,AAL,2025-11-27 06:15:00,Arr 1114,2025-11-27,False
TPA,DCA,AA 1861,AAL,AA 1861,AAL,2025-11-27 06:47:00,Arr 0836,2025-11-27,False
SMF,PHX,AA 1867,AAL,AA 1867,AAL,2025-11-27 06:00:00,Arr 0842,2025-11-27,False
ORD,SRQ,AA 1869,AAL,AA 1869,AAL,2025-11-27 08:01:00,Arr 1141,2025-11-27,False
MIA,SJU,AA 1870,AAL,AA 1870,AAL,2025-11-27 14:19:00,Arr 1837 (+45min),2025-11-27,False
SJU,MIA,AA 1870,AAL,AA 1870,AAL,2025-11-27 18:42:00,Arr 2056 (+19min),2025-11-27,False
PVD,PHL,AA 1871,AAL,AA 1871,AAL,2025-11-27 07:00:00,Arr 0809,2025-11-27,False
FLL,LGA,AA 1873,AAL,AA 1873,AAL,2025-11-27 11:35:00,Arr 1418,2025-11-27,False
LGA,FLL,AA 1873,AAL,AA 1873,AAL,2025-11-27 07:30:00,Arr 1037,2025-11-27,False
ORD,MIA,AA 1875,AAL,AA 1875,AAL,2025-11-27 07:00:00,Arr 1103,2025-11-27,False
CLT,PVD,AA 1877,AAL,AA 1877,AAL,2025-11-27 11:20:00,Arr 1313,2025-11-27,False
JAX,DFW,AA 1880,AAL,AA 1880,AAL,2025-11-27 09:11:00,Arr 1103,2025-11-27,False
CLT,LGA,AA 1885,AAL,AA 1885,AAL,2025-11-27 08:55:00,Arr 1034,2025-11-27,False
PHL,MIA,AA 1892,AAL,AA 1892,AAL,2025-11-27 06:00:00,Arr 0900 (+2min),2025-11-27,False
MIA,SJU,AA 1893,AAL,AA 1893,AAL,2025-11-27 12:15:00,Arr 1529,2025-11-27,False
SJU,MIA,AA 1893,AAL,AA 1893,AAL,2025-11-27 16:56:00,Arr 1839,2025-11-27,False
CLT,RDU,AA 1895,AAL,AA 1895,AAL,2025-11-27 09:20:00,Arr 1007,2025-11-27,False
RDU,CLT,AA 1895,AAL,AA 1895,AAL,2025-11-27 11:11:00,Arr 1159,2025-11-27,False
CLT,RDU,AA 1897,AAL,AA 1897,AAL,2025-11-27 13:12:00,Arr 1355,2025-11-27,False
DCA,MIA,AA 1898,AAL,AA 1898,AAL,2025-11-27 08:25:00,Arr 1107,2025-11-27,False
DFW,OKC,AA 1902,AAL,AA 1902,AAL,2025-11-27 08:22:00,Arr 0919,2025-11-27,False
OKC,DFW,AA 1902,AAL,AA 1902,AAL,2025-11-27 10:19:00,Arr 1137 (+8min),2025-11-27,False
RDU,CLT,AA 1903,AAL,AA 1903,AAL,2025-11-27 07:03:00,Arr 0758,2025-11-27,False
PBI,CLT,AA 1905,AAL,AA 1905,AAL,2025-11-27 07:15:00,Arr 0853,2025-11-27,False
RDU,CLT,AA 1906,AAL,AA 1906,AAL,2025-11-27 09:11:00,Arr 1028 (+10min),2025-11-27,False
DFW,RNO,AA 1911,AAL,AA 1911,AAL,2025-11-27 08:40:00,Arr 0957,2025-11-27,False
DFW,RIC,AA 1915,AAL,AA 1915,AAL,2025-11-27 10:29:00,Arr 1417,2025-11-27,False
CLT,OKC,AA 1917,AAL,AA 1917,AAL,2025-11-27 10:00:00,Arr 1139,2025-11-27,False
MIA,TPA,AA 1921,AAL,AA 1921,AAL,2025-11-27 20:53:00,Arr 2143,2025-11-27,False
PHX,JFK,AA 1922,AAL,AA 1922,AAL,2025-11-27 12:45:00,Arr 1918,2025-11-27,False
DFW,JAC,AA 1923,AAL,AA 1923,AAL,2025-11-27 10:15:00,Arr 1206,2025-11-27,False
ORD,SEA,AA 1924,AAL,AA 1924,AAL,2025-11-27 07:00:00,Arr 0922,2025-11-27,False
MCO,LAX,AA 1928,AAL,AA 1928,AAL,2025-11-27 07:26:00,Arr 0951,2025-11-27,False
TPA,MIA,AA 1929,AAL,AA 1929,AAL,2025-11-27 06:00:00,Arr 0702,2025-11-27,False
DFW,MEM,AA 1935,AAL,AA 1935,AAL,2025-11-27 09:13:00,Arr 1030,2025-11-27,False
ORD,EWR,AA 1936,AAL,AA 1936,AAL,2025-11-27 09:51:00,Arr 1233,2025-11-27,False
MIA,PHL,AA 1937,AAL,AA 1937,AAL,2025-11-27 07:00:00,Arr 0926,2025-11-27,False
MIA,LGA,AA 1938,AAL,AA 1938,AAL,2025-11-27 07:05:00,Arr 0956,2025-11-27,False
MEM,DFW,AA 1940,AAL,AA 1940,AAL,2025-11-27 05:15:00,Arr 0650,2025-11-27,False
CVG,DFW,AA 1942,AAL,AA 1942,AAL,2025-11-27 05:31:00,Arr 0701,2025-11-27,False
BOS,DCA,AA 1943,AAL,AA 1943,AAL,2025-11-27 07:15:00,Arr 0912,2025-11-27,False
DCA,ORD,AA 1944,AAL,AA 1944,AAL,2025-11-27 11:55:00,Arr 1257,2025-11-27,False
PHL,DFW,AA 1945,AAL,AA 1945,AAL,2025-11-27 10:46:00,Arr 1321,2025-11-27,False
DCA,SAT,AA 1947,AAL,AA 1947,AAL,2025-11-27 13:35:00,Arr 1603,2025-11-27,False
PHX,SAN,AA 1950,AAL,AA 1950,AAL,2025-11-27 15:39:00,Arr 1539,2025-11-27,False
OKC,CLT,AA 1952,AAL,AA 1952,AAL,2025-11-27 06:20:00,Arr 1530 (+336min),2025-11-27,False
CLT,PBI,AA 1955,AAL,AA 1955,AAL,2025-11-27 09:10:00,Arr 1114 (+4min),2025-11-27,False
CLT,CID,AA 1957,AAL,AA 1957,AAL,2025-11-27 09:30:00,Arr 1030,2025-11-27,False
CMH,PHX,AA 1958,AAL,AA 1958,AAL,2025-11-27 07:49:00,Arr 1037 (+13min),2025-11-27,False
MIA,PHL,AA 1964,AAL,AA 1964,AAL,2025-11-27 09:57:00,Arr 1221,2025-11-27,False
TPA,PHL,AA 1965,AAL,AA 1965,AAL,2025-11-27 07:00:00,Arr 1020 (+46min),2025-11-27,False
DCA,LAX,AA 1966,AAL,AA 1966,AAL,2025-11-27 08:35:00,Arr 1115,2025-11-27,False
PHX,EWR,AA 1967,AAL,AA 1967,AAL,2025-11-27 16:24:00,Arr 2252,2025-11-27,False
MIA,TPA,AA 1970,AAL,AA 1970,AAL,2025-11-27 18:00:00,Arr 1858,2025-11-27,False
DFW,PHX,AA 1974,AAL,AA 1974,AAL,2025-11-27 12:40:00,Arr 1403,2025-11-27,False
BDL,CLT,AA 1975,AAL,AA 1975,AAL,2025-11-27 07:55:00,Arr 1006,2025-11-27,False
CLT,SAT,AA 1977,AAL,AA 1977,AAL,2025-11-27 08:55:00,Arr 1047,2025-11-27,False
DCA,DFW,AA 1978,AAL,AA 1978,AAL,2025-11-27 07:45:00,Arr 1011,2025-11-27,False
FLL,CLT,AA 1982,AAL,AA 1982,AAL,2025-11-27 06:00:00,Arr 0740,2025-11-27,False
CMH,CLT,AA 1984,AAL,AA 1984,AAL,2025-11-27 06:10:00,Arr 0727,2025-11-27,False
LGA,DFW,AA 1987,AAL,AA 1987,AAL,2025-11-27 07:15:00,Arr 1019,2025-11-27,False
DFW,PIT,AA 1988,AAL,AA 1988,AAL,2025-11-27 11:20:00,Arr 1452,2025-11-27,False
LAX,PHX,AA 1989,AAL,AA 1989,AAL,2025-11-27 06:10:00,Arr 0823,2025-11-27,False
TPA,CLT,AA 1990,AAL,AA 1990,AAL,2025-11-27 10:20:00,Arr 1132,2025-11-27,False
STL,CLT,AA 1992,AAL,AA 1992,AAL,2025-11-27 07:11:00,Arr 0945,2025-11-27,False
LAX,MIA,AA 1994,AAL,AA 1994,AAL,2025-11-27 23:59:00,Arr 0735,2025-11-27,False
ORD,PIT,AA 1995,AAL,AA 1995,AAL,2025-11-27 13:15:00,Arr 1540,2025-11-27,False
DFW,SFO,AA 1996,AAL,AA 1996,AAL,2025-11-27 09:10:00,Arr 1101,2025-11-27,False
PHX,DFW,AA 1999,AAL,AA 1999,AAL,2025-11-27 09:43:00,Arr 1333 (+24min),2025-11-27,False
PHX,CLT,AA 2001,AAL,AA 2001,AAL,2025-11-27 23:10:00,Arr 0435,2025-11-27,False
MIA,STT,AA 2009,AAL,AA 2009,AAL,2025-11-27 13:46:00,Arr 1712,2025-11-27,False
STT,MIA,AA 2009,AAL,AA 2009,AAL,2025-11-27 18:17:00,Arr 1951,2025-11-27,False
RIC,CLT,AA 2014,AAL,AA 2014,AAL,2025-11-27 09:05:00,Arr 1014,2025-11-27,False
MCO,PHX,AA 2015,AAL,AA 2015,AAL,2025-11-27 07:00:00,Arr 0937,2025-11-27,False
JFK,MIA,AA 2017,AAL,AA 2017,AAL,2025-11-27 07:29:00,Arr 1057 (+10min),2025-11-27,False
EWR,CLT,AA 2019,AAL,AA 2019,AAL,2025-11-27 09:55:00,Arr 1324 (+83min),2025-11-27,False
TPA,CLT,AA 2020,AAL,AA 2020,AAL,2025-11-27 06:00:00,Arr 0730,2025-11-27,False
CLT,RSW,AA 2024,AAL,AA 2024,AAL,2025-11-27 09:30:00,Arr 1133,2025-11-27,False
LGA,MIA,AA 2025,AAL,AA 2025,AAL,2025-11-27 11:30:00,Arr 1552 (+81min),2025-11-27,False
DEN,ORD,AA 2028,AAL,AA 2028,AAL,2025-11-27 12:27:00,Arr 1532,2025-11-27,False
CLT,MEM,AA 2037,AAL,AA 2037,AAL,2025-11-27 09:15:00,Arr 0956,2025-11-27,False
JAX,PHL,AA 2038,AAL,AA 2038,AAL,2025-11-27 07:36:00,Arr 0929,2025-11-27,False
ORD,ATL,AA 2039,AAL,AA 2039,AAL,2025-11-27 13:10:00,Arr 1608,2025-11-27,False
LGA,MIA,AA 2040,AAL,AA 2040,AAL,2025-11-27 08:05:00,Arr 1135 (+17min),2025-11-27,False
JFK,CLT,AA 2045,AAL,AA 2045,AAL,2025-11-27 06:00:00,Arr 0757,2025-11-27,False
MIA,LGA,AA 2047,AAL,AA 2047,AAL,2025-11-27 13:03:00,Arr 1539,2025-11-27,False
RNO,PHX,AA 2048,AAL,AA 2048,AAL,2025-11-27 06:00:00,Arr 0850,2025-11-27,False
BHM,CLT,AA 2049,AAL,AA 2049,AAL,2025-11-27 07:25:00,Arr 0933,2025-11-27,False
MSP,CLT,AA 2052,AAL,AA 2052,AAL,2025-11-27 06:18:00,Arr 1041 (+41min),2025-11-27,False
SAT,PHX,AA 2053,AAL,AA 2053,AAL,2025-11-27 08:28:00,Arr 0953,2025-11-27,False
MIA,STT,AA 2056,AAL,AA 2056,AAL,2025-11-27 11:40:00,Arr 1509,2025-11-27,False
STT,MIA,AA 2056,AAL,AA 2056,AAL,2025-11-27 16:18:00,Arr 1816,2025-11-27,False
PHX,SAN,AA 2057,AAL,AA 2057,AAL,2025-11-27 08:30:00,Arr 0855 (+8min),2025-11-27,False
CLT,MCO,AA 2058,AAL,AA 2058,AAL,2025-11-27 08:59:00,Arr 1050 (+4min),2025-11-27,False
MIA,BOS,AA 2062,AAL,AA 2062,AAL,2025-11-27 14:03:00,Arr 1646,2025-11-27,False
ORD,SAN,AA 2065,AAL,AA 2065,AAL,2025-11-27 11:49:00,Arr 1400,2025-11-27,False
PWM,DCA,AA 2070,AAL,AA 2070,AAL,2025-11-27 05:43:00,Arr 0724,2025-11-27,False
MIA,CLT,AA 2073,AAL,AA 2073,AAL,2025-11-27 09:30:00,Arr 1111,2025-11-27,False
LAX,CLT,AA 2074,AAL,AA 2074,AAL,2025-11-27 21:38:00,Arr 0452,2025-11-27,False
MCO,DFW,AA 2075,AAL,AA 2075,AAL,2025-11-27 09:45:00,Arr 1144,2025-11-27,False
DFW,SMF,AA 2078,AAL,AA 2078,AAL,2025-11-27 11:15:00,Arr 1243,2025-11-27,False
ORD,DFW,AA 2079,AAL,AA 2079,AAL,2025-11-27 09:15:00,Arr 1136,2025-11-27,False
DFW,SNA,AA 2861,AAL,AA 2861,AAL,2025-11-27 10:15:00,Arr 1118,2025-11-27,False
DFW,LEX,AA 2862,AAL,AA 2862,AAL,2025-11-27 10:17:00,Arr 1318,2025-11-27,False
DFW,CLT,AA 2866,AAL,AA 2866,AAL,2025-11-27 06:30:00,Arr 0947,2025-11-27,False
PHX,GEG,AA 2871,AAL,AA 2871,AAL,2025-11-27 13:13:00,Arr 1434,2025-11-27,False
DFW,FSD,AA 2872,AAL,AA 2872,AAL,2025-11-27 10:25:00,Arr 1226,2025-11-27,False
PHX,IAH,AA 2873,AAL,AA 2873,AAL,2025-11-27 09:44:00,Arr 1342 (+19min),2025-11-27,False
DFW,GRR,AA 2876,AAL,AA 2876,AAL,2025-11-27 09:59:00,Arr 1324,2025-11-27,False
DFW,IAH,AA 2878,AAL,AA 2878,AAL,2025-11-27 12:40:00,Arr 1338,2025-11-27,False
ORD,PSP,AA 2880,AAL,AA 2880,AAL,2025-11-27 06:40:00,Arr 0838,2025-11-27,False
PSP,ORD,AA 2880,AAL,AA 2880,AAL,2025-11-27 10:00:00,Arr 1535,2025-11-27,False
DFW,IAH,AA 2881,AAL,AA 2881,AAL,2025-11-27 08:48:00,Arr 0944,2025-11-27,False
JAX,MIA,AA 2886,AAL,AA 2886,AAL,2025-11-27 19:25:00,Arr 2029,2025-11-27,False
CLT,IND,AA 2887,AAL,AA 2887,AAL,2025-11-27 11:25:00,Arr 1316 (+2min),2025-11-27,False
MIA,PDX,AA 2888,AAL,AA 2888,AAL,2025-11-27 19:52:00,Arr 2320,2025-11-27,False
PDX,MIA,AA 2889,AAL,AA 2889,AAL,2025-11-27 22:45:00,Arr 0646,2025-11-27,False
ORD,MIA,AA 2890,AAL,AA 2890,AAL,2025-11-27 12:02:00,Arr 1616 (+13min),2025-11-27,False
DFW,IND,AA 2891,AAL,AA 2891,AAL,2025-11-27 11:13:00,Arr 1410,2025-11-27,False
DFW,JAX,AA 2892,AAL,AA 2892,AAL,2025-11-27 08:08:00,Arr 1114,2025-11-27,False
MCO,MIA,AA 2894,AAL,AA 2894,AAL,2025-11-27 07:00:00,Arr 0826 (+12min),2025-11-27,False
ORD,DFW,AA 2896,AAL,AA 2896,AAL,2025-11-27 05:35:00,Arr 0749,2025-11-27,False
STL,DFW,AA 2897,AAL,AA 2897,AAL,2025-11-27 09:00:00,Arr 1042,2025-11-27,False
CLT,JAX,AA 2898,AAL,AA 2898,AAL,2025-11-27 08:55:00,Arr 1013,2025-11-27,False
MIA,JFK,AA 2899,AAL,AA 2899,AAL,2025-11-27 15:07:00,Cancelled,2025-11-27,False
MIA,LAS,AA 2901,AAL,AA 2901,AAL,2025-11-27 19:00:00,Arr 2108,2025-11-27,False
ATL,PHX,AA 2902,AAL,AA 2902,AAL,2025-11-27 05:15:00,Arr 0723,2025-11-27,False
SFO,DFW,AA 2904,AAL,AA 2904,AAL,2025-11-27 08:00:00,Arr 1314,2025-11-27,False
ORD,PHL,AA 2906,AAL,AA 2906,AAL,2025-11-27 05:00:00,Arr 0742,2025-11-27,False
CLT,MEM,AA 2910,AAL,AA 2910,AAL,2025-11-27 11:45:00,Arr 1254 (+3min),2025-11-27,False
ORD,LAS,AA 2911,AAL,AA 2911,AAL,2025-11-27 14:55:00,Arr 1637,2025-11-27,False
CLT,TPA,AA 2915,AAL,AA 2915,AAL,2025-11-27 13:08:00,Arr 1440,2025-11-27,False
ORD,TPA,AA 2920,AAL,AA 2920,AAL,2025-11-27 08:05:00,Arr 1134,2025-11-27,False
TPA,ORD,AA 2920,AAL,AA 2920,AAL,2025-11-27 12:37:00,Arr 1409,2025-11-27,False
DFW,LGA,AA 2925,AAL,AA 2925,AAL,2025-11-27 08:14:00,Arr 1233 (+4min),2025-11-27,False
DFW,TUS,AA 2926,AAL,AA 2926,AAL,2025-11-27 12:40:00,Arr 1348,2025-11-27,False
LGA,MIA,AA 2927,AAL,AA 2927,AAL,2025-11-27 13:15:00,Arr 1701 (+31min),2025-11-27,False
MIA,LGA,AA 2927,AAL,AA 2927,AAL,2025-11-27 09:04:00,Arr 1148,2025-11-27,False
MFE,DFW,AA 2928,AAL,AA 2928,AAL,2025-11-27 09:43:00,Arr 1115,2025-11-27,False
LAS,CLT,AA 2931,AAL,AA 2931,AAL,2025-11-27 23:49:00,Arr 0636,2025-11-27,False
LAS,DFW,AA 2932,AAL,AA 2932,AAL,2025-11-27 06:00:00,Arr 1027,2025-11-27,False
MIA,SFO,AA 2933,AAL,AA 2933,AAL,2025-11-27 17:30:00,Arr 2109 (+9min),2025-11-27,False
EWR,PHX,AA 2938,AAL,AA 2938,AAL,2025-11-27 06:38:00,Arr 1039 (+15min),2025-11-27,False
LAS,PHX,AA 2940,AAL,AA 2940,AAL,2025-11-27 12:32:00,Arr 1429,2025-11-27,False
PHX,LAS,AA 2940,AAL,AA 2940,AAL,2025-11-27 11:17:00,Arr 1129,2025-11-27,False
MIA,LAS,AA 2941,AAL,AA 2941,AAL,2025-11-27 16:00:00,Arr 1851 (+24min),2025-11-27,False
DFW,BOI,AA 2944,AAL,AA 2944,AAL,2025-11-27 10:04:00,Arr 1227,2025-11-27,False
DFW,MIA,AA 2955,AAL,AA 2955,AAL,2025-11-27 06:00:00,Arr 0940,2025-11-27,False
MIA,MCO,AA 2957,AAL,AA 2957,AAL,2025-11-27 15:30:00,Arr 1722 (+41min),2025-11-27,False
PHX,ATL,AA 2958,AAL,AA 2958,AAL,2025-11-27 09:51:00,Arr 1524,2025-11-27,False
MCO,PHL,AA 2961,AAL,AA 2961,AAL,2025-11-27 10:30:00,Arr 1258 (+3min),2025-11-27,False
PHL,MCO,AA 2961,AAL,AA 2961,AAL,2025-11-27 07:00:00,Arr 0943 (+3min),2025-11-27,False
MCO,MIA,AA 2963,AAL,AA 2963,AAL,2025-11-27 19:15:00,Arr 2016,2025-11-27,False
PHX,LAX,AA 2966,AAL,AA 2966,AAL,2025-11-27 14:40:00,Arr 1457,2025-11-27,False
LAX,CLT,AA 2967,AAL,AA 2967,AAL,2025-11-27 23:45:00,Arr 0659,2025-11-27,False
DFW,LAX,AA 2968,AAL,AA 2968,AAL,2025-11-27 10:59:00,Arr 1219,2025-11-27,False
BFL,DFW,AA 2969,AAL,AA 2969,AAL,2025-11-27 06:00:00,Arr 1054,2025-11-27,False
ORD,LAX,AA 2970,AAL,AA 2970,AAL,2025-11-27 07:00:00,Arr 0912,2025-11-27,False
PHL,LAS,AA 2972,AAL,AA 2972,AAL,2025-11-27 10:30:00,Arr 1234,2025-11-27,False
DFW,LAX,AA 2974,AAL,AA 2974,AAL,2025-11-27 13:28:00,Arr 1430,2025-11-27,False
MIA,DFW,AA 2975,AAL,AA 2975,AAL,2025-11-27 14:09:00,Arr 1607,2025-11-27,False
MIA,LAX,AA 2976,AAL,AA 2976,AAL,2025-11-27 18:25:00,Arr 2047,2025-11-27,False
PHX,MKE,AA 2977,AAL,AA 2977,AAL,2025-11-27 10:00:00,Arr 1409,2025-11-27,False
BOS,MIA,AA 2980,AAL,AA 2980,AAL,2025-11-27 06:46:00,Arr 1025,2025-11-27,False
STL,MIA,AA 2981,AAL,AA 2981,AAL,2025-11-27 05:15:00,Arr 0902 (+3min),2025-11-27,False
PHX,LAX,AA 2982,AAL,AA 2982,AAL,2025-11-27 06:10:00,Arr 0631,2025-11-27,False
ORD,MIA,AA 2984,AAL,AA 2984,AAL,2025-11-27 05:00:00,Arr 0900,2025-11-27,False
DEN,MIA,AA 2986,AAL,AA 2986,AAL,2025-11-27 08:50:00,Arr 1436,2025-11-27,False
LAX,PHX,AA 2987,AAL,AA 2987,AAL,2025-11-27 13:00:00,Arr 1511,2025-11-27,False
AUS,CLT,AA 2989,AAL,AA 2989,AAL,2025-11-27 08:18:00,Arr 1123,2025-11-27,False
DFW,LGA,AA 2997,AAL,AA 2997,AAL,2025-11-27 10:54:00,Arr 1506 (+2min),2025-11-27,False
LAX,ORD,AA 2998,AAL,AA 2998,AAL,2025-11-27 09:57:00,Arr 1543,2025-11-27,False
LGA,ORD,AA 3002,AAL,AA 3002,AAL,2025-11-27 07:00:00,Arr 0820,2025-11-27,False
JAX,DCA,AA 3005,AAL,AA 3005,AAL,2025-11-27 07:08:00,Arr 0828,2025-11-27,False
EUG,PHX,AA 3007,AAL,AA 3007,AAL,2025-11-27 05:30:00,Arr 0857,2025-11-27,False
DCA,FLL,AA 3009,AAL,AA 3009,AAL,2025-11-27 10:00:00,Arr 1229,2025-11-27,False
FLL,DCA,AA 3009,AAL,AA 3009,AAL,2025-11-27 13:33:00,Arr 1528,2025-11-27,False
CLT,PHL,AA 3012,AAL,AA 3012,AAL,2025-11-27 13:00:00,Arr 1409,2025-11-27,False
MIA,JAX,AA 3014,AAL,AA 3014,AAL,2025-11-27 20:15:00,Arr 2125,2025-11-27,False
ONT,PHX,AA 3016,AAL,AA 3016,AAL,2025-11-27 12:55:00,Arr 1455,2025-11-27,False
PHX,ONT,AA 3016,AAL,AA 3016,AAL,2025-11-27 11:36:00,Arr 1142,2025-11-27,False
CLE,DFW,AA 3017,AAL,AA 3017,AAL,2025-11-27 08:30:00,Arr 1015,2025-11-27,False
ORD,LGA,AA 3019,AAL,AA 3019,AAL,2025-11-27 06:17:00,Arr 0906,2025-11-27,False
ELP,DFW,AA 3020,AAL,AA 3020,AAL,2025-11-27 07:29:00,Arr 1003,2025-11-27,False
ORD,LGA,AA 3022,AAL,AA 3022,AAL,2025-11-27 14:50:00,Arr 1751,2025-11-27,False
ICT,DFW,AA 3026,AAL,AA 3026,AAL,2025-11-27 07:15:00,Arr 0838,2025-11-27,False
CLT,PHX,AA 3033,AAL,AA 3033,AAL,2025-11-27 09:21:00,Arr 1156,2025-11-27,False
CLT,PIT,AA 3035,AAL,AA 3035,AAL,2025-11-27 11:20:00,Arr 1238,2025-11-27,False
DFW,PNS,AA 3037,AAL,AA 3037,AAL,2025-11-27 11:00:00,Arr 1226,2025-11-27,False
MCO,MIA,AA 3038,AAL,AA 3038,AAL,2025-11-27 11:20:00,Arr 1222,2025-11-27,False
MIA,MCO,AA 3038,AAL,AA 3038,AAL,2025-11-27 08:56:00,Arr 0955,2025-11-27,False
CLT,MCO,AA 3045,AAL,AA 3045,AAL,2025-11-27 13:40:00,Arr 1515,2025-11-27,False
PHL,RSW,AA 3046,AAL,AA 3046,AAL,2025-11-27 09:35:00,Arr 1239 (+9min),2025-11-27,False
PHX,SAN,AA 3049,AAL,AA 3049,AAL,2025-11-27 11:30:00,Arr 1137,2025-11-27,False
SAN,PHX,AA 3049,AAL,AA 3049,AAL,2025-11-27 12:50:00,Arr 1511,2025-11-27,False
DCA,MCO,AA 3050,AAL,AA 3050,AAL,2025-11-27 10:00:00,Arr 1225,2025-11-27,False
MIA,MCO,AA 3051,AAL,AA 3051,AAL,2025-11-27 12:00:00,Arr 1250,2025-11-27,False
OKC,DFW,AA 3053,AAL,AA 3053,AAL,2025-11-27 08:00:00,Arr 1020 (+68min),2025-11-27,False
CLT,RIC,AA 3054,AAL,AA 3054,AAL,2025-11-27 11:56:00,Arr 1246,2025-11-27,False
DFW,ORD,AA 3055,AAL,AA 3055,AAL,2025-11-27 11:16:00,Arr 1337,2025-11-27,False
ORD,DFW,AA 3055,AAL,AA 3055,AAL,2025-11-27 07:29:00,Arr 1026 (+11min),2025-11-27,False
ORD,SAT,AA 3059,AAL,AA 3059,AAL,2025-11-27 09:56:00,Arr 1226,2025-11-27,False
MIA,JFK,AA 3060,AAL,AA 3060,AAL,2025-11-27 07:38:00,Arr 1005,2025-11-27,False
DFW,MCO,AA 3062,AAL,AA 3062,AAL,2025-11-27 12:49:00,Arr 1606,2025-11-27,False
CLT,SAV,AA 3064,AAL,AA 3064,AAL,2025-11-27 13:47:00,Arr 1446,2025-11-27,False
PHX,SBP,AA 3065,AAL,AA 3065,AAL,2025-11-27 11:20:00,Arr 1146,2025-11-27,False
SBP,PHX,AA 3065,AAL,AA 3065,AAL,2025-11-27 12:57:00,Arr 1448,2025-11-27,False
DFW,ICT,AA 3067,AAL,AA 3067,AAL,2025-11-27 12:49:00,Arr 1422 (+2min),2025-11-27,False
PHX,SBA,AA 3069,AAL,AA 3069,AAL,2025-11-27 13:10:00,Arr 1324,2025-11-27,False
ATL,PHL,AA 3070,AAL,AA 3070,AAL,2025-11-27 07:00:00,Arr 0857,2025-11-27,False
ORD,MCO,AA 3071,AAL,AA 3071,AAL,2025-11-27 10:07:00,Arr 1408 (+15min),2025-11-27,False
DFW,SDF,AA 3072,AAL,AA 3072,AAL,2025-11-27 09:59:00,Arr 1255,2025-11-27,False
ORD,SJU,AA 3074,AAL,AA 3074,AAL,2025-11-27 08:25:00,Arr 1456 (+7min),2025-11-27,False
SJU,ORD,AA 3074,AAL,AA 3074,AAL,2025-11-27 15:41:00,Arr 1859,2025-11-27,False
ORD,MCO,AA 3076,AAL,AA 3076,AAL,2025-11-27 06:45:00,Arr 1011,2025-11-27,False
MIA,MCO,AA 3077,AAL,AA 3077,AAL,2025-11-27 17:38:00,Arr 1846,2025-11-27,False
PHL,MCO,AA 3078,AAL,AA 3078,AAL,2025-11-27 11:37:00,Arr 1524 (+66min),2025-11-27,False
DFW,SJU,AA 3082,AAL,AA 3082,AAL,2025-11-27 08:23:00,Arr 1455,2025-11-27,False
LGA,MCO,AA 3083,AAL,AA 3083,AAL,2025-11-27 06:59:00,Arr 0954,2025-11-27,False
MCO,LGA,AA 3083,AAL,AA 3083,AAL,2025-11-27 10:55:00,Arr 1308,2025-11-27,False
JFK,SNA,AA 3085,AAL,AA 3085,AAL,2025-11-27 09:05:00,Arr 1248 (+9min),2025-11-27,False
SNA,JFK,AA 3085,AAL,AA 3085,AAL,2025-11-27 13:30:00,Arr 2132,2025-11-27,False
PHX,BNA,AA 3086,AAL,AA 3086,AAL,2025-11-27 10:06:00,Arr 1424 (+2min),2025-11-27,False
PHX,MCI,AA 3087,AAL,AA 3087,AAL,2025-11-27 09:49:00,Arr 1313,2025-11-27,False
DFW,MEM,AA 3088,AAL,AA 3088,AAL,2025-11-27 10:59:00,Arr 1216,2025-11-27,False
LAX,MIA,AA 914,AAL,AA 914,AAL,2025-11-27 11:15:00,Arr 1854,2025-11-27,False
AUS,PHL,AA 942,AAL,AA 942,AAL,2025-11-27 06:27:00,Arr 1027,2025-11-27,False
ORD,PHL,AA 970,AAL,AA 970,AAL,2025-11-27 06:30:00,Arr 0917,2025-11-27,False
PHL,PHX,AA 981,AAL,AA 981,AAL,2025-11-27 07:05:00,Arr 1013,2025-11-27,False
PHX,ORD,AA 985,AAL,AA 985,AAL,2025-11-27 09:40:00,Arr 1448 (+35min),2025-11-27,False
CLT,ORD,AA 986,AAL,AA 986,AAL,2025-11-27 13:01:00,Arr 1356,2025-11-27,False
CLT,BNA,AA 993,AAL,AA 993,AAL,2025-11-27 13:27:00,Arr 1343,2025-11-27,False
LAX,ORD,AA 999,AAL,AA 999,AAL,2025-11-27 01:30:00,Arr 0735 (+8min),2025-11-27,False
PVD,ORD,AA 1002,AAL,AA 1002,AAL,2025-11-27 06:40:00,Arr 0821,2025-11-27,False
DEN,MIA,AA 1003,AAL,AA 1003,AAL,2025-11-27 00:17:00,Arr 0552,2025-11-27,False
BOS,CLT,AA 1004,AAL,AA 1004,AAL,2025-11-27 07:30:00,Arr 1003,2025-11-27,False
MIA,DCA,AA 1005,AAL,AA 1005,AAL,2025-11-27 14:30:00,Arr 1718 (+18min),2025-11-27,False
MIA,LAS,AA 1006,AAL,AA 1006,AAL,2025-11-27 21:30:00,Arr 2335,2025-11-27,False
DFW,LAS,AA 1007,AAL,AA 1007,AAL,2025-11-27 13:26:00,Arr 1407,2025-11-27,False
DFW,ATL,AA 1008,AAL,AA 1008,AAL,2025-11-27 12:50:00,Arr 1544,2025-11-27,False
CLT,ATL,AA 1009,AAL,AA 1009,AAL,2025-11-27 11:15:00,Arr 1225,2025-11-27,False
ATL,DCA,AA 1010,AAL,AA 1010,AAL,2025-11-27 11:04:00,Arr 1728 (+278min),2025-11-27,False
DCA,ATL,AA 1010,AAL,AA 1010,AAL,2025-11-27 08:20:00,Arr 1514 (+290min),2025-11-27,False
BNA,DCA,AA 1011,AAL,AA 1011,AAL,2025-11-27 08:52:00,Arr 1059,2025-11-27,False
DCA,BNA,AA 1011,AAL,AA 1011,AAL,2025-11-27 07:00:00,Arr 0753,2025-11-27,False
DFW,TUS,AA 1014,AAL,AA 1014,AAL,2025-11-27 08:08:00,Arr 0911,2025-11-27,False
CHS,DCA,AA 1015,AAL,AA 1015,AAL,2025-11-27 06:06:00,Arr 0709,2025-11-27,False
JFK,MIA,AA 1017,AAL,AA 1017,AAL,2025-11-27 05:30:00,Arr 0827,2025-11-27,False
TPA,MIA,AA 1018,AAL,AA 1018,AAL,2025-11-27 15:27:00,Arr 1639 (+3min),2025-11-27,False
SJC,DFW,AA 1019,AAL,AA 1019,AAL,2025-11-27 06:00:00,Arr 1148 (+11min),2025-11-27,False
DTW,MIA,AA 1020,AAL,AA 1020,AAL,2025-11-27 06:00:00,Arr 0929 (+17min),2025-11-27,False
LAX,ORD,AA 1021,AAL,AA 1021,AAL,2025-11-27 06:00:00,Arr 1217 (+8min),2025-11-27,False
IAH,ORD,AA 1022,AAL,AA 1022,AAL,2025-11-27 11:44:00,Arr 1414,2025-11-27,False
ORD,IAH,AA 1022,AAL,AA 1022,AAL,2025-11-27 08:15:00,Arr 1053,2025-11-27,False
PHX,IND,AA 1023,AAL,AA 1023,AAL,2025-11-27 10:51:00,Arr 1556,2025-11-27,False
LAX,MCO,AA 1024,AAL,AA 1024,AAL,2025-11-27 08:00:00,Arr 1925 (+215min),2025-11-27,False
MIA,MSY,AA 1025,AAL,AA 1025,AAL,2025-11-27 19:49:00,Arr 2046,2025-11-27,False
PHX,RNO,AA 1027,AAL,AA 1027,AAL,2025-11-27 08:15:00,Arr 0854,2025-11-27,False
RNO,PHX,AA 1027,AAL,AA 1027,AAL,2025-11-27 09:55:00,Arr 1226,2025-11-27,False
SEA,ORD,AA 1029,AAL,AA 1029,AAL,2025-11-27 10:39:00,Arr 1611,2025-11-27,False
DFW,GEG,AA 1031,AAL,AA 1031,AAL,2025-11-27 10:30:00,Arr 1226,2025-11-27,False
JFK,MIA,AA 1032,AAL,AA 1032,AAL,2025-11-27 06:30:00,Arr 0938,2025-11-27,False
LAS,MIA,AA 1033,AAL,AA 1033,AAL,2025-11-27 01:14:00,Arr 0947 (+57min),2025-11-27,False
LGA,CLT,AA 1036,AAL,AA 1036,AAL,2025-11-27 06:00:00,Arr 0809 (+7min),2025-11-27,False
DFW,MIA,AA 1042,AAL,AA 1042,AAL,2025-11-27 05:00:00,Arr 0837,2025-11-27,False
AVP,CLT,AA 1045,AAL,AA 1045,AAL,2025-11-27 06:00:00,Arr 0733,2025-11-27,False
ATL,MIA,AA 1046,AAL,AA 1046,AAL,2025-11-27 07:00:00,Arr 0904 (+4min),2025-11-27,False
TYS,DFW,AA 1049,AAL,AA 1049,AAL,2025-11-27 05:10:00,Arr 0625,2025-11-27,False
ALB,CLT,AA 1050,AAL,AA 1050,AAL,2025-11-27 06:01:00,Arr 0800,2025-11-27,False
SAN,DFW,AA 1055,AAL,AA 1055,AAL,2025-11-27 06:15:00,Arr 1130 (+4min),2025-11-27,False
DFW,PBI,AA 1063,AAL,AA 1063,AAL,2025-11-27 12:56:00,Arr 1639,2025-11-27,False
CLT,LGA,AA 1064,AAL,AA 1064,AAL,2025-11-27 11:09:00,Arr 1247,2025-11-27,False
ORD,PHX,AA 1067,AAL,AA 1067,AAL,2025-11-27 08:41:00,Arr 1121,2025-11-27,False
LAS,JFK,AA 1069,AAL,AA 1069,AAL,2025-11-27 07:00:00,Arr 1438,2025-11-27,False
DFW,DCA,AA 1072,AAL,AA 1072,AAL,2025-11-27 12:36:00,Arr 1621,2025-11-27,False
MIA,EWR,AA 1079,AAL,AA 1079,AAL,2025-11-27 20:00:00,Arr 2353 (+40min),2025-11-27,False
DFW,ORD,AA 1082,AAL,AA 1082,AAL,2025-11-27 08:09:00,Arr 1025,2025-11-27,False
AUS,PHX,AA 1083,AAL,AA 1083,AAL,2025-11-27 12:10:00,Arr 1324,2025-11-27,False
RDU,MIA,AA 1088,AAL,AA 1088,AAL,2025-11-27 08:44:00,Arr 1049,2025-11-27,False
TUL,DFW,AA 1090,AAL,AA 1090,AAL,2025-11-27 06:02:00,Arr 0709,2025-11-27,False
CLT,DFW,AA 1091,AAL,AA 1091,AAL,2025-11-27 11:36:00,Arr 1319,2025-11-27,False
CLT,RSW,AA 1094,AAL,AA 1094,AAL,2025-11-27 11:04:00,Arr 1258,2025-11-27,False
MCI,DFW,AA 1098,AAL,AA 1098,AAL,2025-11-27 06:12:00,Arr 0814 (+8min),2025-11-27,False
DFW,BNA,AA 1100,AAL,AA 1100,AAL,2025-11-27 12:42:00,Arr 1424,2025-11-27,False
BNA,DFW,AA 1103,AAL,AA 1103,AAL,2025-11-27 08:55:00,Arr 1121 (+10min),2025-11-27,False
SDF,CLT,AA 1106,AAL,AA 1106,AAL,2025-11-27 06:25:00,Arr 0750,2025-11-27,False
CLT,MDT,AA 1107,AAL,AA 1107,AAL,2025-11-27 13:23:00,Arr 1432,2025-11-27,False
DTW,DFW,AA 1108,AAL,AA 1108,AAL,2025-11-27 05:11:00,Arr 0721,2025-11-27,False
MIA,LAX,AA 1110,AAL,AA 1110,AAL,2025-11-27 13:45:00,Arr 1619,2025-11-27,False
LEX,DFW,AA 1115,AAL,AA 1115,AAL,2025-11-27 07:00:00,Arr 0827,2025-11-27,False
MIA,SAN,AA 1120,AAL,AA 1120,AAL,2025-11-27 21:11:00,Arr 2329,2025-11-27,False
BDL,PHL,AA 1121,AAL,AA 1121,AAL,2025-11-27 06:16:00,Arr 0720,2025-11-27,False
TPA,DFW,AA 1125,AAL,AA 1125,AAL,2025-11-27 08:10:00,Arr 0949,2025-11-27,False
CLT,LAX,AA 1135,AAL,AA 1135,AAL,2025-11-27 12:00:00,Arr 1412,2025-11-27,False
SLC,ORD,AA 1141,AAL,AA 1141,AAL,2025-11-27 06:00:00,Arr 1005,2025-11-27,False
MIA,IND,AA 1147,AAL,AA 1147,AAL,2025-11-27 21:00:00,Arr 2343,2025-11-27,False
DFW,BOS,AA 1148,AAL,AA 1148,AAL,2025-11-27 12:51:00,Arr 1714,2025-11-27,False
PHX,ORD,AA 1149,AAL,AA 1149,AAL,2025-11-27 06:10:00,Arr 1024,2025-11-27,False
PHL,MIA,AA 1155,AAL,AA 1155,AAL,2025-11-27 17:20:00,Arr 2024 (+6min),2025-11-27,False
PHX,ORD,AA 1164,AAL,AA 1164,AAL,2025-11-27 15:30:00,Arr 1936,2025-11-27,False
MCO,DCA,AA 1165,AAL,AA 1165,AAL,2025-11-27 13:34:00,Arr 1504,2025-11-27,False
ORD,IAH,AA 1168,AAL,AA 1168,AAL,2025-11-27 15:20:00,Arr 1735,2025-11-27,False
MIA,LGA,AA 1171,AAL,AA 1171,AAL,2025-11-27 19:33:00,Arr 2207,2025-11-27,False
MIA,BNA,AA 1173,AAL,AA 1173,AAL,2025-11-27 20:27:00,Arr 2149,2025-11-27,False
DFW,DCA,AA 1177,AAL,AA 1177,AAL,2025-11-27 08:16:00,Arr 1202,2025-11-27,False
LAX,ORD,AA 1178,AAL,AA 1178,AAL,2025-11-27 07:20:00,Arr 1322,2025-11-27,False
BWI,MIA,AA 1183,AAL,AA 1183,AAL,2025-11-27 06:00:00,Arr 0844,2025-11-27,False
DFW,AMA,AA 1184,AAL,AA 1184,AAL,2025-11-27 12:49:00,Arr 1359,2025-11-27,False
TPA,DFW,AA 1189,AAL,AA 1189,AAL,2025-11-27 06:02:00,Arr 0748,2025-11-27,False
CLT,MIA,AA 1194,AAL,AA 1194,AAL,2025-11-27 18:45:00,Arr 2038,2025-11-27,False
ORD,MSY,AA 1195,AAL,AA 1195,AAL,2025-11-27 11:40:00,Arr 1428 (+21min),2025-11-27,False
EWR,MIA,AA 1196,AAL,AA 1196,AAL,2025-11-27 05:20:00,Arr 0823,2025-11-27,False
MCI,PHX,AA 1197,AAL,AA 1197,AAL,2025-11-27 07:10:00,Arr 0859,2025-11-27,False
BOS,PHL,AA 1198,AAL,AA 1198,AAL,2025-11-27 10:23:00,Arr 1146,2025-11-27,False
PHL,BOS,AA 1198,AAL,AA 1198,AAL,2025-11-27 08:09:00,Arr 0916,2025-11-27,False
DCA,ORD,AA 1200,AAL,AA 1200,AAL,2025-11-27 09:45:00,Arr 1039,2025-11-27,False
ORD,MIA,AA 1201,AAL,AA 1201,AAL,2025-11-27 14:50:00,Arr 1844,2025-11-27,False
CLT,BUF,AA 1203,AAL,AA 1203,AAL,2025-11-27 09:16:00,Arr 1108 (+6min),2025-11-27,False
MIA,ORD,AA 1204,AAL,AA 1204,AAL,2025-11-27 09:37:00,Arr 1133,2025-11-27,False
DFW,BOS,AA 1206,AAL,AA 1206,AAL,2025-11-27 09:06:00,Arr 1319,2025-11-27,False
DFW,BUR,AA 1208,AAL,AA 1208,AAL,2025-11-27 10:05:00,Arr 1120,2025-11-27,False
SEA,DFW,AA 1209,AAL,AA 1209,AAL,2025-11-27 00:59:00,Arr 0619,2025-11-27,False
PHL,MSY,AA 1211,AAL,AA 1211,AAL,2025-11-27 10:35:00,Arr 1247,2025-11-27,False
ORD,PHL,AA 1212,AAL,AA 1212,AAL,2025-11-27 08:45:00,Arr 1126,2025-11-27,False
SLC,DFW,AA 1214,AAL,AA 1214,AAL,2025-11-27 07:20:00,Arr 1100 (+3min),2025-11-27,False
CLT,EWR,AA 1216,AAL,AA 1216,AAL,2025-11-27 13:34:00,Arr 1459,2025-11-27,False
DCA,PHX,AA 1218,AAL,AA 1218,AAL,2025-11-27 10:05:00,Arr 1603 (+158min),2025-11-27,False
PHX,DCA,AA 1218,AAL,AA 1218,AAL,2025-11-27 13:52:00,Arr 1958,2025-11-27,False
PBI,DFW,AA 1220,AAL,AA 1220,AAL,2025-11-27 06:55:00,Arr 0910,2025-11-27,False
TPA,MIA,AA 1223,AAL,AA 1223,AAL,2025-11-27 07:02:00,Arr 0750,2025-11-27,False
SAT,DFW,AA 1224,AAL,AA 1224,AAL,2025-11-27 08:00:00,Arr 0919 (+3min),2025-11-27,False
ATL,LAX,AA 1225,AAL,AA 1225,AAL,2025-11-27 06:05:00,Arr 0741,2025-11-27,False
MIA,DFW,AA 1226,AAL,AA 1226,AAL,2025-11-27 05:18:00,Arr 0718,2025-11-27,False
ATL,PHX,AA 1230,AAL,AA 1230,AAL,2025-11-27 08:00:00,Arr 1002,2025-11-27,False
RDU,MIA,AA 1231,AAL,AA 1231,AAL,2025-11-27 06:10:00,Arr 0818,2025-11-27,False
LAX,DCA,AA 1233,AAL,AA 1233,AAL,2025-11-27 12:57:00,Arr 2031,2025-11-27,False
MRY,PHX,AA 1234,AAL,AA 1234,AAL,2025-11-27 06:05:00,Arr 0842,2025-11-27,False
SYR,CLT,AA 1235,AAL,AA 1235,AAL,2025-11-27 06:08:00,Arr 0803,2025-11-27,False
ORD,DFW,AA 1239,AAL,AA 1239,AAL,2025-11-27 10:15:00,Arr 1225,2025-11-27,False
DCA,BOS,AA 1242,AAL,AA 1242,AAL,2025-11-27 12:23:00,Arr 1333,2025-11-27,False
BOS,LAX,AA 1243,AAL,AA 1243,AAL,2025-11-27 08:15:00,Arr 1133,2025-11-27,False
DFW,DCA,AA 1244,AAL,AA 1244,AAL,2025-11-27 10:01:00,Arr 1357 (+7min),2025-11-27,False
DFW,LAX,AA 1247,AAL,AA 1247,AAL,2025-11-27 15:15:00,Arr 1620,2025-11-27,False
MIA,CLE,AA 1248,AAL,AA 1248,AAL,2025-11-27 20:49:00,Arr 2329,2025-11-27,False
BOS,CLT,AA 1249,AAL,AA 1249,AAL,2025-11-27 05:25:00,Arr 0745,2025-11-27,False
DCA,MIA,AA 1252,AAL,AA 1252,AAL,2025-11-27 11:45:00,Arr 1515 (+48min),2025-11-27,False
ORD,SFO,AA 1253,AAL,AA 1253,AAL,2025-11-27 10:15:00,Arr 1247,2025-11-27,False
MCI,MIA,AA 1255,AAL,AA 1255,AAL,2025-11-27 05:04:00,Arr 0943 (+29min),2025-11-27,False
BOS,MIA,AA 1259,AAL,AA 1259,AAL,2025-11-27 08:00:00,Arr 1137,2025-11-27,False
CLT,DFW,AA 1261,AAL,AA 1261,AAL,2025-11-27 07:12:00,Arr 0915,2025-11-27,False
BOI,DFW,AA 1263,AAL,AA 1263,AAL,2025-11-27 07:00:00,Arr 1055,2025-11-27,False
CLT,MYR,AA 1266,AAL,AA 1266,AAL,2025-11-27 13:00:00,Arr 1401 (+2min),2025-11-27,False
PHX,PHL,AA 1267,AAL,AA 1267,AAL,2025-11-27 00:44:00,Arr 0650,2025-11-27,False
MIA,DTW,AA 1268,AAL,AA 1268,AAL,2025-11-27 20:00:00,Arr 0003 (+44min),2025-11-27,False
RSW,DCA,AA 2081,AAL,AA 2081,AAL,2025-11-27 10:33:00,Arr 1231,2025-11-27,False
PHL,MCO,AA 2084,AAL,AA 2084,AAL,2025-11-27 08:15:00,Arr 1058,2025-11-27,False
MSY,DFW,AA 2090,AAL,AA 2090,AAL,2025-11-27 05:15:00,Arr 0645,2025-11-27,False
BOS,PHL,AA 2096,AAL,AA 2096,AAL,2025-11-27 07:00:00,Arr 0830,2025-11-27,False
MSP,MIA,AA 2101,AAL,AA 2101,AAL,2025-11-27 05:45:00,Arr 1032 (+1min),2025-11-27,False
PHL,PHX,AA 2102,AAL,AA 2102,AAL,2025-11-27 10:35:00,Arr 1349,2025-11-27,False
ORD,PHX,AA 2103,AAL,AA 2103,AAL,2025-11-27 05:00:00,Arr 0730,2025-11-27,False
PDX,DFW,AA 2104,AAL,AA 2104,AAL,2025-11-27 05:30:00,Arr 1058,2025-11-27,False
LGA,CLT,AA 2111,AAL,AA 2111,AAL,2025-11-27 10:05:00,Arr 1201,2025-11-27,False
LAX,ATL,AA 2112,AAL,AA 2112,AAL,2025-11-27 08:00:00,Arr 1514,2025-11-27,False
PHX,MCO,AA 2118,AAL,AA 2118,AAL,2025-11-27 09:55:00,Arr 1615 (+9min),2025-11-27,False
PHX,MRY,AA 2121,AAL,AA 2121,AAL,2025-11-27 14:51:00,Arr 1520,2025-11-27,False
ORD,TPA,AA 2122,AAL,AA 2122,AAL,2025-11-27 11:53:00,Arr 1515,2025-11-27,False
ORD,LAX,AA 2124,AAL,AA 2124,AAL,2025-11-27 09:13:00,Arr 1127,2025-11-27,False
MCO,MIA,AA 2125,AAL,AA 2125,AAL,2025-11-27 08:00:00,Arr 0908,2025-11-27,False
PHX,MEM,AA 2127,AAL,AA 2127,AAL,2025-11-27 13:30:00,Arr 1718,2025-11-27,False
LAX,MIA,AA 2129,AAL,AA 2129,AAL,2025-11-27 06:05:00,Arr 1348,2025-11-27,False
ORD,SAN,AA 2131,AAL,AA 2131,AAL,2025-11-27 09:35:00,Arr 1229 (+16min),2025-11-27,False
SAN,ORD,AA 2131,AAL,AA 2131,AAL,2025-11-27 13:05:00,Arr 1904,2025-11-27,False
EWR,PHX,AA 2133,AAL,AA 2133,AAL,2025-11-27 10:20:00,Arr 1337,2025-11-27,False
CLT,GSP,AA 2134,AAL,AA 2134,AAL,2025-11-27 10:01:00,Arr 1103 (+13min),2025-11-27,False
AUS,ORD,AA 2137,AAL,AA 2137,AAL,2025-11-27 06:00:00,Arr 0841,2025-11-27,False
JFK,LAS,AA 2138,AAL,AA 2138,AAL,2025-11-27 07:29:00,Arr 1018,2025-11-27,False
DFW,MSN,AA 2139,AAL,AA 2139,AAL,2025-11-27 08:08:00,Arr 1013,2025-11-27,False
MIA,SJU,AA 2141,AAL,AA 2141,AAL,2025-11-27 07:40:00,Arr 1132 (+20min),2025-11-27,False
SJU,MIA,AA 2141,AAL,AA 2141,AAL,2025-11-27 12:02:00,Arr 1404 (+11min),2025-11-27,False
SEA,MIA,AA 2142,AAL,AA 2142,AAL,2025-11-27 22:08:00,Arr 0623,2025-11-27,False
IAH,MIA,AA 2144,AAL,AA 2144,AAL,2025-11-27 05:30:00,Arr 0839,2025-11-27,False
PHL,IAH,AA 2146,AAL,AA 2146,AAL,2025-11-27 08:56:00,Arr 1126,2025-11-27,False
DFW,MSP,AA 2147,AAL,AA 2147,AAL,2025-11-27 10:28:00,Arr 1250,2025-11-27,False
CLT,IAD,AA 2149,AAL,AA 2149,AAL,2025-11-27 11:35:00,Arr 1241,2025-11-27,False
CLT,SJU,AA 2150,AAL,AA 2150,AAL,2025-11-27 11:07:00,Arr 1606 (+12min),2025-11-27,False
DCA,ORD,AA 2152,AAL,AA 2152,AAL,2025-11-27 14:30:00,Arr 1527,2025-11-27,False
BOS,DCA,AA 2153,AAL,AA 2153,AAL,2025-11-27 09:00:00,Arr 1028,2025-11-27,False
DFW,ILM,AA 2155,AAL,AA 2155,AAL,2025-11-27 13:21:00,Arr 1650,2025-11-27,False
DFW,STL,AA 2159,AAL,AA 2159,AAL,2025-11-27 10:45:00,Arr 1221,2025-11-27,False
DFW,ICT,AA 2163,AAL,AA 2163,AAL,2025-11-27 08:08:00,Arr 1002 (+33min),2025-11-27,False
ICT,DFW,AA 2163,AAL,AA 2163,AAL,2025-11-27 10:09:00,Arr 1142 (+3min),2025-11-27,False
MCO,DCA,AA 2165,AAL,AA 2165,AAL,2025-11-27 06:42:00,Arr 0905 (+10min),2025-11-27,False
MSP,DFW,AA 2172,AAL,AA 2172,AAL,2025-11-27 07:25:00,Arr 0939,2025-11-27,False
CLT,ORD,AA 2174,AAL,AA 2174,AAL,2025-11-27 11:31:00,Arr 1233,2025-11-27,False
DCA,PBI,AA 2176,AAL,AA 2176,AAL,2025-11-27 08:00:00,Arr 1038 (+1min),2025-11-27,False
PBI,DCA,AA 2176,AAL,AA 2176,AAL,2025-11-27 11:17:00,Arr 1324,2025-11-27,False
DFW,SFO,AA 2177,AAL,AA 2177,AAL,2025-11-27 11:24:00,Arr 1304,2025-11-27,False
DFW,SLC,AA 2178,AAL,AA 2178,AAL,2025-11-27 08:59:00,Arr 1058 (+7min),2025-11-27,False
DFW,GSP,AA 2181,AAL,AA 2181,AAL,2025-11-27 12:40:00,Arr 1719 (+74min),2025-11-27,False
MIA,STX,AA 2182,AAL,AA 2182,AAL,2025-11-27 14:10:00,Arr 1833 (+41min),2025-11-27,False
STX,MIA,AA 2182,AAL,AA 2182,AAL,2025-11-27 18:42:00,Arr 2059 (+9min),2025-11-27,False
VPS,CLT,AA 2185,AAL,AA 2185,AAL,2025-11-27 07:20:00,Arr 0940,2025-11-27,False
DFW,OMA,AA 2188,AAL,AA 2188,AAL,2025-11-27 13:11:00,Arr 1447,2025-11-27,False
CLT,MSN,AA 2189,AAL,AA 2189,AAL,2025-11-27 09:00:00,Arr 0951,2025-11-27,False
DFW,VPS,AA 2190,AAL,AA 2190,AAL,2025-11-27 08:38:00,Arr 1018,2025-11-27,False
CLT,MIA,AA 2191,AAL,AA 2191,AAL,2025-11-27 07:05:00,Arr 0916 (+6min),2025-11-27,False
SLC,DFW,AA 2195,AAL,AA 2195,AAL,2025-11-27 05:16:00,Arr 0853,2025-11-27,False
DFW,ONT,AA 2198,AAL,AA 2198,AAL,2025-11-27 10:29:00,Arr 1152,2025-11-27,False
BOS,MIA,AA 2199,AAL,AA 2199,AAL,2025-11-27 12:25:00,Arr 1608 (+6min),2025-11-27,False
MSY,MIA,AA 2202,AAL,AA 2202,AAL,2025-11-27 07:00:00,Arr 0953,2025-11-27,False
RIC,DFW,AA 2204,AAL,AA 2204,AAL,2025-11-27 06:15:00,Arr 0840,2025-11-27,False
PVD,CLT,AA 2206,AAL,AA 2206,AAL,2025-11-27 07:30:00,Arr 0942,2025-11-27,False
CLT,PBI,AA 2208,AAL,AA 2208,AAL,2025-11-27 11:00:00,Arr 1247,2025-11-27,False
SFO,LAX,AA 2211,AAL,AA 2211,AAL,2025-11-27 07:12:00,Arr 0830,2025-11-27,False
ORD,SNA,AA 2212,AAL,AA 2212,AAL,2025-11-27 11:45:00,Arr 1413,2025-11-27,False
PHX,SNA,AA 2214,AAL,AA 2214,AAL,2025-11-27 08:35:00,Arr 0843,2025-11-27,False
SNA,PHX,AA 2214,AAL,AA 2214,AAL,2025-11-27 09:59:00,Arr 1209,2025-11-27,False
CLT,IND,AA 2215,AAL,AA 2215,AAL,2025-11-27 13:02:00,Arr 1421,2025-11-27,False
PHX,CLT,AA 2226,AAL,AA 2226,AAL,2025-11-27 09:30:00,Arr 1523,2025-11-27,False
MIA,BOS,AA 2227,AAL,AA 2227,AAL,2025-11-27 19:42:00,Arr 2242,2025-11-27,False
PHX,LAX,AA 2228,AAL,AA 2228,AAL,2025-11-27 07:10:00,Arr 0723,2025-11-27,False
LAS,MIA,AA 2232,AAL,AA 2232,AAL,2025-11-27 08:11:00,Arr 1603 (+8min),2025-11-27,False
DFW,BHM,AA 2234,AAL,AA 2234,AAL,2025-11-27 08:08:00,Arr 0925,2025-11-27,False
LAX,PHL,AA 2235,AAL,AA 2235,AAL,2025-11-27 06:30:00,Arr 1407,2025-11-27,False
MIA,PHL,AA 2236,AAL,AA 2236,AAL,2025-11-27 06:00:00,Arr 0827,2025-11-27,False
LAX,PHX,AA 2239,AAL,AA 2239,AAL,2025-11-27 09:45:00,Arr 1204,2025-11-27,False
CLT,PHX,AA 2240,AAL,AA 2240,AAL,2025-11-27 11:15:00,Arr 1340,2025-11-27,False
LAX,DFW,AA 2245,AAL,AA 2245,AAL,2025-11-27 00:59:00,Arr 0551,2025-11-27,False
SAT,PHX,AA 2252,AAL,AA 2252,AAL,2025-11-27 06:00:00,Arr 0753 (+12min),2025-11-27,False
DFW,SNA,AA 2253,AAL,AA 2253,AAL,2025-11-27 08:15:00,Arr 1014 (+32min),2025-11-27,False
ORD,LGA,AA 2254,AAL,AA 2254,AAL,2025-11-27 11:40:00,Arr 1426,2025-11-27,False
ORD,PSP,AA 2256,AAL,AA 2256,AAL,2025-11-27 15:00:00,Arr 1657,2025-11-27,False
LAS,ORD,AA 2258,AAL,AA 2258,AAL,2025-11-27 07:00:00,Arr 1222,2025-11-27,False
BOS,PHX,AA 2260,AAL,AA 2260,AAL,2025-11-27 06:05:00,Arr 1015,2025-11-27,False
STL,DFW,AA 2261,AAL,AA 2261,AAL,2025-11-27 05:17:00,Arr 0655,2025-11-27,False
FSD,DFW,AA 2262,AAL,AA 2262,AAL,2025-11-27 06:30:00,Arr 0827,2025-11-27,False
CLT,CHS,AA 2270,AAL,AA 2270,AAL,2025-11-27 11:00:00,Arr 1205,2025-11-27,False
OKC,DFW,AA 2272,AAL,AA 2272,AAL,2025-11-27 06:03:00,Arr 0939 (+139min),2025-11-27,False
ORF,DFW,AA 2274,AAL,AA 2274,AAL,2025-11-27 06:21:00,Arr 0855,2025-11-27,False
STL,PHL,AA 2275,AAL,AA 2275,AAL,2025-11-27 06:00:00,Arr 0902,2025-11-27,False
ATL,MIA,AA 2283,AAL,AA 2283,AAL,2025-11-27 09:00:00,Arr 1054,2025-11-27,False
MCO,PHX,AA 2284,AAL,AA 2284,AAL,2025-11-27 11:17:00,Arr 1338,2025-11-27,False
ORD,SNA,AA 2285,AAL,AA 2285,AAL,2025-11-27 09:53:00,Arr 1206,2025-11-27,False
PHL,MIA,AA 2286,AAL,AA 2286,AAL,2025-11-27 05:00:00,Arr 0746,2025-11-27,False
AUS,JFK,AA 2287,AAL,AA 2287,AAL,2025-11-27 07:12:00,Arr 1119,2025-11-27,False
DFW,STL,AA 2289,AAL,AA 2289,AAL,2025-11-27 08:49:00,Arr 1030,2025-11-27,False
CLT,MIA,AA 2290,AAL,AA 2290,AAL,2025-11-27 11:00:00,Arr 1305 (+2min),2025-11-27,False
SFO,CLT,AA 2294,AAL,AA 2294,AAL,2025-11-27 23:59:00,Arr 0727,2025-11-27,False
ORF,CLT,AA 2296,AAL,AA 2296,AAL,2025-11-27 09:56:00,Arr 1114,2025-11-27,False
SLC,CLT,AA 2298,AAL,AA 2298,AAL,2025-11-27 23:59:00,Arr 0512,2025-11-27,False
MIA,ORD,AA 2300,AAL,AA 2300,AAL,2025-11-27 13:36:00,Arr 1535,2025-11-27,False
PHX,STL,AA 2303,AAL,AA 2303,AAL,2025-11-27 09:48:00,Arr 1331,2025-11-27,False
DCA,ORD,AA 2304,AAL,AA 2304,AAL,2025-11-27 06:53:00,Arr 0757,2025-11-27,False
DEN,CLT,AA 2305,AAL,AA 2305,AAL,2025-11-27 23:59:00,Arr 0427,2025-11-27,False
PHX,RDU,AA 2307,AAL,AA 2307,AAL,2025-11-27 10:00:00,Arr 1604,2025-11-27,False
LAX,RDU,AA 2308,AAL,AA 2308,AAL,2025-11-27 09:02:00,Arr 1630,2025-11-27,False
DFW,BWI,AA 2314,AAL,AA 2314,AAL,2025-11-27 10:16:00,Arr 1348,2025-11-27,False
CLT,BWI,AA 2316,AAL,AA 2316,AAL,2025-11-27 11:25:00,Arr 1249,2025-11-27,False
CLT,RIC,AA 2317,AAL,AA 2317,AAL,2025-11-27 09:00:00,Arr 0957,2025-11-27,False
RIC,CLT,AA 2317,AAL,AA 2317,AAL,2025-11-27 10:53:00,Arr 1206,2025-11-27,False
CLT,ORF,AA 2319,AAL,AA 2319,AAL,2025-11-27 11:15:00,Arr 1217,2025-11-27,False
LAX,DFW,AA 2320,AAL,AA 2320,AAL,2025-11-27 23:59:00,Arr 0443,2025-11-27,False
DFW,TPA,AA 2324,AAL,AA 2324,AAL,2025-11-27 12:54:00,Arr 1623,2025-11-27,False
DFW,CHS,AA 2325,AAL,AA 2325,AAL,2025-11-27 11:10:00,Arr 1418,2025-11-27,False
DSM,DFW,AA 2326,AAL,AA 2326,AAL,2025-11-27 05:00:00,Arr 0700,2025-11-27,False
PHX,MIA,AA 2328,AAL,AA 2328,AAL,2025-11-27 23:58:00,Arr 0637 (+32min),2025-11-27,False
PIT,CLT,AA 2329,AAL,AA 2329,AAL,2025-11-27 06:41:00,Arr 0807,2025-11-27,False
CLT,PWM,AA 2330,AAL,AA 2330,AAL,2025-11-27 11:45:00,Arr 1335,2025-11-27,False
PHL,ORD,AA 2332,AAL,AA 2332,AAL,2025-11-27 07:35:00,Arr 0902,2025-11-27,False
CLT,ILM,AA 2334,AAL,AA 2334,AAL,2025-11-27 13:30:00,Arr 1442 (+12min),2025-11-27,False
ABQ,DFW,AA 2335,AAL,AA 2335,AAL,2025-11-27 06:06:00,Arr 0907 (+6min),2025-11-27,False
DFW,CLE,AA 2336,AAL,AA 2336,AAL,2025-11-27 13:20:00,Arr 1728 (+34min),2025-11-27,False
CLT,SYR,AA 2339,AAL,AA 2339,AAL,2025-11-27 11:11:00,Arr 1315 (+4min),2025-11-27,False
MIA,RDU,AA 2340,AAL,AA 2340,AAL,2025-11-27 09:00:00,Arr 1059,2025-11-27,False
RDU,MIA,AA 2340,AAL,AA 2340,AAL,2025-11-27 12:10:00,Arr 1410,2025-11-27,False
SAT,DFW,AA 2342,AAL,AA 2342,AAL,2025-11-27 06:00:00,Arr 0705,2025-11-27,False
PHX,TPA,AA 2343,AAL,AA 2343,AAL,2025-11-27 10:05:00,Arr 1552,2025-11-27,False
LGA,MSY,AA 3090,AAL,AA 3090,AAL,2025-11-27 07:25:00,Arr 0940,2025-11-27,False
MSY,LGA,AA 3090,AAL,AA 3090,AAL,2025-11-27 10:45:00,Arr 1415,2025-11-27,False
ORD,PVD,AA 3091,AAL,AA 3091,AAL,2025-11-27 09:25:00,Arr 1225,2025-11-27,False
JFK,STT,AA 3092,AAL,AA 3092,AAL,2025-11-27 09:30:00,Arr 1651 (+128min),2025-11-27,False
STT,JFK,AA 3092,AAL,AA 3092,AAL,2025-11-27 15:23:00,Arr 2013 (+88min),2025-11-27,False
RDU,PHX,AA 3095,AAL,AA 3095,AAL,2025-11-27 07:03:00,Arr 1001,2025-11-27,False
SDF,DFW,AA 3100,AAL,AA 3100,AAL,2025-11-27 07:13:00,Arr 0831,2025-11-27,False
DCA,TPA,AA 3103,AAL,AA 3103,AAL,2025-11-27 08:45:00,Arr 1126 (+9min),2025-11-27,False
TPA,DCA,AA 3103,AAL,AA 3103,AAL,2025-11-27 12:02:00,Arr 1403,2025-11-27,False
DCA,MIA,AA 3106,AAL,AA 3106,AAL,2025-11-27 09:50:00,Arr 1241,2025-11-27,False
MIA,DCA,AA 3106,AAL,AA 3106,AAL,2025-11-27 06:22:00,Arr 0851,2025-11-27,False
PHL,CLT,AA 3107,AAL,AA 3107,AAL,2025-11-27 06:16:00,Arr 0801,2025-11-27,False
CLT,DCA,AA 3108,AAL,AA 3108,AAL,2025-11-27 11:30:00,Arr 1244,2025-11-27,False
BNA,MIA,AA 3109,AAL,AA 3109,AAL,2025-11-27 06:00:00,Arr 0921 (+1min),2025-11-27,False
LAX,PHL,AA 3110,AAL,AA 3110,AAL,2025-11-27 01:19:00,Arr 0912,2025-11-27,False
DFW,TPA,AA 3112,AAL,AA 3112,AAL,2025-11-27 09:06:00,Arr 1258 (+29min),2025-11-27,False
CLT,TPA,AA 3116,AAL,AA 3116,AAL,2025-11-27 11:15:00,Arr 1326 (+26min),2025-11-27,False
DFW,MIA,AA 3118,AAL,AA 3118,AAL,2025-11-27 10:20:00,Arr 1417 (+13min),2025-11-27,False
PHX,DSM,AA 3120,AAL,AA 3120,AAL,2025-11-27 09:50:00,Arr 1327,2025-11-27,False
PHL,MIA,AA 3121,AAL,AA 3121,AAL,2025-11-27 15:35:00,Arr 1903 (+32min),2025-11-27,False
PHX,LAX,AA 3122,AAL,AA 3122,AAL,2025-11-27 08:15:00,Arr 0827,2025-11-27,False
LGA,MCO,AA 3123,AAL,AA 3123,AAL,2025-11-27 11:40:00,Arr 1437,2025-11-27,False
ORD,TUS,AA 3128,AAL,AA 3128,AAL,2025-11-27 06:40:00,Arr 0902,2025-11-27,False
TUS,ORD,AA 3128,AAL,AA 3128,AAL,2025-11-27 10:26:00,Arr 1425,2025-11-27,False
DFW,MSY,AA 3142,AAL,AA 3142,AAL,2025-11-27 08:08:00,Arr 0914,2025-11-27,False
DFW,SAN,AA 3143,AAL,AA 3143,AAL,2025-11-27 11:29:00,Arr 1224,2025-11-27,False
CLT,MSY,AA 3145,AAL,AA 3145,AAL,2025-11-27 11:35:00,Arr 1249,2025-11-27,False
MIA,ORD,AA 3148,AAL,AA 3148,AAL,2025-11-27 22:07:00,Arr 0014,2025-11-27,False
IAH,DFW,AA 3152,AAL,AA 3152,AAL,2025-11-27 07:54:00,Arr 0903,2025-11-27,False
CLT,OMA,AA 3153,AAL,AA 3153,AAL,2025-11-27 11:10:00,Arr 1256,2025-11-27,False
CLT,AUS,AA 3154,AAL,AA 3154,AAL,2025-11-27 09:37:00,Arr 1125,2025-11-27,False
MIA,ORD,AA 3155,AAL,AA 3155,AAL,2025-11-27 06:35:00,Arr 0855,2025-11-27,False
ORD,MIA,AA 3155,AAL,AA 3155,AAL,2025-11-27 10:25:00,Arr 1437 (+10min),2025-11-27,False
CLT,SDF,AA 3156,AAL,AA 3156,AAL,2025-11-27 11:50:00,Arr 1326 (+3min),2025-11-27,False
PHX,ORD,AA 3157,AAL,AA 3157,AAL,2025-11-27 07:26:00,Arr 1328 (+95min),2025-11-27,False
DFW,AUS,AA 3158,AAL,AA 3158,AAL,2025-11-27 10:09:00,Arr 1102,2025-11-27,False
ORD,PHL,AA 3159,AAL,AA 3159,AAL,2025-11-27 11:20:00,Arr 1402,2025-11-27,False
PHL,ORD,AA 3159,AAL,AA 3159,AAL,2025-11-27 08:51:00,Arr 1057 (+30min),2025-11-27,False
ORD,JFK,AA 3162,AAL,AA 3162,AAL,2025-11-27 11:50:00,Arr 1442,2025-11-27,False
LGA,ORD,AA 3163,AAL,AA 3163,AAL,2025-11-27 11:28:00,Arr 1240,2025-11-27,False
LGA,ORD,AA 3164,AAL,AA 3164,AAL,2025-11-27 09:00:00,Arr 1024,2025-11-27,False
AMA,DFW,AA 3166,AAL,AA 3166,AAL,2025-11-27 06:00:00,Arr 0718,2025-11-27,False
MIA,LAX,AA 3169,AAL,AA 3169,AAL,2025-11-27 08:30:00,Arr 1056,2025-11-27,False
ORD,PHX,AA 3171,AAL,AA 3171,AAL,2025-11-27 11:00:00,Arr 1359,2025-11-27,False
ORD,PHX,AA 3172,AAL,AA 3172,AAL,2025-11-27 07:00:00,Arr 0929,2025-11-27,False
MIA,ORD,AA 3174,AAL,AA 3174,AAL,2025-11-27 08:41:00,Arr 1105,2025-11-27,False
MIA,DCA,AA 3181,AAL,AA 3181,AAL,2025-11-27 11:47:00,Arr 1349,2025-11-27,False
PHX,CVG,AA 3182,AAL,AA 3182,AAL,2025-11-27 10:27:00,Arr 1613 (+10min),2025-11-27,False
MSY,ORD,AA 3183,AAL,AA 3183,AAL,2025-11-27 06:06:00,Arr 0842,2025-11-27,False
CLT,MIA,AA 3184,AAL,AA 3184,AAL,2025-11-27 08:55:00,Arr 1102,2025-11-27,False
CLT,DTW,AA 3195,AAL,AA 3195,AAL,2025-11-27 09:20:00,Arr 1047,2025-11-27,False
PHX,SAT,AA 3198,AAL,AA 3198,AAL,2025-11-27 13:53:00,Arr 1649,2025-11-27,False
CLT,JFK,AA 3199,AAL,AA 3199,AAL,2025-11-27 09:32:00,Arr 1106,2025-11-27,False
MIA,LAX,AA 3202,AAL,AA 3202,AAL,2025-11-27 07:20:00,Arr 0955 (+2min),2025-11-27,False
CLT,EWR,AA 3204,AAL,AA 3204,AAL,2025-11-27 11:00:00,Arr 1242,2025-11-27,False
CLT,PHL,AA 3208,AAL,AA 3208,AAL,2025-11-27 11:00:00,Arr 1230,2025-11-27,False
BNA,PHX,AA 3212,AAL,AA 3212,AAL,2025-11-27 07:00:00,Arr 1019 (+15min),2025-11-27,False
PHX,SLC,AA 3213,AAL,AA 3213,AAL,2025-11-27 08:31:00,Arr 1003,2025-11-27,False
SLC,PHX,AA 3213,AAL,AA 3213,AAL,2025-11-27 10:55:00,Arr 1212,2025-11-27,False
MIA,ATL,AA 3217,AAL,AA 3217,AAL,2025-11-27 21:10:00,Arr 2249,2025-11-27,False
SNA,DFW,AA 3218,AAL,AA 3218,AAL,2025-11-27 08:30:00,Arr 1312,2025-11-27,False
TUL,DFW,AA 3220,AAL,AA 3220,AAL,2025-11-27 06:47:00,Arr 0751,2025-11-27,False
DFW,SAT,AA 3225,AAL,AA 3225,AAL,2025-11-27 10:20:00,Arr 1119,2025-11-27,False
BNA,MIA,AA 3226,AAL,AA 3226,AAL,2025-11-27 10:30:00,Arr 1341,2025-11-27,False
MIA,BNA,AA 3226,AAL,AA 3226,AAL,2025-11-27 16:40:00,Arr 1822 (+16min),2025-11-27,False
SAN,DFW,AA 3227,AAL,AA 3227,AAL,2025-11-27 10:46:00,Arr 1543,2025-11-27,False
PDX,PHX,AA 3230,AAL,AA 3230,AAL,2025-11-27 11:40:00,Arr 1503,2025-11-27,False
PHX,PDX,AA 3230,AAL,AA 3230,AAL,2025-11-27 09:03:00,Arr 1101 (+3min),2025-11-27,False
CLT,BHM,AA 3232,AAL,AA 3232,AAL,2025-11-27 11:35:00,Arr 1215,2025-11-27,False
TPA,MIA,AA 3233,AAL,AA 3233,AAL,2025-11-27 09:41:00,Arr 1043,2025-11-27,False
PHX,PHL,AA 3234,AAL,AA 3234,AAL,2025-11-27 09:30:00,Arr 1610 (+12min),2025-11-27,False
ATL,CLT,AA 3236,AAL,AA 3236,AAL,2025-11-27 06:38:00,Arr 0733,2025-11-27,False
DFW,PHL,AA 3238,AAL,AA 3238,AAL,2025-11-27 08:30:00,Arr 1225,2025-11-27,False
PHX,PHL,AA 3239,AAL,AA 3239,AAL,2025-11-27 06:00:00,Arr 1214,2025-11-27,False
MIA,PHX,AA 3240,AAL,AA 3240,AAL,2025-11-27 07:24:00,Arr 1034,2025-11-27,False
DCA,BOS,AA 3243,AAL,AA 3243,AAL,2025-11-27 13:37:00,Arr 1445,2025-11-27,False
PHX,PSP,AA 3245,AAL,AA 3245,AAL,2025-11-27 11:43:00,Arr 1149,2025-11-27,False
PSP,PHX,AA 3245,AAL,AA 3245,AAL,2025-11-27 13:10:00,Arr 1500,2025-11-27,False
DCA,CHS,AA 3247,AAL,AA 3247,AAL,2025-11-27 11:31:00,Arr 1304,2025-11-27,False
CLT,BHM,AA 3250,AAL,AA 3250,AAL,2025-11-27 09:31:00,Arr 0952,2025-11-27,False
MIA,MCO,AA 3251,AAL,AA 3251,AAL,2025-11-27 20:40:00,Arr 2136,2025-11-27,False
MCI,DFW,AA 3254,AAL,AA 3254,AAL,2025-11-27 09:15:00,Arr 1043,2025-11-27,False
IAH,MIA,AA 3258,AAL,AA 3258,AAL,2025-11-27 11:11:00,Arr 1433,2025-11-27,False
MIA,IAH,AA 3258,AAL,AA 3258,AAL,2025-11-27 08:30:00,Arr 1022,2025-11-27,False
MIA,DFW,AA 3259,AAL,AA 3259,AAL,2025-11-27 19:53:00,Arr 2200,2025-11-27,False
MIA,RDU,AA 3266,AAL,AA 3266,AAL,2025-11-27 15:30:00,Arr 1748 (+8min),2025-11-27,False
DFW,MSP,AA 3269,AAL,AA 3269,AAL,2025-11-27 12:51:00,Arr 1634 (+75min),2025-11-27,False
CLT,RIC,AA 3273,AAL,AA 3273,AAL,2025-11-27 13:00:00,Arr 1404,2025-11-27,False
DFW,ATL,AA 3275,AAL,AA 3275,AAL,2025-11-27 10:14:00,Arr 1302,2025-11-27,False
DFW,RSW,AA 3276,AAL,AA 3276,AAL,2025-11-27 08:40:00,Arr 1155,2025-11-27,False
DFW,LGA,AA 3279,AAL,AA 3279,AAL,2025-11-27 12:40:00,Arr 1648,2025-11-27,False
CLT,BDL,AA 3280,AAL,AA 3280,AAL,2025-11-27 11:10:00,Arr 1247,2025-11-27,False
LAX,SFO,AA 3282,AAL,AA 3282,AAL,2025-11-27 14:20:00,Arr 1554 (+6min),2025-11-27,False
DEN,DFW,AA 3285,AAL,AA 3285,AAL,2025-11-27 06:00:00,Arr 0922 (+16min),2025-11-27,False
TPA,LGA,AA 3286,AAL,AA 3286,AAL,2025-11-27 06:05:00,Arr 0827,2025-11-27,False
LGA,RSW,AA 3287,AAL,AA 3287,AAL,2025-11-27 07:25:00,Arr 1045 (+13min),2025-11-27,False
RSW,LGA,AA 3287,AAL,AA 3287,AAL,2025-11-27 11:35:00,Arr 1350,2025-11-27,False
BFL,PHX,AA 3288,AAL,AA 3288,AAL,2025-11-27 12:25:00,Arr 1432,2025-11-27,False
PHX,BFL,AA 3288,AAL,AA 3288,AAL,2025-11-27 11:04:00,Arr 1124,2025-11-27,False
ORD,RSW,AA 3289,AAL,AA 3289,AAL,2025-11-27 06:45:00,Arr 1034,2025-11-27,False
RSW,ORD,AA 3289,AAL,AA 3289,AAL,2025-11-27 11:27:00,Arr 1328,2025-11-27,False
SJU,DFW,AA 3298,AAL,AA 3298,AAL,2025-11-27 07:15:00,Arr 1027,2025-11-27,False
MIA,SAN,AA 3300,AAL,AA 3300,AAL,2025-11-27 08:49:00,Arr 1110,2025-11-27,False
SAN,MIA,AA 3300,AAL,AA 3300,AAL,2025-11-27 12:27:00,Arr 2005,2025-11-27,False
MDT,CLT,AA 3303,AAL,AA 3303,AAL,2025-11-27 09:40:00,Arr 1112,2025-11-27,False
SAN,MIA,AA 3304,AAL,AA 3304,AAL,2025-11-27 22:35:00,Arr 0547,2025-11-27,False
DFW,CVG,AA 3305,AAL,AA 3305,AAL,2025-11-27 13:03:00,Arr 1616,2025-11-27,False
CLT,MKE,AA 3309,AAL,AA 3309,AAL,2025-11-27 13:07:00,Arr 1355,2025-11-27,False
DFW,DTW,AA 3310,AAL,AA 3310,AAL,2025-11-27 10:35:00,Arr 1414,2025-11-27,False
LAS,ORD,AA 3312,AAL,AA 3312,AAL,2025-11-27 10:16:00,Arr 1536,2025-11-27,False
ORD,LAS,AA 3312,AAL,AA 3312,AAL,2025-11-27 07:09:00,Arr 0859,2025-11-27,False
CLT,MSP,AA 3313,AAL,AA 3313,AAL,2025-11-27 10:00:00,Arr 1131,2025-11-27,False
LGA,PBI,AA 3317,AAL,AA 3317,AAL,2025-11-27 08:00:00,Arr 1105 (+5min),2025-11-27,False
MSY,CLT,AA 1278,AAL,AA 1278,AAL,2025-11-27 07:05:00,Arr 0945,2025-11-27,False
RSW,DFW,AA 1281,AAL,AA 1281,AAL,2025-11-27 06:44:00,Arr 0830,2025-11-27,False
PHL,MIA,AA 1283,AAL,AA 1283,AAL,2025-11-27 11:00:00,Arr 1344,2025-11-27,False
BNA,DFW,AA 1286,AAL,AA 1286,AAL,2025-11-27 05:00:00,Arr 0707,2025-11-27,False
FLL,PHL,AA 1292,AAL,AA 1292,AAL,2025-11-27 07:00:00,Arr 0915,2025-11-27,False
MIA,STX,AA 1293,AAL,AA 1293,AAL,2025-11-27 11:26:00,Arr 1455,2025-11-27,False
STX,MIA,AA 1293,AAL,AA 1293,AAL,2025-11-27 16:02:00,Arr 1803,2025-11-27,False
IND,MIA,AA 1294,AAL,AA 1294,AAL,2025-11-27 06:00:00,Arr 0840,2025-11-27,False
DFW,OKC,AA 1295,AAL,AA 1295,AAL,2025-11-27 12:54:00,Arr 1349,2025-11-27,False
IAH,ORD,AA 1296,AAL,AA 1296,AAL,2025-11-27 06:08:00,Arr 0856 (+6min),2025-11-27,False
MIA,DFW,AA 1299,AAL,AA 1299,AAL,2025-11-27 07:09:00,Arr 0920,2025-11-27,False
PHX,DFW,AA 1308,AAL,AA 1308,AAL,2025-11-27 07:30:00,Arr 1041,2025-11-27,False
DTW,PHX,AA 1310,AAL,AA 1310,AAL,2025-11-27 07:24:00,Arr 1026 (+22min),2025-11-27,False
ORD,JAX,AA 1312,AAL,AA 1312,AAL,2025-11-27 11:45:00,Arr 1446,2025-11-27,False
PHL,DEN,AA 1313,AAL,AA 1313,AAL,2025-11-27 08:55:00,Arr 1051,2025-11-27,False
MSP,PHX,AA 1320,AAL,AA 1320,AAL,2025-11-27 07:10:00,Arr 0933,2025-11-27,False
PHX,SNA,AA 1323,AAL,AA 1323,AAL,2025-11-27 11:04:00,Arr 1139 (+2min),2025-11-27,False
LIT,DFW,AA 1325,AAL,AA 1325,AAL,2025-11-27 05:42:00,Arr 0715,2025-11-27,False
LAX,MIA,AA 1328,AAL,AA 1328,AAL,2025-11-27 08:00:00,Arr 1606 (+4min),2025-11-27,False
JAX,ORD,AA 1329,AAL,AA 1329,AAL,2025-11-27 06:54:00,Arr 0819,2025-11-27,False
CLT,PIT,AA 1335,AAL,AA 1335,AAL,2025-11-27 13:00:00,Arr 1408,2025-11-27,False
DFW,EYW,AA 1337,AAL,AA 1337,AAL,2025-11-27 12:52:00,Arr 1633,2025-11-27,False
EGE,DFW,AA 1341,AAL,AA 1341,AAL,2025-11-27 08:00:00,Arr 1109,2025-11-27,False
ILM,CLT,AA 1348,AAL,AA 1348,AAL,2025-11-27 07:00:00,Arr 0758,2025-11-27,False
CLT,TUL,AA 1351,AAL,AA 1351,AAL,2025-11-27 11:05:00,Arr 1220,2025-11-27,False
MIA,CLT,AA 1352,AAL,AA 1352,AAL,2025-11-27 06:00:00,Arr 0749,2025-11-27,False
DFW,SAT,AA 1353,AAL,AA 1353,AAL,2025-11-27 08:20:00,Arr 0926,2025-11-27,False
MCI,CLT,AA 1354,AAL,AA 1354,AAL,2025-11-27 06:35:00,Arr 1000 (+2min),2025-11-27,False
DFW,DTW,AA 1355,AAL,AA 1355,AAL,2025-11-27 12:51:00,Arr 1621,2025-11-27,False
DFW,ORD,AA 1356,AAL,AA 1356,AAL,2025-11-27 06:20:00,Arr 0845 (+1min),2025-11-27,False
MIA,JFK,AA 1357,AAL,AA 1357,AAL,2025-11-27 19:30:00,Arr 2210,2025-11-27,False
CMH,DFW,AA 1358,AAL,AA 1358,AAL,2025-11-27 07:00:00,Arr 0855,2025-11-27,False
CLT,AVP,AA 1360,AAL,AA 1360,AAL,2025-11-27 08:59:00,Arr 1010,2025-11-27,False
RNO,DFW,AA 1361,AAL,AA 1361,AAL,2025-11-27 06:00:00,Arr 1126,2025-11-27,False
ATL,ORD,AA 1362,AAL,AA 1362,AAL,2025-11-27 07:17:00,Arr 0819,2025-11-27,False
DAB,CLT,AA 1363,AAL,AA 1363,AAL,2025-11-27 05:34:00,Arr 0643,2025-11-27,False
DFW,FLL,AA 1364,AAL,AA 1364,AAL,2025-11-27 08:50:00,Arr 1227,2025-11-27,False
MIA,ATL,AA 1368,AAL,AA 1368,AAL,2025-11-27 16:00:00,Arr 1839 (+40min),2025-11-27,False
EWR,MIA,AA 1370,AAL,AA 1370,AAL,2025-11-27 07:38:00,Arr 1136 (+41min),2025-11-27,False
DFW,FLL,AA 1373,AAL,AA 1373,AAL,2025-11-27 13:16:00,Arr 1658,2025-11-27,False
DFW,MCI,AA 1376,AAL,AA 1376,AAL,2025-11-27 12:40:00,Arr 1402,2025-11-27,False
CLT,BDL,AA 1379,AAL,AA 1379,AAL,2025-11-27 09:10:00,Arr 1045,2025-11-27,False
FLL,PHL,AA 1380,AAL,AA 1380,AAL,2025-11-27 12:10:00,Arr 1420,2025-11-27,False
PHL,FLL,AA 1380,AAL,AA 1380,AAL,2025-11-27 08:24:00,Arr 1109,2025-11-27,False
MIA,RDU,AA 1381,AAL,AA 1381,AAL,2025-11-27 19:51:00,Arr 2145,2025-11-27,False
SNA,DFW,AA 1382,AAL,AA 1382,AAL,2025-11-27 06:45:00,Arr 1146,2025-11-27,False
EYW,CLT,AA 1384,AAL,AA 1384,AAL,2025-11-27 08:06:00,Arr 1002,2025-11-27,False
AUS,PHX,AA 1386,AAL,AA 1386,AAL,2025-11-27 06:03:00,Arr 0735,2025-11-27,False
TPA,ORD,AA 1388,AAL,AA 1388,AAL,2025-11-27 06:23:00,Arr 0818,2025-11-27,False
MSP,DFW,AA 1395,AAL,AA 1395,AAL,2025-11-27 06:15:00,Arr 0923 (+19min),2025-11-27,False
DFW,BNA,AA 1396,AAL,AA 1396,AAL,2025-11-27 10:37:00,Arr 1219,2025-11-27,False
MIA,MCI,AA 1397,AAL,AA 1397,AAL,2025-11-27 21:30:00,Arr 2356,2025-11-27,False
ORD,PBI,AA 1398,AAL,AA 1398,AAL,2025-11-27 13:30:00,Arr 1705,2025-11-27,False
PIT,MIA,AA 1399,AAL,AA 1399,AAL,2025-11-27 06:00:00,Arr 0840,2025-11-27,False
MIA,PHL,AA 1402,AAL,AA 1402,AAL,2025-11-27 14:30:00,Arr 1725 (+13min),2025-11-27,False
BWI,DFW,AA 1403,AAL,AA 1403,AAL,2025-11-27 06:02:00,Arr 0827,2025-11-27,False
DEN,PHX,AA 1404,AAL,AA 1404,AAL,2025-11-27 07:10:00,Arr 0916,2025-11-27,False
LAX,PHX,AA 1406,AAL,AA 1406,AAL,2025-11-27 11:00:00,Arr 1300,2025-11-27,False
CLT,ORD,AA 1409,AAL,AA 1409,AAL,2025-11-27 07:53:00,Arr 0854,2025-11-27,False
MCO,CLT,AA 1411,AAL,AA 1411,AAL,2025-11-27 08:05:00,Arr 1018 (+23min),2025-11-27,False
ONT,DFW,AA 1412,AAL,AA 1412,AAL,2025-11-27 06:10:00,Arr 1112 (+2min),2025-11-27,False
LGA,ORD,AA 1413,AAL,AA 1413,AAL,2025-11-27 06:00:00,Arr 0733,2025-11-27,False
PHX,DEN,AA 1414,AAL,AA 1414,AAL,2025-11-27 09:42:00,Arr 1119,2025-11-27,False
FLL,CLT,AA 1419,AAL,AA 1419,AAL,2025-11-27 10:23:00,Arr 1218,2025-11-27,False
PHX,AUS,AA 1421,AAL,AA 1421,AAL,2025-11-27 13:25:00,Arr 1626,2025-11-27,False
ONT,PHX,AA 1423,AAL,AA 1423,AAL,2025-11-27 09:59:00,Arr 1210,2025-11-27,False
PHX,ONT,AA 1423,AAL,AA 1423,AAL,2025-11-27 08:41:00,Arr 0841,2025-11-27,False
ORD,FLL,AA 1424,AAL,AA 1424,AAL,2025-11-27 07:14:00,Arr 1104,2025-11-27,False
PHX,RNO,AA 1426,AAL,AA 1426,AAL,2025-11-27 14:41:00,Arr 1522,2025-11-27,False
DSM,PHX,AA 1428,AAL,AA 1428,AAL,2025-11-27 05:10:00,Arr 0831 (+68min),2025-11-27,False
LBB,DFW,AA 1431,AAL,AA 1431,AAL,2025-11-27 05:44:00,Arr 0646,2025-11-27,False
CHS,DFW,AA 1432,AAL,AA 1432,AAL,2025-11-27 07:00:00,Arr 0904,2025-11-27,False
TUL,CLT,AA 1433,AAL,AA 1433,AAL,2025-11-27 06:36:00,Arr 0932,2025-11-27,False
CLE,CLT,AA 1436,AAL,AA 1436,AAL,2025-11-27 06:30:00,Arr 0758,2025-11-27,False
LAX,IND,AA 1437,AAL,AA 1437,AAL,2025-11-27 10:35:00,Arr 1718,2025-11-27,False
CLT,ROC,AA 1438,AAL,AA 1438,AAL,2025-11-27 10:15:00,Arr 1138,2025-11-27,False
DFW,PSP,AA 1439,AAL,AA 1439,AAL,2025-11-27 08:45:00,Arr 0937,2025-11-27,False
DFW,PHL,AA 1440,AAL,AA 1440,AAL,2025-11-27 05:00:00,Arr 0849,2025-11-27,False
MEM,MIA,AA 1442,AAL,AA 1442,AAL,2025-11-27 06:00:00,Arr 0908,2025-11-27,False
ORD,BOS,AA 1443,AAL,AA 1443,AAL,2025-11-27 13:04:00,Arr 1619,2025-11-27,False
JFK,CLT,AA 1444,AAL,AA 1444,AAL,2025-11-27 08:00:00,Arr 1015,2025-11-27,False
MIA,ORF,AA 1445,AAL,AA 1445,AAL,2025-11-27 21:53:00,Arr 2354,2025-11-27,False
DFW,TUL,AA 1446,AAL,AA 1446,AAL,2025-11-27 12:45:00,Arr 1426 (+22min),2025-11-27,False
ORF,MIA,AA 1448,AAL,AA 1448,AAL,2025-11-27 06:00:00,Arr 0835 (+8min),2025-11-27,False
PHL,ORD,AA 1452,AAL,AA 1452,AAL,2025-11-27 12:43:00,Arr 1358,2025-11-27,False
DFW,SLC,AA 1456,AAL,AA 1456,AAL,2025-11-27 11:11:00,Arr 1258,2025-11-27,False
SNA,ORD,AA 1457,AAL,AA 1457,AAL,2025-11-27 10:35:00,Arr 1828 (+103min),2025-11-27,False
CLT,LGA,AA 1463,AAL,AA 1463,AAL,2025-11-27 13:12:00,Arr 1548 (+48min),2025-11-27,False
MIA,AUS,AA 1466,AAL,AA 1466,AAL,2025-11-27 14:53:00,Arr 1734 (+30min),2025-11-27,False
DFW,SAV,AA 1467,AAL,AA 1467,AAL,2025-11-27 11:34:00,Arr 1443,2025-11-27,False
MIA,SAT,AA 1468,AAL,AA 1468,AAL,2025-11-27 21:40:00,Arr 2329,2025-11-27,False
DFW,MIA,AA 1470,AAL,AA 1470,AAL,2025-11-27 12:45:00,Arr 1645 (+11min),2025-11-27,False
CLT,CMH,AA 1473,AAL,AA 1473,AAL,2025-11-27 11:40:00,Arr 1253,2025-11-27,False
LAS,CLT,AA 1474,AAL,AA 1474,AAL,2025-11-27 22:49:00,Arr 0533,2025-11-27,False
BHM,DFW,AA 1475,AAL,AA 1475,AAL,2025-11-27 09:00:00,Arr 1055,2025-11-27,False
DFW,TPA,AA 1476,AAL,AA 1476,AAL,2025-11-27 11:11:00,Arr 1416,2025-11-27,False
SRQ,CLT,AA 1477,AAL,AA 1477,AAL,2025-11-27 08:05:00,Arr 0941,2025-11-27,False
CLT,IAH,AA 1478,AAL,AA 1478,AAL,2025-11-27 12:20:00,Arr 1352,2025-11-27,False
MKE,CLT,AA 1479,AAL,AA 1479,AAL,2025-11-27 06:14:00,Arr 0913,2025-11-27,False
DFW,LAS,AA 1482,AAL,AA 1482,AAL,2025-11-27 10:45:00,Arr 1118,2025-11-27,False
AUS,MIA,AA 1483,AAL,AA 1483,AAL,2025-11-27 07:11:00,Arr 1035,2025-11-27,False
ROC,CLT,AA 1485,AAL,AA 1485,AAL,2025-11-27 06:00:00,Arr 0805,2025-11-27,False
JFK,PHX,AA 1487,AAL,AA 1487,AAL,2025-11-27 06:30:00,Arr 1008,2025-11-27,False
DFW,PHX,AA 1489,AAL,AA 1489,AAL,2025-11-27 07:00:00,Arr 1059 (+127min),2025-11-27,False
DFW,CMH,AA 1492,AAL,AA 1492,AAL,2025-11-27 10:50:00,Arr 1413,2025-11-27,False
SAN,ORD,AA 1494,AAL,AA 1494,AAL,2025-11-27 06:20:00,Arr 1216,2025-11-27,False
DFW,PHX,AA 1496,AAL,AA 1496,AAL,2025-11-27 08:30:00,Arr 1015,2025-11-27,False
CVG,CLT,AA 1497,AAL,AA 1497,AAL,2025-11-27 10:31:00,Arr 1151,2025-11-27,False
CLE,DFW,AA 1499,AAL,AA 1499,AAL,2025-11-27 05:02:00,Arr 0641,2025-11-27,False
CLE,MIA,AA 1509,AAL,AA 1509,AAL,2025-11-27 06:06:00,Arr 0854,2025-11-27,False
DFW,BFL,AA 1513,AAL,AA 1513,AAL,2025-11-27 13:11:00,Arr 1418,2025-11-27,False
TPA,DFW,AA 1514,AAL,AA 1514,AAL,2025-11-27 09:26:00,Arr 1108,2025-11-27,False
CVG,PHX,AA 1515,AAL,AA 1515,AAL,2025-11-27 07:16:00,Arr 0912,2025-11-27,False
ELP,DFW,AA 1518,AAL,AA 1518,AAL,2025-11-27 06:00:00,Arr 0825,2025-11-27,False
IAH,PHL,AA 1520,AAL,AA 1520,AAL,2025-11-27 06:30:00,Arr 1011,2025-11-27,False
MFE,DFW,AA 1522,AAL,AA 1522,AAL,2025-11-27 05:34:00,Arr 0716,2025-11-27,False
MSN,DFW,AA 1538,AAL,AA 1538,AAL,2025-11-27 06:00:00,Arr 0849 (+4min),2025-11-27,False
PHX,CMH,AA 1539,AAL,AA 1539,AAL,2025-11-27 10:41:00,Arr 1600,2025-11-27,False
ILM,DFW,AA 1540,AAL,AA 1540,AAL,2025-11-27 06:20:00,Arr 0843,2025-11-27,False
PHX,LAS,AA 1541,AAL,AA 1541,AAL,2025-11-27 14:59:00,Arr 1453,2025-11-27,False
DFW,AUS,AA 1542,AAL,AA 1542,AAL,2025-11-27 12:51:00,Arr 1413 (+9min),2025-11-27,False
SMF,DFW,AA 1544,AAL,AA 1544,AAL,2025-11-27 05:42:00,Arr 1053,2025-11-27,False
DFW,OGG,AA 1545,AAL,AA 1545,AAL,2025-11-27 09:00:00,Arr 1251,2025-11-27,False
MCO,CLT,AA 1548,AAL,AA 1548,AAL,2025-11-27 09:03:00,Arr 1037,2025-11-27,False
DFW,COS,AA 1552,AAL,AA 1552,AAL,2025-11-27 10:41:00,Arr 1130,2025-11-27,False
PHL,MCI,AA 1555,AAL,AA 1555,AAL,2025-11-27 10:30:00,Arr 1211,2025-11-27,False
BHM,CLT,AA 1556,AAL,AA 1556,AAL,2025-11-27 05:52:00,Arr 0802,2025-11-27,False
MIA,SFO,AA 1557,AAL,AA 1557,AAL,2025-11-27 07:45:00,Arr 1037,2025-11-27,False
SEA,CLT,AA 1559,AAL,AA 1559,AAL,2025-11-27 22:07:00,Arr 0523,2025-11-27,False
FLL,PHL,AA 1560,AAL,AA 1560,AAL,2025-11-27 10:34:00,Arr 1256,2025-11-27,False
PHL,FLL,AA 1560,AAL,AA 1560,AAL,2025-11-27 07:00:00,Arr 0940,2025-11-27,False
GRR,DFW,AA 1561,AAL,AA 1561,AAL,2025-11-27 07:13:00,Arr 0922 (+3min),2025-11-27,False
MIA,DFW,AA 1562,AAL,AA 1562,AAL,2025-11-27 08:30:00,Arr 1032,2025-11-27,False
DCA,MIA,AA 2344,AAL,AA 2344,AAL,2025-11-27 05:00:00,Arr 0740 (+1min),2025-11-27,False
ORD,DCA,AA 2345,AAL,AA 2345,AAL,2025-11-27 09:45:00,Arr 1233,2025-11-27,False
CLT,CLE,AA 2346,AAL,AA 2346,AAL,2025-11-27 11:15:00,Arr 1241,2025-11-27,False
MIA,IAH,AA 2347,AAL,AA 2347,AAL,2025-11-27 19:30:00,Arr 2113,2025-11-27,False
PWM,CLT,AA 2348,AAL,AA 2348,AAL,2025-11-27 07:02:00,Arr 1008 (+23min),2025-11-27,False
PHX,BOS,AA 2349,AAL,AA 2349,AAL,2025-11-27 09:30:00,Arr 1619 (+1min),2025-11-27,False
SFO,MIA,AA 2353,AAL,AA 2353,AAL,2025-11-27 13:15:00,Arr 2120,2025-11-27,False
PHL,TPA,AA 2354,AAL,AA 2354,AAL,2025-11-27 07:00:00,Arr 0939,2025-11-27,False
TPA,PHL,AA 2354,AAL,AA 2354,AAL,2025-11-27 10:25:00,Arr 1233,2025-11-27,False
DFW,DEN,AA 2357,AAL,AA 2357,AAL,2025-11-27 08:20:00,Arr 0921,2025-11-27,False
BUF,ORD,AA 2359,AAL,AA 2359,AAL,2025-11-27 06:10:00,Arr 1146 (+276min),2025-11-27,False
MIA,SEA,AA 2363,AAL,AA 2363,AAL,2025-11-27 19:35:00,Arr 2319,2025-11-27,False
LGA,TPA,AA 2364,AAL,AA 2364,AAL,2025-11-27 09:00:00,Arr 1208,2025-11-27,False
MIA,PHX,AA 2365,AAL,AA 2365,AAL,2025-11-27 17:32:00,Arr 2028,2025-11-27,False
AUS,DFW,AA 2368,AAL,AA 2368,AAL,2025-11-27 08:00:00,Arr 0911,2025-11-27,False
GEG,DFW,AA 2369,AAL,AA 2369,AAL,2025-11-27 05:25:00,Arr 1037,2025-11-27,False
DFW,ORD,AA 2372,AAL,AA 2372,AAL,2025-11-27 12:51:00,Arr 1513,2025-11-27,False
ORD,PBI,AA 2378,AAL,AA 2378,AAL,2025-11-27 07:16:00,Arr 1322 (+122min),2025-11-27,False
PBI,ORD,AA 2378,AAL,AA 2378,AAL,2025-11-27 12:14:00,Arr 1600 (+83min),2025-11-27,False
PHX,ABQ,AA 2380,AAL,AA 2380,AAL,2025-11-27 13:20:00,Arr 1409,2025-11-27,False
PHX,SJC,AA 2381,AAL,AA 2381,AAL,2025-11-27 11:24:00,Arr 1206,2025-11-27,False
ORD,SLC,AA 2382,AAL,AA 2382,AAL,2025-11-27 15:10:00,Arr 1730,2025-11-27,False
LAS,PHL,AA 2383,AAL,AA 2383,AAL,2025-11-27 00:59:00,Arr 0804,2025-11-27,False
DFW,ELP,AA 2385,AAL,AA 2385,AAL,2025-11-27 10:58:00,Arr 1138,2025-11-27,False
LAX,LAS,AA 2388,AAL,AA 2388,AAL,2025-11-27 13:27:00,Arr 1438 (+1min),2025-11-27,False
DFW,OKC,AA 2391,AAL,AA 2391,AAL,2025-11-27 10:14:00,Arr 1123 (+1min),2025-11-27,False
MIA,MSY,AA 2392,AAL,AA 2392,AAL,2025-11-27 09:24:00,Arr 1012,2025-11-27,False
FAT,PHX,AA 2396,AAL,AA 2396,AAL,2025-11-27 12:53:00,Arr 1520,2025-11-27,False
PHX,FAT,AA 2396,AAL,AA 2396,AAL,2025-11-27 11:15:00,Arr 1209 (+4min),2025-11-27,False
PHX,ONT,AA 2397,AAL,AA 2397,AAL,2025-11-27 15:10:00,Arr 1514,2025-11-27,False
ORD,SEA,AA 2398,AAL,AA 2398,AAL,2025-11-27 11:05:00,Arr 1341,2025-11-27,False
ORD,DFW,AA 2400,AAL,AA 2400,AAL,2025-11-27 11:46:00,Arr 1349,2025-11-27,False
SAN,PHX,AA 2404,AAL,AA 2404,AAL,2025-11-27 10:09:00,Arr 1223,2025-11-27,False
BUF,DFW,AA 2405,AAL,AA 2405,AAL,2025-11-27 06:12:00,Arr 0909 (+29min),2025-11-27,False
PHL,SFO,AA 2407,AAL,AA 2407,AAL,2025-11-27 08:30:00,Arr 1149,2025-11-27,False
PHL,LAX,AA 2408,AAL,AA 2408,AAL,2025-11-27 11:00:00,Arr 1344,2025-11-27,False
PHX,PIT,AA 2409,AAL,AA 2409,AAL,2025-11-27 14:00:00,Arr 1950,2025-11-27,False
SFO,PHX,AA 2411,AAL,AA 2411,AAL,2025-11-27 09:15:00,Arr 1207,2025-11-27,False
DFW,IAD,AA 2414,AAL,AA 2414,AAL,2025-11-27 12:40:00,Arr 1625,2025-11-27,False
ORD,SFO,AA 2418,AAL,AA 2418,AAL,2025-11-27 08:00:00,Arr 1043,2025-11-27,False
LGA,CLT,AA 2420,AAL,AA 2420,AAL,2025-11-27 08:00:00,Arr 1028 (+23min),2025-11-27,False
ORD,DFW,AA 2421,AAL,AA 2421,AAL,2025-11-27 08:10:00,Arr 1026,2025-11-27,False
PHX,SFO,AA 2423,AAL,AA 2423,AAL,2025-11-27 11:04:00,Arr 1207,2025-11-27,False
DFW,CLE,AA 2424,AAL,AA 2424,AAL,2025-11-27 08:40:00,Arr 1211,2025-11-27,False
PSP,DFW,AA 2425,AAL,AA 2425,AAL,2025-11-27 06:14:00,Arr 1042,2025-11-27,False
ABQ,PHX,AA 2426,AAL,AA 2426,AAL,2025-11-27 08:31:00,Arr 0937,2025-11-27,False
DFW,MFE,AA 2427,AAL,AA 2427,AAL,2025-11-27 12:52:00,Arr 1417,2025-11-27,False
RSW,PHL,AA 2428,AAL,AA 2428,AAL,2025-11-27 13:20:00,Arr 1528,2025-11-27,False
PHX,JFK,AA 2430,AAL,AA 2430,AAL,2025-11-27 09:45:00,Arr 1625,2025-11-27,False
MEM,CLT,AA 2431,AAL,AA 2431,AAL,2025-11-27 05:10:00,Arr 0733,2025-11-27,False
PHL,SJU,AA 2433,AAL,AA 2433,AAL,2025-11-27 11:25:00,Arr 1619,2025-11-27,False
DCA,JAX,AA 2434,AAL,AA 2434,AAL,2025-11-27 10:04:00,Arr 1206,2025-11-27,False
SAV,DFW,AA 2435,AAL,AA 2435,AAL,2025-11-27 07:00:00,Arr 0845,2025-11-27,False
SFO,ORD,AA 2436,AAL,AA 2436,AAL,2025-11-27 11:40:00,Arr 1731,2025-11-27,False
PIT,CLT,AA 2437,AAL,AA 2437,AAL,2025-11-27 08:35:00,Arr 1004,2025-11-27,False
PHX,SMF,AA 2439,AAL,AA 2439,AAL,2025-11-27 14:46:00,Arr 1539,2025-11-27,False
PHL,PBI,AA 2441,AAL,AA 2441,AAL,2025-11-27 08:49:00,Arr 1135,2025-11-27,False
SEA,ORD,AA 2442,AAL,AA 2442,AAL,2025-11-27 00:59:00,Arr 0629,2025-11-27,False
DFW,BZN,AA 2444,AAL,AA 2444,AAL,2025-11-27 10:36:00,Arr 1239,2025-11-27,False
DEN,PHX,AA 2447,AAL,AA 2447,AAL,2025-11-27 10:43:00,Arr 1221,2025-11-27,False
PHL,AUS,AA 2452,AAL,AA 2452,AAL,2025-11-27 08:25:00,Arr 1112,2025-11-27,False
FLL,DFW,AA 2454,AAL,AA 2454,AAL,2025-11-27 08:06:00,Arr 1008,2025-11-27,False
PHX,AUS,AA 2458,AAL,AA 2458,AAL,2025-11-27 09:54:00,Arr 1341 (+29min),2025-11-27,False
CID,CLT,AA 2459,AAL,AA 2459,AAL,2025-11-27 06:35:00,Arr 0953,2025-11-27,False
CLT,BNA,AA 2461,AAL,AA 2461,AAL,2025-11-27 08:56:00,Arr 0924,2025-11-27,False
MEM,PHX,AA 2462,AAL,AA 2462,AAL,2025-11-27 07:27:00,Arr 1233 (+139min),2025-11-27,False
SAT,CLT,AA 2463,AAL,AA 2463,AAL,2025-11-27 06:42:00,Arr 1021,2025-11-27,False
DFW,JAX,AA 2465,AAL,AA 2465,AAL,2025-11-27 12:44:00,Arr 1547,2025-11-27,False
CLT,AUS,AA 2471,AAL,AA 2471,AAL,2025-11-27 11:00:00,Arr 1305 (+1min),2025-11-27,False
BOS,LAX,AA 2473,AAL,AA 2473,AAL,2025-11-27 12:00:00,Arr 1508,2025-11-27,False
PHX,EWR,AA 2476,AAL,AA 2476,AAL,2025-11-27 10:00:00,Arr 1822 (+99min),2025-11-27,False
RSW,CLT,AA 2479,AAL,AA 2479,AAL,2025-11-27 08:05:00,Arr 0936,2025-11-27,False
MSN,CLT,AA 2480,AAL,AA 2480,AAL,2025-11-27 07:07:00,Arr 1005,2025-11-27,False
MIA,TPA,AA 2482,AAL,AA 2482,AAL,2025-11-27 19:45:00,Arr 2048,2025-11-27,False
MIA,PHX,AA 2484,AAL,AA 2484,AAL,2025-11-27 19:44:00,Arr 2239,2025-11-27,False
PBI,CLT,AA 2485,AAL,AA 2485,AAL,2025-11-27 08:05:00,Arr 0940,2025-11-27,False
CLT,STL,AA 2486,AAL,AA 2486,AAL,2025-11-27 12:16:00,Arr 1253,2025-11-27,False
LAX,DCA,AA 2490,AAL,AA 2490,AAL,2025-11-27 07:54:00,Arr 1538,2025-11-27,False
PHX,DCA,AA 2491,AAL,AA 2491,AAL,2025-11-27 09:33:00,Arr 1533,2025-11-27,False
DCA,BOS,AA 2493,AAL,AA 2493,AAL,2025-11-27 15:00:00,Arr 1617,2025-11-27,False
PHL,CLT,AA 2498,AAL,AA 2498,AAL,2025-11-27 08:36:00,Arr 1022,2025-11-27,False
LAX,AUS,AA 2500,AAL,AA 2500,AAL,2025-11-27 09:45:00,Arr 1508 (+28min),2025-11-27,False
EWR,ORD,AA 2501,AAL,AA 2501,AAL,2025-11-27 07:00:00,Arr 0839,2025-11-27,False
DCA,CLT,AA 2509,AAL,AA 2509,AAL,2025-11-27 10:15:00,Arr 1154,2025-11-27,False
PIT,ORD,AA 2511,AAL,AA 2511,AAL,2025-11-27 08:15:00,Arr 0839,2025-11-27,False
RSW,CLT,AA 2515,AAL,AA 2515,AAL,2025-11-27 06:13:00,Arr 0744,2025-11-27,False
CLT,TPA,AA 2516,AAL,AA 2516,AAL,2025-11-27 09:20:00,Arr 1100,2025-11-27,False
DCA,RSW,AA 2517,AAL,AA 2517,AAL,2025-11-27 06:59:00,Arr 0952,2025-11-27,False
MSY,MIA,AA 2519,AAL,AA 2519,AAL,2025-11-27 06:00:00,Arr 0853,2025-11-27,False
IAH,PHX,AA 2520,AAL,AA 2520,AAL,2025-11-27 08:30:00,Arr 1034,2025-11-27,False
PHL,TPA,AA 2523,AAL,AA 2523,AAL,2025-11-27 10:46:00,Arr 1339 (+4min),2025-11-27,False
DCA,TPA,AA 2524,AAL,AA 2524,AAL,2025-11-27 10:16:00,Arr 1243,2025-11-27,False
BOS,DFW,AA 2527,AAL,AA 2527,AAL,2025-11-27 05:32:00,Arr 0903,2025-11-27,False
CLT,PHL,AA 2531,AAL,AA 2531,AAL,2025-11-27 08:55:00,Arr 1014,2025-11-27,False
CLT,CVG,AA 2533,AAL,AA 2533,AAL,2025-11-27 12:30:00,Arr 1356 (+1min),2025-11-27,False
PHL,MIA,AA 2534,AAL,AA 2534,AAL,2025-11-27 08:20:00,Arr 1339 (+139min),2025-11-27,False
BOS,DCA,AA 2536,AAL,AA 2536,AAL,2025-11-27 06:00:00,Arr 0744,2025-11-27,False
MIA,MEM,AA 2537,AAL,AA 2537,AAL,2025-11-27 22:29:00,Arr 2347,2025-11-27,False
OMA,DFW,AA 2540,AAL,AA 2540,AAL,2025-11-27 05:00:00,Arr 0650,2025-11-27,False
CHS,MIA,AA 2543,AAL,AA 2543,AAL,2025-11-27 06:00:00,Arr 0733,2025-11-27,False
CLT,CMH,AA 2544,AAL,AA 2544,AAL,2025-11-27 08:57:00,Arr 1022,2025-11-27,False
ELP,DFW,AA 2545,AAL,AA 2545,AAL,2025-11-27 08:32:00,Arr 1102,2025-11-27,False
AUS,CLT,AA 2549,AAL,AA 2549,AAL,2025-11-27 06:16:00,Arr 0930,2025-11-27,False
OMA,ORD,AA 2550,AAL,AA 2550,AAL,2025-11-27 06:00:00,Arr 0747,2025-11-27,False
IAH,DFW,AA 2551,AAL,AA 2551,AAL,2025-11-27 06:00:00,Arr 0701,2025-11-27,False
SFO,PHL,AA 2553,AAL,AA 2553,AAL,2025-11-27 06:30:00,Arr 1419,2025-11-27,False
JFK,AUS,AA 2556,AAL,AA 2556,AAL,2025-11-27 07:29:00,Arr 1128 (+39min),2025-11-27,False
DFW,ELP,AA 2557,AAL,AA 2557,AAL,2025-11-27 12:46:00,Arr 1331,2025-11-27,False
SJU,MIA,AA 2560,AAL,AA 2560,AAL,2025-11-27 06:00:00,Arr 0744,2025-11-27,False
CLT,VPS,AA 2561,AAL,AA 2561,AAL,2025-11-27 11:20:00,Arr 1212,2025-11-27,False
DFW,LBB,AA 2564,AAL,AA 2564,AAL,2025-11-27 13:01:00,Arr 1414,2025-11-27,False
DCA,MCI,AA 2565,AAL,AA 2565,AAL,2025-11-27 08:40:00,Arr 1051 (+15min),2025-11-27,False
ORD,SLC,AA 2570,AAL,AA 2570,AAL,2025-11-27 09:50:00,Arr 1202,2025-11-27,False
SLC,ORD,AA 2570,AAL,AA 2570,AAL,2025-11-27 13:31:00,Arr 1658,2025-11-27,False
ANC,DFW,AA 2572,AAL,AA 2572,AAL,2025-11-27 20:21:00,Arr 0533,2025-11-27,False
DFW,ANC,AA 2572,AAL,AA 2572,AAL,2025-11-27 13:30:00,Arr 1718,2025-11-27,False
STL,PHX,AA 2574,AAL,AA 2574,AAL,2025-11-27 07:00:00,Arr 0923,2025-11-27,False
BOS,PHX,AA 2575,AAL,AA 2575,AAL,2025-11-27 09:45:00,Arr 1321,2025-11-27,False
DFW,DEN,AA 2579,AAL,AA 2579,AAL,2025-11-27 10:19:00,Arr 1131,2025-11-27,False
DFW,MKE,AA 2581,AAL,AA 2581,AAL,2025-11-27 08:47:00,Arr 1107,2025-11-27,False
DCA,SRQ,AA 2584,AAL,AA 2584,AAL,2025-11-27 08:20:00,Arr 1051,2025-11-27,False
SRQ,DCA,AA 2584,AAL,AA 2584,AAL,2025-11-27 12:30:00,Arr 1416,2025-11-27,False
JAX,CLT,AA 2585,AAL,AA 2585,AAL,2025-11-27 10:59:00,Arr 1155,2025-11-27,False
AUS,DFW,AA 2587,AAL,AA 2587,AAL,2025-11-27 09:59:00,Arr 1059,2025-11-27,False
SNA,ORD,AA 2590,AAL,AA 2590,AAL,2025-11-27 07:45:00,Arr 1328,2025-11-27,False
BOS,MIA,AA 2591,AAL,AA 2591,AAL,2025-11-27 05:36:00,Arr 0906,2025-11-27,False
CMH,CLT,AA 2594,AAL,AA 2594,AAL,2025-11-27 08:23:00,Arr 0941,2025-11-27,False
SAN,PHL,AA 2595,AAL,AA 2595,AAL,2025-11-27 06:35:00,Arr 1415,2025-11-27,False
ORD,OMA,AA 2596,AAL,AA 2596,AAL,2025-11-27 15:00:00,Arr 1621,2025-11-27,False
BUR,DFW,AA 2599,AAL,AA 2599,AAL,2025-11-27 07:00:00,Arr 1144,2025-11-27,False
BOS,DFW,AA 2600,AAL,AA 2600,AAL,2025-11-27 06:30:00,Arr 1017 (+9min),2025-11-27,False
PHX,BOS,AA 2602,AAL,AA 2602,AAL,2025-11-27 13:50:00,Arr 2022,2025-11-27,False
MKE,PHX,AA 2603,AAL,AA 2603,AAL,2025-11-27 07:24:00,Arr 1016,2025-11-27,False
ORD,AUS,AA 2604,AAL,AA 2604,AAL,2025-11-27 13:42:00,Arr 1608,2025-11-27,False
PBI,LGA,AA 3317,AAL,AA 3317,AAL,2025-11-27 11:50:00,Arr 1443 (+9min),2025-11-27,False
DFW,SAN,AA 3319,AAL,AA 3319,AAL,2025-11-27 08:32:00,Arr 0923,2025-11-27,False
LAS,MIA,AA 3321,AAL,AA 3321,AAL,2025-11-27 23:30:00,Arr 0651,2025-11-27,False
CLT,LAS,AA 3322,AAL,AA 3322,AAL,2025-11-27 09:08:00,Arr 1050,2025-11-27,False
SJU,CLT,AA 3324,AAL,AA 3324,AAL,2025-11-27 08:20:00,Arr 1110,2025-11-27,False
PHX,SAT,AA 3325,AAL,AA 3325,AAL,2025-11-27 10:27:00,Arr 1319,2025-11-27,False
VPS,DFW,AA 3327,AAL,AA 3327,AAL,2025-11-27 06:37:00,Arr 0850,2025-11-27,False
PHL,RSW,AA 3328,AAL,AA 3328,AAL,2025-11-27 14:02:00,Arr 1711 (+17min),2025-11-27,False
DFW,MCI,AA 3332,AAL,AA 3332,AAL,2025-11-27 08:14:00,Arr 0942,2025-11-27,False
DCA,MCO,AA 3334,AAL,AA 3334,AAL,2025-11-27 08:19:00,Arr 1051 (+1min),2025-11-27,False
MCO,DCA,AA 3334,AAL,AA 3334,AAL,2025-11-27 11:41:00,Arr 1322,2025-11-27,False
ATL,DFW,AA 1567,AAL,AA 1567,AAL,2025-11-27 08:22:00,Arr 0948,2025-11-27,False
DFW,CVG,AA 1568,AAL,AA 1568,AAL,2025-11-27 08:25:00,Arr 1156 (+11min),2025-11-27,False
DTW,DFW,AA 1569,AAL,AA 1569,AAL,2025-11-27 07:58:00,Arr 0948,2025-11-27,False
MIA,CHS,AA 1570,AAL,AA 1570,AAL,2025-11-27 20:00:00,Arr 2142,2025-11-27,False
EWR,CLT,AA 1575,AAL,AA 1575,AAL,2025-11-27 08:00:00,Arr 1005,2025-11-27,False
JAX,CLT,AA 1576,AAL,AA 1576,AAL,2025-11-27 06:45:00,Arr 0746,2025-11-27,False
LGA,DFW,AA 1580,AAL,AA 1580,AAL,2025-11-27 06:00:00,Arr 0906,2025-11-27,False
MIA,STL,AA 1581,AAL,AA 1581,AAL,2025-11-27 20:28:00,Arr 2225,2025-11-27,False
DFW,ELP,AA 1583,AAL,AA 1583,AAL,2025-11-27 08:45:00,Arr 0925,2025-11-27,False
DFW,LAS,AA 1584,AAL,AA 1584,AAL,2025-11-27 08:52:00,Arr 0932,2025-11-27,False
MCO,ORD,AA 1585,AAL,AA 1585,AAL,2025-11-27 06:47:00,Arr 0852,2025-11-27,False
RDU,ORD,AA 1587,AAL,AA 1587,AAL,2025-11-27 06:00:00,Arr 0717,2025-11-27,False
BWI,CLT,AA 1588,AAL,AA 1588,AAL,2025-11-27 06:30:00,Arr 0749,2025-11-27,False
CLT,DCA,AA 1589,AAL,AA 1589,AAL,2025-11-27 09:35:00,Arr 1056,2025-11-27,False
ONT,PHX,AA 1591,AAL,AA 1591,AAL,2025-11-27 06:11:00,Arr 0851 (+16min),2025-11-27,False
CLT,LAX,AA 1592,AAL,AA 1592,AAL,2025-11-27 09:45:00,Arr 1151,2025-11-27,False
AUS,MIA,AA 1593,AAL,AA 1593,AAL,2025-11-27 05:20:00,Arr 0855,2025-11-27,False
MIA,CLT,AA 1596,AAL,AA 1596,AAL,2025-11-27 19:30:00,Arr 2119,2025-11-27,False
DFW,GSO,AA 1598,AAL,AA 1598,AAL,2025-11-27 13:21:00,Arr 1631,2025-11-27,False
SAT,MIA,AA 1604,AAL,AA 1604,AAL,2025-11-27 05:23:00,Arr 0854,2025-11-27,False
DFW,PHX,AA 1608,AAL,AA 1608,AAL,2025-11-27 13:55:00,Arr 1526,2025-11-27,False
LAS,PHX,AA 1611,AAL,AA 1611,AAL,2025-11-27 09:58:00,Arr 1228 (+11min),2025-11-27,False
PHX,LAS,AA 1611,AAL,AA 1611,AAL,2025-11-27 08:51:00,Arr 0922 (+18min),2025-11-27,False
MIA,SJU,AA 1613,AAL,AA 1613,AAL,2025-11-27 10:00:00,Arr 1328,2025-11-27,False
SJU,MIA,AA 1613,AAL,AA 1613,AAL,2025-11-27 14:50:00,Arr 1638,2025-11-27,False
CLT,MCI,AA 1616,AAL,AA 1616,AAL,2025-11-27 09:39:00,Arr 1054,2025-11-27,False
DCA,CLT,AA 1617,AAL,AA 1617,AAL,2025-11-27 06:49:00,Arr 0818,2025-11-27,False
PHX,SMF,AA 1620,AAL,AA 1620,AAL,2025-11-27 08:16:00,Arr 0903,2025-11-27,False
SMF,PHX,AA 1620,AAL,AA 1620,AAL,2025-11-27 09:59:00,Arr 1236,2025-11-27,False
XNA,DFW,AA 1621,AAL,AA 1621,AAL,2025-11-27 10:00:00,Arr 1117,2025-11-27,False
DEN,CLT,AA 1623,AAL,AA 1623,AAL,2025-11-27 06:47:00,Arr 1156,2025-11-27,False
MIA,DEN,AA 1629,AAL,AA 1629,AAL,2025-11-27 19:30:00,Arr 2151,2025-11-27,False
RSW,PHL,AA 1631,AAL,AA 1631,AAL,2025-11-27 07:15:00,Arr 0931,2025-11-27,False
ORD,CLT,AA 1632,AAL,AA 1632,AAL,2025-11-27 05:00:00,Arr 0743,2025-11-27,False
DCA,MCO,AA 1636,AAL,AA 1636,AAL,2025-11-27 06:42:00,Arr 0914 (+6min),2025-11-27,False
IAD,CLT,AA 1637,AAL,AA 1637,AAL,2025-11-27 06:34:00,Arr 0754,2025-11-27,False
DFW,LAX,AA 1639,AAL,AA 1639,AAL,2025-11-27 06:15:00,Arr 0715,2025-11-27,False
MCO,DFW,AA 1644,AAL,AA 1644,AAL,2025-11-27 08:36:00,Arr 1105 (+20min),2025-11-27,False
PHX,MIA,AA 1645,AAL,AA 1645,AAL,2025-11-27 16:20:00,Arr 2216,2025-11-27,False
LGA,FLL,AA 1646,AAL,AA 1646,AAL,2025-11-27 11:00:00,Arr 1407,2025-11-27,False
MCO,CLT,AA 1647,AAL,AA 1647,AAL,2025-11-27 06:01:00,Arr 0733,2025-11-27,False
MIA,SDF,AA 1650,AAL,AA 1650,AAL,2025-11-27 21:02:00,Arr 2326,2025-11-27,False
PHL,ORD,AA 1652,AAL,AA 1652,AAL,2025-11-27 05:30:00,Arr 0644,2025-11-27,False
CLT,DFW,AA 1653,AAL,AA 1653,AAL,2025-11-27 05:23:00,Arr 0715,2025-11-27,False
DFW,JFK,AA 1654,AAL,AA 1654,AAL,2025-11-27 12:41:00,Arr 1720 (+2min),2025-11-27,False
AUS,DFW,AA 1658,AAL,AA 1658,AAL,2025-11-27 06:00:00,Arr 0700,2025-11-27,False
BUF,CLT,AA 1659,AAL,AA 1659,AAL,2025-11-27 07:30:00,Arr 0933,2025-11-27,False
DFW,LAX,AA 1660,AAL,AA 1660,AAL,2025-11-27 07:15:00,Arr 0812,2025-11-27,False
LAX,DFW,AA 1661,AAL,AA 1661,AAL,2025-11-27 13:30:00,Arr 1819,2025-11-27,False
CLT,DEN,AA 1662,AAL,AA 1662,AAL,2025-11-27 11:33:00,Arr 1351 (+21min),2025-11-27,False
MIA,LAX,AA 1663,AAL,AA 1663,AAL,2025-11-27 06:30:00,Arr 0856,2025-11-27,False
DFW,TUL,AA 1664,AAL,AA 1664,AAL,2025-11-27 08:10:00,Arr 1103 (+99min),2025-11-27,False
TUL,DFW,AA 1664,AAL,AA 1664,AAL,2025-11-27 10:14:00,Arr 1300 (+81min),2025-11-27,False
CLT,ORD,AA 1669,AAL,AA 1669,AAL,2025-11-27 09:25:00,Arr 1018,2025-11-27,False
DFW,ABQ,AA 1670,AAL,AA 1670,AAL,2025-11-27 10:25:00,Arr 1117,2025-11-27,False
MCO,MIA,AA 1671,AAL,AA 1671,AAL,2025-11-27 06:00:00,Arr 0651,2025-11-27,False
DFW,MCO,AA 1672,AAL,AA 1672,AAL,2025-11-27 08:10:00,Arr 1134,2025-11-27,False
PHX,DTW,AA 1673,AAL,AA 1673,AAL,2025-11-27 10:22:00,Arr 1605,2025-11-27,False
RDU,PHL,AA 1676,AAL,AA 1676,AAL,2025-11-27 06:01:00,Arr 0715,2025-11-27,False
PHX,SMF,AA 1677,AAL,AA 1677,AAL,2025-11-27 11:04:00,Arr 1159,2025-11-27,False
SMF,PHX,AA 1677,AAL,AA 1677,AAL,2025-11-27 12:57:00,Arr 1532,2025-11-27,False
MIA,BOS,AA 1680,AAL,AA 1680,AAL,2025-11-27 10:41:00,Arr 1326,2025-11-27,False
ORD,MIA,AA 1682,AAL,AA 1682,AAL,2025-11-27 08:09:00,Arr 1239 (+26min),2025-11-27,False
LAX,DFW,AA 1687,AAL,AA 1687,AAL,2025-11-27 12:40:00,Arr 1720,2025-11-27,False
BOS,CLT,AA 1688,AAL,AA 1688,AAL,2025-11-27 09:26:00,Arr 1143,2025-11-27,False
CLT,SRQ,AA 1689,AAL,AA 1689,AAL,2025-11-27 09:07:00,Arr 1113 (+14min),2025-11-27,False
MIA,MSP,AA 1690,AAL,AA 1690,AAL,2025-11-27 20:13:00,Arr 2303,2025-11-27,False
MIA,EWR,AA 1692,AAL,AA 1692,AAL,2025-11-27 08:53:00,Arr 1128,2025-11-27,False
GSP,CLT,AA 1693,AAL,AA 1693,AAL,2025-11-27 09:03:00,Arr 1217 (+135min),2025-11-27,False
SAN,PHX,AA 1694,AAL,AA 1694,AAL,2025-11-27 06:30:00,Arr 0846,2025-11-27,False
AUS,ORD,AA 1696,AAL,AA 1696,AAL,2025-11-27 10:26:00,Arr 1306,2025-11-27,False
IND,CLT,AA 1698,AAL,AA 1698,AAL,2025-11-27 08:10:00,Arr 0941,2025-11-27,False
DFW,MIA,AA 1702,AAL,AA 1702,AAL,2025-11-27 07:05:00,Arr 1042,2025-11-27,False
TPA,CLT,AA 1704,AAL,AA 1704,AAL,2025-11-27 08:26:00,Arr 0950,2025-11-27,False
MCO,PHL,AA 1706,AAL,AA 1706,AAL,2025-11-27 06:00:00,Arr 0805,2025-11-27,False
MYR,CLT,AA 1709,AAL,AA 1709,AAL,2025-11-27 06:03:00,Arr 0652,2025-11-27,False
SAT,ORD,AA 1710,AAL,AA 1710,AAL,2025-11-27 06:08:00,Arr 0852,2025-11-27,False
FLL,DFW,AA 1712,AAL,AA 1712,AAL,2025-11-27 06:22:00,Arr 0849 (+2min),2025-11-27,False
ORD,MCI,AA 1713,AAL,AA 1713,AAL,2025-11-27 13:45:00,Arr 1507,2025-11-27,False
ORD,AUS,AA 1715,AAL,AA 1715,AAL,2025-11-27 17:03:00,Arr 1946,2025-11-27,False
GSO,DFW,AA 1716,AAL,AA 1716,AAL,2025-11-27 07:00:00,Arr 0853,2025-11-27,False
MIA,JFK,AA 1717,AAL,AA 1717,AAL,2025-11-27 12:02:00,Arr 1434,2025-11-27,False
SAT,DCA,AA 1718,AAL,AA 1718,AAL,2025-11-27 06:40:00,Arr 1046,2025-11-27,False
CLT,MCO,AA 1722,AAL,AA 1722,AAL,2025-11-27 11:15:00,Arr 1311 (+8min),2025-11-27,False
MIA,CLT,AA 1725,AAL,AA 1725,AAL,2025-11-27 21:30:00,Arr 2312,2025-11-27,False
AUS,ORD,AA 1726,AAL,AA 1726,AAL,2025-11-27 08:05:00,Arr 1101 (+10min),2025-11-27,False
CHS,CLT,AA 1731,AAL,AA 1731,AAL,2025-11-27 07:00:00,Arr 0757,2025-11-27,False
IND,PHX,AA 1734,AAL,AA 1734,AAL,2025-11-27 07:22:00,Arr 0922,2025-11-27,False
DFW,MCO,AA 1737,AAL,AA 1737,AAL,2025-11-27 11:56:00,Arr 1520,2025-11-27,False
DTW,CLT,AA 1739,AAL,AA 1739,AAL,2025-11-27 07:08:00,Arr 0910,2025-11-27,False
MCO,MIA,AA 1741,AAL,AA 1741,AAL,2025-11-27 10:03:00,Arr 1111,2025-11-27,False
BDL,CLT,AA 1745,AAL,AA 1745,AAL,2025-11-27 06:09:00,Arr 0823,2025-11-27,False
SFO,MIA,AA 1746,AAL,AA 1746,AAL,2025-11-27 08:00:00,Arr 1620,2025-11-27,False
PHX,DCA,AA 1751,AAL,AA 1751,AAL,2025-11-27 00:59:00,Arr 0700,2025-11-27,False
CLT,FLL,AA 1753,AAL,AA 1753,AAL,2025-11-27 11:43:00,Arr 1402 (+5min),2025-11-27,False
PIT,PHX,AA 1754,AAL,AA 1754,AAL,2025-11-27 07:01:00,Arr 0918,2025-11-27,False
PHX,MSP,AA 1756,AAL,AA 1756,AAL,2025-11-27 11:00:00,Arr 1444,2025-11-27,False
MCI,ORD,AA 1764,AAL,AA 1764,AAL,2025-11-27 06:00:00,Arr 0727,2025-11-27,False
DFW,XNA,AA 1765,AAL,AA 1765,AAL,2025-11-27 10:24:00,Arr 1145 (+2min),2025-11-27,False
DFW,JFK,AA 1766,AAL,AA 1766,AAL,2025-11-27 08:58:00,Arr 1305,2025-11-27,False
JFK,DFW,AA 1766,AAL,AA 1766,AAL,2025-11-27 14:30:00,Arr 1707,2025-11-27,False
MSY,DFW,AA 1768,AAL,AA 1768,AAL,2025-11-27 07:00:00,Arr 0842,2025-11-27,False
MIA,DCA,AA 1769,AAL,AA 1769,AAL,2025-11-27 19:49:00,Arr 2240 (+16min),2025-11-27,False
BOS,PHL,AA 1776,AAL,AA 1776,AAL,2025-11-27 08:00:00,Arr 0933,2025-11-27,False
IND,DFW,AA 1781,AAL,AA 1781,AAL,2025-11-27 08:30:00,Arr 0934,2025-11-27,False
ORD,MCO,AA 1782,AAL,AA 1782,AAL,2025-11-27 12:58:00,Arr 1628,2025-11-27,False
RIC,MIA,AA 1783,AAL,AA 1783,AAL,2025-11-27 06:44:00,Arr 0909,2025-11-27,False
ORD,CLT,AA 1784,AAL,AA 1784,AAL,2025-11-27 07:11:00,Arr 0957,2025-11-27,False
MCO,DFW,AA 1786,AAL,AA 1786,AAL,2025-11-27 07:00:00,Arr 0903,2025-11-27,False
RIC,CLT,AA 1788,AAL,AA 1788,AAL,2025-11-27 06:30:00,Arr 0750,2025-11-27,False
PHL,DFW,AA 1791,AAL,AA 1791,AAL,2025-11-27 05:10:00,Arr 0749,2025-11-27,False
CHS,CLT,AA 1792,AAL,AA 1792,AAL,2025-11-27 09:00:00,Arr 0947,2025-11-27,False
BNA,CLT,AA 1794,AAL,AA 1794,AAL,2025-11-27 05:20:00,Arr 0742,2025-11-27,False
TPA,PHX,AA 1798,AAL,AA 1798,AAL,2025-11-27 07:00:00,Arr 0919,2025-11-27,False
DFW,MFE,AA 1799,AAL,AA 1799,AAL,2025-11-27 08:40:00,Arr 1003,2025-11-27,False
GSP,DFW,AA 1800,AAL,AA 1800,AAL,2025-11-27 06:08:00,Arr 0746,2025-11-27,False
IND,CLT,AA 1801,AAL,AA 1801,AAL,2025-11-27 06:04:00,Arr 0726,2025-11-27,False
PHX,DFW,AA 1806,AAL,AA 1806,AAL,2025-11-27 05:00:00,Arr 0825 (+1min),2025-11-27,False
LAS,PHX,AA 1808,AAL,AA 1808,AAL,2025-11-27 06:31:00,Arr 0828,2025-11-27,False
PHL,CLT,AA 1809,AAL,AA 1809,AAL,2025-11-27 10:33:00,Arr 1215,2025-11-27,False
CVG,DFW,AA 1810,AAL,AA 1810,AAL,2025-11-27 08:51:00,Arr 1027,2025-11-27,False
BOS,DFW,AA 1811,AAL,AA 1811,AAL,2025-11-27 07:50:00,Arr 1117,2025-11-27,False
DCA,PHX,AA 1817,AAL,AA 1817,AAL,2025-11-27 07:00:00,Arr 1037 (+12min),2025-11-27,False
MIA,BWI,AA 1821,AAL,AA 1821,AAL,2025-11-27 21:30:00,Arr 0119 (+80min),2025-11-27,False
DFW,EGE,AA 1823,AAL,AA 1823,AAL,2025-11-27 10:15:00,Arr 1124,2025-11-27,False
MEM,DFW,AA 1827,AAL,AA 1827,AAL,2025-11-27 08:15:00,Arr 0934,2025-11-27,False
SBA,PHX,AA 2606,AAL,AA 2606,AAL,2025-11-27 06:10:00,Arr 0839,2025-11-27,False
MIA,DFW,AA 2607,AAL,AA 2607,AAL,2025-11-27 06:00:00,Arr 0818,2025-11-27,False
PHL,AUS,AA 2609,AAL,AA 2609,AAL,2025-11-27 11:40:00,Arr 1522 (+44min),2025-11-27,False
DEN,DFW,AA 2612,AAL,AA 2612,AAL,2025-11-27 07:05:00,Arr 0938,2025-11-27,False
SFO,ORD,AA 2614,AAL,AA 2614,AAL,2025-11-27 06:00:00,Arr 1158,2025-11-27,False
PHL,BOS,AA 2615,AAL,AA 2615,AAL,2025-11-27 11:00:00,Arr 1235 (+13min),2025-11-27,False
GRR,CLT,AA 2618,AAL,AA 2618,AAL,2025-11-27 06:07:00,Arr 0905 (+50min),2025-11-27,False
MKE,DFW,AA 2621,AAL,AA 2621,AAL,2025-11-27 06:12:00,Arr 0916 (+12min),2025-11-27,False
CLT,JFK,AA 2624,AAL,AA 2624,AAL,2025-11-27 13:04:00,Arr 1425,2025-11-27,False
SJC,PHX,AA 2625,AAL,AA 2625,AAL,2025-11-27 06:00:00,Arr 0908 (+12min),2025-11-27,False
CLT,DAB,AA 2627,AAL,AA 2627,AAL,2025-11-27 09:00:00,Arr 1038 (+4min),2025-11-27,False
DFW,ORF,AA 2638,AAL,AA 2638,AAL,2025-11-27 10:33:00,Arr 1430,2025-11-27,False
PHX,MSN,AA 2639,AAL,AA 2639,AAL,2025-11-27 10:04:00,Arr 1358,2025-11-27,False
PBI,PHL,AA 2642,AAL,AA 2642,AAL,2025-11-27 07:00:00,Arr 0913,2025-11-27,False
JFK,PHX,AA 2646,AAL,AA 2646,AAL,2025-11-27 09:30:00,Arr 1314,2025-11-27,False
DFW,BNA,AA 2648,AAL,AA 2648,AAL,2025-11-27 08:27:00,Arr 1013,2025-11-27,False
LAS,DFW,AA 2649,AAL,AA 2649,AAL,2025-11-27 06:30:00,Arr 1101,2025-11-27,False
CLT,SFO,AA 2651,AAL,AA 2651,AAL,2025-11-27 09:35:00,Arr 1213,2025-11-27,False
FAT,DFW,AA 2653,AAL,AA 2653,AAL,2025-11-27 06:00:00,Arr 1108,2025-11-27,False
LAS,LAX,AA 2654,AAL,AA 2654,AAL,2025-11-27 12:00:00,Arr 1255,2025-11-27,False
LAX,LAS,AA 2654,AAL,AA 2654,AAL,2025-11-27 09:35:00,Arr 1034,2025-11-27,False
DFW,PDX,AA 2655,AAL,AA 2655,AAL,2025-11-27 08:51:00,Arr 1052,2025-11-27,False
DCA,VPS,AA 2658,AAL,AA 2658,AAL,2025-11-27 08:31:00,Arr 1012 (+1min),2025-11-27,False
VPS,DCA,AA 2658,AAL,AA 2658,AAL,2025-11-27 10:51:00,Arr 1352,2025-11-27,False
PHX,PDX,AA 2660,AAL,AA 2660,AAL,2025-11-27 11:37:00,Arr 1306,2025-11-27,False
CLT,ALB,AA 2663,AAL,AA 2663,AAL,2025-11-27 08:55:00,Arr 1024,2025-11-27,False
PHL,RDU,AA 2666,AAL,AA 2666,AAL,2025-11-27 12:54:00,Arr 1401,2025-11-27,False
PHX,RNO,AA 2670,AAL,AA 2670,AAL,2025-11-27 11:09:00,Arr 1151,2025-11-27,False
RNO,PHX,AA 2670,AAL,AA 2670,AAL,2025-11-27 12:48:00,Arr 1518,2025-11-27,False
DEN,PHL,AA 2672,AAL,AA 2672,AAL,2025-11-27 07:00:00,Arr 1206,2025-11-27,False
CLT,BOS,AA 2674,AAL,AA 2674,AAL,2025-11-27 13:29:00,Arr 1507,2025-11-27,False
CLT,SLC,AA 2676,AAL,AA 2676,AAL,2025-11-27 11:20:00,Arr 1344,2025-11-27,False
DFW,AUS,AA 2677,AAL,AA 2677,AAL,2025-11-27 08:30:00,Arr 0924,2025-11-27,False
DFW,SRQ,AA 2679,AAL,AA 2679,AAL,2025-11-27 13:33:00,Arr 1642,2025-11-27,False
PNS,DFW,AA 2680,AAL,AA 2680,AAL,2025-11-27 06:31:00,Arr 0850 (+4min),2025-11-27,False
PHL,RDU,AA 2685,AAL,AA 2685,AAL,2025-11-27 09:13:00,Arr 1031,2025-11-27,False
RDU,PHL,AA 2685,AAL,AA 2685,AAL,2025-11-27 11:20:00,Arr 1219,2025-11-27,False
DCA,CLT,AA 2687,AAL,AA 2687,AAL,2025-11-27 08:45:00,Arr 1606 (+343min),2025-11-27,False
CLT,RDU,AA 2688,AAL,AA 2688,AAL,2025-11-27 11:20:00,Arr 1213,2025-11-27,False
DFW,MIA,AA 2689,AAL,AA 2689,AAL,2025-11-27 08:45:00,Arr 1242 (+8min),2025-11-27,False
LAS,LAX,AA 2690,AAL,AA 2690,AAL,2025-11-27 07:37:00,Arr 0832,2025-11-27,False
DFW,TUL,AA 2691,AAL,AA 2691,AAL,2025-11-27 10:11:00,Arr 1118,2025-11-27,False
LGA,MIA,AA 2692,AAL,AA 2692,AAL,2025-11-27 06:00:00,Arr 0903,2025-11-27,False
DFW,RDU,AA 2693,AAL,AA 2693,AAL,2025-11-27 11:10:00,Arr 1439,2025-11-27,False
PHL,IND,AA 2695,AAL,AA 2695,AAL,2025-11-27 10:55:00,Arr 1316 (+17min),2025-11-27,False
GEG,PHX,AA 2697,AAL,AA 2697,AAL,2025-11-27 06:31:00,Arr 1000,2025-11-27,False
SAV,ORD,AA 2698,AAL,AA 2698,AAL,2025-11-27 07:11:00,Arr 0817,2025-11-27,False
MIA,AUS,AA 2708,AAL,AA 2708,AAL,2025-11-27 12:00:00,Arr 1442 (+29min),2025-11-27,False
AUS,LAX,AA 2710,AAL,AA 2710,AAL,2025-11-27 11:00:00,Arr 1202,2025-11-27,False
MSN,PHX,AA 2714,AAL,AA 2714,AAL,2025-11-27 07:35:00,Arr 1004,2025-11-27,False
DFW,TUS,AA 2721,AAL,AA 2721,AAL,2025-11-27 10:10:00,Arr 1140,2025-11-27,False
PHL,SAN,AA 2722,AAL,AA 2722,AAL,2025-11-27 08:45:00,Arr 1122,2025-11-27,False
ORD,LGA,AA 2723,AAL,AA 2723,AAL,2025-11-27 07:35:00,Arr 1035,2025-11-27,False
EWR,DFW,AA 2728,AAL,AA 2728,AAL,2025-11-27 06:00:00,Arr 0902,2025-11-27,False
CLT,CHS,AA 2732,AAL,AA 2732,AAL,2025-11-27 09:30:00,Arr 1029,2025-11-27,False
BNA,CLT,AA 2735,AAL,AA 2735,AAL,2025-11-27 10:01:00,Arr 1201,2025-11-27,False
DFW,RSW,AA 2740,AAL,AA 2740,AAL,2025-11-27 13:01:00,Arr 1635 (+2min),2025-11-27,False
ORD,CLT,AA 2742,AAL,AA 2742,AAL,2025-11-27 09:40:00,Arr 1214,2025-11-27,False
MIA,PIT,AA 2744,AAL,AA 2744,AAL,2025-11-27 20:56:00,Arr 2314,2025-11-27,False
BNA,CLT,AA 2745,AAL,AA 2745,AAL,2025-11-27 07:16:00,Arr 0918,2025-11-27,False
SEA,DFW,AA 2748,AAL,AA 2748,AAL,2025-11-27 05:24:00,Arr 1116,2025-11-27,False
SAV,CLT,AA 2751,AAL,AA 2751,AAL,2025-11-27 09:00:00,Arr 1007,2025-11-27,False
DFW,LIT,AA 2753,AAL,AA 2753,AAL,2025-11-27 10:11:00,Arr 1111,2025-11-27,False
CLT,DCA,AA 2758,AAL,AA 2758,AAL,2025-11-27 13:02:00,Arr 1356,2025-11-27,False
PHL,DFW,AA 2759,AAL,AA 2759,AAL,2025-11-27 06:21:00,Arr 0859,2025-11-27,False
ORD,DEN,AA 2762,AAL,AA 2762,AAL,2025-11-27 15:16:00,Arr 1650,2025-11-27,False
MIA,BOS,AA 2764,AAL,AA 2764,AAL,2025-11-27 08:30:00,Arr 1113,2025-11-27,False
IAH,CLT,AA 2765,AAL,AA 2765,AAL,2025-11-27 06:16:00,Arr 0932,2025-11-27,False
MIA,BNA,AA 2766,AAL,AA 2766,AAL,2025-11-27 09:00:00,Arr 1014,2025-11-27,False
MIA,DEN,AA 2767,AAL,AA 2767,AAL,2025-11-27 08:30:00,Arr 1057,2025-11-27,False
PHX,MCO,AA 2769,AAL,AA 2769,AAL,2025-11-27 13:30:00,Arr 1923,2025-11-27,False
ATL,DFW,AA 2770,AAL,AA 2770,AAL,2025-11-27 05:35:00,Arr 0702,2025-11-27,False
DEN,ORD,AA 2771,AAL,AA 2771,AAL,2025-11-27 07:22:00,Arr 1139 (+50min),2025-11-27,False
CLT,BOS,AA 2773,AAL,AA 2773,AAL,2025-11-27 11:00:00,Arr 1237,2025-11-27,False
DFW,LAX,AA 2774,AAL,AA 2774,AAL,2025-11-27 08:08:00,Arr 0922,2025-11-27,False
CLT,SEA,AA 2775,AAL,AA 2775,AAL,2025-11-27 09:45:00,Arr 1234,2025-11-27,False
CLT,BOS,AA 2776,AAL,AA 2776,AAL,2025-11-27 09:02:00,Arr 1045,2025-11-27,False
CLT,GRR,AA 2778,AAL,AA 2778,AAL,2025-11-27 09:16:00,Arr 1135 (+24min),2025-11-27,False
CLT,DFW,AA 2779,AAL,AA 2779,AAL,2025-11-27 09:19:00,Arr 1107,2025-11-27,False
DFW,CLT,AA 2779,AAL,AA 2779,AAL,2025-11-27 12:56:00,Arr 1622,2025-11-27,False
LGA,MCO,AA 2786,AAL,AA 2786,AAL,2025-11-27 09:40:00,Arr 1336 (+53min),2025-11-27,False
MCO,LGA,AA 2786,AAL,AA 2786,AAL,2025-11-27 13:35:00,Arr 1645 (+35min),2025-11-27,False
BNA,DFW,AA 2787,AAL,AA 2787,AAL,2025-11-27 06:33:00,Arr 0849,2025-11-27,False
COS,DFW,AA 2788,AAL,AA 2788,AAL,2025-11-27 05:45:00,Arr 0837,2025-11-27,False
JAX,DFW,AA 2789,AAL,AA 2789,AAL,2025-11-27 06:10:00,Arr 0800,2025-11-27,False
MIA,DFW,AA 2792,AAL,AA 2792,AAL,2025-11-27 10:10:00,Arr 1208,2025-11-27,False
DFW,LAX,AA 2793,AAL,AA 2793,AAL,2025-11-27 12:43:00,Arr 1346,2025-11-27,False
MIA,RIC,AA 2795,AAL,AA 2795,AAL,2025-11-27 21:27:00,Arr 2328,2025-11-27,False
PDX,PHX,AA 2798,AAL,AA 2798,AAL,2025-11-27 08:35:00,Arr 1202,2025-11-27,False
FAT,PHX,AA 2800,AAL,AA 2800,AAL,2025-11-27 09:54:00,Arr 1213,2025-11-27,False
PHX,FAT,AA 2800,AAL,AA 2800,AAL,2025-11-27 08:26:00,Arr 0900,2025-11-27,False
MIA,MCO,AA 2803,AAL,AA 2803,AAL,2025-11-27 21:45:00,Arr 2235,2025-11-27,False
DFW,PHX,AA 2805,AAL,AA 2805,AAL,2025-11-27 10:34:00,Arr 1201,2025-11-27,False
DFW,DSM,AA 2809,AAL,AA 2809,AAL,2025-11-27 08:45:00,Arr 1108 (+28min),2025-11-27,False
PHX,TUS,AA 2812,AAL,AA 2812,AAL,2025-11-27 08:15:00,Arr 0859,2025-11-27,False
TUS,PHX,AA 2812,AAL,AA 2812,AAL,2025-11-27 09:42:00,Arr 1029,2025-11-27,False
ORD,CLT,AA 2814,AAL,AA 2814,AAL,2025-11-27 08:20:00,Arr 1110,2025-11-27,False
PHX,EUG,AA 2818,AAL,AA 2818,AAL,2025-11-27 12:09:00,Arr 1325,2025-11-27,False
JFK,ORD,AA 2819,AAL,AA 2819,AAL,2025-11-27 09:00:00,Arr 1037,2025-11-27,False
LAX,PHX,AA 2820,AAL,AA 2820,AAL,2025-11-27 08:00:00,Arr 1032,2025-11-27,False
PHX,LAX,AA 2820,AAL,AA 2820,AAL,2025-11-27 11:32:00,Arr 1206,2025-11-27,False
DFW,FAT,AA 2823,AAL,AA 2823,AAL,2025-11-27 10:04:00,Arr 1119,2025-11-27,False
PHX,DFW,AA 2826,AAL,AA 2826,AAL,2025-11-27 06:45:00,Arr 0950,2025-11-27,False
DCA,LAX,AA 2828,AAL,AA 2828,AAL,2025-11-27 16:59:00,Arr 1937,2025-11-27,False
GRR,PHX,AA 2830,AAL,AA 2830,AAL,2025-11-27 07:46:00,Arr 1020 (+5min),2025-11-27,False
MIA,TPA,AA 2831,AAL,AA 2831,AAL,2025-11-27 13:35:00,Arr 1435,2025-11-27,False
ORD,RDU,AA 2832,AAL,AA 2832,AAL,2025-11-27 10:00:00,Arr 1246,2025-11-27,False
ORD,DEN,AA 2833,AAL,AA 2833,AAL,2025-11-27 08:05:00,Arr 0933,2025-11-27,False
DFW,SJC,AA 2834,AAL,AA 2834,AAL,2025-11-27 08:59:00,Arr 1048,2025-11-27,False
MCO,ORD,AA 2835,AAL,AA 2835,AAL,2025-11-27 08:35:00,Arr 1110 (+27min),2025-11-27,False
DFW,TYS,AA 2836,AAL,AA 2836,AAL,2025-11-27 12:41:00,Arr 1553,2025-11-27,False
CLT,FLL,AA 2837,AAL,AA 2837,AAL,2025-11-27 09:00:00,Arr 1103,2025-11-27,False
MIA,DCA,AA 2839,AAL,AA 2839,AAL,2025-11-27 10:01:00,Arr 1209,2025-11-27,False
JFK,ORD,AA 2848,AAL,AA 2848,AAL,2025-11-27 12:27:00,Arr 1350,2025-11-27,False
ORD,JFK,AA 2848,AAL,AA 2848,AAL,2025-11-27 08:30:00,Arr 1124,2025-11-27,False
PHL,FLL,AA 2850,AAL,AA 2850,AAL,2025-11-27 11:40:00,Arr 1418,2025-11-27,False
DFW,IAH,AA 2851,AAL,AA 2851,AAL,2025-11-27 10:08:00,Arr 1110,2025-11-27,False
DFW,EWR,AA 2852,AAL,AA 2852,AAL,2025-11-27 11:38:00,Arr 1549,2025-11-27,False
IAH,DFW,AA 2853,AAL,AA 2853,AAL,2025-11-27 09:28:00,Arr 1042,2025-11-27,False
PHX,GRR,AA 2855,AAL,AA 2855,AAL,2025-11-27 10:00:00,Arr 1525,2025-11-27,False
CLT,EYW,AA 2856,AAL,AA 2856,AAL,2025-11-27 11:00:00,Arr 1324 (+2min),2025-11-27,False
JAX,PHX,AA 2858,AAL,AA 2858,AAL,2025-11-27 07:47:00,Arr 1030,2025-11-27,False
LAS,DCA,AA 2859,AAL,AA 2859,AAL,2025-11-27 06:34:00,Arr 1326,2025-11-27,False
PHL,CAE,AA 5790,AAL,PT 5790,CCI,2025-11-27 08:27:00,Arr 1023,2025-11-27,False
CLT,PGV,AA 5792,AAL,PT 5792,CCI,2025-11-27 09:11:00,Arr 1005,2025-11-27,False
PGV,CLT,AA 5792,AAL,PT 5792,CCI,2025-11-27 10:56:00,Arr 1156,2025-11-27,False
CLT,LYH,AA 5793,AAL,PT 5793,CCI,2025-11-27 13:06:00,Arr 1350,2025-11-27,False
CLT,CHA,AA 5794,AAL,PT 5794,CCI,2025-11-27 09:30:00,Arr 1039,2025-11-27,False
CLT,PHF,AA 5795,AAL,PT 5795,CCI,2025-11-27 09:20:00,Arr 1038,2025-11-27,False
LYH,CLT,AA 5796,AAL,PT 5796,CCI,2025-11-27 08:50:00,Arr 0957,2025-11-27,False
CLT,MOB,AA 5797,AAL,PT 5797,CCI,2025-11-27 09:07:00,Arr 0952,2025-11-27,False
PHL,PIT,AA 5799,AAL,PT 5799,CCI,2025-11-27 08:09:00,Arr 0938 (+8min),2025-11-27,False
PIT,PHL,AA 5799,AAL,PT 5799,CCI,2025-11-27 10:02:00,Arr 1104,2025-11-27,False
CLT,EVV,AA 5802,AAL,PT 5802,CCI,2025-11-27 09:35:00,Arr 1015,2025-11-27,False
CLT,CHO,AA 5803,AAL,PT 5803,CCI,2025-11-27 11:45:00,Arr 1244,2025-11-27,False
PHL,AVL,AA 5804,AAL,PT 5804,CCI,2025-11-27 10:30:00,Arr 1216,2025-11-27,False
EVV,CLT,AA 5808,AAL,PT 5808,CCI,2025-11-27 05:10:00,Arr 0729,2025-11-27,False
PHL,ROC,AA 5813,AAL,PT 5813,CCI,2025-11-27 13:40:00,Arr 1446,2025-11-27,False
AVL,PHL,AA 5817,AAL,PT 5817,CCI,2025-11-27 10:18:00,Arr 1143,2025-11-27,False
PHL,SYR,AA 5827,AAL,PT 5827,CCI,2025-11-27 10:25:00,Arr 1130,2025-11-27,False
CLT,TRI,AA 5831,AAL,PT 5831,CCI,2025-11-27 13:10:00,Arr 1359,2025-11-27,False
CAE,CLT,AA 5836,AAL,PT 5836,CCI,2025-11-27 11:04:00,Arr 1209,2025-11-27,False
FLO,CLT,AA 5838,AAL,PT 5838,CCI,2025-11-27 07:00:00,Arr 0803,2025-11-27,False
PHF,CLT,AA 5839,AAL,PT 5839,CCI,2025-11-27 06:10:00,Arr 0726,2025-11-27,False
CLT,ROA,AA 5843,AAL,PT 5843,CCI,2025-11-27 09:10:00,Arr 1003,2025-11-27,False
CLT,MGM,AA 5849,AAL,PT 5849,CCI,2025-11-27 11:30:00,Arr 1157,2025-11-27,False
PHL,MDT,AA 5851,AAL,PT 5851,CCI,2025-11-27 13:35:00,Arr 1425,2025-11-27,False
ALB,PHL,AA 5856,AAL,PT 5856,CCI,2025-11-27 07:41:00,Arr 0846,2025-11-27,False
SBY,PHL,AA 5863,AAL,PT 5863,CCI,2025-11-27 06:30:00,Arr 0736 (+3min),2025-11-27,False
SCE,PHL,AA 5865,AAL,PT 5865,CCI,2025-11-27 06:00:00,Arr 0637,2025-11-27,False
PHL,BUF,AA 5868,AAL,PT 5868,CCI,2025-11-27 10:30:00,Arr 1155,2025-11-27,False
CLE,PHL,AA 5871,AAL,PT 5871,CCI,2025-11-27 06:00:00,Arr 0734,2025-11-27,False
ERI,CLT,AA 5872,AAL,PT 5872,CCI,2025-11-27 06:00:00,Arr 0820 (+6min),2025-11-27,False
PHL,RIC,AA 5882,AAL,PT 5882,CCI,2025-11-27 13:59:00,Arr 1452,2025-11-27,False
MHT,PHL,AA 5883,AAL,PT 5883,CCI,2025-11-27 06:00:00,Arr 0729,2025-11-27,False
MYR,PHL,AA 5888,AAL,PT 5888,CCI,2025-11-27 10:31:00,Arr 1153,2025-11-27,False
PHL,MYR,AA 5888,AAL,PT 5888,CCI,2025-11-27 08:18:00,Arr 1007 (+1min),2025-11-27,False
CLT,SBY,AA 5889,AAL,PT 5889,CCI,2025-11-27 09:45:00,Arr 1106,2025-11-27,False
BGR,PHL,AA 5892,AAL,PT 5892,CCI,2025-11-27 06:00:00,Arr 0748,2025-11-27,False
MGM,CLT,AA 5894,AAL,PT 5894,CCI,2025-11-27 05:36:00,Arr 0751,2025-11-27,False
SBY,CLT,AA 5897,AAL,PT 5897,CCI,2025-11-27 06:05:00,Arr 0718,2025-11-27,False
PHL,CLE,AA 5902,AAL,PT 5902,CCI,2025-11-27 08:49:00,Arr 1009,2025-11-27,False
TRI,CLT,AA 5904,AAL,PT 5904,CCI,2025-11-27 08:54:00,Arr 0940,2025-11-27,False
RIC,PHL,AA 5907,AAL,PT 5907,CCI,2025-11-27 07:00:00,Arr 0746,2025-11-27,False
CLT,LYH,AA 5914,AAL,PT 5914,CCI,2025-11-27 11:20:00,Arr 1221,2025-11-27,False
CLT,FAY,AA 5915,AAL,PT 5915,CCI,2025-11-27 09:25:00,Arr 1019,2025-11-27,False
FAY,CLT,AA 5915,AAL,PT 5915,CCI,2025-11-27 11:03:00,Arr 1142,2025-11-27,False
MKE,PHL,AA 5917,AAL,PT 5917,CCI,2025-11-27 10:08:00,Arr 1253,2025-11-27,False
PHL,MKE,AA 5923,AAL,PT 5923,CCI,2025-11-27 08:09:00,Arr 0908,2025-11-27,False
PHL,ROA,AA 5927,AAL,PT 5927,CCI,2025-11-27 13:50:00,Arr 1458,2025-11-27,False
ROC,PHL,AA 5930,AAL,PT 5930,CCI,2025-11-27 06:02:00,Arr 0744 (+15min),2025-11-27,False
ROA,PHL,AA 5931,AAL,PT 5931,CCI,2025-11-27 07:45:00,Arr 0853,2025-11-27,False
CLT,TRI,AA 5932,AAL,PT 5932,CCI,2025-11-27 09:40:00,Arr 1025,2025-11-27,False
MDT,BOS,AA 5937,AAL,PT 5937,CCI,2025-11-27 06:53:00,Arr 0800,2025-11-27,False
SDF,PHL,AA 5939,AAL,PT 5939,CCI,2025-11-27 06:45:00,Arr 0819,2025-11-27,False
CHA,CLT,AA 5945,AAL,PT 5945,CCI,2025-11-27 06:40:00,Arr 0751,2025-11-27,False
PHL,ALB,AA 5947,AAL,PT 5947,CCI,2025-11-27 10:25:00,Arr 1158 (+20min),2025-11-27,False
CLT,EWN,AA 5950,AAL,PT 5950,CCI,2025-11-27 11:05:00,Arr 1206,2025-11-27,False
HTS,CLT,AA 5955,AAL,PT 5955,CCI,2025-11-27 06:45:00,Arr 0746,2025-11-27,False
GSO,PHL,AA 5958,AAL,PT 5958,CCI,2025-11-27 07:02:00,Arr 0834,2025-11-27,False
CLT,CAE,AA 5959,AAL,PT 5959,CCI,2025-11-27 11:10:00,Arr 1206,2025-11-27,False
GSO,PHL,AA 5960,AAL,PT 5960,CCI,2025-11-27 10:17:00,Arr 1131,2025-11-27,False
PHL,GSO,AA 5960,AAL,PT 5960,CCI,2025-11-27 08:10:00,Arr 0935,2025-11-27,False
CAE,CLT,AA 5961,AAL,PT 5961,CCI,2025-11-27 06:17:00,Arr 0658,2025-11-27,False
CLT,JAN,AA 5962,AAL,PT 5962,CCI,2025-11-27 09:40:00,Arr 1043,2025-11-27,False
MDT,PHL,AA 5963,AAL,PT 5963,CCI,2025-11-27 06:40:00,Arr 0717,2025-11-27,False
CLT,CHA,AA 5965,AAL,PT 5965,CCI,2025-11-27 13:40:00,Arr 1437,2025-11-27,False
SYR,PHL,AA 5966,AAL,PT 5966,CCI,2025-11-27 06:00:00,Arr 0700,2025-11-27,False
CLT,ERI,AA 5971,AAL,PT 5971,CCI,2025-11-27 09:00:00,Arr 1022,2025-11-27,False
MOB,CLT,AA 5972,AAL,PT 5972,CCI,2025-11-27 05:15:00,Arr 0738,2025-11-27,False
PHL,ART,AA 5974,AAL,PT 5974,CCI,2025-11-27 13:35:00,Arr 1455,2025-11-27,False
LYH,CLT,AA 5975,AAL,PT 5975,CCI,2025-11-27 06:23:00,Arr 0707,2025-11-27,False
CHA,CLT,AA 5981,AAL,PT 5981,CCI,2025-11-27 09:00:00,Arr 1012,2025-11-27,False
FAY,CLT,AA 5982,AAL,PT 5982,CCI,2025-11-27 08:59:00,Arr 1002,2025-11-27,False
CLT,FLO,AA 5983,AAL,PT 5983,CCI,2025-11-27 09:30:00,Arr 1017,2025-11-27,False
CLT,HTS,AA 5985,AAL,PT 5985,CCI,2025-11-27 09:45:00,Arr 1052,2025-11-27,False
PHL,MHT,AA 5986,AAL,PT 5986,CCI,2025-11-27 10:30:00,Arr 1135,2025-11-27,False
CLT,GNV,AA 5987,AAL,PT 5987,CCI,2025-11-27 13:05:00,Arr 1428,2025-11-27,False
CHO,CLT,AA 5990,AAL,PT 5990,CCI,2025-11-27 06:00:00,Arr 0700,2025-11-27,False
AGS,CLT,AA 5991,AAL,PT 5991,CCI,2025-11-27 11:10:00,Arr 1159,2025-11-27,False
CLT,AGS,AA 5991,AAL,PT 5991,CCI,2025-11-27 09:19:00,Arr 1010,2025-11-27,False
TRI,CLT,AA 5992,AAL,PT 5992,CCI,2025-11-27 06:25:00,Arr 0714,2025-11-27,False
GRR,PHL,AA 5996,AAL,PT 5996,CCI,2025-11-27 10:49:00,Arr 1310 (+21min),2025-11-27,False
PHL,GRR,AA 5996,AAL,PT 5996,CCI,2025-11-27 08:13:00,Arr 1021,2025-11-27,False
GSP,PHL,AA 5997,AAL,PT 5997,CCI,2025-11-27 10:53:00,Arr 1223,2025-11-27,False
PHL,GSP,AA 5997,AAL,PT 5997,CCI,2025-11-27 08:25:00,Arr 1026,2025-11-27,False
CLT,AVL,AA 5998,AAL,PT 5998,CCI,2025-11-27 08:55:00,Arr 0947,2025-11-27,False
CLT,HSV,AA 6003,AAL,PT 6003,CCI,2025-11-27 13:10:00,Arr 1331,2025-11-27,False
ROA,CLT,AA 6008,AAL,PT 6008,CCI,2025-11-27 06:30:00,Arr 0725,2025-11-27,False
CLT,TLH,AA 6009,AAL,PT 6009,CCI,2025-11-27 11:30:00,Arr 1309,2025-11-27,False
ILM,PHL,AA 6010,AAL,PT 6010,CCI,2025-11-27 11:09:00,Arr 1212,2025-11-27,False
ART,PHL,AA 6022,AAL,PT 6022,CCI,2025-11-27 06:00:00,Arr 0712,2025-11-27,False
PHL,MSN,AA 6024,AAL,PT 6024,CCI,2025-11-27 10:20:00,Arr 1135,2025-11-27,False
CLT,OAJ,AA 6028,AAL,PT 6028,CCI,2025-11-27 09:15:00,Arr 1020,2025-11-27,False
OAJ,CLT,AA 6028,AAL,PT 6028,CCI,2025-11-27 10:59:00,Arr 1155,2025-11-27,False
PHL,ORF,AA 6030,AAL,PT 6030,CCI,2025-11-27 12:29:00,Arr 1324,2025-11-27,False
BOS,ROC,AA 6040,AAL,PT 6040,CCI,2025-11-27 08:53:00,Arr 1013,2025-11-27,False
ROC,BOS,AA 6040,AAL,PT 6040,CCI,2025-11-27 11:00:00,Arr 1233 (+9min),2025-11-27,False
PHL,SCE,AA 6043,AAL,PT 6043,CCI,2025-11-27 08:19:00,Arr 0915,2025-11-27,False
PHL,SDF,AA 6044,AAL,PT 6044,CCI,2025-11-27 10:30:00,Arr 1234,2025-11-27,False
CAE,PHL,AA 6048,AAL,PT 6048,CCI,2025-11-27 11:00:00,Arr 1213,2025-11-27,False
JAN,CLT,AA 6050,AAL,PT 6050,CCI,2025-11-27 05:00:00,Arr 0723,2025-11-27,False
GNV,CLT,AA 6053,AAL,PT 6053,CCI,2025-11-27 08:00:00,Arr 0920,2025-11-27,False
LEX,CLT,AA 6055,AAL,PT 6055,CCI,2025-11-27 08:11:00,Arr 0934,2025-11-27,False
FWA,CLT,AA 6056,AAL,PT 6056,CCI,2025-11-27 06:00:00,Arr 0736,2025-11-27,False
MLI,CLT,AA 6059,AAL,PT 6059,CCI,2025-11-27 06:57:00,Arr 1004,2025-11-27,False
CLT,MDT,AA 6064,AAL,PT 6064,CCI,2025-11-27 09:05:00,Arr 1024,2025-11-27,False
HSV,CLT,AA 6067,AAL,PT 6067,CCI,2025-11-27 07:13:00,Arr 0947,2025-11-27,False
TLH,CLT,AA 6068,AAL,PT 6068,CCI,2025-11-27 06:13:00,Arr 0718,2025-11-27,False
EWN,CLT,AA 6069,AAL,PT 6069,CCI,2025-11-27 06:40:00,Arr 0753,2025-11-27,False
AVL,CLT,AA 6072,AAL,PT 6072,CCI,2025-11-27 07:00:00,Arr 0755,2025-11-27,False
MDT,CLT,AA 6078,AAL,PT 6078,CCI,2025-11-27 06:46:00,Arr 0819,2025-11-27,False
ILM,CLT,AA 6086,AAL,PT 6086,CCI,2025-11-27 11:09:00,Arr 1209,2025-11-27,False
CLT,FAY,AA 6090,AAL,PT 6090,CCI,2025-11-27 11:10:00,Arr 1159,2025-11-27,False
CLT,FWA,AA 6092,AAL,PT 6092,CCI,2025-11-27 09:32:00,Arr 1103,2025-11-27,False
BOS,MDT,AA 6094,AAL,PT 6094,CCI,2025-11-27 12:49:00,Arr 1422,2025-11-27,False
CLT,LEX,AA 6101,AAL,PT 6101,CCI,2025-11-27 13:35:00,Arr 1459,2025-11-27,False
PHL,PVD,AA 6104,AAL,PT 6104,CCI,2025-11-27 10:30:00,Arr 1131,2025-11-27,False
PVD,PHL,AA 6104,AAL,PT 6104,CCI,2025-11-27 12:12:00,Arr 1327,2025-11-27,False
PHL,ILM,AA 6106,AAL,PT 6106,CCI,2025-11-27 12:26:00,Arr 1353,2025-11-27,False
CVG,PHL,AA 6109,AAL,PT 6109,CCI,2025-11-27 06:00:00,Arr 0743,2025-11-27,False
TYS,CLT,AA 6111,AAL,PT 6111,CCI,2025-11-27 08:59:00,Arr 1012,2025-11-27,False
CLT,TYS,AA 6113,AAL,PT 6113,CCI,2025-11-27 11:25:00,Arr 1258,2025-11-27,False
PHL,ILM,AA 6119,AAL,PT 6119,CCI,2025-11-27 09:02:00,Arr 1033,2025-11-27,False
CLT,CAE,AA 6121,AAL,PT 6121,CCI,2025-11-27 09:14:00,Arr 1007,2025-11-27,False
PHL,SBY,AA 6122,AAL,PT 6122,CCI,2025-11-27 13:59:00,Arr 1434,2025-11-27,False
CLT,ILM,AA 6123,AAL,PT 6123,CCI,2025-11-27 09:25:00,Arr 1030,2025-11-27,False
CLT,MLI,AA 6124,AAL,PT 6124,CCI,2025-11-27 13:05:00,Arr 1500 (+30min),2025-11-27,False
PHL,PWM,AA 6129,AAL,PT 6129,CCI,2025-11-27 11:52:00,Arr 1317,2025-11-27,False
SCE,PHL,AA 6131,AAL,PT 6131,CCI,2025-11-27 09:52:00,Arr 1036,2025-11-27,False
DCA,SEA,AS 1,ASA,AS 1,ASA,2025-11-27 08:00:00,Arr 1045,2025-11-27,False
SEA,DCA,AS 4,ASA,AS 4,ASA,2025-11-27 08:00:00,Arr 1545,2025-11-27,False
JFK,SEA,AS 23,ASA,AS 23,ASA,2025-11-27 11:30:00,Arr 1434,2025-11-27,False
SAN,JFK,AS 24,ASA,AS 24,ASA,2025-11-27 07:15:00,Arr 1535,2025-11-27,False
SFO,JFK,AS 30,ASA,AS 30,ASA,2025-11-27 09:19:00,Arr 1740,2025-11-27,False
SEA,JFK,AS 34,ASA,AS 34,ASA,2025-11-27 11:05:00,Arr 1922,2025-11-27,False
JFK,SAN,AS 35,ASA,AS 35,ASA,2025-11-27 09:30:00,Arr 1231,2025-11-27,False
ANC,SEA,AS 47,ASA,AS 47,ASA,2025-11-27 07:05:00,Arr 1139,2025-11-27,False
ANC,SEA,AS 48,ASA,AS 48,ASA,2025-11-27 08:00:00,Arr 1222,2025-11-27,False
LAS,ANC,AS 53,ASA,AS 53,ASA,2025-11-27 01:06:00,Arr 0532,2025-11-27,False
ANC,SEA,AS 54,ASA,AS 54,ASA,2025-11-27 01:12:00,Arr 0515,2025-11-27,False
SEA,ANC,AS 55,ASA,AS 55,ASA,2025-11-27 08:09:00,Arr 1028,2025-11-27,False
ANC,LAS,AS 56,ASA,AS 56,ASA,2025-11-27 23:51:00,Arr 0609 (+5min),2025-11-27,False
ANC,SEA,AS 59,ASA,AS 59,ASA,2025-11-27 01:59:00,Arr 0602,2025-11-27,False
ANC,JNU,AS 62,ASA,AS 62,ASA,2025-11-27 06:55:00,Arr 0828,2025-11-27,False
JNU,SIT,AS 62,ASA,AS 62,ASA,2025-11-27 09:27:00,Arr 0951,2025-11-27,False
SIT,KTN,AS 62,ASA,AS 62,ASA,2025-11-27 11:06:00,Arr 1134,2025-11-27,False
KTN,SEA,AS 62,ASA,AS 62,ASA,2025-11-27 12:45:00,Arr 1513,2025-11-27,False
ANC,SEA,AS 63,ASA,AS 63,ASA,2025-11-27 09:00:00,Arr 1317,2025-11-27,False
SEA,ANC,AS 77,ASA,AS 77,ASA,2025-11-27 10:20:00,Arr 1256,2025-11-27,False
SEA,ANC,AS 78,ASA,AS 78,ASA,2025-11-27 17:00:00,Arr 1923,2025-11-27,False
SEA,ANC,AS 81,ASA,AS 81,ASA,2025-11-27 11:49:00,Arr 1424,2025-11-27,False
SEA,ANC,AS 83,ASA,AS 83,ASA,2025-11-27 09:25:00,Arr 1149,2025-11-27,False
LAX,SEA,AS 84,ASA,AS 84,ASA,2025-11-27 15:03:00,Arr 1729,2025-11-27,False
ANC,FAI,AS 90,ASA,AS 90,ASA,2025-11-27 06:20:00,Arr 0709,2025-11-27,False
ANC,HNL,AS 91,ASA,AS 91,ASA,2025-11-27 18:25:00,Arr 2317,2025-11-27,False
HNL,ANC,AS 92,ASA,AS 92,ASA,2025-11-27 21:40:00,Arr 0417,2025-11-27,False
PAE,LAS,AS 95,ASA,AS 95,ASA,2025-11-27 09:00:00,Arr 1127,2025-11-27,False
ANC,SEA,AS 98,ASA,AS 98,ASA,2025-11-27 02:20:00,Arr 0634,2025-11-27,False
SEA,ANC,AS 99,ASA,AS 99,ASA,2025-11-27 16:00:00,Arr 1835,2025-11-27,False
ANC,SEA,AS 100,ASA,AS 100,ASA,2025-11-27 11:00:00,Arr 1506,2025-11-27,False
FAI,ANC,AS 101,ASA,AS 101,ASA,2025-11-27 05:00:00,Arr 0614,2025-11-27,False
FAI,ANC,AS 103,ASA,AS 103,ASA,2025-11-27 14:23:00,Arr 1517,2025-11-27,False
ANC,SEA,AS 104,ASA,AS 104,ASA,2025-11-27 10:00:00,Arr 1409,2025-11-27,False
FAI,SEA,AS 107,ASA,AS 107,ASA,2025-11-27 00:06:00,Arr 0429,2025-11-27,False
ANC,SEA,AS 110,ASA,AS 110,ASA,2025-11-27 00:55:00,Arr 0505,2025-11-27,False
SEA,FAI,AS 111,ASA,AS 111,ASA,2025-11-27 22:15:00,Arr 0101,2025-11-27,False
FAI,SEA,AS 113,ASA,AS 113,ASA,2025-11-27 01:46:00,Arr 0613,2025-11-27,False
PDX,BUR,AS 121,ASA,AS 121,ASA,2025-11-27 10:37:00,Arr 1231,2025-11-27,False
BUR,PDX,AS 122,ASA,AS 122,ASA,2025-11-27 13:44:00,Arr 1540,2025-11-27,False
PDX,SFO,AS 128,ASA,AS 128,ASA,2025-11-27 10:00:00,Arr 1145,2025-11-27,False
PHX,ANC,AS 141,ASA,AS 141,ASA,2025-11-27 00:55:00,Arr 0444,2025-11-27,False
JNU,SEA,AS 142,ASA,AS 142,ASA,2025-11-27 07:00:00,Arr 1029 (+2min),2025-11-27,False
SEA,ANC,AS 144,ASA,AS 144,ASA,2025-11-27 23:10:00,Arr 0148,2025-11-27,False
PDX,SEA,AS 146,ASA,AS 146,ASA,2025-11-27 06:30:00,Arr 0726,2025-11-27,False
BOI,SAN,AS 166,ASA,AS 166,ASA,2025-11-27 07:00:00,Arr 0804,2025-11-27,False
FAI,SEA,AS 168,ASA,AS 168,ASA,2025-11-27 02:33:00,Arr 0700,2025-11-27,False
SEA,JNU,AS 171,ASA,AS 171,ASA,2025-11-27 13:35:00,Arr 1455,2025-11-27,False
ANC,PHX,AS 172,ASA,AS 172,ASA,2025-11-27 22:05:00,Arr 0458,2025-11-27,False
SEA,SNA,AS 173,ASA,AS 173,ASA,2025-11-27 15:43:00,Arr 1832 (+3min),2025-11-27,False
SEA,FAI,AS 174,ASA,AS 174,ASA,2025-11-27 10:18:00,Arr 1253,2025-11-27,False
JNU,SEA,AS 176,ASA,AS 176,ASA,2025-11-27 02:51:00,Arr 0554,2025-11-27,False
SEA,ANC,AS 189,ASA,AS 189,ASA,2025-11-27 13:44:00,Arr 1610,2025-11-27,False
FAI,ANC,AS 192,ASA,AS 192,ASA,2025-11-27 08:30:00,Arr 0927,2025-11-27,False
LAX,ANC,AS 193,ASA,AS 193,ASA,2025-11-27 19:55:00,Arr 0016,2025-11-27,False
ANC,LAX,AS 194,ASA,AS 194,ASA,2025-11-27 00:09:00,Arr 0614,2025-11-27,False
ANC,PDX,AS 199,ASA,AS 199,ASA,2025-11-27 08:55:00,Arr 1324,2025-11-27,False
OGG,SAN,AS 203,ASA,AS 203,ASA,2025-11-27 16:40:00,Arr 2344,2025-11-27,False
OGG,SEA,AS 206,ASA,AS 206,ASA,2025-11-27 22:39:00,Arr 0558,2025-11-27,False
FAI,SEA,AS 210,ASA,AS 210,ASA,2025-11-27 05:35:00,Arr 1023 (+1min),2025-11-27,False
SFO,JFK,AS 211,ASA,AS 211,ASA,2025-11-27 06:20:00,Arr 1422,2025-11-27,False
JFK,SFO,AS 212,ASA,AS 212,ASA,2025-11-27 10:00:00,Arr 1337 (+3min),2025-11-27,False
KOA,SEA,AS 218,ASA,AS 218,ASA,2025-11-27 21:30:00,Arr 0503,2025-11-27,False
SEA,OGG,AS 223,ASA,AS 223,ASA,2025-11-27 13:30:00,Arr 1722,2025-11-27,False
SEA,ANC,AS 225,ASA,AS 225,ASA,2025-11-27 18:05:00,Arr 2046,2025-11-27,False
ANC,SEA,AS 226,ASA,AS 226,ASA,2025-11-27 14:24:00,Arr 1828,2025-11-27,False
JFK,SFO,AS 227,ASA,AS 227,ASA,2025-11-27 13:00:00,Arr 1612,2025-11-27,False
LAX,EUG,AS 228,ASA,AS 228,ASA,2025-11-27 12:55:00,Arr 1606 (+46min),2025-11-27,False
EUG,LAX,AS 231,ASA,AS 231,ASA,2025-11-27 06:50:00,Arr 0857,2025-11-27,False
SAN,OGG,AS 232,ASA,AS 232,ASA,2025-11-27 11:13:00,Arr 1443,2025-11-27,False
LIH,SEA,AS 234,ASA,AS 234,ASA,2025-11-27 12:00:00,Arr 1934,2025-11-27,False
SFO,PDX,AS 235,ASA,AS 235,ASA,2025-11-27 11:53:00,Arr 1327,2025-11-27,False
PDX,SFO,AS 236,ASA,AS 236,ASA,2025-11-27 14:30:00,Arr 1609,2025-11-27,False
SEA,KOA,AS 238,ASA,AS 238,ASA,2025-11-27 13:23:00,Arr 1746 (+8min),2025-11-27,False
LIH,SJC,AS 239,ASA,AS 239,ASA,2025-11-27 14:40:00,Arr 2144,2025-11-27,False
SEA,FAI,AS 240,ASA,AS 240,ASA,2025-11-27 17:40:00,Arr 2026,2025-11-27,False
SAN,ORD,AS 241,ASA,AS 241,ASA,2025-11-27 08:15:00,Arr 1408,2025-11-27,False
PDX,GEG,AS 250,ASA,AS 250,ASA,2025-11-27 10:30:00,Arr 1124,2025-11-27,False
GEG,PDX,AS 251,ASA,AS 251,ASA,2025-11-27 12:32:00,Arr 1346,2025-11-27,False
PDX,KOA,AS 252,ASA,AS 252,ASA,2025-11-27 10:30:00,Arr 1448 (+13min),2025-11-27,False
KOA,PDX,AS 253,ASA,AS 253,ASA,2025-11-27 13:14:00,Arr 2037,2025-11-27,False
ANC,KOA,AS 255,ASA,AS 255,ASA,2025-11-27 15:03:00,Arr 2047 (+17min),2025-11-27,False
KOA,ANC,AS 256,ASA,AS 256,ASA,2025-11-27 21:30:00,Arr 0443,2025-11-27,False
SEA,LIH,AS 258,ASA,AS 258,ASA,2025-11-27 09:20:00,Arr 1320,2025-11-27,False
PDX,SNA,AS 264,ASA,AS 264,ASA,2025-11-27 14:36:00,Arr 1640,2025-11-27,False
SEA,ORD,AS 265,ASA,AS 265,ASA,2025-11-27 08:45:00,Arr 1614 (+81min),2025-11-27,False
ANC,FAI,AS 268,ASA,AS 268,ASA,2025-11-27 17:15:00,Arr 1755,2025-11-27,False
ONT,HNL,AS 270,ASA,AS 270,ASA,2025-11-27 07:50:00,Arr 1116,2025-11-27,False
HNL,ONT,AS 271,ASA,AS 271,ASA,2025-11-27 12:58:00,Arr 2021,2025-11-27,False
SAN,SFO,AS 274,ASA,AS 274,ASA,2025-11-27 13:45:00,Arr 1457,2025-11-27,False
BNA,SEA,AS 281,ASA,AS 281,ASA,2025-11-27 07:20:00,Arr 1039 (+1min),2025-11-27,False
LAX,EWR,AS 284,ASA,AS 284,ASA,2025-11-27 08:00:00,Arr 1633 (+5min),2025-11-27,False
EWR,LAX,AS 287,ASA,AS 287,ASA,2025-11-27 18:08:00,Arr 2051,2025-11-27,False
LAX,EWR,AS 288,ASA,AS 288,ASA,2025-11-27 21:33:00,Arr 0531,2025-11-27,False
EWR,LAX,AS 289,ASA,AS 289,ASA,2025-11-27 09:00:00,Arr 1147,2025-11-27,False
SFO,EWR,AS 292,ASA,AS 292,ASA,2025-11-27 07:00:00,Arr 1457,2025-11-27,False
EWR,SEA,AS 299,ASA,AS 299,ASA,2025-11-27 07:08:00,Arr 1020,2025-11-27,False
DFW,PDX,AS 303,ASA,AS 303,ASA,2025-11-27 06:40:00,Arr 0837,2025-11-27,False
SEA,MIA,AS 305,ASA,AS 305,ASA,2025-11-27 08:45:00,Arr 1701,2025-11-27,False
SEA,BOS,AS 306,ASA,AS 306,ASA,2025-11-27 08:39:00,Arr 1643,2025-11-27,False
SEA,RDM,AS 310,ASA,AS 310,ASA,2025-11-27 16:48:00,Arr 1742,2025-11-27,False
SEA,OMA,AS 312,ASA,AS 312,ASA,2025-11-27 08:21:00,Arr 1318,2025-11-27,False
OMA,SEA,AS 312,ASA,AS 312,ASA,2025-11-27 14:37:00,Arr 1604,2025-11-27,False
GEG,SEA,AS 320,ASA,AS 320,ASA,2025-11-27 05:30:00,Arr 0620,2025-11-27,False
LAX,BOI,AS 321,ASA,AS 321,ASA,2025-11-27 12:45:00,Arr 1537,2025-11-27,False
RNO,SEA,AS 323,ASA,AS 323,ASA,2025-11-27 06:00:00,Arr 0759,2025-11-27,False
PDX,ORD,AS 324,ASA,AS 324,ASA,2025-11-27 07:07:00,Arr 1317 (+3min),2025-11-27,False
SEA,TPA,AS 326,ASA,AS 326,ASA,2025-11-27 09:25:00,Arr 1738,2025-11-27,False
SEA,ABQ,AS 327,ASA,AS 327,ASA,2025-11-27 11:53:00,Arr 1538,2025-11-27,False
SEA,ORD,AS 328,ASA,AS 328,ASA,2025-11-27 00:25:00,Arr 0617,2025-11-27,False
ORD,SEA,AS 329,ASA,AS 329,ASA,2025-11-27 12:59:00,Arr 1542,2025-11-27,False
BOI,LAX,AS 330,ASA,AS 330,ASA,2025-11-27 07:44:00,Arr 0925 (+8min),2025-11-27,False
SEA,ATL,AS 334,ASA,AS 334,ASA,2025-11-27 09:29:00,Arr 1649,2025-11-27,False
RDM,SEA,AS 338,ASA,AS 338,ASA,2025-11-27 05:52:00,Arr 1200 (+280min),2025-11-27,False
PDX,BOI,AS 343,ASA,AS 343,ASA,2025-11-27 14:50:00,Arr 1645,2025-11-27,False
BOI,SEA,AS 345,ASA,AS 345,ASA,2025-11-27 06:09:00,Arr 0756 (+55min),2025-11-27,False
BWI,SEA,AS 349,ASA,AS 349,ASA,2025-11-27 07:00:00,Arr 0950,2025-11-27,False
SEA,GEG,AS 350,ASA,AS 350,ASA,2025-11-27 08:20:00,Arr 0929,2025-11-27,False
IAD,SEA,AS 351,ASA,AS 351,ASA,2025-11-27 07:38:00,Arr 1004,2025-11-27,False
FLL,SEA,AS 355,ASA,AS 355,ASA,2025-11-27 07:00:00,Arr 1110 (+17min),2025-11-27,False
GEG,SEA,AS 357,ASA,AS 357,ASA,2025-11-27 10:29:00,Arr 1131,2025-11-27,False
SEA,GEG,AS 359,ASA,AS 359,ASA,2025-11-27 15:45:00,Arr 1707 (+14min),2025-11-27,False
GEG,SEA,AS 360,ASA,AS 360,ASA,2025-11-27 07:00:00,Arr 0813,2025-11-27,False
SEA,SMF,AS 364,ASA,AS 364,ASA,2025-11-27 12:36:00,Arr 1422,2025-11-27,False
DFW,SEA,AS 365,ASA,AS 365,ASA,2025-11-27 08:00:00,Arr 1056 (+14min),2025-11-27,False
SEA,MKE,AS 366,ASA,AS 366,ASA,2025-11-27 08:43:00,Arr 1405,2025-11-27,False
MKE,SEA,AS 366,ASA,AS 366,ASA,2025-11-27 15:29:00,Arr 1743,2025-11-27,False
SFO,MCO,AS 368,ASA,AS 368,ASA,2025-11-27 08:25:00,Arr 1616,2025-11-27,False
PHL,SEA,AS 370,ASA,AS 370,ASA,2025-11-27 07:10:00,Arr 1003,2025-11-27,False
EWR,SFO,AS 373,ASA,AS 373,ASA,2025-11-27 07:30:00,Arr 1046,2025-11-27,False
MSP,SEA,AS 375,ASA,AS 375,ASA,2025-11-27 07:00:00,Arr 0917 (+17min),2025-11-27,False
ATL,SEA,AS 377,ASA,AS 377,ASA,2025-11-27 07:00:00,Arr 0934,2025-11-27,False
SEA,BWI,AS 378,ASA,AS 378,ASA,2025-11-27 10:00:00,Arr 1740,2025-11-27,False
MCO,SFO,AS 383,ASA,AS 383,ASA,2025-11-27 08:55:00,Arr 1137,2025-11-27,False
SEA,STL,AS 388,ASA,AS 388,ASA,2025-11-27 09:27:00,Arr 1543 (+24min),2025-11-27,False
PDX,DFW,AS 392,ASA,AS 392,ASA,2025-11-27 13:16:00,Arr 1838,2025-11-27,False
MCO,SEA,AS 395,ASA,AS 395,ASA,2025-11-27 07:05:00,Arr 1044 (+4min),2025-11-27,False
SAN,MCO,AS 396,ASA,AS 396,ASA,2025-11-27 08:00:00,Arr 1537,2025-11-27,False
SAN,PDX,AS 399,ASA,AS 399,ASA,2025-11-27 07:00:00,Arr 0927,2025-11-27,False
SEA,IAD,AS 406,ASA,AS 406,ASA,2025-11-27 09:35:00,Arr 1727,2025-11-27,False
ORD,PDX,AS 413,ASA,AS 413,ASA,2025-11-27 07:00:00,Arr 0949 (+10min),2025-11-27,False
SEA,DFW,AS 414,ASA,AS 414,ASA,2025-11-27 07:28:00,Arr 1312,2025-11-27,False
DFW,SEA,AS 415,ASA,AS 415,ASA,2025-11-27 14:29:00,Arr 1638,2025-11-27,False
SEA,PHX,AS 417,ASA,AS 417,ASA,2025-11-27 11:25:00,Arr 1505,2025-11-27,False
SEA,MCI,AS 418,ASA,AS 418,ASA,2025-11-27 09:08:00,Arr 1428,2025-11-27,False
SEA,MCO,AS 420,ASA,AS 420,ASA,2025-11-27 08:37:00,Arr 1639,2025-11-27,False
SEA,DFW,AS 426,ASA,AS 426,ASA,2025-11-27 10:00:00,Arr 1548,2025-11-27,False
PSP,PDX,AS 427,ASA,AS 427,ASA,2025-11-27 10:51:00,Arr 1258,2025-11-27,False
SEA,ORD,AS 429,ASA,AS 429,ASA,2025-11-27 10:53:00,Arr 1713 (+7min),2025-11-27,False
SEA,PDX,AS 435,ASA,AS 435,ASA,2025-11-27 15:58:00,Arr 1655,2025-11-27,False
SEA,IAH,AS 438,ASA,AS 438,ASA,2025-11-27 11:35:00,Arr 1746,2025-11-27,False
SEA,PHX,AS 449,ASA,AS 449,ASA,2025-11-27 09:58:00,Arr 1340,2025-11-27,False
MSY,SEA,AS 451,ASA,AS 451,ASA,2025-11-27 07:00:00,Arr 1015,2025-11-27,False
IAH,SEA,AS 453,ASA,AS 453,ASA,2025-11-27 07:06:00,Arr 0948,2025-11-27,False
SEA,GEG,AS 454,ASA,AS 454,ASA,2025-11-27 11:15:00,Arr 1206,2025-11-27,False
BOS,SEA,AS 459,ASA,AS 459,ASA,2025-11-27 07:11:00,Arr 1021,2025-11-27,False
SEA,AUS,AS 461,ASA,AS 461,ASA,2025-11-27 00:37:00,Arr 0638,2025-11-27,False
AUS,SEA,AS 463,ASA,AS 463,ASA,2025-11-27 07:40:00,Arr 1020,2025-11-27,False
SEA,PDX,AS 466,ASA,AS 466,ASA,2025-11-27 12:30:00,Arr 1321,2025-11-27,False
SEA,BOI,AS 467,ASA,AS 467,ASA,2025-11-27 13:11:00,Arr 1544 (+10min),2025-11-27,False
STL,SEA,AS 473,ASA,AS 473,ASA,2025-11-27 07:00:00,Arr 0933,2025-11-27,False
SEA,EWR,AS 477,ASA,AS 477,ASA,2025-11-27 10:00:00,Arr 1807,2025-11-27,False
PDX,PSP,AS 488,ASA,AS 488,ASA,2025-11-27 07:29:00,Arr 0947,2025-11-27,False
BUR,SEA,AS 491,ASA,AS 491,ASA,2025-11-27 07:00:00,Arr 0920,2025-11-27,False
SEA,SAT,AS 494,ASA,AS 494,ASA,2025-11-27 11:53:00,Arr 1809 (+7min),2025-11-27,False
SEA,SBP,AS 495,ASA,AS 495,ASA,2025-11-27 08:05:00,Arr 1013,2025-11-27,False
SBP,SEA,AS 495,ASA,AS 495,ASA,2025-11-27 11:36:00,Arr 1346,2025-11-27,False
PDX,SEA,AS 499,ASA,AS 499,ASA,2025-11-27 05:20:00,Arr 0632 (+8min),2025-11-27,False
SEA,IND,AS 500,ASA,AS 500,ASA,2025-11-27 10:58:00,Arr 1809 (+1min),2025-11-27,False
SEA,AUS,AS 502,ASA,AS 502,ASA,2025-11-27 09:08:00,Arr 1451,2025-11-27,False
AUS,SEA,AS 503,ASA,AS 503,ASA,2025-11-27 13:33:00,Arr 1546,2025-11-27,False
LAX,SEA,AS 504,ASA,AS 504,ASA,2025-11-27 08:00:00,Arr 1040,2025-11-27,False
SEA,LAX,AS 505,ASA,AS 505,ASA,2025-11-27 09:00:00,Arr 1225 (+41min),2025-11-27,False
PHX,PDX,AS 511,ASA,AS 511,ASA,2025-11-27 07:20:00,Arr 0905,2025-11-27,False
SFO,AUS,AS 512,ASA,AS 512,ASA,2025-11-27 07:00:00,Arr 1213,2025-11-27,False
AUS,SFO,AS 513,ASA,AS 513,ASA,2025-11-27 06:20:00,Arr 0802,2025-11-27,False
PHX,PAE,AS 514,ASA,AS 514,ASA,2025-11-27 13:32:00,Arr 1524,2025-11-27,False
SEA,FLL,AS 516,ASA,AS 516,ASA,2025-11-27 09:24:00,Arr 1755,2025-11-27,False
SAT,SEA,AS 519,ASA,AS 519,ASA,2025-11-27 06:30:00,Arr 0834,2025-11-27,False
SEA,BNA,AS 522,ASA,AS 522,ASA,2025-11-27 11:32:00,Arr 1722,2025-11-27,False
PDX,SFO,AS 526,ASA,AS 526,ASA,2025-11-27 07:01:00,Arr 0844,2025-11-27,False
SEA,BUR,AS 529,ASA,AS 529,ASA,2025-11-27 10:52:00,Arr 1327,2025-11-27,False
SEA,DEN,AS 535,ASA,AS 535,ASA,2025-11-27 11:05:00,Arr 1419,2025-11-27,False
PDX,AUS,AS 540,ASA,AS 540,ASA,2025-11-27 11:22:00,Arr 1658,2025-11-27,False
AUS,PDX,AS 541,ASA,AS 541,ASA,2025-11-27 07:17:00,Arr 0926,2025-11-27,False
SEA,DFW,AS 542,ASA,AS 542,ASA,2025-11-27 01:07:00,Arr 0657,2025-11-27,False
DFW,SEA,AS 543,ASA,AS 543,ASA,2025-11-27 09:20:00,Arr 1214 (+16min),2025-11-27,False
ONT,PDX,AS 544,ASA,AS 544,ASA,2025-11-27 07:00:00,Arr 0901,2025-11-27,False
SNA,SEA,AS 548,ASA,AS 548,ASA,2025-11-27 12:48:00,Arr 1511,2025-11-27,False
SEA,LAS,AS 551,ASA,AS 551,ASA,2025-11-27 15:12:00,Arr 1724,2025-11-27,False
SEA,MSP,AS 555,ASA,AS 555,ASA,2025-11-27 08:31:00,Arr 1336,2025-11-27,False
BUR,PDX,AS 562,ASA,AS 562,ASA,2025-11-27 07:05:00,Arr 0933,2025-11-27,False
MCI,SEA,AS 563,ASA,AS 563,ASA,2025-11-27 06:00:00,Arr 0806,2025-11-27,False
SIT,JNU,AS 567,ASA,AS 567,ASA,2025-11-27 12:54:00,Arr 1312,2025-11-27,False
KTN,SIT,AS 567,ASA,AS 567,ASA,2025-11-27 11:08:00,Arr 1136,2025-11-27,False
SEA,KTN,AS 567,ASA,AS 567,ASA,2025-11-27 09:10:00,Arr 1003,2025-11-27,False
JNU,ANC,AS 567,ASA,AS 567,ASA,2025-11-27 14:24:00,Arr 1549,2025-11-27,False
SEA,MSY,AS 568,ASA,AS 568,ASA,2025-11-27 09:54:00,Arr 1723 (+57min),2025-11-27,False
SFO,SAN,AS 571,ASA,AS 571,ASA,2025-11-27 07:00:00,Arr 0843 (+4min),2025-11-27,False
SAN,PDX,AS 576,ASA,AS 576,ASA,2025-11-27 10:54:00,Arr 1309,2025-11-27,False
PDX,SAN,AS 577,ASA,AS 577,ASA,2025-11-27 07:01:00,Arr 0932,2025-11-27,False
SFO,SEA,AS 580,ASA,AS 580,ASA,2025-11-27 12:52:00,Arr 1449,2025-11-27,False
PDX,LAX,AS 581,ASA,AS 581,ASA,2025-11-27 07:18:00,Arr 0942,2025-11-27,False
LAX,SEA,AS 585,ASA,AS 585,ASA,2025-11-27 13:52:00,Arr 1619,2025-11-27,False
ORD,SEA,AS 587,ASA,AS 587,ASA,2025-11-27 08:00:00,Arr 1112 (+25min),2025-11-27,False
PDX,SNA,AS 588,ASA,AS 588,ASA,2025-11-27 10:48:00,Arr 1258,2025-11-27,False
ANC,PDX,AS 593,ASA,AS 593,ASA,2025-11-27 01:25:00,Arr 0547,2025-11-27,False
LAS,PDX,AS 596,ASA,AS 596,ASA,2025-11-27 07:24:00,Arr 0949,2025-11-27,False
PHX,SEA,AS 603,ASA,AS 603,ASA,2025-11-27 13:02:00,Arr 1457,2025-11-27,False
SEA,PHX,AS 606,ASA,AS 606,ASA,2025-11-27 08:40:00,Arr 1214,2025-11-27,False
ONT,SEA,AS 607,ASA,AS 607,ASA,2025-11-27 06:00:00,Arr 0833,2025-11-27,False
LAS,SFO,AS 613,ASA,AS 613,ASA,2025-11-27 06:40:00,Arr 0810,2025-11-27,False
ABQ,SEA,AS 618,ASA,AS 618,ASA,2025-11-27 06:00:00,Arr 0821,2025-11-27,False
SEA,SMF,AS 619,ASA,AS 619,ASA,2025-11-27 15:50:00,Arr 1759 (+14min),2025-11-27,False
SEA,SAN,AS 621,ASA,AS 621,ASA,2025-11-27 11:51:00,Arr 1424,2025-11-27,False
SAN,SEA,AS 622,ASA,AS 622,ASA,2025-11-27 14:18:00,Arr 1700,2025-11-27,False
IND,SEA,AS 625,ASA,AS 625,ASA,2025-11-27 07:09:00,Arr 0904,2025-11-27,False
PDX,LAS,AS 627,ASA,AS 627,ASA,2025-11-27 07:12:00,Arr 0927,2025-11-27,False
LAS,SEA,AS 629,ASA,AS 629,ASA,2025-11-27 10:21:00,Arr 1320 (+3min),2025-11-27,False
SMF,SAN,AS 633,ASA,AS 633,ASA,2025-11-27 07:00:00,Arr 0821,2025-11-27,False
SAN,SMF,AS 635,ASA,AS 635,ASA,2025-11-27 17:06:00,Arr 1835,2025-11-27,False
PHX,SEA,AS 637,ASA,AS 637,ASA,2025-11-27 11:38:00,Arr 1341,2025-11-27,False
TPA,SEA,AS 640,ASA,AS 640,ASA,2025-11-27 07:00:00,Arr 1038 (+11min),2025-11-27,False
DEN,SEA,AS 643,ASA,AS 643,ASA,2025-11-27 06:14:00,Arr 1041 (+135min),2025-11-27,False
PHX,SEA,AS 645,ASA,AS 645,ASA,2025-11-27 07:00:00,Arr 0857,2025-11-27,False
SEA,TUS,AS 648,ASA,AS 648,ASA,2025-11-27 12:10:00,Arr 1603,2025-11-27,False
SEA,SAN,AS 650,ASA,AS 650,ASA,2025-11-27 09:28:00,Arr 1200,2025-11-27,False
ONT,SEA,AS 654,ASA,AS 654,ASA,2025-11-27 10:49:00,Arr 1319,2025-11-27,False
SEA,SFO,AS 655,ASA,AS 655,ASA,2025-11-27 11:41:00,Arr 1343,2025-11-27,False
SFO,SEA,AS 656,ASA,AS 656,ASA,2025-11-27 09:50:00,Arr 1148,2025-11-27,False
SEA,SJC,AS 657,ASA,AS 657,ASA,2025-11-27 11:27:00,Arr 1328,2025-11-27,False
SEA,LAS,AS 658,ASA,AS 658,ASA,2025-11-27 12:41:00,Arr 1458,2025-11-27,False
PDX,PHX,AS 663,ASA,AS 663,ASA,2025-11-27 10:59:00,Arr 1420,2025-11-27,False
SEA,ONT,AS 664,ASA,AS 664,ASA,2025-11-27 13:22:00,Arr 1615 (+21min),2025-11-27,False
LAX,PDX,AS 668,ASA,AS 668,ASA,2025-11-27 07:03:00,Arr 0915,2025-11-27,False
LAS,SEA,AS 676,ASA,AS 676,ASA,2025-11-27 13:46:00,Arr 1616,2025-11-27,False
SEA,SFO,AS 680,ASA,AS 680,ASA,2025-11-27 13:35:00,Arr 1528,2025-11-27,False
DEN,PDX,AS 684,ASA,AS 684,ASA,2025-11-27 11:34:00,Arr 1322,2025-11-27,False
PDX,DEN,AS 684,ASA,AS 684,ASA,2025-11-27 07:06:00,Arr 1035,2025-11-27,False
SAN,SEA,AS 685,ASA,AS 685,ASA,2025-11-27 11:42:00,Arr 1419,2025-11-27,False
PSP,SEA,AS 691,ASA,AS 691,ASA,2025-11-27 14:23:00,Arr 1652,2025-11-27,False
SEA,PSP,AS 692,ASA,AS 692,ASA,2025-11-27 10:34:00,Arr 1332 (+9min),2025-11-27,False
PDX,LAX,AS 695,ASA,AS 695,ASA,2025-11-27 10:50:00,Arr 1336 (+23min),2025-11-27,False
SEA,LAX,AS 696,ASA,AS 696,ASA,2025-11-27 11:27:00,Arr 1459 (+47min),2025-11-27,False
SEA,SAN,AS 697,ASA,AS 697,ASA,2025-11-27 16:30:00,Arr 1909,2025-11-27,False
SEA,SNA,AS 699,ASA,AS 699,ASA,2025-11-27 07:15:00,Arr 1021 (+16min),2025-11-27,False
SEA,PHX,AS 700,ASA,AS 700,ASA,2025-11-27 13:59:00,Arr 1731,2025-11-27,False
SNA,SEA,AS 702,ASA,AS 702,ASA,2025-11-27 08:00:00,Arr 1038,2025-11-27,False
OAK,SEA,AS 705,ASA,AS 705,ASA,2025-11-27 12:20:00,Arr 1407,2025-11-27,False
MCO,SAN,AS 708,ASA,AS 708,ASA,2025-11-27 07:40:00,Arr 0949,2025-11-27,False
SAN,SEA,AS 709,ASA,AS 709,ASA,2025-11-27 07:15:00,Arr 1006,2025-11-27,False
GEG,PDX,AS 710,ASA,AS 710,ASA,2025-11-27 05:00:00,Arr 0617,2025-11-27,False
SNA,PDX,AS 712,ASA,AS 712,ASA,2025-11-27 14:02:00,Arr 1602,2025-11-27,False
PDX,LAX,AS 713,ASA,AS 713,ASA,2025-11-27 14:50:00,Arr 1706,2025-11-27,False
SEA,OAK,AS 715,ASA,AS 715,ASA,2025-11-27 15:35:00,Arr 1736,2025-11-27,False
SEA,LAS,AS 717,ASA,AS 717,ASA,2025-11-27 08:22:00,Arr 1044,2025-11-27,False
SFO,LAS,AS 718,ASA,AS 718,ASA,2025-11-27 09:00:00,Arr 1022,2025-11-27,False
LAS,SFO,AS 718,ASA,AS 718,ASA,2025-11-27 11:40:00,Arr 1303,2025-11-27,False
PAE,PHX,AS 732,ASA,AS 732,ASA,2025-11-27 07:00:00,Arr 1040,2025-11-27,False
SEA,SLC,AS 733,ASA,AS 733,ASA,2025-11-27 11:37:00,Arr 1425,2025-11-27,False
SLC,SEA,AS 734,ASA,AS 734,ASA,2025-11-27 15:43:00,Arr 1635,2025-11-27,False
SEA,LAS,AS 738,ASA,AS 738,ASA,2025-11-27 10:43:00,Arr 1311,2025-11-27,False
PDX,OGG,AS 739,ASA,AS 739,ASA,2025-11-27 07:05:00,Arr 1105,2025-11-27,False
SEA,RNO,AS 740,ASA,AS 740,ASA,2025-11-27 15:45:00,Arr 1711,2025-11-27,False
LAS,SEA,AS 741,ASA,AS 741,ASA,2025-11-27 12:31:00,Arr 1450,2025-11-27,False
SNA,PDX,AS 750,ASA,AS 750,ASA,2025-11-27 07:00:00,Arr 0924,2025-11-27,False
LAS,PDX,AS 756,ASA,AS 756,ASA,2025-11-27 14:14:00,Arr 1618,2025-11-27,False
PDX,LAS,AS 757,ASA,AS 757,ASA,2025-11-27 10:40:00,Arr 1241,2025-11-27,False
SEA,SNA,AS 759,ASA,AS 759,ASA,2025-11-27 09:14:00,Arr 1147,2025-11-27,False
SNA,SEA,AS 760,ASA,AS 760,ASA,2025-11-27 14:56:00,Arr 1717,2025-11-27,False
SJC,SEA,AS 762,ASA,AS 762,ASA,2025-11-27 06:15:00,Arr 0822,2025-11-27,False
SEA,SAN,AS 765,ASA,AS 765,ASA,2025-11-27 13:44:00,Arr 1621,2025-11-27,False
TUS,SEA,AS 767,ASA,AS 767,ASA,2025-11-27 06:00:00,Arr 0804,2025-11-27,False
PDX,LIH,AS 769,ASA,AS 769,ASA,2025-11-27 08:03:00,Arr 1204,2025-11-27,False
LIH,PDX,AS 770,ASA,AS 770,ASA,2025-11-27 13:20:00,Arr 2041,2025-11-27,False
SEA,SNA,AS 773,ASA,AS 773,ASA,2025-11-27 13:35:00,Arr 1552,2025-11-27,False
PDX,ANC,AS 775,ASA,AS 775,ASA,2025-11-27 10:36:00,Arr 1310,2025-11-27,False
PDX,LAS,AS 778,ASA,AS 778,ASA,2025-11-27 14:35:00,Arr 1712 (+24min),2025-11-27,False
BOI,PDX,AS 782,ASA,AS 782,ASA,2025-11-27 09:00:00,Arr 0916,2025-11-27,False
LAS,SEA,AS 785,ASA,AS 785,ASA,2025-11-27 11:54:00,Arr 1417,2025-11-27,False
SEA,DEN,AS 786,ASA,AS 786,ASA,2025-11-27 14:42:00,Arr 1805,2025-11-27,False
DEN,SEA,AS 787,ASA,AS 787,ASA,2025-11-27 08:00:00,Arr 1029 (+15min),2025-11-27,False
KOA,SFO,AS 788,ASA,AS 788,ASA,2025-11-27 15:35:00,Arr 2306 (+13min),2025-11-27,False
SFO,KOA,AS 789,ASA,AS 789,ASA,2025-11-27 08:27:00,Arr 1129,2025-11-27,False
MIA,SEA,AS 793,ASA,AS 793,ASA,2025-11-27 07:17:00,Arr 1119 (+4min),2025-11-27,False
SLC,SEA,AS 796,ASA,AS 796,ASA,2025-11-27 11:12:00,Arr 1203,2025-11-27,False
SEA,LAX,AS 797,ASA,AS 797,ASA,2025-11-27 07:10:00,Arr 0943,2025-11-27,False
LAX,SEA,AS 798,ASA,AS 798,ASA,2025-11-27 09:43:00,Arr 1216,2025-11-27,False
PHX,SEA,AS 799,ASA,AS 799,ASA,2025-11-27 08:00:00,Arr 0948,2025-11-27,False
SFO,PDX,AS 1302,ASA,AS 1302,ASA,2025-11-27 15:00:00,Arr 1634,2025-11-27,False
LAX,SEA,AS 1305,ASA,AS 1305,ASA,2025-11-27 11:53:00,Arr 1424,2025-11-27,False
SEA,LAX,AS 1306,ASA,AS 1306,ASA,2025-11-27 08:00:00,Arr 1037,2025-11-27,False
SJC,SEA,AS 1311,ASA,AS 1311,ASA,2025-11-27 10:21:00,Arr 1230,2025-11-27,False
PDX,SAN,AS 1312,ASA,AS 1312,ASA,2025-11-27 14:41:00,Arr 1735 (+25min),2025-11-27,False
LAX,PDX,AS 1315,ASA,AS 1315,ASA,2025-11-27 14:13:00,Arr 1644,2025-11-27,False
SEA,LAX,AS 1316,ASA,AS 1316,ASA,2025-11-27 06:00:00,Arr 0842,2025-11-27,False
LAX,SFO,AS 1318,ASA,AS 1318,ASA,2025-11-27 15:30:00,Arr 1703 (+8min),2025-11-27,False
SMF,SEA,AS 1320,ASA,AS 1320,ASA,2025-11-27 06:00:00,Arr 0748,2025-11-27,False
SEA,STS,AS 1321,ASA,AS 1321,ASA,2025-11-27 11:39:00,Arr 1341,2025-11-27,False
STS,SEA,AS 1322,ASA,AS 1322,ASA,2025-11-27 14:41:00,Arr 1622,2025-11-27,False
SNA,SEA,AS 1325,ASA,AS 1325,ASA,2025-11-27 06:45:00,Arr 0930,2025-11-27,False
SFO,LAX,AS 1329,ASA,AS 1329,ASA,2025-11-27 07:45:00,Arr 0910,2025-11-27,False
SFO,SEA,AS 1340,ASA,AS 1340,ASA,2025-11-27 14:30:00,Arr 1642,2025-11-27,False
SEA,SJC,AS 1341,ASA,AS 1341,ASA,2025-11-27 07:05:00,Arr 0905,2025-11-27,False
SAN,BOI,AS 1342,ASA,AS 1342,ASA,2025-11-27 10:32:00,Arr 1338,2025-11-27,False
PHX,PDX,AS 1348,ASA,AS 1348,ASA,2025-11-27 11:53:00,Arr 1332,2025-11-27,False
PDX,PHX,AS 1349,ASA,AS 1349,ASA,2025-11-27 07:00:00,Arr 1028,2025-11-27,False
PDX,ONT,AS 1350,ASA,AS 1350,ASA,2025-11-27 07:30:00,Arr 0939,2025-11-27,False
LAX,PDX,AS 1355,ASA,AS 1355,ASA,2025-11-27 11:03:00,Arr 1310,2025-11-27,False
SEA,SNA,AS 1357,ASA,AS 1357,ASA,2025-11-27 11:21:00,Arr 1403,2025-11-27,False
SFO,LAS,AS 1361,ASA,AS 1361,ASA,2025-11-27 14:00:00,Arr 1525,2025-11-27,False
PDX,GEG,AS 1363,ASA,AS 1363,ASA,2025-11-27 14:50:00,Arr 1543,2025-11-27,False
SEA,ONT,AS 1364,ASA,AS 1364,ASA,2025-11-27 07:15:00,Arr 0949,2025-11-27,False
SMF,SEA,AS 1365,ASA,AS 1365,ASA,2025-11-27 08:00:00,Arr 0949,2025-11-27,False
SEA,SAN,AS 1367,ASA,AS 1367,ASA,2025-11-27 07:05:00,Arr 0958,2025-11-27,False
SAN,SEA,AS 1368,ASA,AS 1368,ASA,2025-11-27 09:36:00,Arr 1233,2025-11-27,False
SAN,SEA,AS 1373,ASA,AS 1373,ASA,2025-11-27 06:15:00,Arr 0857,2025-11-27,False
SNA,SEA,AS 1378,ASA,AS 1378,ASA,2025-11-27 10:17:00,Arr 1242,2025-11-27,False
SEA,SFO,AS 1385,ASA,AS 1385,ASA,2025-11-27 15:32:00,Arr 1727,2025-11-27,False
PDX,BUR,AS 1386,ASA,AS 1386,ASA,2025-11-27 15:23:00,Arr 1723,2025-11-27,False
BUR,SEA,AS 1388,ASA,AS 1388,ASA,2025-11-27 11:59:00,Arr 1418,2025-11-27,False
SEA,BUR,AS 1388,ASA,AS 1388,ASA,2025-11-27 08:30:00,Arr 1058,2025-11-27,False
PDX,SAN,AS 1394,ASA,AS 1394,ASA,2025-11-27 10:30:00,Arr 1246,2025-11-27,False
SAN,PDX,AS 1402,ASA,AS 1402,ASA,2025-11-27 13:54:00,Arr 1610,2025-11-27,False
PDX,SNA,AS 1404,ASA,AS 1404,ASA,2025-11-27 07:00:00,Arr 0920,2025-11-27,False
SNA,PDX,AS 1405,ASA,AS 1405,ASA,2025-11-27 10:53:00,Arr 1320,2025-11-27,False
SEA,SJC,AS 1406,ASA,AS 1406,ASA,2025-11-27 10:05:00,Arr 1226,2025-11-27,False
SJC,SEA,AS 1407,ASA,AS 1407,ASA,2025-11-27 13:21:00,Arr 1517,2025-11-27,False
SFO,PDX,AS 1410,ASA,AS 1410,ASA,2025-11-27 07:45:00,Arr 0912,2025-11-27,False
SJC,LIH,AS 1412,ASA,AS 1412,ASA,2025-11-27 07:00:00,Arr 1024,2025-11-27,False
PDX,TUS,AS 1413,ASA,AS 1413,ASA,2025-11-27 07:06:00,Arr 1046,2025-11-27,False
TUS,PDX,AS 1443,ASA,AS 1443,ASA,2025-11-27 11:47:00,Arr 1339,2025-11-27,False
LAS,PAE,AS 1457,ASA,AS 1457,ASA,2025-11-27 13:00:00,Arr 1531,2025-11-27,False
LAS,PDX,AS 1467,ASA,AS 1467,ASA,2025-11-27 09:55:00,Arr 1201,2025-11-27,False
ORD,SAN,AS 1470,ASA,AS 1470,ASA,2025-11-27 08:20:00,Arr 1120 (+34min),2025-11-27,False
SEA,BOI,AS 1486,ASA,AS 1486,ASA,2025-11-27 08:11:00,Arr 1027,2025-11-27,False
MSO,SEA,AS 1487,ASA,AS 1487,ASA,2025-11-27 06:02:00,Arr 0629,2025-11-27,False
OGG,PDX,AS 1490,ASA,AS 1490,ASA,2025-11-27 13:31:00,Arr 2046,2025-11-27,False
SEA,MSO,AS 1492,ASA,AS 1492,ASA,2025-11-27 13:10:00,Arr 1519,2025-11-27,False
BOI,SEA,AS 1497,ASA,AS 1497,ASA,2025-11-27 11:39:00,Arr 1159,2025-11-27,False
BOI,GEG,AS 2008,ASA,QX 2008,QXE,2025-11-27 07:06:00,Arr 0706,2025-11-27,False
BOI,LAS,AS 2010,ASA,QX 2010,QXE,2025-11-27 09:08:00,Arr 0944,2025-11-27,False
GEG,BOI,AS 2015,ASA,QX 2015,QXE,2025-11-27 06:15:00,Arr 0810,2025-11-27,False
LAS,LAX,AS 2017,ASA,QX 2017,QXE,2025-11-27 06:00:00,Arr 0711,2025-11-27,False
PDX,BZN,AS 2022,ASA,QX 2022,QXE,2025-11-27 10:30:00,Arr 1300,2025-11-27,False
SEA,EUG,AS 2024,ASA,QX 2024,QXE,2025-11-27 16:15:00,Arr 1706,2025-11-27,False
PDX,MFR,AS 2025,ASA,QX 2025,QXE,2025-11-27 10:50:00,Arr 1151 (+2min),2025-11-27,False
SEA,RDM,AS 2027,ASA,QX 2027,QXE,2025-11-27 12:36:00,Arr 1330,2025-11-27,False
SEA,PDX,AS 2028,ASA,QX 2028,QXE,2025-11-27 10:05:00,Arr 1047,2025-11-27,False
LAS,BOI,AS 2030,ASA,QX 2030,QXE,2025-11-27 10:43:00,Arr 1324,2025-11-27,False
PDX,SBA,AS 2034,ASA,QX 2034,QXE,2025-11-27 14:30:00,Arr 1635,2025-11-27,False
RNO,SAN,AS 2037,ASA,QX 2037,QXE,2025-11-27 06:48:00,Arr 0833 (+3min),2025-11-27,False
ANC,FAI,AS 2041,ASA,QX 2041,QXE,2025-11-27 15:10:00,Arr 1607,2025-11-27,False
MSO,PDX,AS 2042,ASA,QX 2042,QXE,2025-11-27 13:31:00,Arr 1344,2025-11-27,False
RDM,PDX,AS 2043,ASA,QX 2043,QXE,2025-11-27 05:20:00,Arr 0621 (+1min),2025-11-27,False
PDX,RDM,AS 2049,ASA,QX 2049,QXE,2025-11-27 14:30:00,Arr 1518 (+2min),2025-11-27,False
SEA,ALW,AS 2050,ASA,QX 2050,QXE,2025-11-27 12:30:00,Arr 1321,2025-11-27,False
SBP,PDX,AS 2056,ASA,QX 2056,QXE,2025-11-27 17:20:00,Arr 1921,2025-11-27,False
PDX,SBP,AS 2056,ASA,QX 2056,QXE,2025-11-27 14:31:00,Arr 1625,2025-11-27,False
SFO,SAN,AS 2058,ASA,QX 2058,QXE,2025-11-27 13:14:00,Arr 1450,2025-11-27,False
SEA,FCA,AS 2060,ASA,QX 2060,QXE,2025-11-27 17:00:00,Cancelled,2025-11-27,False
SFO,LAX,AS 2061,ASA,QX 2061,QXE,2025-11-27 11:08:00,Arr 1238,2025-11-27,False
SEA,SBA,AS 2062,ASA,QX 2062,QXE,2025-11-27 08:00:00,Arr 1030,2025-11-27,False
SBA,SEA,AS 2062,ASA,QX 2062,QXE,2025-11-27 11:11:00,Arr 1343,2025-11-27,False
LAS,PAE,AS 2063,ASA,QX 2063,QXE,2025-11-27 08:00:00,Arr 1025,2025-11-27,False
PUW,SEA,AS 2067,ASA,QX 2067,QXE,2025-11-27 05:06:00,Arr 0555,2025-11-27,False
SNA,BOI,AS 2071,ASA,QX 2071,QXE,2025-11-27 11:14:00,Arr 1401,2025-11-27,False
LAX,SFO,AS 2072,ASA,QX 2072,QXE,2025-11-27 11:41:00,Arr 1315 (+8min),2025-11-27,False
RDM,LAX,AS 2075,ASA,QX 2075,QXE,2025-11-27 07:15:00,Arr 0924,2025-11-27,False
SEA,BOI,AS 2076,ASA,QX 2076,QXE,2025-11-27 09:04:00,Arr 1113,2025-11-27,False
PAE,SFO,AS 2078,ASA,QX 2078,QXE,2025-11-27 11:32:00,Arr 1342,2025-11-27,False
SFO,LAX,AS 2079,ASA,QX 2079,QXE,2025-11-27 13:48:00,Arr 1510,2025-11-27,False
ANC,PDX,AS 2080,ASA,QX 2080,QXE,2025-11-27 05:00:00,Arr 0944 (+1min),2025-11-27,False
MFR,PDX,AS 2081,ASA,QX 2081,QXE,2025-11-27 12:26:00,Arr 1330 (+1min),2025-11-27,False
LAX,SFO,AS 2082,ASA,QX 2082,QXE,2025-11-27 09:00:00,Arr 1013,2025-11-27,False
SAN,RDM,AS 2086,ASA,QX 2086,QXE,2025-11-27 17:10:00,Arr 1923,2025-11-27,False
PDX,RNO,AS 2087,ASA,QX 2087,QXE,2025-11-27 07:16:00,Arr 0851 (+9min),2025-11-27,False
PDX,BOI,AS 2089,ASA,QX 2089,QXE,2025-11-27 10:35:00,Arr 1232,2025-11-27,False
LAX,STS,AS 2091,ASA,QX 2091,QXE,2025-11-27 11:00:00,Arr 1243 (+5min),2025-11-27,False
OAK,PDX,AS 2094,ASA,QX 2094,QXE,2025-11-27 09:30:00,Arr 1100,2025-11-27,False
SMF,PDX,AS 2095,ASA,QX 2095,QXE,2025-11-27 08:15:00,Arr 0940,2025-11-27,False
BOI,SEA,AS 2097,ASA,QX 2097,QXE,2025-11-27 15:08:00,Arr 1551 (+6min),2025-11-27,False
MFR,PDX,AS 2098,ASA,QX 2098,QXE,2025-11-27 05:14:00,Arr 0615,2025-11-27,False
BOI,PHX,AS 2099,ASA,QX 2099,QXE,2025-11-27 11:48:00,Arr 1347,2025-11-27,False
PHX,BOI,AS 2099,ASA,QX 2099,QXE,2025-11-27 14:35:00,Arr 1632,2025-11-27,False
PSC,SEA,AS 2101,ASA,QX 2101,QXE,2025-11-27 07:00:00,Arr 0753,2025-11-27,False
PDX,RNO,AS 2102,ASA,QX 2102,QXE,2025-11-27 14:34:00,Arr 1554,2025-11-27,False
BOI,SEA,AS 2108,ASA,QX 2108,QXE,2025-11-27 12:46:00,Arr 1339 (+16min),2025-11-27,False
SEA,BOI,AS 2109,ASA,QX 2109,QXE,2025-11-27 16:46:00,Arr 1851,2025-11-27,False
PDX,SJC,AS 2110,ASA,QX 2110,QXE,2025-11-27 10:45:00,Arr 1222,2025-11-27,False
BZN,PDX,AS 2121,ASA,QX 2121,QXE,2025-11-27 13:43:00,Arr 1436,2025-11-27,False
SNA,PAE,AS 2122,ASA,QX 2122,QXE,2025-11-27 14:01:00,Arr 1640,2025-11-27,False
PDX,MFR,AS 2125,ASA,QX 2125,QXE,2025-11-27 14:12:00,Arr 1513 (+1min),2025-11-27,False
RDM,PDX,AS 2126,ASA,QX 2126,QXE,2025-11-27 12:51:00,Arr 1336,2025-11-27,False
PDX,RDM,AS 2126,ASA,QX 2126,QXE,2025-11-27 11:25:00,Arr 1205,2025-11-27,False
RNO,LAX,AS 2129,ASA,QX 2129,QXE,2025-11-27 09:22:00,Arr 1124 (+25min),2025-11-27,False
GEG,SEA,AS 2135,ASA,QX 2135,QXE,2025-11-27 14:47:00,Arr 1549,2025-11-27,False
BZN,SEA,AS 2141,ASA,QX 2141,QXE,2025-11-27 11:51:00,Arr 1219,2025-11-27,False
SEA,BZN,AS 2141,ASA,QX 2141,QXE,2025-11-27 08:30:00,Arr 1051,2025-11-27,False
SEA,PSC,AS 2142,ASA,QX 2142,QXE,2025-11-27 08:00:00,Arr 0846,2025-11-27,False
PSC,SEA,AS 2142,ASA,QX 2142,QXE,2025-11-27 09:48:00,Arr 1045,2025-11-27,False
SEA,GEG,AS 2144,ASA,QX 2144,QXE,2025-11-27 12:53:00,Arr 1339,2025-11-27,False
FAI,ANC,AS 2145,ASA,QX 2145,QXE,2025-11-27 13:04:00,Arr 1402,2025-11-27,False
PDX,MSO,AS 2146,ASA,QX 2146,QXE,2025-11-27 10:30:00,Arr 1231,2025-11-27,False
SEA,PUW,AS 2152,ASA,QX 2152,QXE,2025-11-27 12:38:00,Arr 1357 (+9min),2025-11-27,False
BOI,SMF,AS 2156,ASA,QX 2156,QXE,2025-11-27 07:00:00,Arr 0726,2025-11-27,False
SMF,BOI,AS 2157,ASA,QX 2157,QXE,2025-11-27 09:37:00,Arr 1229 (+23min),2025-11-27,False
LAX,RDM,AS 2158,ASA,QX 2158,QXE,2025-11-27 10:39:00,Arr 1233,2025-11-27,False
GEG,LAX,AS 2163,ASA,QX 2163,QXE,2025-11-27 07:04:00,Arr 0942,2025-11-27,False
ANC,FAI,AS 2167,ASA,QX 2167,QXE,2025-11-27 11:20:00,Arr 1218,2025-11-27,False
LAX,MFR,AS 2168,ASA,QX 2168,QXE,2025-11-27 13:30:00,Arr 1522,2025-11-27,False
SEA,FAT,AS 2173,ASA,QX 2173,QXE,2025-11-27 09:05:00,Arr 1103,2025-11-27,False
LAX,SJC,AS 2174,ASA,QX 2174,QXE,2025-11-27 17:05:00,Arr 1801,2025-11-27,False
SBA,PDX,AS 2178,ASA,QX 2178,QXE,2025-11-27 07:15:00,Arr 0907,2025-11-27,False
RNO,PDX,AS 2180,ASA,QX 2180,QXE,2025-11-27 08:00:00,Arr 0927,2025-11-27,False
FAT,SEA,AS 2181,ASA,QX 2181,QXE,2025-11-27 09:29:00,Arr 1140,2025-11-27,False
LAX,PAE,AS 2185,ASA,QX 2185,QXE,2025-11-27 09:18:00,Arr 1152,2025-11-27,False
MFR,LAX,AS 2187,ASA,QX 2187,QXE,2025-11-27 06:05:00,Arr 0812,2025-11-27,False
PDX,SEA,AS 2188,ASA,QX 2188,QXE,2025-11-27 14:35:00,Arr 1519,2025-11-27,False
SEA,EAT,AS 2189,ASA,QX 2189,QXE,2025-11-27 15:35:00,Arr 1613,2025-11-27,False
SEA,PDX,AS 2193,ASA,QX 2193,QXE,2025-11-27 08:56:00,Arr 0943,2025-11-27,False
LAX,GEG,AS 2194,ASA,QX 2194,QXE,2025-11-27 15:45:00,Arr 1805,2025-11-27,False
SEA,RNO,AS 2198,ASA,QX 2198,QXE,2025-11-27 07:27:00,Arr 0907,2025-11-27,False
ALW,SEA,AS 2201,ASA,QX 2201,QXE,2025-11-27 05:00:00,Cancelled,2025-11-27,False
SEA,OAK,AS 2204,ASA,QX 2204,QXE,2025-11-27 07:30:00,Arr 0935,2025-11-27,False
SEA,BIL,AS 2207,ASA,QX 2207,QXE,2025-11-27 15:40:00,Arr 1820,2025-11-27,False
BOI,PDX,AS 2209,ASA,QX 2209,QXE,2025-11-27 13:26:00,Arr 1341,2025-11-27,False
SFO,PAE,AS 2218,ASA,QX 2218,QXE,2025-11-27 14:22:00,Arr 1615,2025-11-27,False
MSO,SEA,AS 2219,ASA,QX 2219,QXE,2025-11-27 12:05:00,Arr 1237,2025-11-27,False
SEA,MSO,AS 2219,ASA,QX 2219,QXE,2025-11-27 09:01:00,Arr 1106,2025-11-27,False
PDX,OAK,AS 2221,ASA,QX 2221,QXE,2025-11-27 07:05:00,Arr 0848,2025-11-27,False
SFO,PSP,AS 2242,ASA,QX 2242,QXE,2025-11-27 13:22:00,Arr 1445,2025-11-27,False
PSP,SFO,AS 2243,ASA,QX 2243,QXE,2025-11-27 15:40:00,Arr 1653,2025-11-27,False
OAK,SEA,AS 2251,ASA,QX 2251,QXE,2025-11-27 10:20:00,Arr 1211,2025-11-27,False
SEA,BZN,AS 2252,ASA,QX 2252,QXE,2025-11-27 16:03:00,Arr 1828,2025-11-27,False
BZN,SEA,AS 2253,ASA,QX 2253,QXE,2025-11-27 06:09:00,Arr 0703,2025-11-27,False
SJC,PDX,AS 2263,ASA,QX 2263,QXE,2025-11-27 07:05:00,Arr 0835,2025-11-27,False
PAE,SNA,AS 2270,ASA,QX 2270,QXE,2025-11-27 07:44:00,Arr 1028,2025-11-27,False
EAT,SEA,AS 2275,ASA,QX 2275,QXE,2025-11-27 14:17:00,Arr 1451,2025-11-27,False
RDM,SEA,AS 2277,ASA,QX 2277,QXE,2025-11-27 07:00:00,Arr 0804,2025-11-27,False
PAE,LAX,AS 2278,ASA,QX 2278,QXE,2025-11-27 06:00:00,Arr 0842,2025-11-27,False
EUG,SEA,AS 2280,ASA,QX 2280,QXE,2025-11-27 10:20:00,Arr 1114,2025-11-27,False
SEA,MFR,AS 2289,ASA,QX 2289,QXE,2025-11-27 09:54:00,Arr 1104,2025-11-27,False
SEA,PSC,AS 2302,ASA,QX 2302,QXE,2025-11-27 16:14:00,Arr 1704,2025-11-27,False
SAN,RNO,AS 2303,ASA,QX 2303,QXE,2025-11-27 15:32:00,Arr 1724 (+5min),2025-11-27,False
SMF,SAN,AS 2311,ASA,QX 2311,QXE,2025-11-27 14:55:00,Arr 1616,2025-11-27,False
PSP,PAE,AS 2314,ASA,QX 2314,QXE,2025-11-27 12:32:00,Arr 1507,2025-11-27,False
PAE,PSP,AS 2315,ASA,QX 2315,QXE,2025-11-27 09:04:00,Arr 1143,2025-11-27,False
RNO,SEA,AS 2319,ASA,QX 2319,QXE,2025-11-27 09:53:00,Arr 1136,2025-11-27,False
FCA,SEA,AS 2331,ASA,QX 2331,QXE,2025-11-27 06:00:00,Arr 0638,2025-11-27,False
SAN,PHX,AS 2338,ASA,QX 2338,QXE,2025-11-27 07:10:00,Arr 0933,2025-11-27,False
BOI,SEA,AS 2347,ASA,QX 2347,QXE,2025-11-27 09:59:00,Arr 1120 (+44min),2025-11-27,False
SEA,GEG,AS 2358,ASA,QX 2358,QXE,2025-11-27 07:15:00,Arr 0805,2025-11-27,False
GEG,SEA,AS 2359,ASA,QX 2359,QXE,2025-11-27 08:02:00,Arr 0902,2025-11-27,False
BOI,SNA,AS 2370,ASA,QX 2370,QXE,2025-11-27 12:07:00,Arr 1316,2025-11-27,False
PDX,ANC,AS 2371,ASA,QX 2371,QXE,2025-11-27 07:15:00,Arr 0954,2025-11-27,False
RNO,PDX,AS 2395,ASA,QX 2395,QXE,2025-11-27 11:54:00,Arr 1316,2025-11-27,False
PDX,SMF,AS 2399,ASA,QX 2399,QXE,2025-11-27 07:27:00,Arr 0856,2025-11-27,False
FAI,ANC,AS 2406,ASA,QX 2406,QXE,2025-11-27 16:55:00,Arr 1758,2025-11-27,False
SAN,SMF,AS 2411,ASA,QX 2411,QXE,2025-11-27 12:30:00,Arr 1416 (+1min),2025-11-27,False
RDM,SAN,AS 2415,ASA,QX 2415,QXE,2025-11-27 09:00:00,Arr 1124 (+1min),2025-11-27,False
EUG,PDX,AS 2419,ASA,QX 2419,QXE,2025-11-27 13:08:00,Arr 1343,2025-11-27,False
PDX,EUG,AS 2420,ASA,QX 2420,QXE,2025-11-27 11:44:00,Arr 1216,2025-11-27,False
STS,LAX,AS 2425,ASA,QX 2425,QXE,2025-11-27 13:18:00,Arr 1500 (+10min),2025-11-27,False
BOI,GEG,AS 2428,ASA,QX 2428,QXE,2025-11-27 14:29:00,Arr 1421,2025-11-27,False
PDX,BOI,AS 2430,ASA,QX 2430,QXE,2025-11-27 07:08:00,Arr 1020 (+61min),2025-11-27,False
FAT,PDX,AS 2440,ASA,QX 2440,QXE,2025-11-27 11:52:00,Arr 1331,2025-11-27,False
PDX,FAT,AS 2445,ASA,QX 2445,QXE,2025-11-27 07:01:00,Arr 0903 (+11min),2025-11-27,False
MFR,SEA,AS 2452,ASA,QX 2452,QXE,2025-11-27 05:40:00,Arr 0659,2025-11-27,False
LAX,RNO,AS 2458,ASA,QX 2458,QXE,2025-11-27 09:37:00,Arr 1056,2025-11-27,False
SAN,SFO,AS 2460,ASA,QX 2460,QXE,2025-11-27 09:10:00,Arr 1037,2025-11-27,False
GEG,BOI,AS 2499,ASA,QX 2499,QXE,2025-11-27 09:00:00,Arr 1055,2025-11-27,False
PHX,SAN,AS 2502,ASA,QX 2502,QXE,2025-11-27 06:02:00,Arr 0620,2025-11-27,False
BIL,SEA,AS 2555,ASA,QX 2555,QXE,2025-11-27 06:00:00,Arr 0657,2025-11-27,False
JFK,FLL,B6 1,JBU,B6 1,JBU,2025-11-27 06:00:00,Arr 0919 (+18min),2025-11-27,False
JFK,SFO,B6 15,JBU,B6 15,JBU,2025-11-27 07:35:00,Arr 1114 (+7min),2025-11-27,False
PBI,DCA,B6 24,JBU,B6 24,JBU,2025-11-27 14:23:00,Arr 1608,2025-11-27,False
JFK,PHX,B6 35,JBU,B6 35,JBU,2025-11-27 10:30:00,Arr 1404,2025-11-27,False
PHX,JFK,B6 36,JBU,B6 36,JBU,2025-11-27 23:59:00,Arr 0638 (+7min),2025-11-27,False
BDL,MCO,B6 37,JBU,B6 37,JBU,2025-11-27 10:35:00,Arr 1340 (+7min),2025-11-27,False
TPA,LGA,B6 48,JBU,B6 48,JBU,2025-11-27 10:50:00,Arr 1306,2025-11-27,False
MCO,BOS,B6 52,JBU,B6 52,JBU,2025-11-27 10:35:00,Arr 1252,2025-11-27,False
JFK,PBI,B6 53,JBU,B6 53,JBU,2025-11-27 09:59:00,Arr 1316 (+13min),2025-11-27,False
BOS,RSW,B6 65,JBU,B6 65,JBU,2025-11-27 09:49:00,Arr 1335 (+9min),2025-11-27,False
CHS,BOS,B6 68,JBU,B6 68,JBU,2025-11-27 09:21:00,Arr 1050,2025-11-27,False
BOS,FLL,B6 69,JBU,B6 69,JBU,2025-11-27 11:05:00,Arr 1621 (+112min),2025-11-27,False
FLL,BOS,B6 70,JBU,B6 70,JBU,2025-11-27 12:40:00,Arr 1513,2025-11-27,False
JFK,SLC,B6 71,JBU,B6 71,JBU,2025-11-27 19:30:00,Arr 2238,2025-11-27,False
SLC,JFK,B6 72,JBU,B6 72,JBU,2025-11-27 23:59:00,Arr 0548,2025-11-27,False
BUF,MCO,B6 85,JBU,B6 85,JBU,2025-11-27 06:35:00,Arr 0956 (+34min),2025-11-27,False
TPA,BOS,B6 92,JBU,B6 92,JBU,2025-11-27 06:00:00,Arr 0840,2025-11-27,False
MCO,HPN,B6 94,JBU,B6 94,JBU,2025-11-27 10:49:00,Arr 1311,2025-11-27,False
JFK,DEN,B6 97,JBU,B6 97,JBU,2025-11-27 19:55:00,Arr 2212,2025-11-27,False
DEN,JFK,B6 98,JBU,B6 98,JBU,2025-11-27 23:59:00,Arr 0515,2025-11-27,False
JFK,BUF,B6 102,JBU,B6 102,JBU,2025-11-27 20:15:00,Arr 2131,2025-11-27,False
FLL,EWR,B6 106,JBU,B6 106,JBU,2025-11-27 19:55:00,Arr 2228,2025-11-27,False
BOS,JAX,B6 109,JBU,B6 109,JBU,2025-11-27 06:45:00,Arr 0950 (+2min),2025-11-27,False
JFK,SFO,B6 115,JBU,B6 115,JBU,2025-11-27 10:20:00,Arr 1332,2025-11-27,False
BOS,JFK,B6 117,JBU,B6 117,JBU,2025-11-27 05:15:00,Arr 0625,2025-11-27,False
JFK,BOS,B6 118,JBU,B6 118,JBU,2025-11-27 06:30:00,Arr 0750 (+8min),2025-11-27,False
JFK,ATL,B6 119,JBU,B6 119,JBU,2025-11-27 10:00:00,Arr 1231,2025-11-27,False
ATL,JFK,B6 120,JBU,B6 120,JBU,2025-11-27 13:32:00,Arr 1516,2025-11-27,False
JFK,LAX,B6 123,JBU,B6 123,JBU,2025-11-27 06:00:00,Arr 0930 (+12min),2025-11-27,False
TPA,JFK,B6 126,JBU,B6 126,JBU,2025-11-27 11:15:00,Arr 1340,2025-11-27,False
BOS,SFO,B6 133,JBU,B6 133,JBU,2025-11-27 07:05:00,Arr 1044,2025-11-27,False
MCO,BDL,B6 138,JBU,B6 138,JBU,2025-11-27 07:00:00,Arr 0912,2025-11-27,False
EWR,PBI,B6 143,JBU,B6 143,JBU,2025-11-27 06:00:00,Arr 0911 (+21min),2025-11-27,False
PBI,EWR,B6 144,JBU,B6 144,JBU,2025-11-27 10:18:00,Arr 1308,2025-11-27,False
LAS,JFK,B6 148,JBU,B6 148,JBU,2025-11-27 07:00:00,Arr 1436,2025-11-27,False
PBI,JFK,B6 154,JBU,B6 154,JBU,2025-11-27 09:43:00,Arr 1153,2025-11-27,False
BOS,PHL,B6 159,JBU,B6 159,JBU,2025-11-27 06:00:00,Arr 0735,2025-11-27,False
FLL,BDL,B6 160,JBU,B6 160,JBU,2025-11-27 08:49:00,Arr 1135,2025-11-27,False
BOS,SJU,B6 161,JBU,B6 161,JBU,2025-11-27 10:18:00,Arr 1500,2025-11-27,False
SJU,BOS,B6 162,JBU,B6 162,JBU,2025-11-27 06:06:00,Arr 0904,2025-11-27,False
JFK,SRQ,B6 163,JBU,B6 163,JBU,2025-11-27 12:00:00,Arr 1522 (+14min),2025-11-27,False
SRQ,JFK,B6 164,JBU,B6 164,JBU,2025-11-27 16:03:00,Arr 1814,2025-11-27,False
RIC,MCO,B6 169,JBU,B6 169,JBU,2025-11-27 09:30:00,Arr 1142 (+1min),2025-11-27,False
JFK,MCO,B6 183,JBU,B6 183,JBU,2025-11-27 07:30:00,Arr 1055 (+25min),2025-11-27,False
ROC,JFK,B6 185,JBU,B6 185,JBU,2025-11-27 06:00:00,Arr 0711,2025-11-27,False
BOS,PQI,B6 206,JBU,B6 206,JBU,2025-11-27 20:55:00,Arr 2225 (+3min),2025-11-27,False
PQI,BOS,B6 207,JBU,B6 207,JBU,2025-11-27 05:45:00,Arr 0702,2025-11-27,False
RSW,EWR,B6 212,JBU,B6 212,JBU,2025-11-27 14:10:00,Arr 1641,2025-11-27,False
BUF,BOS,B6 216,JBU,B6 216,JBU,2025-11-27 07:45:00,Arr 0934 (+23min),2025-11-27,False
BOS,JFK,B6 217,JBU,B6 217,JBU,2025-11-27 08:30:00,Arr 0945,2025-11-27,False
JFK,LAX,B6 223,JBU,B6 223,JBU,2025-11-27 12:00:00,Arr 1452,2025-11-27,False
BQN,MCO,B6 229,JBU,B6 229,JBU,2025-11-27 05:01:00,Arr 0648,2025-11-27,False
BOS,SAV,B6 249,JBU,B6 249,JBU,2025-11-27 08:30:00,Arr 1128 (+5min),2025-11-27,False
HPN,RSW,B6 251,JBU,B6 251,JBU,2025-11-27 10:00:00,Arr 1315 (+6min),2025-11-27,False
RSW,HPN,B6 252,JBU,B6 252,JBU,2025-11-27 07:00:00,Arr 0917,2025-11-27,False
FLL,SJU,B6 253,JBU,B6 253,JBU,2025-11-27 13:00:00,Arr 1629,2025-11-27,False
BDL,FLL,B6 259,JBU,B6 259,JBU,2025-11-27 12:32:00,Arr 1613 (+37min),2025-11-27,False
PHL,BOS,B6 260,JBU,B6 260,JBU,2025-11-27 06:00:00,Arr 0657,2025-11-27,False
BOS,CHS,B6 267,JBU,B6 267,JBU,2025-11-27 06:00:00,Arr 0827,2025-11-27,False
LAS,BOS,B6 278,JBU,B6 278,JBU,2025-11-27 10:55:00,Arr 1836,2025-11-27,False
MCO,JFK,B6 284,JBU,B6 284,JBU,2025-11-27 11:20:00,Arr 1409 (+11min),2025-11-27,False
JFK,RDU,B6 285,JBU,B6 285,JBU,2025-11-27 06:15:00,Arr 0751,2025-11-27,False
RDU,JFK,B6 286,JBU,B6 286,JBU,2025-11-27 08:45:00,Arr 0958,2025-11-27,False
LAX,BOS,B6 288,JBU,B6 288,JBU,2025-11-27 09:15:00,Arr 1739,2025-11-27,False
JFK,SAN,B6 289,JBU,B6 289,JBU,2025-11-27 07:00:00,Arr 0937,2025-11-27,False
SAN,JFK,B6 290,JBU,B6 290,JBU,2025-11-27 11:18:00,Arr 1923,2025-11-27,False
LGA,MCO,B6 299,JBU,B6 299,JBU,2025-11-27 07:59:00,Arr 1052,2025-11-27,False
LAX,FLL,B6 300,JBU,B6 300,JBU,2025-11-27 07:20:00,Arr 1506,2025-11-27,False
SJU,JFK,B6 304,JBU,B6 304,JBU,2025-11-27 01:59:00,Arr 0426,2025-11-27,False
BNA,BOS,B6 306,JBU,B6 306,JBU,2025-11-27 06:00:00,Arr 0849,2025-11-27,False
BOS,ORD,B6 311,JBU,B6 311,JBU,2025-11-27 09:40:00,Arr 1119,2025-11-27,False
ORD,BOS,B6 312,JBU,B6 312,JBU,2025-11-27 12:28:00,Arr 1524,2025-11-27,False
SYR,JFK,B6 315,JBU,B6 315,JBU,2025-11-27 06:01:00,Arr 0651,2025-11-27,False
JFK,BOS,B6 318,JBU,B6 318,JBU,2025-11-27 09:30:00,Arr 1033,2025-11-27,False
ATL,JFK,B6 320,JBU,B6 320,JBU,2025-11-27 06:00:00,Arr 0820 (+4min),2025-11-27,False
PBI,BOS,B6 322,JBU,B6 322,JBU,2025-11-27 10:55:00,Arr 1318,2025-11-27,False
JFK,LAX,B6 323,JBU,B6 323,JBU,2025-11-27 11:00:00,Arr 1356,2025-11-27,False
MCO,BOS,B6 352,JBU,B6 352,JBU,2025-11-27 06:00:00,Arr 0823,2025-11-27,False
RSW,BOS,B6 366,JBU,B6 366,JBU,2025-11-27 07:00:00,Arr 1217 (+133min),2025-11-27,False
FLL,LGA,B6 372,JBU,B6 372,JBU,2025-11-27 13:40:00,Arr 1622,2025-11-27,False
SYR,BOS,B6 374,JBU,B6 374,JBU,2025-11-27 05:01:00,Arr 0539,2025-11-27,False
PHL,FLL,B6 375,JBU,B6 375,JBU,2025-11-27 07:00:00,Arr 1008 (+21min),2025-11-27,False
DCA,FLL,B6 379,JBU,B6 379,JBU,2025-11-27 06:59:00,Arr 0947 (+13min),2025-11-27,False
JFK,MCO,B6 383,JBU,B6 383,JBU,2025-11-27 14:30:00,Arr 1804 (+37min),2025-11-27,False
RDU,JFK,B6 386,JBU,B6 386,JBU,2025-11-27 06:00:00,Arr 0714,2025-11-27,False
BOS,LAX,B6 387,JBU,B6 387,JBU,2025-11-27 09:00:00,Arr 1210,2025-11-27,False
EWR,SJU,B6 389,JBU,B6 389,JBU,2025-11-27 08:25:00,Arr 1306,2025-11-27,False
TPA,BOS,B6 392,JBU,B6 392,JBU,2025-11-27 14:25:00,Arr 1732 (+6min),2025-11-27,False
BOS,DEN,B6 393,JBU,B6 393,JBU,2025-11-27 07:00:00,Arr 0931,2025-11-27,False
DEN,BOS,B6 394,JBU,B6 394,JBU,2025-11-27 10:44:00,Arr 1607,2025-11-27,False
HPN,MCO,B6 395,JBU,B6 395,JBU,2025-11-27 08:30:00,Arr 1125 (+7min),2025-11-27,False
MSY,BOS,B6 400,JBU,B6 400,JBU,2025-11-27 12:07:00,Arr 1553,2025-11-27,False
BOS,MSY,B6 401,JBU,B6 401,JBU,2025-11-27 08:30:00,Arr 1122,2025-11-27,False
EWR,FLL,B6 405,JBU,B6 405,JBU,2025-11-27 19:00:00,Arr 2150,2025-11-27,False
JFK,LAS,B6 411,JBU,B6 411,JBU,2025-11-27 06:59:00,Arr 0920,2025-11-27,False
RSW,EWR,B6 412,JBU,B6 412,JBU,2025-11-27 06:00:00,Arr 0823,2025-11-27,False
HPN,FLL,B6 413,JBU,B6 413,JBU,2025-11-27 13:00:00,Arr 1606 (+5min),2025-11-27,False
FLL,HPN,B6 414,JBU,B6 414,JBU,2025-11-27 16:50:00,Arr 2251 (+182min),2025-11-27,False
SFO,JFK,B6 416,JBU,B6 416,JBU,2025-11-27 10:40:00,Arr 1847,2025-11-27,False
BOS,JFK,B6 417,JBU,B6 417,JBU,2025-11-27 10:50:00,Arr 1153,2025-11-27,False
JFK,BOS,B6 418,JBU,B6 418,JBU,2025-11-27 13:00:00,Arr 1402,2025-11-27,False
JFK,ATL,B6 419,JBU,B6 419,JBU,2025-11-27 12:00:00,Arr 1442 (+8min),2025-11-27,False
LAX,JFK,B6 424,JBU,B6 424,JBU,2025-11-27 11:35:00,Arr 1939,2025-11-27,False
TPA,JFK,B6 426,JBU,B6 426,JBU,2025-11-27 08:47:00,Arr 1048,2025-11-27,False
SAV,BOS,B6 450,JBU,B6 450,JBU,2025-11-27 12:10:00,Arr 1409,2025-11-27,False
BOS,MCO,B6 451,JBU,B6 451,JBU,2025-11-27 14:45:00,Arr 1816 (+9min),2025-11-27,False
MCO,BOS,B6 452,JBU,B6 452,JBU,2025-11-27 17:00:00,Arr 1935,2025-11-27,False
LGA,PBI,B6 461,JBU,B6 461,JBU,2025-11-27 07:05:00,Arr 1006 (+1min),2025-11-27,False
SRQ,JFK,B6 464,JBU,B6 464,JBU,2025-11-27 06:00:00,Arr 0840,2025-11-27,False
BOS,RSW,B6 465,JBU,B6 465,JBU,2025-11-27 10:57:00,Arr 1652 (+139min),2025-11-27,False
BOS,FLL,B6 469,JBU,B6 469,JBU,2025-11-27 06:45:00,Arr 1032 (+17min),2025-11-27,False
LGA,FLL,B6 471,JBU,B6 471,JBU,2025-11-27 12:30:00,Arr 1539 (+2min),2025-11-27,False
FLL,LGA,B6 472,JBU,B6 472,JBU,2025-11-27 09:55:00,Arr 1248 (+4min),2025-11-27,False
RDU,BOS,B6 484,JBU,B6 484,JBU,2025-11-27 08:55:00,Arr 1021,2025-11-27,False
JFK,ROC,B6 486,JBU,B6 486,JBU,2025-11-27 21:59:00,Arr 2333 (+4min),2025-11-27,False
MCO,ORH,B6 488,JBU,B6 488,JBU,2025-11-27 08:30:00,Arr 1048,2025-11-27,False
BUF,LAX,B6 491,JBU,B6 491,JBU,2025-11-27 19:05:00,Arr 2117,2025-11-27,False
LAX,BUF,B6 492,JBU,B6 492,JBU,2025-11-27 22:20:00,Arr 0653 (+48min),2025-11-27,False
LGA,MCO,B6 499,JBU,B6 499,JBU,2025-11-27 15:45:00,Arr 1838,2025-11-27,False
JFK,SJU,B6 503,JBU,B6 503,JBU,2025-11-27 13:00:00,Arr 1810 (+18min),2025-11-27,False
FLL,EWR,B6 506,JBU,B6 506,JBU,2025-11-27 06:06:00,Arr 0842,2025-11-27,False
LAS,FLL,B6 508,JBU,B6 508,JBU,2025-11-27 07:00:00,Arr 1439 (+7min),2025-11-27,False
JFK,LAS,B6 511,JBU,B6 511,JBU,2025-11-27 08:29:00,Arr 1100,2025-11-27,False
ISP,FLL,B6 513,JBU,B6 513,JBU,2025-11-27 18:56:00,Arr 2209 (+21min),2025-11-27,False
FLL,ISP,B6 514,JBU,B6 514,JBU,2025-11-27 15:10:00,Arr 1759,2025-11-27,False
BOS,DFW,B6 515,JBU,B6 515,JBU,2025-11-27 07:22:00,Arr 1032,2025-11-27,False
JFK,ATL,B6 519,JBU,B6 519,JBU,2025-11-27 09:02:00,Arr 1152 (+12min),2025-11-27,False
JFK,LAX,B6 523,JBU,B6 523,JBU,2025-11-27 07:00:00,Arr 0957,2025-11-27,False
PVD,SJU,B6 525,JBU,B6 525,JBU,2025-11-27 06:00:00,Arr 1121 (+33min),2025-11-27,False
SJU,PVD,B6 526,JBU,B6 526,JBU,2025-11-27 21:50:00,Arr 0022,2025-11-27,False
BDL,TPA,B6 533,JBU,B6 533,JBU,2025-11-27 08:20:00,Arr 1134 (+4min),2025-11-27,False
CLE,BOS,B6 540,JBU,B6 540,JBU,2025-11-27 07:00:00,Arr 0813,2025-11-27,False
PBI,ISP,B6 544,JBU,B6 544,JBU,2025-11-27 11:15:00,Arr 1335,2025-11-27,False
ISP,PBI,B6 545,JBU,B6 545,JBU,2025-11-27 15:10:00,Arr 1754,2025-11-27,False
MCO,ISP,B6 546,JBU,B6 546,JBU,2025-11-27 07:15:00,Arr 0940,2025-11-27,False
ISP,MCO,B6 547,JBU,B6 547,JBU,2025-11-27 10:55:00,Arr 1355 (+12min),2025-11-27,False
TPA,HPN,B6 548,JBU,B6 548,JBU,2025-11-27 09:00:00,Arr 1108,2025-11-27,False
BOS,MCO,B6 551,JBU,B6 551,JBU,2025-11-27 12:28:00,Arr 1557 (+7min),2025-11-27,False
FLL,SJU,B6 553,JBU,B6 553,JBU,2025-11-27 07:00:00,Arr 1019,2025-11-27,False
SJU,FLL,B6 554,JBU,B6 554,JBU,2025-11-27 13:46:00,Arr 1523,2025-11-27,False
MCO,RIC,B6 570,JBU,B6 570,JBU,2025-11-27 06:45:00,Arr 0826,2025-11-27,False
FLL,SFO,B6 577,JBU,B6 577,JBU,2025-11-27 06:00:00,Arr 0857,2025-11-27,False
SFO,FLL,B6 578,JBU,B6 578,JBU,2025-11-27 07:00:00,Arr 1507,2025-11-27,False
DCA,FLL,B6 579,JBU,B6 579,JBU,2025-11-27 10:45:00,Arr 1324 (+2min),2025-11-27,False
JFK,MCO,B6 583,JBU,B6 583,JBU,2025-11-27 06:30:00,Arr 0926 (+2min),2025-11-27,False
JFK,RDU,B6 585,JBU,B6 585,JBU,2025-11-27 08:20:00,Arr 1027 (+13min),2025-11-27,False
BOS,TPA,B6 591,JBU,B6 591,JBU,2025-11-27 10:00:00,Arr 1421 (+51min),2025-11-27,False
HPN,MCO,B6 595,JBU,B6 595,JBU,2025-11-27 14:26:00,Arr 1722 (+3min),2025-11-27,False
FLL,PVD,B6 596,JBU,B6 596,JBU,2025-11-27 19:25:00,Arr 2217,2025-11-27,False
PVD,FLL,B6 597,JBU,B6 597,JBU,2025-11-27 07:00:00,Arr 1014 (+1min),2025-11-27,False
MCO,LGA,B6 598,JBU,B6 598,JBU,2025-11-27 07:00:00,Arr 0925,2025-11-27,False
JFK,FLL,B6 601,JBU,B6 601,JBU,2025-11-27 07:10:00,Arr 1026 (+8min),2025-11-27,False
FLL,JFK,B6 602,JBU,B6 602,JBU,2025-11-27 11:25:00,Arr 1405,2025-11-27,False
EWR,FLL,B6 605,JBU,B6 605,JBU,2025-11-27 16:50:00,Arr 2026 (+34min),2025-11-27,False
FLL,EWR,B6 606,JBU,B6 606,JBU,2025-11-27 12:59:00,Arr 1532,2025-11-27,False
SFO,JFK,B6 616,JBU,B6 616,JBU,2025-11-27 23:59:00,Arr 0802,2025-11-27,False
BOS,CLE,B6 641,JBU,B6 641,JBU,2025-11-27 09:20:00,Arr 1123,2025-11-27,False
HPN,PBI,B6 667,JBU,B6 667,JBU,2025-11-27 06:30:00,Arr 0922 (+4min),2025-11-27,False
FLL,BOS,B6 670,JBU,B6 670,JBU,2025-11-27 07:00:00,Arr 0942,2025-11-27,False
EWR,TPA,B6 673,JBU,B6 673,JBU,2025-11-27 09:35:00,Arr 1251 (+12min),2025-11-27,False
JFK,BDL,B6 675,JBU,B6 675,JBU,2025-11-27 21:45:00,Arr 2222,2025-11-27,False
BDL,JFK,B6 676,JBU,B6 676,JBU,2025-11-27 07:10:00,Arr 0804,2025-11-27,False
JFK,JAX,B6 677,JBU,B6 677,JBU,2025-11-27 10:41:00,Arr 1307,2025-11-27,False
JAX,JFK,B6 678,JBU,B6 678,JBU,2025-11-27 14:16:00,Arr 1553,2025-11-27,False
RDU,JFK,B6 686,JBU,B6 686,JBU,2025-11-27 10:59:00,Arr 1235,2025-11-27,False
FLL,LAX,B6 701,JBU,B6 701,JBU,2025-11-27 08:00:00,Arr 1022,2025-11-27,False
JFK,SJU,B6 703,JBU,B6 703,JBU,2025-11-27 18:50:00,Arr 2347,2025-11-27,False
PBI,BOS,B6 722,JBU,B6 722,JBU,2025-11-27 06:20:00,Arr 0905,2025-11-27,False
LAX,JFK,B6 724,JBU,B6 724,JBU,2025-11-27 10:28:00,Arr 2018 (+82min),2025-11-27,False
BQN,MCO,B6 729,JBU,B6 729,JBU,2025-11-27 17:09:00,Arr 1843,2025-11-27,False
MCO,BQN,B6 730,JBU,B6 730,JBU,2025-11-27 12:31:00,Arr 1609,2025-11-27,False
BDL,MCO,B6 737,JBU,B6 737,JBU,2025-11-27 06:00:00,Arr 0914 (+14min),2025-11-27,False
BQN,JFK,B6 739,JBU,B6 739,JBU,2025-11-27 07:00:00,Arr 0942,2025-11-27,False
SJU,FLL,B6 754,JBU,B6 754,JBU,2025-11-27 07:20:00,Arr 0846,2025-11-27,False
MCO,PSE,B6 767,JBU,B6 767,JBU,2025-11-27 20:45:00,Arr 0037,2025-11-27,False
PSE,MCO,B6 768,JBU,B6 768,JBU,2025-11-27 05:01:00,Arr 0731 (+20min),2025-11-27,False
BOS,FLL,B6 769,JBU,B6 769,JBU,2025-11-27 08:15:00,Arr 1209 (+21min),2025-11-27,False
JFK,MSY,B6 775,JBU,B6 775,JBU,2025-11-27 06:30:00,Arr 0853 (+1min),2025-11-27,False
MSY,JFK,B6 776,JBU,B6 776,JBU,2025-11-27 09:42:00,Arr 1301,2025-11-27,False
ATL,BOS,B6 796,JBU,B6 796,JBU,2025-11-27 09:45:00,Arr 1147,2025-11-27,False
HPN,FLL,B6 813,JBU,B6 813,JBU,2025-11-27 07:00:00,Arr 1002 (+6min),2025-11-27,False
FLL,HPN,B6 814,JBU,B6 814,JBU,2025-11-27 11:32:00,Arr 1417,2025-11-27,False
JFK,DTW,B6 820,JBU,B6 820,JBU,2025-11-27 20:45:00,Arr 2218,2025-11-27,False
BOS,PBI,B6 821,JBU,B6 821,JBU,2025-11-27 07:00:00,Arr 1031 (+9min),2025-11-27,False
MCO,SJU,B6 833,JBU,B6 833,JBU,2025-11-27 13:30:00,Arr 1700,2025-11-27,False
SJU,MCO,B6 834,JBU,B6 834,JBU,2025-11-27 06:01:00,Arr 0806,2025-11-27,False
JFK,BQN,B6 838,JBU,B6 838,JBU,2025-11-27 16:40:00,Arr 2132 (+2min),2025-11-27,False
JFK,SAV,B6 841,JBU,B6 841,JBU,2025-11-27 07:42:00,Arr 1018 (+15min),2025-11-27,False
SAV,JFK,B6 842,JBU,B6 842,JBU,2025-11-27 10:51:00,Arr 1244,2025-11-27,False
BOS,MCO,B6 851,JBU,B6 851,JBU,2025-11-27 08:20:00,Arr 1146 (+3min),2025-11-27,False
PBI,JFK,B6 854,JBU,B6 854,JBU,2025-11-27 08:25:00,Arr 1032,2025-11-27,False
SYR,MCO,B6 855,JBU,B6 855,JBU,2025-11-27 09:51:00,Arr 1302 (+11min),2025-11-27,False
FLL,PHX,B6 857,JBU,B6 857,JBU,2025-11-27 08:25:00,Arr 1123,2025-11-27,False
PHX,FLL,B6 858,JBU,B6 858,JBU,2025-11-27 12:40:00,Arr 1922 (+35min),2025-11-27,False
BOS,SJU,B6 861,JBU,B6 861,JBU,2025-11-27 05:01:00,Arr 1018 (+19min),2025-11-27,False
BUF,FLL,B6 865,JBU,B6 865,JBU,2025-11-27 09:02:00,Arr 1151,2025-11-27,False
FLL,BOS,B6 870,JBU,B6 870,JBU,2025-11-27 06:00:00,Arr 0833,2025-11-27,False
TPA,EWR,B6 874,JBU,B6 874,JBU,2025-11-27 12:50:00,Arr 1529,2025-11-27,False
JFK,MCO,B6 883,JBU,B6 883,JBU,2025-11-27 08:50:00,Arr 1440 (+166min),2025-11-27,False
BOS,TPA,B6 891,JBU,B6 891,JBU,2025-11-27 06:00:00,Arr 0946 (+16min),2025-11-27,False
BOS,BUF,B6 915,JBU,B6 915,JBU,2025-11-27 08:00:00,Arr 0915,2025-11-27,False
BUF,BOS,B6 916,JBU,B6 916,JBU,2025-11-27 10:30:00,Arr 1138,2025-11-27,False
BOS,SAN,B6 919,JBU,B6 919,JBU,2025-11-27 08:00:00,Arr 1115,2025-11-27,False
SAN,BOS,B6 920,JBU,B6 920,JBU,2025-11-27 12:49:00,Arr 2048,2025-11-27,False
EWR,MCO,B6 927,JBU,B6 927,JBU,2025-11-27 06:00:00,Arr 0856 (+6min),2025-11-27,False
IAH,BOS,B6 932,JBU,B6 932,JBU,2025-11-27 10:16:00,Arr 1501 (+2min),2025-11-27,False
LAS,JFK,B6 948,JBU,B6 948,JBU,2025-11-27 23:59:00,Arr 0727,2025-11-27,False
SJU,FLL,B6 954,JBU,B6 954,JBU,2025-11-27 05:24:00,Arr 0657,2025-11-27,False
BDL,FLL,B6 959,JBU,B6 959,JBU,2025-11-27 06:00:00,Arr 0948 (+38min),2025-11-27,False
LGA,PBI,B6 961,JBU,B6 961,JBU,2025-11-27 10:22:00,Arr 1316,2025-11-27,False
PBI,LGA,B6 962,JBU,B6 962,JBU,2025-11-27 08:00:00,Arr 1011,2025-11-27,False
HPN,PBI,B6 967,JBU,B6 967,JBU,2025-11-27 08:45:00,Arr 1140 (+1min),2025-11-27,False
PBI,HPN,B6 968,JBU,B6 968,JBU,2025-11-27 06:15:00,Arr 0850,2025-11-27,False
ORH,MCO,B6 987,JBU,B6 987,JBU,2025-11-27 12:07:00,Arr 1512,2025-11-27,False
FLL,JFK,B6 1002,JBU,B6 1002,JBU,2025-11-27 10:00:00,Arr 1309 (+19min),2025-11-27,False
JFK,SJU,B6 1003,JBU,B6 1003,JBU,2025-11-27 11:30:00,Arr 1616,2025-11-27,False
SJU,JFK,B6 1004,JBU,B6 1004,JBU,2025-11-27 14:53:00,Arr 1743,2025-11-27,False
BNA,BOS,B6 1006,JBU,B6 1006,JBU,2025-11-27 09:46:00,Arr 1255,2025-11-27,False
BOS,BNA,B6 1007,JBU,B6 1007,JBU,2025-11-27 07:00:00,Arr 0848,2025-11-27,False
JFK,RSW,B6 1029,JBU,B6 1029,JBU,2025-11-27 10:40:00,Arr 1416 (+21min),2025-11-27,False
MCO,SJU,B6 1033,JBU,B6 1033,JBU,2025-11-27 17:35:00,Arr 2115,2025-11-27,False
SJU,MCO,B6 1034,JBU,B6 1034,JBU,2025-11-27 08:00:00,Arr 1008,2025-11-27,False
SJU,STT,B6 1036,JBU,B6 1036,JBU,2025-11-27 12:58:00,Arr 1316,2025-11-27,False
BOS,DTW,B6 1037,JBU,B6 1037,JBU,2025-11-27 08:20:00,Arr 1031,2025-11-27,False
PBI,JFK,B6 1054,JBU,B6 1054,JBU,2025-11-27 06:05:00,Arr 0818,2025-11-27,False
MCO,SYR,B6 1056,JBU,B6 1056,JBU,2025-11-27 06:07:00,Arr 0818,2025-11-27,False
PBI,HPN,B6 1068,JBU,B6 1068,JBU,2025-11-27 12:40:00,Arr 1500,2025-11-27,False
JFK,MCO,B6 1083,JBU,B6 1083,JBU,2025-11-27 17:59:00,Arr 2112 (+13min),2025-11-27,False
MCO,JFK,B6 1084,JBU,B6 1084,JBU,2025-11-27 07:00:00,Arr 0859,2025-11-27,False
MCO,BUF,B6 1086,JBU,B6 1086,JBU,2025-11-27 10:35:00,Arr 1325 (+8min),2025-11-27,False
ALB,FLL,B6 1087,JBU,B6 1087,JBU,2025-11-27 06:00:00,Arr 0939 (+15min),2025-11-27,False
FLL,ALB,B6 1088,JBU,B6 1088,JBU,2025-11-27 21:29:00,Arr 2355,2025-11-27,False
BOS,ATL,B6 1097,JBU,B6 1097,JBU,2025-11-27 11:30:00,Arr 1421,2025-11-27,False
MCO,LGA,B6 1098,JBU,B6 1098,JBU,2025-11-27 12:35:00,Arr 1445,2025-11-27,False
SJU,JFK,B6 1104,JBU,B6 1104,JBU,2025-11-27 13:10:00,Arr 1550,2025-11-27,False
LAX,JFK,B6 1124,JBU,B6 1124,JBU,2025-11-27 07:00:00,Arr 1505,2025-11-27,False
JFK,PVD,B6 1128,JBU,B6 1128,JBU,2025-11-27 21:45:00,Arr 2230,2025-11-27,False
PVD,JFK,B6 1129,JBU,B6 1129,JBU,2025-11-27 07:09:00,Arr 0749,2025-11-27,False
FLL,CHS,B6 1130,JBU,B6 1130,JBU,2025-11-27 15:10:00,Arr 1716 (+24min),2025-11-27,False
CHS,FLL,B6 1131,JBU,B6 1131,JBU,2025-11-27 17:47:00,Arr 2001 (+31min),2025-11-27,False
SJU,MCO,B6 1134,JBU,B6 1134,JBU,2025-11-27 17:20:00,Arr 1919,2025-11-27,False
STT,SJU,B6 1135,JBU,B6 1135,JBU,2025-11-27 14:30:00,Arr 1449,2025-11-27,False
BDL,PBI,B6 1141,JBU,B6 1141,JBU,2025-11-27 13:18:00,Arr 1621 (+3min),2025-11-27,False
PBI,BDL,B6 1142,JBU,B6 1142,JBU,2025-11-27 09:35:00,Arr 1224 (+1min),2025-11-27,False
MHT,MCO,B6 1143,JBU,B6 1143,JBU,2025-11-27 07:05:00,Arr 1049 (+30min),2025-11-27,False
MCO,MHT,B6 1144,JBU,B6 1144,JBU,2025-11-27 11:09:00,Arr 1425 (+14min),2025-11-27,False
RIC,FLL,B6 1145,JBU,B6 1145,JBU,2025-11-27 07:00:00,Arr 0907,2025-11-27,False
FLL,RIC,B6 1146,JBU,B6 1146,JBU,2025-11-27 20:42:00,Arr 2322 (+24min),2025-11-27,False
MCO,BOS,B6 1152,JBU,B6 1152,JBU,2025-11-27 08:15:00,Arr 1039,2025-11-27,False
JFK,PBI,B6 1153,JBU,B6 1153,JBU,2025-11-27 06:05:00,Arr 0901 (+3min),2025-11-27,False
DCA,BOS,B6 1154,JBU,B6 1154,JBU,2025-11-27 07:00:00,Arr 0830 (+1min),2025-11-27,False
BOS,DCA,B6 1155,JBU,B6 1155,JBU,2025-11-27 06:20:00,Arr 0753,2025-11-27,False
JFK,BNA,B6 1173,JBU,B6 1173,JBU,2025-11-27 09:29:00,Arr 1057,2025-11-27,False
BNA,JFK,B6 1174,JBU,B6 1174,JBU,2025-11-27 12:10:00,Arr 1446,2025-11-27,False
MCO,JFK,B6 1184,JBU,B6 1184,JBU,2025-11-27 06:00:00,Arr 0751,2025-11-27,False
JFK,PIT,B6 1195,JBU,B6 1195,JBU,2025-11-27 22:15:00,Arr 2337,2025-11-27,False
PIT,JFK,B6 1198,JBU,B6 1198,JBU,2025-11-27 06:01:00,Arr 0726,2025-11-27,False
JFK,FLL,B6 1201,JBU,B6 1201,JBU,2025-11-27 11:00:00,Arr 1411 (+8min),2025-11-27,False
DFW,BOS,B6 1214,JBU,B6 1214,JBU,2025-11-27 11:42:00,Arr 1549,2025-11-27,False
MCO,SJU,B6 1233,JBU,B6 1233,JBU,2025-11-27 10:00:00,Arr 1534 (+101min),2025-11-27,False
SJU,MCO,B6 1234,JBU,B6 1234,JBU,2025-11-27 07:00:00,Arr 0854,2025-11-27,False
DTW,BOS,B6 1236,JBU,B6 1236,JBU,2025-11-27 07:30:00,Arr 0936 (+15min),2025-11-27,False
LGA,TPA,B6 1247,JBU,B6 1247,JBU,2025-11-27 09:00:00,Arr 1229 (+24min),2025-11-27,False
HPN,PBI,B6 1267,JBU,B6 1267,JBU,2025-11-27 10:40:00,Arr 1342 (+10min),2025-11-27,False
JFK,CHS,B6 1273,JBU,B6 1273,JBU,2025-11-27 09:00:00,Arr 1129 (+8min),2025-11-27,False
BOS,RIC,B6 1281,JBU,B6 1281,JBU,2025-11-27 08:21:00,Arr 1219 (+123min),2025-11-27,False
JFK,MCO,B6 1283,JBU,B6 1283,JBU,2025-11-27 13:00:00,Arr 1546,2025-11-27,False
PBI,PVD,B6 1288,JBU,B6 1288,JBU,2025-11-27 08:10:00,Arr 1045,2025-11-27,False
ORD,JFK,B6 1306,JBU,B6 1306,JBU,2025-11-27 08:20:00,Arr 1143 (+8min),2025-11-27,False
JAX,BOS,B6 1310,JBU,B6 1310,JBU,2025-11-27 10:33:00,Arr 1238,2025-11-27,False
MCO,SJU,B6 1333,JBU,B6 1333,JBU,2025-11-27 19:35:00,Arr 2312,2025-11-27,False
SJU,MCO,B6 1334,JBU,B6 1334,JBU,2025-11-27 14:09:00,Arr 1600,2025-11-27,False
DCA,SJU,B6 1347,JBU,B6 1347,JBU,2025-11-27 08:00:00,Arr 1242,2025-11-27,False
SJU,DCA,B6 1348,JBU,B6 1348,JBU,2025-11-27 18:10:00,Arr 2043,2025-11-27,False
MHT,RSW,B6 1349,JBU,B6 1349,JBU,2025-11-27 15:19:00,Arr 1844,2025-11-27,False
RSW,MHT,B6 1350,JBU,B6 1350,JBU,2025-11-27 19:45:00,Arr 2213,2025-11-27,False
ROC,JFK,B6 1385,JBU,B6 1385,JBU,2025-11-27 09:43:00,Arr 1047,2025-11-27,False
JFK,ROC,B6 1386,JBU,B6 1386,JBU,2025-11-27 07:30:00,Arr 0845,2025-11-27,False
DTW,JFK,B6 1419,JBU,B6 1419,JBU,2025-11-27 06:00:00,Arr 0910 (+81min),2025-11-27,False
ATL,JFK,B6 1420,JBU,B6 1420,JBU,2025-11-27 12:26:00,Arr 1429,2025-11-27,False
DCA,PBI,B6 1423,JBU,B6 1423,JBU,2025-11-27 07:45:00,Arr 1022 (+3min),2025-11-27,False
MCO,SJU,B6 1433,JBU,B6 1433,JBU,2025-11-27 11:20:00,Arr 1523 (+10min),2025-11-27,False
HPN,TPA,B6 1447,JBU,B6 1447,JBU,2025-11-27 07:30:00,Arr 1050 (+27min),2025-11-27,False
SJU,BOS,B6 1462,JBU,B6 1462,JBU,2025-11-27 16:12:00,Arr 1906,2025-11-27,False
LGA,FLL,B6 1471,JBU,B6 1471,JBU,2025-11-27 06:10:00,Arr 0929 (+19min),2025-11-27,False
SJU,BDL,B6 1476,JBU,B6 1476,JBU,2025-11-27 06:01:00,Arr 0858,2025-11-27,False
FLL,DCA,B6 1480,JBU,B6 1480,JBU,2025-11-27 06:45:00,Arr 0848,2025-11-27,False
RIC,BOS,B6 1482,JBU,B6 1482,JBU,2025-11-27 06:00:00,Arr 0724,2025-11-27,False
EWR,FLL,B6 1505,JBU,B6 1505,JBU,2025-11-27 06:59:00,Arr 1031 (+24min),2025-11-27,False
JFK,SFO,B6 1515,JBU,B6 1515,JBU,2025-11-27 09:15:00,Arr 1258 (+5min),2025-11-27,False
LAX,JFK,B6 1524,JBU,B6 1524,JBU,2025-11-27 22:55:00,Arr 0701,2025-11-27,False
JFK,RSW,B6 1529,JBU,B6 1529,JBU,2025-11-27 06:30:00,Arr 0937,2025-11-27,False
RSW,JFK,B6 1530,JBU,B6 1530,JBU,2025-11-27 06:00:00,Arr 0812,2025-11-27,False
TPA,BDL,B6 1534,JBU,B6 1534,JBU,2025-11-27 12:29:00,Arr 1441,2025-11-27,False
EWR,LAX,B6 1573,JBU,B6 1573,JBU,2025-11-27 06:50:00,Arr 0946,2025-11-27,False
DCA,FLL,B6 1579,JBU,B6 1579,JBU,2025-11-27 15:56:00,Arr 1938 (+59min),2025-11-27,False
MCO,JFK,B6 1584,JBU,B6 1584,JBU,2025-11-27 08:40:00,Arr 1100,2025-11-27,False
BOS,PIT,B6 1585,JBU,B6 1585,JBU,2025-11-27 08:00:00,Arr 0939,2025-11-27,False
JFK,BUF,B6 1602,JBU,B6 1602,JBU,2025-11-27 07:30:00,Arr 0910 (+11min),2025-11-27,False
JFK,SJU,B6 1603,JBU,B6 1603,JBU,2025-11-27 05:15:00,Arr 1026 (+24min),2025-11-27,False
SJU,JFK,B6 1604,JBU,B6 1604,JBU,2025-11-27 06:40:00,Arr 0930,2025-11-27,False
JAX,JFK,B6 1678,JBU,B6 1678,JBU,2025-11-27 06:41:00,Arr 0828,2025-11-27,False
FLL,DCA,B6 1680,JBU,B6 1680,JBU,2025-11-27 10:00:00,Arr 1229 (+2min),2025-11-27,False
PVD,PBI,B6 1688,JBU,B6 1688,JBU,2025-11-27 08:10:00,Arr 1122 (+3min),2025-11-27,False
PVD,TPA,B6 1689,JBU,B6 1689,JBU,2025-11-27 16:00:00,Arr 1904,2025-11-27,False
TPA,PVD,B6 1690,JBU,B6 1690,JBU,2025-11-27 17:35:00,Arr 2030 (+4min),2025-11-27,False
MCO,HPN,B6 1694,JBU,B6 1694,JBU,2025-11-27 16:12:00,Arr 1812,2025-11-27,False
LAX,FLL,B6 1700,JBU,B6 1700,JBU,2025-11-27 10:00:00,Arr 1830 (+37min),2025-11-27,False
FLL,JFK,B6 1702,JBU,B6 1702,JBU,2025-11-27 06:10:00,Arr 0851,2025-11-27,False
FLL,LAS,B6 1707,JBU,B6 1707,JBU,2025-11-27 07:00:00,Arr 0906,2025-11-27,False
RSW,JFK,B6 1730,JBU,B6 1730,JBU,2025-11-27 10:18:00,Arr 1227,2025-11-27,False
SFO,BOS,B6 1734,JBU,B6 1734,JBU,2025-11-27 12:15:00,Arr 2111 (+23min),2025-11-27,False
BOS,PIT,B6 1785,JBU,B6 1785,JBU,2025-11-27 06:10:00,Arr 0758,2025-11-27,False
PIT,BOS,B6 1786,JBU,B6 1786,JBU,2025-11-27 08:53:00,Arr 1005,2025-11-27,False
ATL,FLL,B6 1797,JBU,B6 1797,JBU,2025-11-27 08:00:00,Arr 1215 (+138min),2025-11-27,False
FLL,ATL,B6 1798,JBU,B6 1798,JBU,2025-11-27 20:45:00,Arr 2253 (+17min),2025-11-27,False
FLL,JFK,B6 1802,JBU,B6 1802,JBU,2025-11-27 09:00:00,Arr 1125,2025-11-27,False
JFK,SJU,B6 1803,JBU,B6 1803,JBU,2025-11-27 07:00:00,Arr 1147,2025-11-27,False
EWR,RSW,B6 1811,JBU,B6 1811,JBU,2025-11-27 08:00:00,Arr 1123 (+4min),2025-11-27,False
MSY,FLL,B6 1822,JBU,B6 1822,JBU,2025-11-27 07:00:00,Arr 0934,2025-11-27,False
JFK,PBI,B6 1853,JBU,B6 1853,JBU,2025-11-27 13:59:00,Arr 1713 (+11min),2025-11-27,False
BOS,DCA,B6 1855,JBU,B6 1855,JBU,2025-11-27 11:25:00,Arr 1306,2025-11-27,False
LAX,EWR,B6 1874,JBU,B6 1874,JBU,2025-11-27 11:11:00,Arr 1930 (+7min),2025-11-27,False
DCA,JFK,B6 1888,JBU,B6 1888,JBU,2025-11-27 06:15:00,Arr 0712,2025-11-27,False
PVD,RSW,B6 1891,JBU,B6 1891,JBU,2025-11-27 06:00:00,Arr 0924,2025-11-27,False
RSW,PVD,B6 1892,JBU,B6 1892,JBU,2025-11-27 12:09:00,Arr 1504,2025-11-27,False
BUF,JFK,B6 1901,JBU,B6 1901,JBU,2025-11-27 09:45:00,Arr 1128 (+21min),2025-11-27,False
DCA,MCO,B6 1923,JBU,B6 1923,JBU,2025-11-27 11:50:00,Arr 1404,2025-11-27,False
SRQ,BOS,B6 1940,JBU,B6 1940,JBU,2025-11-27 12:10:00,Arr 1514,2025-11-27,False
BOS,SRQ,B6 1941,JBU,B6 1941,JBU,2025-11-27 07:25:00,Arr 1107 (+13min),2025-11-27,False
FLL,AUS,B6 1971,JBU,B6 1971,JBU,2025-11-27 11:00:00,Arr 1256,2025-11-27,False
BUF,JFK,B6 2001,JBU,B6 2001,JBU,2025-11-27 06:00:00,Arr 0748 (+18min),2025-11-27,False
BQN,FLL,B6 2002,JBU,B6 2002,JBU,2025-11-27 06:01:00,Arr 0727,2025-11-27,False
PIT,FLL,B6 2005,JBU,B6 2005,JBU,2025-11-27 07:10:00,Arr 0946,2025-11-27,False
FLL,PIT,B6 2008,JBU,B6 2008,JBU,2025-11-27 20:12:00,Arr 2302 (+14min),2025-11-27,False
PBI,LAX,B6 2009,JBU,B6 2009,JBU,2025-11-27 20:59:00,Arr 2318,2025-11-27,False
LAX,PBI,B6 2010,JBU,B6 2010,JBU,2025-11-27 11:50:00,Arr 1939,2025-11-27,False
MCO,DCA,B6 2024,JBU,B6 2024,JBU,2025-11-27 08:50:00,Arr 1042,2025-11-27,False
MCO,EWR,B6 2028,JBU,B6 2028,JBU,2025-11-27 09:59:00,Arr 1302 (+24min),2025-11-27,False
BOS,IAH,B6 2033,JBU,B6 2033,JBU,2025-11-27 06:00:00,Arr 1002 (+31min),2025-11-27,False
BOS,MCO,B6 2051,JBU,B6 2051,JBU,2025-11-27 10:00:00,Arr 1336 (+21min),2025-11-27,False
MCO,BOS,B6 2052,JBU,B6 2052,JBU,2025-11-27 12:20:00,Arr 1730 (+130min),2025-11-27,False
BOS,DCA,B6 2055,JBU,B6 2055,JBU,2025-11-27 16:10:00,Arr 1734,2025-11-27,False
BOS,RSW,B6 2065,JBU,B6 2065,JBU,2025-11-27 06:00:00,Arr 0959 (+14min),2025-11-27,False
RSW,BOS,B6 2066,JBU,B6 2066,JBU,2025-11-27 10:55:00,Arr 1333,2025-11-27,False
FLL,BQN,B6 2071,JBU,B6 2071,JBU,2025-11-27 19:20:00,Arr 2337 (+55min),2025-11-27,False
JFK,DCA,B6 2087,JBU,B6 2087,JBU,2025-11-27 13:37:00,Arr 1435,2025-11-27,False
JFK,SYR,B6 2101,JBU,B6 2101,JBU,2025-11-27 11:30:00,Arr 1230,2025-11-27,False
BDL,RSW,B6 2103,JBU,B6 2103,JBU,2025-11-27 07:25:00,Arr 1050 (+7min),2025-11-27,False
SJU,JFK,B6 2104,JBU,B6 2104,JBU,2025-11-27 05:26:00,Arr 0803,2025-11-27,False
JFK,ORD,B6 2105,JBU,B6 2105,JBU,2025-11-27 10:55:00,Arr 1224,2025-11-27,False
ORD,JFK,B6 2106,JBU,B6 2106,JBU,2025-11-27 13:43:00,Arr 1652,2025-11-27,False
EWR,PBI,B6 2143,JBU,B6 2143,JBU,2025-11-27 13:35:00,Arr 1644 (+19min),2025-11-27,False
BOS,MCO,B6 2151,JBU,B6 2151,JBU,2025-11-27 11:00:00,Arr 1420 (+5min),2025-11-27,False
MCO,BOS,B6 2152,JBU,B6 2152,JBU,2025-11-27 09:35:00,Arr 1159,2025-11-27,False
RSW,BOS,B6 2166,JBU,B6 2166,JBU,2025-11-27 14:23:00,Arr 1700,2025-11-27,False
PIT,BOS,B6 2186,JBU,B6 2186,JBU,2025-11-27 07:05:00,Arr 0844,2025-11-27,False
JFK,FLL,B6 2201,JBU,B6 2201,JBU,2025-11-27 08:00:00,Arr 1146 (+29min),2025-11-27,False
FLL,JFK,B6 2202,JBU,B6 2202,JBU,2025-11-27 17:40:00,Arr 2017,2025-11-27,False
RSW,BDL,B6 2204,JBU,B6 2204,JBU,2025-11-27 11:30:00,Arr 1401,2025-11-27,False
JFK,LAX,B6 2223,JBU,B6 2223,JBU,2025-11-27 08:07:00,Arr 1128,2025-11-27,False
BOS,MCO,B6 2251,JBU,B6 2251,JBU,2025-11-27 05:45:00,Arr 0941 (+37min),2025-11-27,False
SJU,FLL,B6 2252,JBU,B6 2252,JBU,2025-11-27 12:30:00,Arr 1417,2025-11-27,False
FLL,SJU,B6 2253,JBU,B6 2253,JBU,2025-11-27 08:00:00,Arr 1113,2025-11-27,False
AUS,FLL,B6 2272,JBU,B6 2272,JBU,2025-11-27 06:20:00,Arr 0951,2025-11-27,False
EWR,TPA,B6 2273,JBU,B6 2273,JBU,2025-11-27 13:59:00,Arr 1716 (+26min),2025-11-27,False
PHL,FLL,B6 2275,JBU,B6 2275,JBU,2025-11-27 11:45:00,Arr 1413,2025-11-27,False
FLL,PHL,B6 2276,JBU,B6 2276,JBU,2025-11-27 08:22:00,Arr 1038,2025-11-27,False
BOS,RDU,B6 2283,JBU,B6 2283,JBU,2025-11-27 11:19:00,Arr 1330,2025-11-27,False
JFK,FLL,B6 2301,JBU,B6 2301,JBU,2025-11-27 09:15:00,Arr 1238 (+15min),2025-11-27,False
BOS,PBI,B6 2321,JBU,B6 2321,JBU,2025-11-27 10:58:00,Arr 1439 (+23min),2025-11-27,False
BOS,FLL,B6 2369,JBU,B6 2369,JBU,2025-11-27 20:29:00,Arr 2357,2025-11-27,False
FLL,BOS,B6 2370,JBU,B6 2370,JBU,2025-11-27 15:15:00,Arr 1826,2025-11-27,False
JFK,JAX,B6 2377,JBU,B6 2377,JBU,2025-11-27 15:30:00,Arr 1811 (+3min),2025-11-27,False
SJU,EWR,B6 2390,JBU,B6 2390,JBU,2025-11-27 07:00:00,Arr 1024 (+11min),2025-11-27,False
DCA,MCO,B6 2423,JBU,B6 2423,JBU,2025-11-27 09:00:00,Arr 1131 (+2min),2025-11-27,False
MCO,DCA,B6 2424,JBU,B6 2424,JBU,2025-11-27 12:16:00,Arr 1415,2025-11-27,False
MCO,SJU,B6 2433,JBU,B6 2433,JBU,2025-11-27 12:20:00,Arr 1607,2025-11-27,False
SJU,MCO,B6 2434,JBU,B6 2434,JBU,2025-11-27 11:25:00,Arr 1322,2025-11-27,False
PBI,LGA,B6 2462,JBU,B6 2462,JBU,2025-11-27 11:45:00,Arr 1353,2025-11-27,False
FLL,BUF,B6 2466,JBU,B6 2466,JBU,2025-11-27 08:00:00,Arr 1036,2025-11-27,False
CHS,JFK,B6 2474,JBU,B6 2474,JBU,2025-11-27 12:06:00,Arr 1341,2025-11-27,False
BDL,SJU,B6 2475,JBU,B6 2475,JBU,2025-11-27 10:24:00,Arr 1451,2025-11-27,False
JFK,RDU,B6 2485,JBU,B6 2485,JBU,2025-11-27 13:59:00,Arr 1648 (+61min),2025-11-27,False
SJU,MCO,B6 2534,JBU,B6 2534,JBU,2025-11-27 03:30:00,Arr 0534,2025-11-27,False
DCA,BOS,B6 2554,JBU,B6 2554,JBU,2025-11-27 13:55:00,Arr 1506,2025-11-27,False
MCO,JFK,B6 2584,JBU,B6 2584,JBU,2025-11-27 10:20:00,Arr 1229,2025-11-27,False
HPN,SJU,B6 2601,JBU,B6 2601,JBU,2025-11-27 08:00:00,Arr 1235,2025-11-27,False
SJU,HPN,B6 2602,JBU,B6 2602,JBU,2025-11-27 17:55:00,Arr 2038,2025-11-27,False
RDU,FLL,B6 2625,JBU,B6 2625,JBU,2025-11-27 07:00:00,Arr 0900,2025-11-27,False
FLL,RDU,B6 2626,JBU,B6 2626,JBU,2025-11-27 20:31:00,Arr 2241 (+3min),2025-11-27,False
BOS,LAS,B6 2677,JBU,B6 2677,JBU,2025-11-27 08:59:00,Arr 1140,2025-11-27,False
MCO,ALB,B6 2719,JBU,B6 2719,JBU,2025-11-27 12:56:00,Arr 1512,2025-11-27,False
JFK,TPA,B6 2725,JBU,B6 2725,JBU,2025-11-27 06:30:00,Arr 0938 (+7min),2025-11-27,False
TPA,SJU,B6 2751,JBU,B6 2751,JBU,2025-11-27 08:06:00,Arr 1147,2025-11-27,False
SJU,TPA,B6 2752,JBU,B6 2752,JBU,2025-11-27 05:10:00,Arr 0708,2025-11-27,False
DCA,BOS,B6 2754,JBU,B6 2754,JBU,2025-11-27 17:00:00,Arr 1814,2025-11-27,False
MCO,JFK,B6 2784,JBU,B6 2784,JBU,2025-11-27 13:03:00,Arr 1756 (+136min),2025-11-27,False
FLL,LAX,B6 2801,JBU,B6 2801,JBU,2025-11-27 09:30:00,Arr 1156,2025-11-27,False
FLL,MSY,B6 2823,JBU,B6 2823,JBU,2025-11-27 20:10:00,Arr 2103,2025-11-27,False
LAX,JFK,B6 2824,JBU,B6 2824,JBU,2025-11-27 08:00:00,Arr 1552,2025-11-27,False
JFK,TPA,B6 2825,JBU,B6 2825,JBU,2025-11-27 13:30:00,Arr 1700 (+32min),2025-11-27,False
MCO,LAS,B6 2831,JBU,B6 2831,JBU,2025-11-27 08:45:00,Arr 1032,2025-11-27,False
LAS,MCO,B6 2832,JBU,B6 2832,JBU,2025-11-27 10:40:00,Arr 1737,2025-11-27,False
ORH,RSW,B6 2833,JBU,B6 2833,JBU,2025-11-27 14:17:00,Arr 1735,2025-11-27,False
RSW,ORH,B6 2834,JBU,B6 2834,JBU,2025-11-27 10:26:00,Arr 1258,2025-11-27,False
BQN,JFK,B6 2838,JBU,B6 2838,JBU,2025-11-27 10:00:00,Arr 1242,2025-11-27,False
PVD,MCO,B6 2875,JBU,B6 2875,JBU,2025-11-27 08:20:00,Arr 1149 (+24min),2025-11-27,False
MCO,PVD,B6 2876,JBU,B6 2876,JBU,2025-11-27 12:00:00,Arr 1427,2025-11-27,False
BUF,JFK,B6 2901,JBU,B6 2901,JBU,2025-11-27 11:36:00,Arr 1338 (+39min),2025-11-27,False
JFK,BUF,B6 2902,JBU,B6 2902,JBU,2025-11-27 09:18:00,Arr 1047,2025-11-27,False
ALB,MCO,B6 2920,JBU,B6 2920,JBU,2025-11-27 07:30:00,Arr 1104 (+34min),2025-11-27,False
RDU,SJU,B6 2929,JBU,B6 2929,JBU,2025-11-27 11:52:00,Arr 1625 (+7min),2025-11-27,False
SJU,RDU,B6 2930,JBU,B6 2930,JBU,2025-11-27 08:25:00,Arr 1103,2025-11-27,False
SJU,STX,B6 2940,JBU,B6 2940,JBU,2025-11-27 15:40:00,Arr 1620,2025-11-27,False
STX,SJU,B6 2941,JBU,B6 2941,JBU,2025-11-27 17:16:00,Arr 1742,2025-11-27,False
JFK,SAN,DL 552,DAL,DL 552,DAL,2025-11-27 08:45:00,Arr 1146,2025-11-27,False
LAS,LAX,DL 553,DAL,DL 553,DAL,2025-11-27 06:00:00,Arr 0706,2025-11-27,False
SEA,ATL,DL 554,DAL,DL 554,DAL,2025-11-27 11:40:00,Arr 1855,2025-11-27,False
RDU,SLC,DL 555,DAL,DL 555,DAL,2025-11-27 19:40:00,Arr 2224 (+1min),2025-11-27,False
ATL,SNA,DL 556,DAL,DL 556,DAL,2025-11-27 17:55:00,Arr 1932,2025-11-27,False
SFO,DTW,DL 561,DAL,DL 561,DAL,2025-11-27 10:30:00,Arr 1726,2025-11-27,False
SEA,ATL,DL 562,DAL,DL 562,DAL,2025-11-27 07:15:00,Arr 1439,2025-11-27,False
SEA,ATL,DL 569,DAL,DL 569,DAL,2025-11-27 06:00:00,Arr 1317,2025-11-27,False
SFO,ATL,DL 570,DAL,DL 570,DAL,2025-11-27 06:00:00,Arr 1319,2025-11-27,False
LGA,MCI,DL 572,DAL,DL 572,DAL,2025-11-27 09:22:00,Arr 1132,2025-11-27,False
LAS,ATL,DL 573,DAL,DL 573,DAL,2025-11-27 22:15:00,Arr 0457,2025-11-27,False
SLC,ATL,DL 579,DAL,DL 579,DAL,2025-11-27 15:20:00,Arr 2024,2025-11-27,False
DTW,TPA,DL 596,DAL,DL 596,DAL,2025-11-27 10:10:00,Arr 1246,2025-11-27,False
TPA,DTW,DL 596,DAL,DL 596,DAL,2025-11-27 13:59:00,Arr 1623,2025-11-27,False
CLT,MSP,DL 606,DAL,DL 606,DAL,2025-11-27 15:35:00,Arr 1653,2025-11-27,False
JFK,LAS,DL 607,DAL,DL 607,DAL,2025-11-27 07:30:00,Arr 1013,2025-11-27,False
ATL,SEA,DL 629,DAL,DL 629,DAL,2025-11-27 12:00:00,Arr 1438 (+1min),2025-11-27,False
BOS,JAX,DL 630,DAL,DL 630,DAL,2025-11-27 09:15:00,Arr 1226 (+8min),2025-11-27,False
DTW,LAX,DL 634,DAL,DL 634,DAL,2025-11-27 12:25:00,Arr 1415,2025-11-27,False
ATL,SFO,DL 635,DAL,DL 635,DAL,2025-11-27 18:39:00,Arr 2050,2025-11-27,False
BOS,ATL,DL 638,DAL,DL 638,DAL,2025-11-27 15:35:00,Arr 1823,2025-11-27,False
LAX,BOS,DL 639,DAL,DL 639,DAL,2025-11-27 07:10:00,Arr 1533 (+3min),2025-11-27,False
SFO,ATL,DL 640,DAL,DL 640,DAL,2025-11-27 07:15:00,Arr 1442,2025-11-27,False
ATL,DTW,DL 651,DAL,DL 651,DAL,2025-11-27 06:00:00,Arr 0743,2025-11-27,False
SEA,ATL,DL 652,DAL,DL 652,DAL,2025-11-27 23:00:00,Arr 0618,2025-11-27,False
ATL,SLC,DL 653,DAL,DL 653,DAL,2025-11-27 17:45:00,Arr 1952,2025-11-27,False
SJC,ATL,DL 654,DAL,DL 654,DAL,2025-11-27 06:25:00,Arr 1341,2025-11-27,False
FLL,DTW,DL 655,DAL,DL 655,DAL,2025-11-27 11:30:00,Arr 1425,2025-11-27,False
SLC,BOS,DL 657,DAL,DL 657,DAL,2025-11-27 09:35:00,Arr 1545,2025-11-27,False
HNL,LAX,DL 658,DAL,DL 658,DAL,2025-11-27 21:31:00,Arr 0456,2025-11-27,False
ATL,LAS,DL 659,DAL,DL 659,DAL,2025-11-27 15:50:00,Arr 1709,2025-11-27,False
FLL,CVG,DL 661,DAL,DL 661,DAL,2025-11-27 13:30:00,Arr 1607,2025-11-27,False
PDX,ATL,DL 662,DAL,DL 662,DAL,2025-11-27 06:10:00,Arr 1330,2025-11-27,False
ATL,SLC,DL 663,DAL,DL 663,DAL,2025-11-27 11:59:00,Arr 1409,2025-11-27,False
ATL,MCO,DL 664,DAL,DL 664,DAL,2025-11-27 10:35:00,Arr 1202,2025-11-27,False
MCO,ATL,DL 664,DAL,DL 664,DAL,2025-11-27 13:15:00,Arr 1445,2025-11-27,False
ATL,ONT,DL 665,DAL,DL 665,DAL,2025-11-27 09:10:00,Arr 1047,2025-11-27,False
ONT,ATL,DL 665,DAL,DL 665,DAL,2025-11-27 12:16:00,Arr 1857,2025-11-27,False
JFK,SFO,DL 668,DAL,DL 668,DAL,2025-11-27 07:00:00,Arr 1033,2025-11-27,False
SFO,JFK,DL 669,DAL,DL 669,DAL,2025-11-27 13:55:00,Arr 0015 (+105min),2025-11-27,False
BOS,BNA,DL 670,DAL,DL 670,DAL,2025-11-27 07:50:00,Arr 0942,2025-11-27,False
ATL,SFO,DL 672,DAL,DL 672,DAL,2025-11-27 10:10:00,Arr 1239 (+6min),2025-11-27,False
ATL,SBA,DL 673,DAL,DL 673,DAL,2025-11-27 18:31:00,Arr 2017,2025-11-27,False
LAS,ATL,DL 677,DAL,DL 677,DAL,2025-11-27 07:15:00,Arr 1534 (+85min),2025-11-27,False
SFO,ATL,DL 678,DAL,DL 678,DAL,2025-11-27 12:30:00,Arr 1936,2025-11-27,False
JFK,SFO,DL 679,DAL,DL 679,DAL,2025-11-27 14:59:00,Arr 1917 (+48min),2025-11-27,False
PHX,MSP,DL 681,DAL,DL 681,DAL,2025-11-27 10:29:00,Arr 1418,2025-11-27,False
PSC,SLC,DL 687,DAL,DL 687,DAL,2025-11-27 05:10:00,Arr 0737,2025-11-27,False
LAS,ATL,DL 690,DAL,DL 690,DAL,2025-11-27 11:32:00,Arr 1759,2025-11-27,False
JAC,SLC,DL 691,DAL,DL 691,DAL,2025-11-27 07:00:00,Arr 0823 (+13min),2025-11-27,False
LAX,AUS,DL 692,DAL,DL 692,DAL,2025-11-27 19:05:00,Arr 2334,2025-11-27,False
ATL,SFO,DL 693,DAL,DL 693,DAL,2025-11-27 08:10:00,Arr 1022,2025-11-27,False
BOS,ATL,DL 695,DAL,DL 695,DAL,2025-11-27 05:40:00,Arr 0840,2025-11-27,False
SLC,JFK,DL 697,DAL,DL 697,DAL,2025-11-27 17:30:00,Arr 2355 (+1min),2025-11-27,False
DTW,SLC,DL 698,DAL,DL 698,DAL,2025-11-27 08:03:00,Arr 1014,2025-11-27,False
JFK,SEA,DL 699,DAL,DL 699,DAL,2025-11-27 07:00:00,Arr 1031 (+5min),2025-11-27,False
SLC,SNA,DL 701,DAL,DL 701,DAL,2025-11-27 17:10:00,Arr 1806,2025-11-27,False
SLC,JAC,DL 703,DAL,DL 703,DAL,2025-11-27 15:45:00,Arr 1635,2025-11-27,False
ATL,DEN,DL 706,DAL,DL 706,DAL,2025-11-27 12:44:00,Arr 1420 (+16min),2025-11-27,False
JFK,LAX,DL 713,DAL,DL 713,DAL,2025-11-27 08:30:00,Arr 1147,2025-11-27,False
ATL,SEA,DL 714,DAL,DL 714,DAL,2025-11-27 15:30:00,Arr 1822 (+13min),2025-11-27,False
LAX,ATL,DL 715,DAL,DL 715,DAL,2025-11-27 14:00:00,Arr 2209 (+53min),2025-11-27,False
LAS,SEA,DL 719,DAL,DL 719,DAL,2025-11-27 14:06:00,Arr 1636,2025-11-27,False
SNA,ATL,DL 721,DAL,DL 721,DAL,2025-11-27 06:45:00,Arr 1354,2025-11-27,False
ORF,DTW,DL 724,DAL,DL 724,DAL,2025-11-27 05:40:00,Arr 0736,2025-11-27,False
ATL,SAN,DL 725,DAL,DL 725,DAL,2025-11-27 08:05:00,Arr 0939,2025-11-27,False
SAN,ATL,DL 725,DAL,DL 725,DAL,2025-11-27 11:02:00,Arr 1800,2025-11-27,False
ATL,BOS,DL 726,DAL,DL 726,DAL,2025-11-27 13:45:00,Arr 1547,2025-11-27,False
ATL,DCA,DL 727,DAL,DL 727,DAL,2025-11-27 19:59:00,Arr 2122,2025-11-27,False
SAN,ATL,DL 729,DAL,DL 729,DAL,2025-11-27 06:24:00,Arr 1317,2025-11-27,False
DTW,ORF,DL 731,DAL,DL 731,DAL,2025-11-27 10:25:00,Arr 1202,2025-11-27,False
DTW,LAS,DL 732,DAL,DL 732,DAL,2025-11-27 07:00:00,Arr 0842 (+5min),2025-11-27,False
LAX,DTW,DL 733,DAL,DL 733,DAL,2025-11-27 05:20:00,Arr 1224,2025-11-27,False
DTW,SEA,DL 734,DAL,DL 734,DAL,2025-11-27 08:25:00,Arr 1037,2025-11-27,False
SBA,ATL,DL 735,DAL,DL 735,DAL,2025-11-27 08:25:00,Arr 1542,2025-11-27,False
ATL,DCA,DL 737,DAL,DL 737,DAL,2025-11-27 11:00:00,Arr 1222,2025-11-27,False
DCA,ATL,DL 737,DAL,DL 737,DAL,2025-11-27 13:44:00,Arr 1521,2025-11-27,False
JFK,LAX,DL 738,DAL,DL 738,DAL,2025-11-27 15:40:00,Arr 1837,2025-11-27,False
SEA,AUS,DL 739,DAL,DL 739,DAL,2025-11-27 07:20:00,Arr 1324,2025-11-27,False
JFK,SEA,DL 740,DAL,DL 740,DAL,2025-11-27 16:45:00,Arr 1942,2025-11-27,False
SMF,ATL,DL 741,DAL,DL 741,DAL,2025-11-27 07:00:00,Arr 1406,2025-11-27,False
JFK,LAX,DL 742,DAL,DL 742,DAL,2025-11-27 07:10:00,Arr 1028,2025-11-27,False
FLL,SLC,DL 745,DAL,DL 745,DAL,2025-11-27 17:41:00,Arr 2040,2025-11-27,False
SLC,FLL,DL 745,DAL,DL 745,DAL,2025-11-27 09:59:00,Arr 1614,2025-11-27,False
ATL,DEN,DL 746,DAL,DL 746,DAL,2025-11-27 19:15:00,Arr 2033,2025-11-27,False
LAS,ATL,DL 748,DAL,DL 748,DAL,2025-11-27 12:30:00,Arr 1918,2025-11-27,False
LAX,TPA,DL 749,DAL,DL 749,DAL,2025-11-27 10:50:00,Arr 1808,2025-11-27,False
ATL,SFO,DL 750,DAL,DL 750,DAL,2025-11-27 12:30:00,Arr 1440,2025-11-27,False
LGA,DEN,DL 751,DAL,DL 751,DAL,2025-11-27 07:30:00,Arr 0958,2025-11-27,False
ATL,LAX,DL 753,DAL,DL 753,DAL,2025-11-27 14:41:00,Arr 1630,2025-11-27,False
SAN,DTW,DL 754,DAL,DL 754,DAL,2025-11-27 07:18:00,Arr 1440,2025-11-27,False
LAS,ATL,DL 755,DAL,DL 755,DAL,2025-11-27 06:00:00,Arr 1229,2025-11-27,False
MSP,SFO,DL 756,DAL,DL 756,DAL,2025-11-27 15:55:00,Arr 1800,2025-11-27,False
BOS,DFW,DL 760,DAL,DL 760,DAL,2025-11-27 07:30:00,Arr 1055,2025-11-27,False
ONT,ATL,DL 761,DAL,DL 761,DAL,2025-11-27 07:05:00,Arr 1348,2025-11-27,False
ATL,LAX,DL 763,DAL,DL 763,DAL,2025-11-27 19:38:00,Arr 2126,2025-11-27,False
SAN,DTW,DL 764,DAL,DL 764,DAL,2025-11-27 22:00:00,Arr 0448,2025-11-27,False
DTW,LAS,DL 766,DAL,DL 766,DAL,2025-11-27 16:55:00,Arr 1844 (+16min),2025-11-27,False
JFK,LAX,DL 767,DAL,DL 767,DAL,2025-11-27 12:00:00,Arr 1500,2025-11-27,False
LAX,BNA,DL 768,DAL,DL 768,DAL,2025-11-27 06:45:00,Arr 1229,2025-11-27,False
ATL,ONT,DL 770,DAL,DL 770,DAL,2025-11-27 17:58:00,Arr 1933,2025-11-27,False
JFK,LAX,DL 771,DAL,DL 771,DAL,2025-11-27 17:15:00,Arr 2022,2025-11-27,False
SFO,DTW,DL 772,DAL,DL 772,DAL,2025-11-27 05:50:00,Arr 1253,2025-11-27,False
JFK,LAX,DL 773,DAL,DL 773,DAL,2025-11-27 09:40:00,Arr 1237,2025-11-27,False
ATL,SEA,DL 774,DAL,DL 774,DAL,2025-11-27 09:59:00,Arr 1238,2025-11-27,False
ATL,CLE,DL 775,DAL,DL 775,DAL,2025-11-27 11:22:00,Arr 1259,2025-11-27,False
CLE,ATL,DL 775,DAL,DL 775,DAL,2025-11-27 14:10:00,Arr 1605 (+1min),2025-11-27,False
BOS,MIA,DL 776,DAL,DL 776,DAL,2025-11-27 12:00:00,Arr 1603 (+31min),2025-11-27,False
ATL,LAS,DL 777,DAL,DL 777,DAL,2025-11-27 09:40:00,Arr 1142 (+32min),2025-11-27,False
AUS,SEA,DL 780,DAL,DL 780,DAL,2025-11-27 06:05:00,Arr 0831,2025-11-27,False
LAX,ATL,DL 782,DAL,DL 782,DAL,2025-11-27 08:25:00,Arr 1546 (+16min),2025-11-27,False
SEA,DCA,DL 786,DAL,DL 786,DAL,2025-11-27 07:25:00,Arr 1448,2025-11-27,False
ATL,GEG,DL 787,DAL,DL 787,DAL,2025-11-27 10:13:00,Arr 1244 (+38min),2025-11-27,False
GEG,ATL,DL 787,DAL,DL 787,DAL,2025-11-27 13:16:00,Arr 2041 (+6min),2025-11-27,False
DTW,SAT,DL 788,DAL,DL 788,DAL,2025-11-27 10:30:00,Arr 1230,2025-11-27,False
MIA,JFK,DL 790,DAL,DL 790,DAL,2025-11-27 15:42:00,Arr 2127 (+162min),2025-11-27,False
JFK,PHX,DL 791,DAL,DL 791,DAL,2025-11-27 08:00:00,Arr 1133,2025-11-27,False
LAX,MSP,DL 792,DAL,DL 792,DAL,2025-11-27 06:04:00,Arr 1134,2025-11-27,False
DTW,LAX,DL 794,DAL,DL 794,DAL,2025-11-27 08:30:00,Arr 1013,2025-11-27,False
LAS,JFK,DL 795,DAL,DL 795,DAL,2025-11-27 11:59:00,Arr 2001,2025-11-27,False
ATL,PHX,DL 796,DAL,DL 796,DAL,2025-11-27 11:05:00,Arr 1359 (+43min),2025-11-27,False
LAX,MSP,DL 799,DAL,DL 799,DAL,2025-11-27 08:36:00,Arr 1551 (+96min),2025-11-27,False
FLL,LAX,DL 800,DAL,DL 800,DAL,2025-11-27 07:45:00,Arr 1014,2025-11-27,False
LAX,DTW,DL 802,DAL,DL 802,DAL,2025-11-27 11:37:00,Arr 1931 (+31min),2025-11-27,False
DFW,SEA,DL 804,DAL,DL 804,DAL,2025-11-27 07:10:00,Arr 0917,2025-11-27,False
DFW,DTW,DL 805,DAL,DL 805,DAL,2025-11-27 12:36:00,Arr 1607,2025-11-27,False
JFK,LAS,DL 806,DAL,DL 806,DAL,2025-11-27 16:40:00,Arr 1912,2025-11-27,False
TPA,DTW,DL 808,DAL,DL 808,DAL,2025-11-27 05:40:00,Arr 0803,2025-11-27,False
ATL,SJC,DL 809,DAL,DL 809,DAL,2025-11-27 09:15:00,Arr 1117,2025-11-27,False
SEA,DTW,DL 810,DAL,DL 810,DAL,2025-11-27 23:10:00,Arr 0618,2025-11-27,False
LAX,MIA,DL 811,DAL,DL 811,DAL,2025-11-27 09:37:00,Arr 1808 (+35min),2025-11-27,False
SEA,DTW,DL 812,DAL,DL 812,DAL,2025-11-27 05:25:00,Arr 1211,2025-11-27,False
RSW,LGA,DL 814,DAL,DL 814,DAL,2025-11-27 13:30:00,Arr 1537,2025-11-27,False
ATL,DFW,DL 818,DAL,DL 818,DAL,2025-11-27 21:15:00,Arr 2231,2025-11-27,False
ATL,SAN,DL 819,DAL,DL 819,DAL,2025-11-27 19:27:00,Arr 2101,2025-11-27,False
SAN,ATL,DL 819,DAL,DL 819,DAL,2025-11-27 22:30:00,Arr 0534,2025-11-27,False
DCA,SLC,DL 820,DAL,DL 820,DAL,2025-11-27 17:10:00,Arr 1935,2025-11-27,False
SLC,DCA,DL 820,DAL,DL 820,DAL,2025-11-27 09:56:00,Arr 1539,2025-11-27,False
MIA,LGA,DL 824,DAL,DL 824,DAL,2025-11-27 15:28:00,Arr 1842 (+15min),2025-11-27,False
ATL,LAS,DL 825,DAL,DL 825,DAL,2025-11-27 22:55:00,Arr 0012,2025-11-27,False
ATL,LAX,DL 827,DAL,DL 827,DAL,2025-11-27 09:09:00,Arr 1107 (+2min),2025-11-27,False
SLC,LAX,DL 829,DAL,DL 829,DAL,2025-11-27 11:16:00,Arr 1158,2025-11-27,False
ATL,SLC,DL 830,DAL,DL 830,DAL,2025-11-27 08:05:00,Arr 1034 (+14min),2025-11-27,False
SEA,AUS,DL 831,DAL,DL 831,DAL,2025-11-27 11:35:00,Arr 1725,2025-11-27,False
AUS,SEA,DL 833,DAL,DL 833,DAL,2025-11-27 12:06:00,Arr 1420,2025-11-27,False
SLC,ATL,DL 835,DAL,DL 835,DAL,2025-11-27 09:45:00,Arr 1450,2025-11-27,False
ATL,PHX,DL 836,DAL,DL 836,DAL,2025-11-27 17:40:00,Arr 1940,2025-11-27,False
ATL,HNL,DL 837,DAL,DL 837,DAL,2025-11-27 09:54:00,Arr 1440,2025-11-27,False
ATL,PBI,DL 838,DAL,DL 838,DAL,2025-11-27 13:36:00,Arr 1510,2025-11-27,False
PBI,ATL,DL 838,DAL,DL 838,DAL,2025-11-27 16:28:00,Arr 1748,2025-11-27,False
ATL,DFW,DL 839,DAL,DL 839,DAL,2025-11-27 07:39:00,Arr 0926 (+21min),2025-11-27,False
DFW,ATL,DL 839,DAL,DL 839,DAL,2025-11-27 10:00:00,Arr 1316 (+11min),2025-11-27,False
SLC,LAX,DL 841,DAL,DL 841,DAL,2025-11-27 15:00:00,Arr 1539,2025-11-27,False
ATL,PHX,DL 842,DAL,DL 842,DAL,2025-11-27 21:15:00,Arr 2304,2025-11-27,False
ATL,SAN,DL 843,DAL,DL 843,DAL,2025-11-27 13:45:00,Arr 1522,2025-11-27,False
LAS,MSP,DL 844,DAL,DL 844,DAL,2025-11-27 09:33:00,Arr 1427,2025-11-27,False
LAS,DTW,DL 845,DAL,DL 845,DAL,2025-11-27 22:10:00,Arr 0434,2025-11-27,False
LGA,DFW,DL 846,DAL,DL 846,DAL,2025-11-27 15:00:00,Arr 1741,2025-11-27,False
ATL,BOS,DL 849,DAL,DL 849,DAL,2025-11-27 08:00:00,Arr 1015,2025-11-27,False
ATL,DCA,DL 850,DAL,DL 850,DAL,2025-11-27 15:40:00,Arr 1707,2025-11-27,False
DTW,LAX,DL 852,DAL,DL 852,DAL,2025-11-27 18:30:00,Arr 2014,2025-11-27,False
ANC,SEA,DL 853,DAL,DL 853,DAL,2025-11-27 06:00:00,Arr 1040,2025-11-27,False
ATL,BOS,DL 855,DAL,DL 855,DAL,2025-11-27 09:54:00,Arr 1157,2025-11-27,False
DTW,ORD,DL 857,DAL,DL 857,DAL,2025-11-27 16:10:00,Arr 1632,2025-11-27,False
BOS,SLC,DL 859,DAL,DL 859,DAL,2025-11-27 07:35:00,Arr 1027,2025-11-27,False
ATL,ORF,DL 1346,DAL,DL 1346,DAL,2025-11-27 17:03:00,Arr 1827,2025-11-27,False
ATL,LIT,DL 1347,DAL,DL 1347,DAL,2025-11-27 15:31:00,Arr 1605,2025-11-27,False
LIT,ATL,DL 1347,DAL,DL 1347,DAL,2025-11-27 16:53:00,Arr 1903,2025-11-27,False
ATL,RIC,DL 1348,DAL,DL 1348,DAL,2025-11-27 17:50:00,Arr 1914,2025-11-27,False
ATL,PIT,DL 1351,DAL,DL 1351,DAL,2025-11-27 22:44:00,Arr 0020,2025-11-27,False
PBI,ATL,DL 1352,DAL,DL 1352,DAL,2025-11-27 07:00:00,Arr 0829,2025-11-27,False
PIT,ATL,DL 1353,DAL,DL 1353,DAL,2025-11-27 17:23:00,Arr 1917 (+5min),2025-11-27,False
IAD,ATL,DL 1354,DAL,DL 1354,DAL,2025-11-27 07:18:00,Arr 0903,2025-11-27,False
DTW,TPA,DL 1355,DAL,DL 1355,DAL,2025-11-27 17:47:00,Arr 2012,2025-11-27,False
MIA,BOS,DL 1358,DAL,DL 1358,DAL,2025-11-27 06:55:00,Arr 0949,2025-11-27,False
ATL,ECP,DL 1359,DAL,DL 1359,DAL,2025-11-27 12:43:00,Arr 1240,2025-11-27,False
ECP,ATL,DL 1359,DAL,DL 1359,DAL,2025-11-27 13:32:00,Arr 1524,2025-11-27,False
BIL,SLC,DL 1360,DAL,DL 1360,DAL,2025-11-27 05:18:00,Arr 0648 (+3min),2025-11-27,False
RSW,ATL,DL 1361,DAL,DL 1361,DAL,2025-11-27 06:55:00,Arr 0832,2025-11-27,False
ATL,PIT,DL 1363,DAL,DL 1363,DAL,2025-11-27 08:55:00,Arr 1024,2025-11-27,False
PIT,ATL,DL 1363,DAL,DL 1363,DAL,2025-11-27 11:43:00,Arr 1329,2025-11-27,False
ORF,ATL,DL 1364,DAL,DL 1364,DAL,2025-11-27 06:35:00,Arr 0826,2025-11-27,False
CLE,MSP,DL 1366,DAL,DL 1366,DAL,2025-11-27 12:00:00,Arr 1249,2025-11-27,False
MSP,CLE,DL 1366,DAL,DL 1366,DAL,2025-11-27 07:06:00,Arr 0943,2025-11-27,False
SLC,SMF,DL 1367,DAL,DL 1367,DAL,2025-11-27 08:05:00,Arr 0840,2025-11-27,False
SMF,SLC,DL 1367,DAL,DL 1367,DAL,2025-11-27 09:50:00,Arr 1216,2025-11-27,False
JFK,MSY,DL 1368,DAL,DL 1368,DAL,2025-11-27 08:00:00,Arr 1023,2025-11-27,False
BHM,ATL,DL 1369,DAL,DL 1369,DAL,2025-11-27 08:59:00,Arr 1030,2025-11-27,False
ATL,SDF,DL 1374,DAL,DL 1374,DAL,2025-11-27 08:20:00,Arr 0921,2025-11-27,False
SDF,ATL,DL 1374,DAL,DL 1374,DAL,2025-11-27 10:37:00,Arr 1141,2025-11-27,False
PBI,ATL,DL 1376,DAL,DL 1376,DAL,2025-11-27 06:00:00,Arr 0728,2025-11-27,False
DTW,FLL,DL 1378,DAL,DL 1378,DAL,2025-11-27 12:50:00,Arr 1611 (+20min),2025-11-27,False
ATL,FLL,DL 1379,DAL,DL 1379,DAL,2025-11-27 21:35:00,Arr 2324,2025-11-27,False
ATL,CHS,DL 1381,DAL,DL 1381,DAL,2025-11-27 21:40:00,Arr 2246,2025-11-27,False
DTW,MEM,DL 1382,DAL,DL 1382,DAL,2025-11-27 12:25:00,Arr 1304,2025-11-27,False
PIT,ATL,DL 1383,DAL,DL 1383,DAL,2025-11-27 09:00:00,Arr 1027,2025-11-27,False
ATL,BUF,DL 1384,DAL,DL 1384,DAL,2025-11-27 09:00:00,Arr 1041,2025-11-27,False
BUF,ATL,DL 1384,DAL,DL 1384,DAL,2025-11-27 12:05:00,Arr 1405,2025-11-27,False
RSW,ATL,DL 1385,DAL,DL 1385,DAL,2025-11-27 05:35:00,Arr 0712,2025-11-27,False
ATL,MIA,DL 1386,DAL,DL 1386,DAL,2025-11-27 15:25:00,Arr 1721 (+3min),2025-11-27,False
RDU,DTW,DL 1388,DAL,DL 1388,DAL,2025-11-27 05:30:00,Arr 0702,2025-11-27,False
IAH,DTW,DL 1389,DAL,DL 1389,DAL,2025-11-27 05:30:00,Arr 0905,2025-11-27,False
ATL,STL,DL 1393,DAL,DL 1393,DAL,2025-11-27 17:51:00,Arr 1911 (+36min),2025-11-27,False
PBI,ATL,DL 1394,DAL,DL 1394,DAL,2025-11-27 09:30:00,Arr 1100,2025-11-27,False
RSW,ATL,DL 1395,DAL,DL 1395,DAL,2025-11-27 08:00:00,Arr 0929,2025-11-27,False
BOS,MIA,DL 1399,DAL,DL 1399,DAL,2025-11-27 07:05:00,Arr 1049 (+5min),2025-11-27,False
MIA,BOS,DL 1399,DAL,DL 1399,DAL,2025-11-27 11:50:00,Arr 1430,2025-11-27,False
LGA,SRQ,DL 1400,DAL,DL 1400,DAL,2025-11-27 09:05:00,Arr 1226 (+8min),2025-11-27,False
SRQ,LGA,DL 1400,DAL,DL 1400,DAL,2025-11-27 13:20:00,Arr 1535,2025-11-27,False
BOS,FLL,DL 1401,DAL,DL 1401,DAL,2025-11-27 07:10:00,Arr 1046,2025-11-27,False
FLL,BOS,DL 1401,DAL,DL 1401,DAL,2025-11-27 11:41:00,Arr 1426,2025-11-27,False
RIC,ATL,DL 1402,DAL,DL 1402,DAL,2025-11-27 06:00:00,Arr 0739,2025-11-27,False
ATL,STL,DL 1403,DAL,DL 1403,DAL,2025-11-27 21:15:00,Arr 2156,2025-11-27,False
CLT,DTW,DL 1405,DAL,DL 1405,DAL,2025-11-27 06:00:00,Arr 0724,2025-11-27,False
DTW,RDU,DL 1407,DAL,DL 1407,DAL,2025-11-27 15:51:00,Arr 1716,2025-11-27,False
ATL,SAT,DL 1408,DAL,DL 1408,DAL,2025-11-27 14:16:00,Arr 1540,2025-11-27,False
ATL,PHL,DL 1409,DAL,DL 1409,DAL,2025-11-27 13:57:00,Arr 1534,2025-11-27,False
PHL,ATL,DL 1409,DAL,DL 1409,DAL,2025-11-27 16:58:00,Arr 1838,2025-11-27,False
BOS,AUS,DL 1410,DAL,DL 1410,DAL,2025-11-27 06:05:00,Arr 0935,2025-11-27,False
AUS,JFK,DL 1411,DAL,DL 1411,DAL,2025-11-27 07:20:00,Arr 1146,2025-11-27,False
RIC,ATL,DL 1415,DAL,DL 1415,DAL,2025-11-27 08:04:00,Arr 0945,2025-11-27,False
LAS,ATL,DL 1416,DAL,DL 1416,DAL,2025-11-27 09:52:00,Arr 1622,2025-11-27,False
IAH,LGA,DL 1417,DAL,DL 1417,DAL,2025-11-27 06:35:00,Arr 1026,2025-11-27,False
ORD,SEA,DL 1418,DAL,DL 1418,DAL,2025-11-27 14:12:00,Arr 1707 (+11min),2025-11-27,False
JFK,FLL,DL 1419,DAL,DL 1419,DAL,2025-11-27 15:03:00,Arr 1837 (+24min),2025-11-27,False
LAX,SFO,DL 1421,DAL,DL 1421,DAL,2025-11-27 06:00:00,Arr 0708,2025-11-27,False
SFO,LAX,DL 1421,DAL,DL 1421,DAL,2025-11-27 08:25:00,Arr 0938,2025-11-27,False
FLL,JFK,DL 1422,DAL,DL 1422,DAL,2025-11-27 11:15:00,Arr 1412 (+2min),2025-11-27,False
JFK,FLL,DL 1422,DAL,DL 1422,DAL,2025-11-27 07:00:00,Arr 1019 (+9min),2025-11-27,False
SLC,SMF,DL 1423,DAL,DL 1423,DAL,2025-11-27 11:40:00,Arr 1211,2025-11-27,False
SMF,SLC,DL 1423,DAL,DL 1423,DAL,2025-11-27 13:30:00,Arr 1546,2025-11-27,False
ATL,MSY,DL 1424,DAL,DL 1424,DAL,2025-11-27 08:55:00,Arr 0923,2025-11-27,False
MSY,ATL,DL 1424,DAL,DL 1424,DAL,2025-11-27 10:42:00,Arr 1257,2025-11-27,False
DTW,CLT,DL 1429,DAL,DL 1429,DAL,2025-11-27 13:00:00,Arr 1422,2025-11-27,False
MCO,MSP,DL 1430,DAL,DL 1430,DAL,2025-11-27 10:30:00,Arr 1407 (+63min),2025-11-27,False
PHX,SLC,DL 1431,DAL,DL 1431,DAL,2025-11-27 14:18:00,Arr 1533,2025-11-27,False
SLC,PHX,DL 1431,DAL,DL 1431,DAL,2025-11-27 11:26:00,Arr 1255,2025-11-27,False
MSP,DTW,DL 1433,DAL,DL 1433,DAL,2025-11-27 08:50:00,Arr 1116,2025-11-27,False
LAX,SLC,DL 1434,DAL,DL 1434,DAL,2025-11-27 10:00:00,Arr 1236,2025-11-27,False
MIA,JFK,DL 1435,DAL,DL 1435,DAL,2025-11-27 11:27:00,Arr 1409,2025-11-27,False
ATW,ATL,DL 1436,DAL,DL 1436,DAL,2025-11-27 05:23:00,Arr 0853 (+7min),2025-11-27,False
ATL,RIC,DL 1437,DAL,DL 1437,DAL,2025-11-27 12:44:00,Arr 1401,2025-11-27,False
RIC,ATL,DL 1437,DAL,DL 1437,DAL,2025-11-27 15:19:00,Arr 1645,2025-11-27,False
GEG,SLC,DL 1440,DAL,DL 1440,DAL,2025-11-27 06:00:00,Arr 0833,2025-11-27,False
DFW,DTW,DL 1441,DAL,DL 1441,DAL,2025-11-27 13:40:00,Arr 1654,2025-11-27,False
ATL,MCI,DL 1443,DAL,DL 1443,DAL,2025-11-27 14:59:00,Arr 1601,2025-11-27,False
SRQ,ATL,DL 1445,DAL,DL 1445,DAL,2025-11-27 07:35:00,Arr 0907,2025-11-27,False
DCA,SEA,DL 1446,DAL,DL 1446,DAL,2025-11-27 16:56:00,Arr 1931,2025-11-27,False
DTW,FLL,DL 1448,DAL,DL 1448,DAL,2025-11-27 10:10:00,Arr 1321 (+4min),2025-11-27,False
FLL,DTW,DL 1448,DAL,DL 1448,DAL,2025-11-27 14:22:00,Arr 1659,2025-11-27,False
ILM,ATL,DL 1449,DAL,DL 1449,DAL,2025-11-27 06:00:00,Arr 0732,2025-11-27,False
ATL,MSY,DL 1450,DAL,DL 1450,DAL,2025-11-27 19:30:00,Arr 2001,2025-11-27,False
SLC,PHX,DL 1451,DAL,DL 1451,DAL,2025-11-27 17:10:00,Arr 1855,2025-11-27,False
GEG,SLC,DL 1452,DAL,DL 1452,DAL,2025-11-27 13:15:00,Arr 1540,2025-11-27,False
SLC,GEG,DL 1452,DAL,DL 1452,DAL,2025-11-27 11:15:00,Arr 1144,2025-11-27,False
SAN,SLC,DL 1453,DAL,DL 1453,DAL,2025-11-27 13:06:00,Arr 1545,2025-11-27,False
DTW,DCA,DL 1454,DAL,DL 1454,DAL,2025-11-27 14:59:00,Arr 1602,2025-11-27,False
MCO,DTW,DL 1455,DAL,DL 1455,DAL,2025-11-27 12:59:00,Arr 1507,2025-11-27,False
ATL,ORD,DL 1456,DAL,DL 1456,DAL,2025-11-27 11:00:00,Arr 1159,2025-11-27,False
ORD,ATL,DL 1456,DAL,DL 1456,DAL,2025-11-27 13:14:00,Arr 1551,2025-11-27,False
ATL,TPA,DL 1457,DAL,DL 1457,DAL,2025-11-27 19:56:00,Arr 2125 (+2min),2025-11-27,False
ATL,CMH,DL 1459,DAL,DL 1459,DAL,2025-11-27 22:41:00,Arr 2347,2025-11-27,False
MSP,DTW,DL 1461,DAL,DL 1461,DAL,2025-11-27 06:10:00,Arr 0840,2025-11-27,False
RIC,ATL,DL 1462,DAL,DL 1462,DAL,2025-11-27 10:04:00,Arr 1138,2025-11-27,False
MCO,ATL,DL 1463,DAL,DL 1463,DAL,2025-11-27 08:00:00,Arr 0914,2025-11-27,False
SLC,FCA,DL 1464,DAL,DL 1464,DAL,2025-11-27 21:15:00,Arr 2238,2025-11-27,False
JAC,SLC,DL 1466,DAL,DL 1466,DAL,2025-11-27 12:57:00,Arr 1331,2025-11-27,False
SLC,JAC,DL 1466,DAL,DL 1466,DAL,2025-11-27 10:55:00,Arr 1150,2025-11-27,False
DTW,ATL,DL 1467,DAL,DL 1467,DAL,2025-11-27 16:34:00,Arr 1836,2025-11-27,False
ATL,MCI,DL 1470,DAL,DL 1470,DAL,2025-11-27 16:20:00,Arr 1753 (+25min),2025-11-27,False
RSW,ATL,DL 1471,DAL,DL 1471,DAL,2025-11-27 16:12:00,Arr 1737,2025-11-27,False
ATL,EYW,DL 1472,DAL,DL 1472,DAL,2025-11-27 12:15:00,Arr 1356,2025-11-27,False
EYW,ATL,DL 1472,DAL,DL 1472,DAL,2025-11-27 14:58:00,Arr 1636,2025-11-27,False
RSW,ATL,DL 1474,DAL,DL 1474,DAL,2025-11-27 13:35:00,Arr 1514,2025-11-27,False
LAS,LAX,DL 1475,DAL,DL 1475,DAL,2025-11-27 13:49:00,Arr 1445,2025-11-27,False
MSP,DTW,DL 1476,DAL,DL 1476,DAL,2025-11-27 16:58:00,Arr 1918,2025-11-27,False
ATL,DTW,DL 1478,DAL,DL 1478,DAL,2025-11-27 18:45:00,Arr 2024,2025-11-27,False
ATL,CMH,DL 1479,DAL,DL 1479,DAL,2025-11-27 07:30:00,Arr 0846,2025-11-27,False
CMH,ATL,DL 1479,DAL,DL 1479,DAL,2025-11-27 09:55:00,Arr 1116,2025-11-27,False
ATL,SDF,DL 1481,DAL,DL 1481,DAL,2025-11-27 10:49:00,Arr 1210 (+3min),2025-11-27,False
SDF,ATL,DL 1481,DAL,DL 1481,DAL,2025-11-27 12:57:00,Arr 1427,2025-11-27,False
ATL,IAD,DL 1482,DAL,DL 1482,DAL,2025-11-27 12:59:00,Arr 1421,2025-11-27,False
IAD,ATL,DL 1482,DAL,DL 1482,DAL,2025-11-27 15:35:00,Arr 1705,2025-11-27,False
TPA,ATL,DL 1486,DAL,DL 1486,DAL,2025-11-27 07:25:00,Arr 0911 (+5min),2025-11-27,False
DTW,LGA,DL 1487,DAL,DL 1487,DAL,2025-11-27 07:00:00,Arr 0839,2025-11-27,False
ATL,RSW,DL 1488,DAL,DL 1488,DAL,2025-11-27 16:30:00,Arr 1758,2025-11-27,False
ATL,FLL,DL 1489,DAL,DL 1489,DAL,2025-11-27 19:50:00,Arr 2143,2025-11-27,False
DCA,MSP,DL 1493,DAL,DL 1493,DAL,2025-11-27 07:40:00,Arr 0902,2025-11-27,False
MCO,ATL,DL 1494,DAL,DL 1494,DAL,2025-11-27 05:30:00,Arr 0641,2025-11-27,False
ATL,PBI,DL 1495,DAL,DL 1495,DAL,2025-11-27 21:40:00,Arr 2304,2025-11-27,False
ALB,DTW,DL 1498,DAL,DL 1498,DAL,2025-11-27 06:00:00,Arr 0750,2025-11-27,False
SRQ,ATL,DL 1499,DAL,DL 1499,DAL,2025-11-27 06:00:00,Arr 0737,2025-11-27,False
SLC,GEG,DL 1503,DAL,DL 1503,DAL,2025-11-27 15:00:00,Arr 1523,2025-11-27,False
PIT,ATL,DL 1504,DAL,DL 1504,DAL,2025-11-27 06:00:00,Arr 0738,2025-11-27,False
MCO,ATL,DL 1505,DAL,DL 1505,DAL,2025-11-27 09:30:00,Arr 1044,2025-11-27,False
ATL,COS,DL 1507,DAL,DL 1507,DAL,2025-11-27 19:26:00,Arr 2040,2025-11-27,False
ATL,HOU,DL 1509,DAL,DL 1509,DAL,2025-11-27 08:20:00,Arr 0933,2025-11-27,False
HOU,ATL,DL 1509,DAL,DL 1509,DAL,2025-11-27 10:40:00,Arr 1316,2025-11-27,False
ATL,MIA,DL 1510,DAL,DL 1510,DAL,2025-11-27 09:25:00,Arr 1137 (+16min),2025-11-27,False
MIA,ATL,DL 1510,DAL,DL 1510,DAL,2025-11-27 12:36:00,Arr 1423,2025-11-27,False
ATL,SDF,DL 1511,DAL,DL 1511,DAL,2025-11-27 21:40:00,Arr 2246,2025-11-27,False
ATL,FLL,DL 1512,DAL,DL 1512,DAL,2025-11-27 10:46:00,Arr 1231,2025-11-27,False
FLL,ATL,DL 1512,DAL,DL 1512,DAL,2025-11-27 13:43:00,Arr 1516,2025-11-27,False
JFK,MIA,DL 1514,DAL,DL 1514,DAL,2025-11-27 11:25:00,Arr 1558 (+85min),2025-11-27,False
LAX,MCI,DL 1517,DAL,DL 1517,DAL,2025-11-27 09:42:00,Arr 1444,2025-11-27,False
MSP,DTW,DL 1519,DAL,DL 1519,DAL,2025-11-27 12:45:00,Arr 1510,2025-11-27,False
PHX,SLC,DL 1520,DAL,DL 1520,DAL,2025-11-27 18:27:00,Arr 1932,2025-11-27,False
ATL,RSW,DL 1521,DAL,DL 1521,DAL,2025-11-27 19:55:00,Arr 2123,2025-11-27,False
STL,ATL,DL 1524,DAL,DL 1524,DAL,2025-11-27 06:00:00,Arr 0819,2025-11-27,False
ATL,TPA,DL 1525,DAL,DL 1525,DAL,2025-11-27 12:33:00,Arr 1346,2025-11-27,False
TPA,ATL,DL 1525,DAL,DL 1525,DAL,2025-11-27 15:04:00,Arr 1631,2025-11-27,False
SMF,SLC,DL 1526,DAL,DL 1526,DAL,2025-11-27 05:30:00,Arr 0751,2025-11-27,False
ATL,PBI,DL 1527,DAL,DL 1527,DAL,2025-11-27 10:05:00,Arr 1157,2025-11-27,False
PBI,ATL,DL 1527,DAL,DL 1527,DAL,2025-11-27 13:03:00,Arr 1438,2025-11-27,False
JFK,MIA,DL 1528,DAL,DL 1528,DAL,2025-11-27 07:15:00,Arr 1040 (+10min),2025-11-27,False
DTW,IAH,DL 1529,DAL,DL 1529,DAL,2025-11-27 16:05:00,Arr 1741,2025-11-27,False
MCO,MSP,DL 1530,DAL,DL 1530,DAL,2025-11-27 14:25:00,Arr 1658,2025-11-27,False
ATL,ABQ,DL 1531,DAL,DL 1531,DAL,2025-11-27 18:10:00,Arr 1924,2025-11-27,False
IAH,SLC,DL 1532,DAL,DL 1532,DAL,2025-11-27 11:46:00,Arr 1335,2025-11-27,False
MSP,ORD,DL 1533,DAL,DL 1533,DAL,2025-11-27 13:29:00,Arr 1447,2025-11-27,False
PHX,SLC,DL 1535,DAL,DL 1535,DAL,2025-11-27 07:00:00,Arr 0835,2025-11-27,False
STL,ATL,DL 1536,DAL,DL 1536,DAL,2025-11-27 07:05:00,Arr 0934,2025-11-27,False
DTW,STL,DL 1537,DAL,DL 1537,DAL,2025-11-27 13:08:00,Arr 1328,2025-11-27,False
PHL,DTW,DL 1540,DAL,DL 1540,DAL,2025-11-27 06:00:00,Arr 0727,2025-11-27,False
MSP,LAS,DL 1542,DAL,DL 1542,DAL,2025-11-27 14:59:00,Arr 1607,2025-11-27,False
DTW,DFW,DL 1543,DAL,DL 1543,DAL,2025-11-27 12:20:00,Arr 1417,2025-11-27,False
MSY,ATL,DL 1547,DAL,DL 1547,DAL,2025-11-27 05:22:00,Arr 0734,2025-11-27,False
LAX,SEA,DL 1551,DAL,DL 1551,DAL,2025-11-27 19:59:00,Arr 2216,2025-11-27,False
DFW,SLC,DL 1552,DAL,DL 1552,DAL,2025-11-27 14:00:00,Arr 1548,2025-11-27,False
SLC,DEN,DL 1553,DAL,DL 1553,DAL,2025-11-27 09:30:00,Arr 1042,2025-11-27,False
MSP,GRR,DL 1555,DAL,DL 1555,DAL,2025-11-27 15:25:00,Arr 1730,2025-11-27,False
MCI,DTW,DL 1556,DAL,DL 1556,DAL,2025-11-27 11:42:00,Arr 1415,2025-11-27,False
DCA,DTW,DL 1558,DAL,DL 1558,DAL,2025-11-27 09:34:00,Arr 1105,2025-11-27,False
DTW,DCA,DL 1558,DAL,DL 1558,DAL,2025-11-27 07:00:00,Arr 0858 (+19min),2025-11-27,False
LAX,SFO,DL 1559,DAL,DL 1559,DAL,2025-11-27 16:24:00,Arr 1724,2025-11-27,False
BTV,ATL,DL 2450,DAL,DL 2450,DAL,2025-11-27 06:00:00,Arr 0904 (+4min),2025-11-27,False
ATL,SDF,DL 2451,DAL,DL 2451,DAL,2025-11-27 12:49:00,Arr 1349,2025-11-27,False
SDF,ATL,DL 2451,DAL,DL 2451,DAL,2025-11-27 14:53:00,Arr 1549,2025-11-27,False
FAR,MSP,DL 2452,DAL,DL 2452,DAL,2025-11-27 07:10:00,Arr 0819,2025-11-27,False
GRR,ATL,DL 2453,DAL,DL 2453,DAL,2025-11-27 06:00:00,Arr 0812 (+2min),2025-11-27,False
DTW,BTV,DL 2458,DAL,DL 2458,DAL,2025-11-27 15:59:00,Arr 1737,2025-11-27,False
ATL,BNA,DL 2465,DAL,DL 2465,DAL,2025-11-27 13:42:00,Arr 1341,2025-11-27,False
BNA,ATL,DL 2465,DAL,DL 2465,DAL,2025-11-27 14:32:00,Arr 1624,2025-11-27,False
ATL,JFK,DL 2466,DAL,DL 2466,DAL,2025-11-27 17:50:00,Arr 1943,2025-11-27,False
CMH,ATL,DL 2469,DAL,DL 2469,DAL,2025-11-27 06:00:00,Arr 0730,2025-11-27,False
ATL,ROC,DL 2472,DAL,DL 2472,DAL,2025-11-27 19:20:00,Arr 2115,2025-11-27,False
LGA,MSP,DL 2473,DAL,DL 2473,DAL,2025-11-27 06:00:00,Arr 0750,2025-11-27,False
BOS,RSW,DL 2474,DAL,DL 2474,DAL,2025-11-27 07:24:00,Arr 1104,2025-11-27,False
TPA,JFK,DL 2475,DAL,DL 2475,DAL,2025-11-27 07:30:00,Arr 0938,2025-11-27,False
DCA,DTW,DL 2476,DAL,DL 2476,DAL,2025-11-27 12:36:00,Arr 1347,2025-11-27,False
DTW,DCA,DL 2476,DAL,DL 2476,DAL,2025-11-27 10:07:00,Arr 1118,2025-11-27,False
RDU,ATL,DL 2478,DAL,DL 2478,DAL,2025-11-27 07:15:00,Arr 0838,2025-11-27,False
ATL,PWM,DL 2479,DAL,DL 2479,DAL,2025-11-27 09:59:00,Arr 1159,2025-11-27,False
DTW,BWI,DL 2480,DAL,DL 2480,DAL,2025-11-27 17:55:00,Arr 1921,2025-11-27,False
ATL,BHM,DL 2484,DAL,DL 2484,DAL,2025-11-27 17:09:00,Arr 1659,2025-11-27,False
ATL,TLH,DL 2486,DAL,DL 2486,DAL,2025-11-27 13:00:00,Arr 1350,2025-11-27,False
TLH,ATL,DL 2486,DAL,DL 2486,DAL,2025-11-27 14:50:00,Arr 1533,2025-11-27,False
ATL,OKC,DL 2490,DAL,DL 2490,DAL,2025-11-27 09:05:00,Arr 1031 (+7min),2025-11-27,False
OKC,ATL,DL 2490,DAL,DL 2490,DAL,2025-11-27 11:30:00,Arr 1410,2025-11-27,False
ATL,ECP,DL 2494,DAL,DL 2494,DAL,2025-11-27 20:25:00,Arr 2027,2025-11-27,False
ATL,OMA,DL 2495,DAL,DL 2495,DAL,2025-11-27 19:35:00,Arr 2058,2025-11-27,False
SLC,RDU,DL 2496,DAL,DL 2496,DAL,2025-11-27 10:45:00,Arr 1632,2025-11-27,False
SAT,DTW,DL 2497,DAL,DL 2497,DAL,2025-11-27 05:15:00,Arr 0905,2025-11-27,False
ATL,EWR,DL 2498,DAL,DL 2498,DAL,2025-11-27 18:52:00,Arr 2043,2025-11-27,False
JFK,MIA,DL 2500,DAL,DL 2500,DAL,2025-11-27 15:35:00,Arr 1917 (+26min),2025-11-27,False
SLC,IAH,DL 2502,DAL,DL 2502,DAL,2025-11-27 07:54:00,Arr 1139,2025-11-27,False
ATL,ILM,DL 2503,DAL,DL 2503,DAL,2025-11-27 11:15:00,Arr 1233,2025-11-27,False
ILM,ATL,DL 2503,DAL,DL 2503,DAL,2025-11-27 13:30:00,Arr 1507,2025-11-27,False
JFK,AUS,DL 2506,DAL,DL 2506,DAL,2025-11-27 07:00:00,Arr 1007,2025-11-27,False
AUS,MIA,DL 2507,DAL,DL 2507,DAL,2025-11-27 09:00:00,Arr 1234,2025-11-27,False
SAN,SEA,DL 2508,DAL,DL 2508,DAL,2025-11-27 11:01:00,Arr 1344,2025-11-27,False
SEA,SAN,DL 2508,DAL,DL 2508,DAL,2025-11-27 07:10:00,Arr 0946,2025-11-27,False
ATL,ROC,DL 2511,DAL,DL 2511,DAL,2025-11-27 11:00:00,Arr 1450 (+108min),2025-11-27,False
ROC,ATL,DL 2511,DAL,DL 2511,DAL,2025-11-27 14:15:00,Arr 1749 (+72min),2025-11-27,False
SLC,PSC,DL 2512,DAL,DL 2512,DAL,2025-11-27 17:35:00,Arr 1756,2025-11-27,False
SLC,IAH,DL 2514,DAL,DL 2514,DAL,2025-11-27 17:40:00,Arr 2117,2025-11-27,False
SLC,MEM,DL 2515,DAL,DL 2515,DAL,2025-11-27 14:00:00,Arr 1746,2025-11-27,False
MSP,PHL,DL 2516,DAL,DL 2516,DAL,2025-11-27 10:23:00,Arr 1353,2025-11-27,False
CID,ATL,DL 2518,DAL,DL 2518,DAL,2025-11-27 05:54:00,Arr 0840,2025-11-27,False
LGA,MCO,DL 2520,DAL,DL 2520,DAL,2025-11-27 15:15:00,Arr 1825 (+10min),2025-11-27,False
MSP,RDU,DL 2521,DAL,DL 2521,DAL,2025-11-27 10:34:00,Arr 1352,2025-11-27,False
RDU,MSP,DL 2521,DAL,DL 2521,DAL,2025-11-27 15:05:00,Arr 1630,2025-11-27,False
MSY,ATL,DL 2522,DAL,DL 2522,DAL,2025-11-27 07:30:00,Arr 0950,2025-11-27,False
ATL,BNA,DL 2525,DAL,DL 2525,DAL,2025-11-27 22:52:00,Arr 2245,2025-11-27,False
MSP,BWI,DL 2526,DAL,DL 2526,DAL,2025-11-27 10:00:00,Arr 1331 (+3min),2025-11-27,False
SAN,SEA,DL 2530,DAL,DL 2530,DAL,2025-11-27 06:25:00,Arr 1109 (+84min),2025-11-27,False
PBI,LGA,DL 2532,DAL,DL 2532,DAL,2025-11-27 08:10:00,Arr 1039,2025-11-27,False
SAN,SEA,DL 2533,DAL,DL 2533,DAL,2025-11-27 13:41:00,Arr 1631,2025-11-27,False
SEA,SAN,DL 2533,DAL,DL 2533,DAL,2025-11-27 09:50:00,Arr 1258 (+12min),2025-11-27,False
SAT,LAX,DL 2534,DAL,DL 2534,DAL,2025-11-27 06:00:00,Arr 0654,2025-11-27,False
DTW,PBI,DL 2535,DAL,DL 2535,DAL,2025-11-27 08:40:00,Arr 1144 (+2min),2025-11-27,False
PBI,DTW,DL 2535,DAL,DL 2535,DAL,2025-11-27 12:48:00,Arr 1511,2025-11-27,False
LGA,PBI,DL 2536,DAL,DL 2536,DAL,2025-11-27 07:00:00,Arr 0959,2025-11-27,False
PBI,LGA,DL 2536,DAL,DL 2536,DAL,2025-11-27 11:09:00,Arr 1317,2025-11-27,False
RDU,MSP,DL 2538,DAL,DL 2538,DAL,2025-11-27 06:00:00,Arr 0727,2025-11-27,False
ATL,GSO,DL 2539,DAL,DL 2539,DAL,2025-11-27 14:04:00,Arr 1457,2025-11-27,False
GSO,ATL,DL 2539,DAL,DL 2539,DAL,2025-11-27 16:01:00,Arr 1700,2025-11-27,False
ATL,MSY,DL 2542,DAL,DL 2542,DAL,2025-11-27 11:20:00,Arr 1144,2025-11-27,False
MSY,ATL,DL 2542,DAL,DL 2542,DAL,2025-11-27 13:05:00,Arr 1504,2025-11-27,False
ATL,CLE,DL 2545,DAL,DL 2545,DAL,2025-11-27 14:14:00,Arr 1547,2025-11-27,False
CLE,ATL,DL 2545,DAL,DL 2545,DAL,2025-11-27 17:15:00,Arr 1919 (+6min),2025-11-27,False
DTW,MIA,DL 2548,DAL,DL 2548,DAL,2025-11-27 12:46:00,Arr 1634 (+43min),2025-11-27,False
LAX,PDX,DL 2551,DAL,DL 2551,DAL,2025-11-27 13:55:00,Arr 1553,2025-11-27,False
PDX,LAX,DL 2551,DAL,DL 2551,DAL,2025-11-27 17:17:00,Arr 1920,2025-11-27,False
ATL,EWR,DL 2552,DAL,DL 2552,DAL,2025-11-27 22:43:00,Arr 0046,2025-11-27,False
PHX,MSP,DL 2553,DAL,DL 2553,DAL,2025-11-27 07:05:00,Arr 1055,2025-11-27,False
DTW,MCO,DL 2555,DAL,DL 2555,DAL,2025-11-27 07:05:00,Arr 1015 (+17min),2025-11-27,False
DTW,RSW,DL 2556,DAL,DL 2556,DAL,2025-11-27 07:00:00,Arr 1020 (+19min),2025-11-27,False
RSW,DTW,DL 2556,DAL,DL 2556,DAL,2025-11-27 12:15:00,Arr 1450,2025-11-27,False
HOU,ATL,DL 2557,DAL,DL 2557,DAL,2025-11-27 06:00:00,Arr 0900,2025-11-27,False
BWI,ATL,DL 2562,DAL,DL 2562,DAL,2025-11-27 08:05:00,Arr 1002,2025-11-27,False
DTW,EWR,DL 2566,DAL,DL 2566,DAL,2025-11-27 07:00:00,Arr 0841,2025-11-27,False
EWR,DTW,DL 2566,DAL,DL 2566,DAL,2025-11-27 09:35:00,Arr 1118,2025-11-27,False
JAX,ATL,DL 2569,DAL,DL 2569,DAL,2025-11-27 08:15:00,Arr 0945 (+9min),2025-11-27,False
BOS,ORD,DL 2570,DAL,DL 2570,DAL,2025-11-27 07:30:00,Arr 0955 (+21min),2025-11-27,False
ORD,BOS,DL 2570,DAL,DL 2570,DAL,2025-11-27 10:35:00,Arr 1358,2025-11-27,False
DTW,EWR,DL 2573,DAL,DL 2573,DAL,2025-11-27 15:50:00,Arr 1709,2025-11-27,False
DTW,EWR,DL 2577,DAL,DL 2577,DAL,2025-11-27 10:20:00,Arr 1210 (+6min),2025-11-27,False
EWR,DTW,DL 2577,DAL,DL 2577,DAL,2025-11-27 12:50:00,Arr 1438,2025-11-27,False
BWI,ATL,DL 2579,DAL,DL 2579,DAL,2025-11-27 07:00:00,Arr 0859,2025-11-27,False
BUR,SLC,DL 2582,DAL,DL 2582,DAL,2025-11-27 07:00:00,Arr 0946,2025-11-27,False
ATL,PIT,DL 2583,DAL,DL 2583,DAL,2025-11-27 19:40:00,Arr 2121 (+5min),2025-11-27,False
ATL,ALB,DL 2584,DAL,DL 2584,DAL,2025-11-27 19:25:00,Arr 2121,2025-11-27,False
ATL,LIT,DL 2585,DAL,DL 2585,DAL,2025-11-27 11:00:00,Arr 1124,2025-11-27,False
LIT,ATL,DL 2585,DAL,DL 2585,DAL,2025-11-27 12:30:00,Arr 1443,2025-11-27,False
ATL,CLT,DL 2586,DAL,DL 2586,DAL,2025-11-27 12:20:00,Arr 1313,2025-11-27,False
CLT,ATL,DL 2586,DAL,DL 2586,DAL,2025-11-27 14:15:00,Arr 1511,2025-11-27,False
DTW,LGA,DL 2589,DAL,DL 2589,DAL,2025-11-27 10:05:00,Arr 1139,2025-11-27,False
ATL,BWI,DL 2590,DAL,DL 2590,DAL,2025-11-27 22:39:00,Arr 0012,2025-11-27,False
MSP,BOS,DL 2591,DAL,DL 2591,DAL,2025-11-27 15:50:00,Arr 1916,2025-11-27,False
ATL,BOS,DL 2595,DAL,DL 2595,DAL,2025-11-27 15:38:00,Arr 1759,2025-11-27,False
EWR,DTW,DL 2596,DAL,DL 2596,DAL,2025-11-27 06:00:00,Arr 0752,2025-11-27,False
ATL,RDU,DL 2600,DAL,DL 2600,DAL,2025-11-27 15:30:00,Arr 1635,2025-11-27,False
RDU,ATL,DL 2600,DAL,DL 2600,DAL,2025-11-27 18:00:00,Arr 1921,2025-11-27,False
BWI,DTW,DL 2601,DAL,DL 2601,DAL,2025-11-27 06:00:00,Arr 0723,2025-11-27,False
DTW,LGA,DL 2604,DAL,DL 2604,DAL,2025-11-27 16:00:00,Arr 1731,2025-11-27,False
TPA,ATL,DL 2605,DAL,DL 2605,DAL,2025-11-27 09:00:00,Arr 1019,2025-11-27,False
LAX,SEA,DL 2606,DAL,DL 2606,DAL,2025-11-27 14:06:00,Arr 1640,2025-11-27,False
SLC,IDA,DL 2608,DAL,DL 2608,DAL,2025-11-27 15:35:00,Arr 1613,2025-11-27,False
MSP,MSO,DL 2610,DAL,DL 2610,DAL,2025-11-27 15:55:00,Arr 1739,2025-11-27,False
BOS,JFK,DL 2611,DAL,DL 2611,DAL,2025-11-27 06:05:00,Arr 0722,2025-11-27,False
MSP,BNA,DL 2612,DAL,DL 2612,DAL,2025-11-27 15:29:00,Arr 1706,2025-11-27,False
SEA,SAN,DL 2613,DAL,DL 2613,DAL,2025-11-27 15:59:00,Arr 1838,2025-11-27,False
ATL,FSD,DL 2615,DAL,DL 2615,DAL,2025-11-27 21:30:00,Arr 2311 (+2min),2025-11-27,False
AUS,SLC,DL 2618,DAL,DL 2618,DAL,2025-11-27 08:10:00,Arr 1000,2025-11-27,False
ATL,TUL,DL 2620,DAL,DL 2620,DAL,2025-11-27 11:00:00,Arr 1213 (+5min),2025-11-27,False
TUL,ATL,DL 2620,DAL,DL 2620,DAL,2025-11-27 12:53:00,Arr 1525,2025-11-27,False
ATL,BTR,DL 2621,DAL,DL 2621,DAL,2025-11-27 18:15:00,Arr 1840,2025-11-27,False
ATL,JAX,DL 2627,DAL,DL 2627,DAL,2025-11-27 15:15:00,Arr 1608,2025-11-27,False
MSP,SLC,DL 2628,DAL,DL 2628,DAL,2025-11-27 08:00:00,Arr 0946,2025-11-27,False
SJC,SLC,DL 2630,DAL,DL 2630,DAL,2025-11-27 13:35:00,Arr 1607,2025-11-27,False
SLC,SJC,DL 2630,DAL,DL 2630,DAL,2025-11-27 11:30:00,Arr 1216,2025-11-27,False
FLL,DTW,DL 2631,DAL,DL 2631,DAL,2025-11-27 08:40:00,Arr 1118,2025-11-27,False
ATL,OMA,DL 2632,DAL,DL 2632,DAL,2025-11-27 09:05:00,Arr 1023,2025-11-27,False
OMA,ATL,DL 2632,DAL,DL 2632,DAL,2025-11-27 12:00:00,Arr 1440,2025-11-27,False
ATL,RDU,DL 2633,DAL,DL 2633,DAL,2025-11-27 10:10:00,Arr 1229 (+51min),2025-11-27,False
RDU,ATL,DL 2633,DAL,DL 2633,DAL,2025-11-27 12:43:00,Arr 1440 (+21min),2025-11-27,False
SEA,SFO,DL 2635,DAL,DL 2635,DAL,2025-11-27 17:30:00,Arr 2020 (+34min),2025-11-27,False
SEA,SFO,DL 2636,DAL,DL 2636,DAL,2025-11-27 07:55:00,Arr 0958,2025-11-27,False
SFO,SEA,DL 2636,DAL,DL 2636,DAL,2025-11-27 13:30:00,Arr 1534,2025-11-27,False
BNA,ATL,DL 2637,DAL,DL 2637,DAL,2025-11-27 05:15:00,Arr 0730 (+3min),2025-11-27,False
MIA,DTW,DL 2638,DAL,DL 2638,DAL,2025-11-27 08:05:00,Arr 1051,2025-11-27,False
JFK,BOS,DL 2639,DAL,DL 2639,DAL,2025-11-27 17:30:00,Arr 1827,2025-11-27,False
LAX,SEA,DL 2640,DAL,DL 2640,DAL,2025-11-27 17:59:00,Arr 2026,2025-11-27,False
MSP,IAH,DL 2644,DAL,DL 2644,DAL,2025-11-27 14:48:00,Arr 2054 (+186min),2025-11-27,False
SAN,MSP,DL 2647,DAL,DL 2647,DAL,2025-11-27 07:50:00,Arr 1317,2025-11-27,False
DTW,BOS,DL 2648,DAL,DL 2648,DAL,2025-11-27 10:00:00,Arr 1140,2025-11-27,False
MSP,BOS,DL 2649,DAL,DL 2649,DAL,2025-11-27 07:00:00,Arr 1029,2025-11-27,False
ATL,RIC,DL 2650,DAL,DL 2650,DAL,2025-11-27 09:15:00,Arr 1032,2025-11-27,False
RIC,ATL,DL 2650,DAL,DL 2650,DAL,2025-11-27 12:27:00,Arr 1354,2025-11-27,False
MSP,SLC,DL 2651,DAL,DL 2651,DAL,2025-11-27 12:45:00,Arr 1427,2025-11-27,False
LAX,LAS,DL 2653,DAL,DL 2653,DAL,2025-11-27 21:59:00,Arr 2259,2025-11-27,False
ATL,MSP,DL 2654,DAL,DL 2654,DAL,2025-11-27 12:15:00,Arr 1345,2025-11-27,False
MSP,BOS,DL 2655,DAL,DL 2655,DAL,2025-11-27 10:40:00,Arr 1409,2025-11-27,False
IAH,MSP,DL 2656,DAL,DL 2656,DAL,2025-11-27 11:05:00,Arr 1351 (+2min),2025-11-27,False
MSP,IAH,DL 2656,DAL,DL 2656,DAL,2025-11-27 07:00:00,Arr 0940,2025-11-27,False
MSP,JFK,DL 2661,DAL,DL 2661,DAL,2025-11-27 15:15:00,Arr 1851,2025-11-27,False
DEN,SLC,DL 2663,DAL,DL 2663,DAL,2025-11-27 18:20:00,Arr 1937,2025-11-27,False
BUF,ATL,DL 2664,DAL,DL 2664,DAL,2025-11-27 06:30:00,Arr 0945 (+53min),2025-11-27,False
SLC,STL,DL 2666,DAL,DL 2666,DAL,2025-11-27 11:15:00,Arr 1440,2025-11-27,False
MSP,SAT,DL 2667,DAL,DL 2667,DAL,2025-11-27 08:50:00,Arr 1131,2025-11-27,False
ATL,MSP,DL 2668,DAL,DL 2668,DAL,2025-11-27 07:25:00,Arr 0854,2025-11-27,False
DFW,SLC,DL 2671,DAL,DL 2671,DAL,2025-11-27 17:10:00,Arr 1836,2025-11-27,False
LAS,SLC,DL 2674,DAL,DL 2674,DAL,2025-11-27 06:10:00,Arr 0823,2025-11-27,False
BOS,ORD,DL 2679,DAL,DL 2679,DAL,2025-11-27 12:05:00,Arr 1347,2025-11-27,False
ATL,MSN,DL 2681,DAL,DL 2681,DAL,2025-11-27 11:30:00,Arr 1222,2025-11-27,False
MSN,ATL,DL 2681,DAL,DL 2681,DAL,2025-11-27 13:20:00,Arr 1617,2025-11-27,False
BNA,DTW,DL 2682,DAL,DL 2682,DAL,2025-11-27 12:07:00,Arr 1429,2025-11-27,False
DTW,BNA,DL 2682,DAL,DL 2682,DAL,2025-11-27 08:45:00,Arr 0932,2025-11-27,False
FLL,BOS,DL 2685,DAL,DL 2685,DAL,2025-11-27 07:45:00,Arr 1026,2025-11-27,False
MSP,AUS,DL 2687,DAL,DL 2687,DAL,2025-11-27 07:00:00,Arr 0940,2025-11-27,False
ATL,SYR,DL 2690,DAL,DL 2690,DAL,2025-11-27 11:00:00,Arr 1253,2025-11-27,False
SYR,ATL,DL 2690,DAL,DL 2690,DAL,2025-11-27 14:15:00,Arr 1611,2025-11-27,False
GRB,ATL,DL 2691,DAL,DL 2691,DAL,2025-11-27 05:19:00,Arr 0922 (+39min),2025-11-27,False
MCO,JFK,DL 2693,DAL,DL 2693,DAL,2025-11-27 07:00:00,Arr 0900,2025-11-27,False
MSP,STL,DL 2694,DAL,DL 2694,DAL,2025-11-27 10:25:00,Arr 1125,2025-11-27,False
STL,MSP,DL 2694,DAL,DL 2694,DAL,2025-11-27 12:49:00,Arr 1359,2025-11-27,False
MSP,MSY,DL 2695,DAL,DL 2695,DAL,2025-11-27 11:00:00,Arr 1312,2025-11-27,False
MSY,MSP,DL 2695,DAL,DL 2695,DAL,2025-11-27 14:51:00,Arr 1733,2025-11-27,False
DTW,MSP,DL 2697,DAL,DL 2697,DAL,2025-11-27 12:29:00,Arr 1314,2025-11-27,False
MSP,RDU,DL 2699,DAL,DL 2699,DAL,2025-11-27 14:25:00,Arr 1742,2025-11-27,False
MCO,JFK,DL 2702,DAL,DL 2702,DAL,2025-11-27 08:23:00,Arr 1036,2025-11-27,False
TPA,BOS,DL 2706,DAL,DL 2706,DAL,2025-11-27 12:00:00,Arr 1434,2025-11-27,False
ONT,SLC,DL 2708,DAL,DL 2708,DAL,2025-11-27 06:00:00,Arr 0840,2025-11-27,False
ATL,IAH,DL 2709,DAL,DL 2709,DAL,2025-11-27 11:14:00,Arr 1218,2025-11-27,False
IAH,ATL,DL 2709,DAL,DL 2709,DAL,2025-11-27 13:36:00,Arr 1615,2025-11-27,False
AGS,ATL,DL 2710,DAL,DL 2710,DAL,2025-11-27 09:48:00,Arr 1050,2025-11-27,False
ATL,AGS,DL 2710,DAL,DL 2710,DAL,2025-11-27 08:05:00,Arr 0915 (+12min),2025-11-27,False
ATL,BWI,DL 2711,DAL,DL 2711,DAL,2025-11-27 11:00:00,Arr 1239,2025-11-27,False
BWI,ATL,DL 2711,DAL,DL 2711,DAL,2025-11-27 13:51:00,Arr 1532,2025-11-27,False
MKE,SLC,DL 2716,DAL,DL 2716,DAL,2025-11-27 07:20:00,Arr 0941,2025-11-27,False
SAT,MSP,DL 2717,DAL,DL 2717,DAL,2025-11-27 06:32:00,Arr 0920,2025-11-27,False
MSP,LGA,DL 2719,DAL,DL 2719,DAL,2025-11-27 08:50:00,Arr 1218,2025-11-27,False
ATL,JAX,DL 2720,DAL,DL 2720,DAL,2025-11-27 13:44:00,Arr 1438,2025-11-27,False
JAX,ATL,DL 2720,DAL,DL 2720,DAL,2025-11-27 16:01:00,Arr 1711,2025-11-27,False
SFO,SEA,DL 2721,DAL,DL 2721,DAL,2025-11-27 06:00:00,Arr 0749,2025-11-27,False
JAX,ATL,DL 2722,DAL,DL 2722,DAL,2025-11-27 05:00:00,Arr 0608,2025-11-27,False
TPA,LGA,DL 2723,DAL,DL 2723,DAL,2025-11-27 08:05:00,Arr 1010,2025-11-27,False
ATL,DFW,DL 31,DAL,DL 31,DAL,2025-11-27 20:10:00,Arr 2134,2025-11-27,False
DFW,ATL,DL 32,DAL,DL 32,DAL,2025-11-27 16:04:00,Arr 1843,2025-11-27,False
MEM,ATL,DL 82,DAL,DL 82,DAL,2025-11-27 09:15:00,Arr 1116,2025-11-27,False
ATL,BOS,DL 300,DAL,DL 300,DAL,2025-11-27 19:45:00,Arr 2200,2025-11-27,False
ATL,LAX,DL 301,DAL,DL 301,DAL,2025-11-27 16:50:00,Arr 1917 (+42min),2025-11-27,False
DFW,BOS,DL 303,DAL,DL 303,DAL,2025-11-27 15:40:00,Arr 2000,2025-11-27,False
AUS,LAX,DL 306,DAL,DL 306,DAL,2025-11-27 07:20:00,Arr 0828,2025-11-27,False
LGA,DTW,DL 308,DAL,DL 308,DAL,2025-11-27 15:00:00,Arr 1640,2025-11-27,False
HNL,ATL,DL 309,DAL,DL 309,DAL,2025-11-27 17:00:00,Arr 0638,2025-11-27,False
LAX,KOA,DL 311,DAL,DL 311,DAL,2025-11-27 15:38:00,Arr 1907,2025-11-27,False
MSP,HNL,DL 312,DAL,DL 312,DAL,2025-11-27 10:30:00,Arr 1510,2025-11-27,False
HNL,MSP,DL 313,DAL,DL 313,DAL,2025-11-27 17:37:00,Arr 0518,2025-11-27,False
SFO,ATL,DL 315,DAL,DL 315,DAL,2025-11-27 21:35:00,Arr 0434,2025-11-27,False
SLC,HNL,DL 316,DAL,DL 316,DAL,2025-11-27 11:45:00,Arr 1507,2025-11-27,False
MSP,ANC,DL 317,DAL,DL 317,DAL,2025-11-27 15:43:00,Arr 1838,2025-11-27,False
BOS,LAX,DL 318,DAL,DL 318,DAL,2025-11-27 16:40:00,Arr 2003,2025-11-27,False
SFO,JFK,DL 319,DAL,DL 319,DAL,2025-11-27 22:59:00,Arr 0655,2025-11-27,False
BOS,ATL,DL 322,DAL,DL 322,DAL,2025-11-27 12:15:00,Arr 1504,2025-11-27,False
LAX,ATL,DL 327,DAL,DL 327,DAL,2025-11-27 10:30:00,Arr 1738,2025-11-27,False
SEA,MCO,DL 328,DAL,DL 328,DAL,2025-11-27 08:42:00,Arr 1653,2025-11-27,False
ATL,SNA,DL 329,DAL,DL 329,DAL,2025-11-27 09:40:00,Arr 1117,2025-11-27,False
SNA,ATL,DL 329,DAL,DL 329,DAL,2025-11-27 12:45:00,Arr 1926,2025-11-27,False
DCA,ATL,DL 330,DAL,DL 330,DAL,2025-11-27 07:00:00,Arr 0900,2025-11-27,False
DEN,JFK,DL 336,DAL,DL 336,DAL,2025-11-27 08:05:00,Arr 1353 (+3min),2025-11-27,False
SEA,KOA,DL 340,DAL,DL 340,DAL,2025-11-27 14:00:00,Arr 1838 (+25min),2025-11-27,False
DEN,ATL,DL 341,DAL,DL 341,DAL,2025-11-27 06:00:00,Arr 1051,2025-11-27,False
LGA,ATL,DL 342,DAL,DL 342,DAL,2025-11-27 06:59:00,Arr 1055 (+81min),2025-11-27,False
DCA,ATL,DL 343,DAL,DL 343,DAL,2025-11-27 08:00:00,Arr 0947,2025-11-27,False
SEA,OGG,DL 344,DAL,DL 344,DAL,2025-11-27 14:25:00,Arr 1902 (+19min),2025-11-27,False
SEA,LIH,DL 345,DAL,DL 345,DAL,2025-11-27 15:52:00,Arr 2036 (+32min),2025-11-27,False
DEN,ATL,DL 346,DAL,DL 346,DAL,2025-11-27 11:39:00,Arr 1609,2025-11-27,False
MCO,SEA,DL 347,DAL,DL 347,DAL,2025-11-27 09:10:00,Arr 1234,2025-11-27,False
ATL,PHX,DL 348,DAL,DL 348,DAL,2025-11-27 08:10:00,Arr 1137 (+74min),2025-11-27,False
PHX,ATL,DL 348,DAL,DL 348,DAL,2025-11-27 11:43:00,Arr 1756 (+41min),2025-11-27,False
ATL,BOS,DL 350,DAL,DL 350,DAL,2025-11-27 12:45:00,Arr 1447,2025-11-27,False
SEA,HNL,DL 351,DAL,DL 351,DAL,2025-11-27 08:35:00,Arr 1243,2025-11-27,False
HNL,SLC,DL 357,DAL,DL 357,DAL,2025-11-27 23:15:00,Arr 0814,2025-11-27,False
HNL,SEA,DL 359,DAL,DL 359,DAL,2025-11-27 14:19:00,Arr 2215,2025-11-27,False
ATL,DCA,DL 360,DAL,DL 360,DAL,2025-11-27 13:20:00,Arr 1443,2025-11-27,False
DCA,ATL,DL 360,DAL,DL 360,DAL,2025-11-27 16:10:00,Arr 1749,2025-11-27,False
DTW,SFO,DL 361,DAL,DL 361,DAL,2025-11-27 07:00:00,Arr 0933 (+13min),2025-11-27,False
BOS,SFO,DL 362,DAL,DL 362,DAL,2025-11-27 07:50:00,Arr 1144,2025-11-27,False
JFK,SFO,DL 365,DAL,DL 365,DAL,2025-11-27 17:05:00,Arr 2149 (+73min),2025-11-27,False
SAN,JFK,DL 367,DAL,DL 367,DAL,2025-11-27 07:00:00,Arr 1452,2025-11-27,False
ATL,OGG,DL 368,DAL,DL 368,DAL,2025-11-27 10:30:00,Arr 1505,2025-11-27,False
MCI,LGA,DL 370,DAL,DL 370,DAL,2025-11-27 06:00:00,Diverted,2025-11-27,False
ATL,LGA,DL 371,DAL,DL 371,DAL,2025-11-27 10:30:00,Arr 1229,2025-11-27,False
BNA,SEA,DL 372,DAL,DL 372,DAL,2025-11-27 07:00:00,Arr 1005,2025-11-27,False
ATL,DFW,DL 374,DAL,DL 374,DAL,2025-11-27 15:52:00,Arr 1701,2025-11-27,False
DFW,ATL,DL 374,DAL,DL 374,DAL,2025-11-27 18:13:00,Arr 2054,2025-11-27,False
LIH,SEA,DL 375,DAL,DL 375,DAL,2025-11-27 21:40:00,Arr 0541 (+14min),2025-11-27,False
BOS,ATL,DL 376,DAL,DL 376,DAL,2025-11-27 11:15:00,Arr 1358,2025-11-27,False
LGA,RSW,DL 379,DAL,DL 379,DAL,2025-11-27 09:05:00,Arr 1227 (+6min),2025-11-27,False
ATL,DCA,DL 380,DAL,DL 380,DAL,2025-11-27 09:55:00,Arr 1121,2025-11-27,False
DCA,ATL,DL 380,DAL,DL 380,DAL,2025-11-27 12:39:00,Arr 1417,2025-11-27,False
AUS,SFO,DL 381,DAL,DL 381,DAL,2025-11-27 10:57:00,Arr 1226,2025-11-27,False
SFO,AUS,DL 381,DAL,DL 381,DAL,2025-11-27 13:46:00,Arr 1912,2025-11-27,False
SLC,HNL,DL 382,DAL,DL 382,DAL,2025-11-27 08:15:00,Arr 1156,2025-11-27,False
SFO,JFK,DL 383,DAL,DL 383,DAL,2025-11-27 09:00:00,Arr 1658,2025-11-27,False
BOS,SEA,DL 384,DAL,DL 384,DAL,2025-11-27 07:15:00,Arr 1012,2025-11-27,False
BOS,ATL,DL 385,DAL,DL 385,DAL,2025-11-27 09:15:00,Arr 1217 (+4min),2025-11-27,False
SLC,JFK,DL 386,DAL,DL 386,DAL,2025-11-27 09:30:00,Arr 1536,2025-11-27,False
ATL,SLC,DL 387,DAL,DL 387,DAL,2025-11-27 10:25:00,Arr 1247 (+4min),2025-11-27,False
LAX,ATL,DL 390,DAL,DL 390,DAL,2025-11-27 06:15:00,Arr 1324,2025-11-27,False
CVG,LAX,DL 393,DAL,DL 393,DAL,2025-11-27 06:30:00,Arr 0802,2025-11-27,False
OGG,SEA,DL 394,DAL,DL 394,DAL,2025-11-27 22:20:00,Arr 0556,2025-11-27,False
OGG,SLC,DL 397,DAL,DL 397,DAL,2025-11-27 20:59:00,Arr 0539,2025-11-27,False
SLC,OGG,DL 397,DAL,DL 397,DAL,2025-11-27 15:15:00,Arr 1846,2025-11-27,False
DEN,LGA,DL 398,DAL,DL 398,DAL,2025-11-27 06:48:00,Arr 1219,2025-11-27,False
BOS,ATL,DL 399,DAL,DL 399,DAL,2025-11-27 17:05:00,Arr 1954,2025-11-27,False
DFW,ATL,DL 401,DAL,DL 401,DAL,2025-11-27 05:25:00,Arr 0805,2025-11-27,False
SFO,JFK,DL 405,DAL,DL 405,DAL,2025-11-27 07:05:00,Arr 1513,2025-11-27,False
LAX,DTW,DL 407,DAL,DL 407,DAL,2025-11-27 22:30:00,Arr 0553 (+5min),2025-11-27,False
LAS,BOS,DL 408,DAL,DL 408,DAL,2025-11-27 10:51:00,Arr 1832,2025-11-27,False
JFK,SFO,DL 409,DAL,DL 409,DAL,2025-11-27 09:00:00,Arr 1234 (+2min),2025-11-27,False
DCA,ATL,DL 410,DAL,DL 410,DAL,2025-11-27 06:00:00,Arr 0746,2025-11-27,False
GSP,DTW,DL 412,DAL,DL 412,DAL,2025-11-27 07:27:00,Arr 0852,2025-11-27,False
LAX,MSP,DL 413,DAL,DL 413,DAL,2025-11-27 12:05:00,Arr 1713,2025-11-27,False
ATL,DFW,DL 414,DAL,DL 414,DAL,2025-11-27 11:47:00,Arr 1302,2025-11-27,False
DFW,ATL,DL 414,DAL,DL 414,DAL,2025-11-27 14:15:00,Arr 1651,2025-11-27,False
DFW,LGA,DL 417,DAL,DL 417,DAL,2025-11-27 15:12:00,Arr 1853,2025-11-27,False
LGA,DFW,DL 417,DAL,DL 417,DAL,2025-11-27 11:15:00,Arr 1357,2025-11-27,False
SEA,HNL,DL 419,DAL,DL 419,DAL,2025-11-27 15:59:00,Arr 2025 (+10min),2025-11-27,False
LAX,DFW,DL 420,DAL,DL 420,DAL,2025-11-27 18:35:00,Arr 2311,2025-11-27,False
DTW,LAS,DL 421,DAL,DL 421,DAL,2025-11-27 12:32:00,Arr 1340,2025-11-27,False
HNL,LAX,DL 422,DAL,DL 422,DAL,2025-11-27 08:00:00,Arr 1512,2025-11-27,False
ATL,SLC,DL 423,DAL,DL 423,DAL,2025-11-27 13:59:00,Arr 1604,2025-11-27,False
LAX,OGG,DL 425,DAL,DL 425,DAL,2025-11-27 08:30:00,Arr 1154,2025-11-27,False
HNL,LAX,DL 427,DAL,DL 427,DAL,2025-11-27 14:36:00,Arr 2213,2025-11-27,False
LAX,LIH,DL 428,DAL,DL 428,DAL,2025-11-27 14:15:00,Arr 1735,2025-11-27,False
SEA,JFK,DL 429,DAL,DL 429,DAL,2025-11-27 07:20:00,Arr 1512,2025-11-27,False
LAX,MSP,DL 430,DAL,DL 430,DAL,2025-11-27 23:40:00,Arr 0446,2025-11-27,False
DEN,ATL,DL 431,DAL,DL 431,DAL,2025-11-27 07:05:00,Arr 1145,2025-11-27,False
ATL,LGA,DL 433,DAL,DL 433,DAL,2025-11-27 15:30:00,Arr 1725,2025-11-27,False
LIH,LAX,DL 435,DAL,DL 435,DAL,2025-11-27 22:55:00,Arr 0616,2025-11-27,False
ATL,DFW,DL 436,DAL,DL 436,DAL,2025-11-27 17:15:00,Arr 1823,2025-11-27,False
DFW,ATL,DL 436,DAL,DL 436,DAL,2025-11-27 19:47:00,Arr 2224,2025-11-27,False
DFW,LAX,DL 439,DAL,DL 439,DAL,2025-11-27 06:15:00,Arr 0722,2025-11-27,False
HNL,SEA,DL 440,DAL,DL 440,DAL,2025-11-27 23:25:00,Arr 0656,2025-11-27,False
ATL,DAL,DL 441,DAL,DL 441,DAL,2025-11-27 08:05:00,Arr 0859,2025-11-27,False
DAL,ATL,DL 441,DAL,DL 441,DAL,2025-11-27 10:11:00,Arr 1247,2025-11-27,False
DTW,SFO,DL 442,DAL,DL 442,DAL,2025-11-27 12:05:00,Arr 1400,2025-11-27,False
LAX,HNL,DL 443,DAL,DL 443,DAL,2025-11-27 17:59:00,Arr 2131,2025-11-27,False
ATL,SEA,DL 444,DAL,DL 444,DAL,2025-11-27 07:30:00,Arr 1008,2025-11-27,False
LAX,ATL,DL 446,DAL,DL 446,DAL,2025-11-27 12:45:00,Arr 1945,2025-11-27,False
ANC,MSP,DL 447,DAL,DL 447,DAL,2025-11-27 06:05:00,Arr 1403,2025-11-27,False
MIA,LAX,DL 450,DAL,DL 450,DAL,2025-11-27 07:40:00,Arr 1016,2025-11-27,False
SEA,JFK,DL 452,DAL,DL 452,DAL,2025-11-27 21:59:00,Arr 0553,2025-11-27,False
ATL,SLC,DL 453,DAL,DL 453,DAL,2025-11-27 21:45:00,Arr 2351,2025-11-27,False
DFW,JFK,DL 454,DAL,DL 454,DAL,2025-11-27 10:45:00,Arr 1528 (+10min),2025-11-27,False
BOS,ATL,DL 456,DAL,DL 456,DAL,2025-11-27 08:15:00,Arr 1108,2025-11-27,False
SEA,BOS,DL 459,DAL,DL 459,DAL,2025-11-27 07:30:00,Arr 1525,2025-11-27,False
DFW,LGA,DL 461,DAL,DL 461,DAL,2025-11-27 06:00:00,Arr 1011,2025-11-27,False
RDU,LAX,DL 462,DAL,DL 462,DAL,2025-11-27 17:55:00,Arr 2006,2025-11-27,False
OGG,LAX,DL 463,DAL,DL 463,DAL,2025-11-27 13:55:00,Arr 2046,2025-11-27,False
LAX,HNL,DL 465,DAL,DL 465,DAL,2025-11-27 13:35:00,Arr 1657,2025-11-27,False
ATL,LAS,DL 466,DAL,DL 466,DAL,2025-11-27 11:00:00,Arr 1232 (+4min),2025-11-27,False
LAS,ATL,DL 466,DAL,DL 466,DAL,2025-11-27 13:53:00,Arr 2030,2025-11-27,False
LAS,DTW,DL 470,DAL,DL 470,DAL,2025-11-27 09:51:00,Arr 1615,2025-11-27,False
GSO,ATL,DL 476,DAL,DL 476,DAL,2025-11-27 08:07:00,Arr 0909,2025-11-27,False
ATL,PDX,DL 478,DAL,DL 478,DAL,2025-11-27 19:59:00,Arr 2227 (+6min),2025-11-27,False
BOS,LAX,DL 479,DAL,DL 479,DAL,2025-11-27 06:15:00,Arr 0939,2025-11-27,False
LAX,HNL,DL 480,DAL,DL 480,DAL,2025-11-27 08:15:00,Arr 1137,2025-11-27,False
LAX,MCO,DL 482,DAL,DL 482,DAL,2025-11-27 07:46:00,Arr 1621 (+53min),2025-11-27,False
MCO,LAX,DL 484,DAL,DL 484,DAL,2025-11-27 07:00:00,Arr 0930,2025-11-27,False
KOA,SEA,DL 485,DAL,DL 485,DAL,2025-11-27 20:30:00,Arr 0413,2025-11-27,False
KOA,LAX,DL 486,DAL,DL 486,DAL,2025-11-27 21:30:00,Arr 0503 (+3min),2025-11-27,False
ATL,LGA,DL 490,DAL,DL 490,DAL,2025-11-27 20:35:00,Arr 2235,2025-11-27,False
DTW,SAN,DL 492,DAL,DL 492,DAL,2025-11-27 08:25:00,Arr 1028,2025-11-27,False
JFK,DFW,DL 496,DAL,DL 496,DAL,2025-11-27 16:15:00,Arr 1900,2025-11-27,False
BOS,LAS,DL 497,DAL,DL 497,DAL,2025-11-27 07:40:00,Arr 1026,2025-11-27,False
CHS,DTW,DL 498,DAL,DL 498,DAL,2025-11-27 12:00:00,Arr 1323,2025-11-27,False
DTW,CHS,DL 498,DAL,DL 498,DAL,2025-11-27 08:30:00,Arr 1019,2025-11-27,False
BOS,DEN,DL 499,DAL,DL 499,DAL,2025-11-27 07:45:00,Arr 1024,2025-11-27,False
DEN,BOS,DL 499,DAL,DL 499,DAL,2025-11-27 11:49:00,Arr 1729,2025-11-27,False
ATL,LAX,DL 501,DAL,DL 501,DAL,2025-11-27 10:25:00,Arr 1216,2025-11-27,False
ATL,PDX,DL 503,DAL,DL 503,DAL,2025-11-27 11:00:00,Arr 1335 (+15min),2025-11-27,False
MCO,LAX,DL 504,DAL,DL 504,DAL,2025-11-27 10:00:00,Arr 1202,2025-11-27,False
MIA,SEA,DL 506,DAL,DL 506,DAL,2025-11-27 18:05:00,Arr 2153,2025-11-27,False
SEA,MIA,DL 506,DAL,DL 506,DAL,2025-11-27 07:55:00,Arr 1623,2025-11-27,False
LAX,BOS,DL 507,DAL,DL 507,DAL,2025-11-27 21:03:00,Arr 0507,2025-11-27,False
LAX,RDU,DL 508,DAL,DL 508,DAL,2025-11-27 10:50:00,Arr 1941 (+71min),2025-11-27,False
LAS,JFK,DL 510,DAL,DL 510,DAL,2025-11-27 07:25:00,Arr 1457,2025-11-27,False
CVG,MCO,DL 511,DAL,DL 511,DAL,2025-11-27 08:10:00,Arr 1011,2025-11-27,False
MCO,CVG,DL 511,DAL,DL 511,DAL,2025-11-27 11:15:00,Arr 1313,2025-11-27,False
ATL,DAL,DL 512,DAL,DL 512,DAL,2025-11-27 13:56:00,Arr 1454,2025-11-27,False
DAL,ATL,DL 512,DAL,DL 512,DAL,2025-11-27 16:05:00,Arr 1838,2025-11-27,False
ATL,LGA,DL 513,DAL,DL 513,DAL,2025-11-27 08:30:00,Arr 1024,2025-11-27,False
LAX,ATL,DL 515,DAL,DL 515,DAL,2025-11-27 07:15:00,Arr 1423,2025-11-27,False
DAL,ATL,DL 516,DAL,DL 516,DAL,2025-11-27 06:00:00,Arr 0845,2025-11-27,False
ATL,BOS,DL 518,DAL,DL 518,DAL,2025-11-27 17:00:00,Arr 1913,2025-11-27,False
ATL,DEN,DL 519,DAL,DL 519,DAL,2025-11-27 16:30:00,Arr 1823 (+32min),2025-11-27,False
LAX,DFW,DL 521,DAL,DL 521,DAL,2025-11-27 08:45:00,Arr 1357 (+7min),2025-11-27,False
ATL,LGA,DL 524,DAL,DL 524,DAL,2025-11-27 14:30:00,Arr 1627,2025-11-27,False
ATL,LGA,DL 525,DAL,DL 525,DAL,2025-11-27 12:30:00,Arr 1432,2025-11-27,False
ATL,SLC,DL 526,DAL,DL 526,DAL,2025-11-27 15:15:00,Arr 1721,2025-11-27,False
ATL,MCI,DL 527,DAL,DL 527,DAL,2025-11-27 13:13:00,Arr 1419,2025-11-27,False
MCI,ATL,DL 527,DAL,DL 527,DAL,2025-11-27 15:25:00,Arr 1802,2025-11-27,False
LAX,ATL,DL 528,DAL,DL 528,DAL,2025-11-27 11:55:00,Arr 1847,2025-11-27,False
ATL,DEN,DL 530,DAL,DL 530,DAL,2025-11-27 13:53:00,Arr 1513,2025-11-27,False
HNL,SLC,DL 534,DAL,DL 534,DAL,2025-11-27 11:15:00,Arr 2011,2025-11-27,False
OGG,ATL,DL 535,DAL,DL 535,DAL,2025-11-27 17:10:00,Arr 0629,2025-11-27,False
SEA,MSP,DL 536,DAL,DL 536,DAL,2025-11-27 09:28:00,Arr 1441,2025-11-27,False
TPA,LAX,DL 538,DAL,DL 538,DAL,2025-11-27 07:05:00,Arr 0904,2025-11-27,False
ATL,PDX,DL 539,DAL,DL 539,DAL,2025-11-27 08:05:00,Arr 1016,2025-11-27,False
PDX,ATL,DL 539,DAL,DL 539,DAL,2025-11-27 11:53:00,Arr 1942 (+13min),2025-11-27,False
SEA,IAD,DL 541,DAL,DL 541,DAL,2025-11-27 16:30:00,Arr 2355,2025-11-27,False
SEA,ATL,DL 542,DAL,DL 542,DAL,2025-11-27 14:02:00,Arr 2123,2025-11-27,False
PHX,JFK,DL 546,DAL,DL 546,DAL,2025-11-27 06:35:00,Arr 1303,2025-11-27,False
ATL,LAS,DL 549,DAL,DL 549,DAL,2025-11-27 12:15:00,Arr 1331,2025-11-27,False
LGA,ATL,DL 550,DAL,DL 550,DAL,2025-11-27 06:00:00,Arr 0815,2025-11-27,False
DFW,LGA,DL 551,DAL,DL 551,DAL,2025-11-27 07:45:00,Arr 1147,2025-11-27,False
LAS,MSP,DL 1560,DAL,DL 1560,DAL,2025-11-27 11:36:00,Arr 1700 (+11min),2025-11-27,False
SEA,PDX,DL 1564,DAL,DL 1564,DAL,2025-11-27 18:10:00,Arr 1856,2025-11-27,False
LIT,ATL,DL 1565,DAL,DL 1565,DAL,2025-11-27 05:25:00,Arr 0739,2025-11-27,False
MSP,ORD,DL 1567,DAL,DL 1567,DAL,2025-11-27 10:05:00,Arr 1131,2025-11-27,False
ORD,MSP,DL 1567,DAL,DL 1567,DAL,2025-11-27 13:00:00,Arr 1644 (+130min),2025-11-27,False
BOS,PBI,DL 1568,DAL,DL 1568,DAL,2025-11-27 07:55:00,Arr 1125 (+2min),2025-11-27,False
PBI,BOS,DL 1569,DAL,DL 1569,DAL,2025-11-27 11:28:00,Arr 1423,2025-11-27,False
ATL,IAH,DL 1572,DAL,DL 1572,DAL,2025-11-27 13:45:00,Arr 1501,2025-11-27,False
LAS,SEA,DL 1573,DAL,DL 1573,DAL,2025-11-27 11:05:00,Arr 1325,2025-11-27,False
SEA,PDX,DL 1574,DAL,DL 1574,DAL,2025-11-27 21:35:00,Arr 2219,2025-11-27,False
ATL,MCO,DL 1576,DAL,DL 1576,DAL,2025-11-27 12:58:00,Arr 1426,2025-11-27,False
MCO,ATL,DL 1576,DAL,DL 1576,DAL,2025-11-27 15:31:00,Arr 1705,2025-11-27,False
ATL,MEM,DL 1577,DAL,DL 1577,DAL,2025-11-27 21:53:00,Arr 2212,2025-11-27,False
ATL,MIA,DL 1579,DAL,DL 1579,DAL,2025-11-27 13:55:00,Arr 1622 (+35min),2025-11-27,False
MIA,ATL,DL 1579,DAL,DL 1579,DAL,2025-11-27 16:52:00,Arr 1935 (+42min),2025-11-27,False
MCO,BOS,DL 1580,DAL,DL 1580,DAL,2025-11-27 11:00:00,Arr 1344,2025-11-27,False
DEN,SLC,DL 1581,DAL,DL 1581,DAL,2025-11-27 07:05:00,Arr 0844,2025-11-27,False
SLC,SMF,DL 1582,DAL,DL 1582,DAL,2025-11-27 17:35:00,Arr 1804,2025-11-27,False
IAH,SLC,DL 1583,DAL,DL 1583,DAL,2025-11-27 07:45:00,Arr 0945,2025-11-27,False
ATL,TPA,DL 1587,DAL,DL 1587,DAL,2025-11-27 10:08:00,Arr 1220 (+41min),2025-11-27,False
TPA,ATL,DL 1587,DAL,DL 1587,DAL,2025-11-27 12:44:00,Arr 1441 (+17min),2025-11-27,False
ATL,CAE,DL 1590,DAL,DL 1590,DAL,2025-11-27 09:10:00,Arr 1003,2025-11-27,False
CAE,ATL,DL 1590,DAL,DL 1590,DAL,2025-11-27 11:03:00,Arr 1150,2025-11-27,False
ATL,TPA,DL 1591,DAL,DL 1591,DAL,2025-11-27 21:25:00,Arr 2237,2025-11-27,False
ATL,BWI,DL 1592,DAL,DL 1592,DAL,2025-11-27 08:25:00,Arr 1008,2025-11-27,False
BWI,ATL,DL 1592,DAL,DL 1592,DAL,2025-11-27 11:47:00,Arr 1337,2025-11-27,False
ATL,TPA,DL 1594,DAL,DL 1594,DAL,2025-11-27 17:04:00,Arr 1823,2025-11-27,False
RNO,SLC,DL 1595,DAL,DL 1595,DAL,2025-11-27 13:00:00,Arr 1501,2025-11-27,False
SLC,RNO,DL 1595,DAL,DL 1595,DAL,2025-11-27 11:25:00,Arr 1146,2025-11-27,False
PSP,SEA,DL 1596,DAL,DL 1596,DAL,2025-11-27 15:45:00,Arr 1837,2025-11-27,False
SEA,PSP,DL 1596,DAL,DL 1596,DAL,2025-11-27 11:50:00,Arr 1430,2025-11-27,False
STL,MSP,DL 1597,DAL,DL 1597,DAL,2025-11-27 06:00:00,Arr 0924 (+109min),2025-11-27,False
SFO,LAX,DL 1598,DAL,DL 1598,DAL,2025-11-27 06:00:00,Arr 1449 (+438min),2025-11-27,False
MSP,MSN,DL 1599,DAL,DL 1599,DAL,2025-11-27 18:20:00,Arr 1907,2025-11-27,False
ATL,IAH,DL 1601,DAL,DL 1601,DAL,2025-11-27 21:15:00,Arr 2211,2025-11-27,False
ORD,BOS,DL 1602,DAL,DL 1602,DAL,2025-11-27 07:45:00,Arr 1053,2025-11-27,False
ATL,GSO,DL 1604,DAL,DL 1604,DAL,2025-11-27 17:59:00,Arr 1855,2025-11-27,False
MSP,STL,DL 1605,DAL,DL 1605,DAL,2025-11-27 15:15:00,Arr 1647,2025-11-27,False
ATL,PBI,DL 1606,DAL,DL 1606,DAL,2025-11-27 19:15:00,Arr 2059,2025-11-27,False
SLC,RNO,DL 1607,DAL,DL 1607,DAL,2025-11-27 17:59:00,Arr 1814,2025-11-27,False
LAS,SLC,DL 1608,DAL,DL 1608,DAL,2025-11-27 10:22:00,Arr 1225,2025-11-27,False
SDF,ATL,DL 1610,DAL,DL 1610,DAL,2025-11-27 07:15:00,Arr 0827,2025-11-27,False
DTW,ATL,DL 1611,DAL,DL 1611,DAL,2025-11-27 07:05:00,Arr 0917,2025-11-27,False
DTW,AUS,DL 1612,DAL,DL 1612,DAL,2025-11-27 16:00:00,Arr 1755,2025-11-27,False
SLC,ONT,DL 1614,DAL,DL 1614,DAL,2025-11-27 17:15:00,Arr 1742,2025-11-27,False
GEG,MSP,DL 1615,DAL,DL 1615,DAL,2025-11-27 06:05:00,Arr 1043,2025-11-27,False
ATL,HPN,DL 1616,DAL,DL 1616,DAL,2025-11-27 19:53:00,Arr 2154,2025-11-27,False
ATL,GSO,DL 1617,DAL,DL 1617,DAL,2025-11-27 21:27:00,Arr 2228,2025-11-27,False
BHM,ATL,DL 1618,DAL,DL 1618,DAL,2025-11-27 06:15:00,Arr 0806,2025-11-27,False
ATL,FLL,DL 1619,DAL,DL 1619,DAL,2025-11-27 17:45:00,Arr 1928,2025-11-27,False
JFK,MCO,DL 1622,DAL,DL 1622,DAL,2025-11-27 11:40:00,Arr 1417,2025-11-27,False
MEM,ATL,DL 1624,DAL,DL 1624,DAL,2025-11-27 07:45:00,Arr 0954,2025-11-27,False
STL,DTW,DL 1626,DAL,DL 1626,DAL,2025-11-27 06:40:00,Arr 0902,2025-11-27,False
SEA,LAX,DL 1628,DAL,DL 1628,DAL,2025-11-27 07:10:00,Arr 0945,2025-11-27,False
IAH,DTW,DL 1632,DAL,DL 1632,DAL,2025-11-27 12:59:00,Arr 1620,2025-11-27,False
MEM,DTW,DL 1634,DAL,DL 1634,DAL,2025-11-27 06:30:00,Arr 0857,2025-11-27,False
MCI,MSP,DL 1635,DAL,DL 1635,DAL,2025-11-27 06:40:00,Arr 0819 (+6min),2025-11-27,False
ATL,ICT,DL 1637,DAL,DL 1637,DAL,2025-11-27 11:20:00,Arr 1236,2025-11-27,False
ICT,ATL,DL 1637,DAL,DL 1637,DAL,2025-11-27 13:30:00,Arr 1611,2025-11-27,False
ATL,PNS,DL 1640,DAL,DL 1640,DAL,2025-11-27 12:28:00,Arr 1230,2025-11-27,False
PNS,ATL,DL 1640,DAL,DL 1640,DAL,2025-11-27 13:26:00,Arr 1523,2025-11-27,False
EWR,MSP,DL 1641,DAL,DL 1641,DAL,2025-11-27 06:08:00,Arr 0747,2025-11-27,False
ATL,VPS,DL 1642,DAL,DL 1642,DAL,2025-11-27 10:50:00,Arr 1059,2025-11-27,False
JFK,AUS,DL 1643,DAL,DL 1643,DAL,2025-11-27 13:15:00,Arr 1604,2025-11-27,False
ATL,DTW,DL 1646,DAL,DL 1646,DAL,2025-11-27 07:25:00,Arr 0909,2025-11-27,False
LAX,SLC,DL 1647,DAL,DL 1647,DAL,2025-11-27 13:29:00,Arr 1555,2025-11-27,False
ATL,CHS,DL 1649,DAL,DL 1649,DAL,2025-11-27 16:12:00,Arr 1736 (+13min),2025-11-27,False
RNO,SLC,DL 1650,DAL,DL 1650,DAL,2025-11-27 06:00:00,Arr 0830,2025-11-27,False
LGA,BOS,DL 1652,DAL,DL 1652,DAL,2025-11-27 12:00:00,Arr 1252,2025-11-27,False
DTW,ORD,DL 1654,DAL,DL 1654,DAL,2025-11-27 08:25:00,Arr 0848,2025-11-27,False
ORD,DTW,DL 1654,DAL,DL 1654,DAL,2025-11-27 09:42:00,Arr 1149,2025-11-27,False
SFO,BOS,DL 1655,DAL,DL 1655,DAL,2025-11-27 21:48:00,Arr 0556,2025-11-27,False
MSP,MCI,DL 1657,DAL,DL 1657,DAL,2025-11-27 15:30:00,Arr 1635,2025-11-27,False
ATL,MCO,DL 1658,DAL,DL 1658,DAL,2025-11-27 09:35:00,Arr 1112 (+2min),2025-11-27,False
MCO,ATL,DL 1658,DAL,DL 1658,DAL,2025-11-27 12:15:00,Arr 1333,2025-11-27,False
LAS,SLC,DL 1659,DAL,DL 1659,DAL,2025-11-27 13:25:00,Arr 1526,2025-11-27,False
SLC,LAS,DL 1659,DAL,DL 1659,DAL,2025-11-27 11:45:00,Arr 1152,2025-11-27,False
MSP,PDX,DL 1661,DAL,DL 1661,DAL,2025-11-27 15:55:00,Arr 1835 (+52min),2025-11-27,False
DEN,SLC,DL 1663,DAL,DL 1663,DAL,2025-11-27 12:02:00,Arr 1329,2025-11-27,False
CHS,ATL,DL 1664,DAL,DL 1664,DAL,2025-11-27 08:20:00,Arr 0918,2025-11-27,False
MEM,ATL,DL 1666,DAL,DL 1666,DAL,2025-11-27 06:00:00,Arr 0758,2025-11-27,False
SLC,DEN,DL 1667,DAL,DL 1667,DAL,2025-11-27 20:55:00,Arr 2208,2025-11-27,False
DTW,LGA,DL 1669,DAL,DL 1669,DAL,2025-11-27 12:25:00,Arr 1350,2025-11-27,False
MSP,MCI,DL 1670,DAL,DL 1670,DAL,2025-11-27 08:21:00,Arr 0931,2025-11-27,False
SLC,DFW,DL 1671,DAL,DL 1671,DAL,2025-11-27 13:29:00,Arr 1646,2025-11-27,False
SLC,LAS,DL 1672,DAL,DL 1672,DAL,2025-11-27 15:45:00,Arr 1550,2025-11-27,False
EWR,ATL,DL 1673,DAL,DL 1673,DAL,2025-11-27 07:30:00,Arr 0953,2025-11-27,False
ECP,ATL,DL 1674,DAL,DL 1674,DAL,2025-11-27 07:23:00,Arr 0924,2025-11-27,False
MCI,MSP,DL 1676,DAL,DL 1676,DAL,2025-11-27 10:37:00,Arr 1210 (+7min),2025-11-27,False
BZN,MSP,DL 1678,DAL,DL 1678,DAL,2025-11-27 06:04:00,Arr 0918,2025-11-27,False
ATL,BNA,DL 1680,DAL,DL 1680,DAL,2025-11-27 11:31:00,Arr 1139 (+3min),2025-11-27,False
ATL,MEM,DL 1681,DAL,DL 1681,DAL,2025-11-27 16:29:00,Arr 1637,2025-11-27,False
ATL,IAH,DL 1682,DAL,DL 1682,DAL,2025-11-27 08:15:00,Arr 0930,2025-11-27,False
IAH,ATL,DL 1682,DAL,DL 1682,DAL,2025-11-27 11:00:00,Arr 1340,2025-11-27,False
BNA,ATL,DL 1683,DAL,DL 1683,DAL,2025-11-27 16:55:00,Arr 1847,2025-11-27,False
RSW,DTW,DL 1685,DAL,DL 1685,DAL,2025-11-27 08:05:00,Arr 1031,2025-11-27,False
ATL,IAD,DL 1687,DAL,DL 1687,DAL,2025-11-27 16:45:00,Arr 1823,2025-11-27,False
ABQ,ATL,DL 1688,DAL,DL 1688,DAL,2025-11-27 07:00:00,Arr 1153,2025-11-27,False
DTW,SYR,DL 1689,DAL,DL 1689,DAL,2025-11-27 16:15:00,Arr 1723,2025-11-27,False
SNA,SEA,DL 1690,DAL,DL 1690,DAL,2025-11-27 07:15:00,Arr 1005,2025-11-27,False
SLC,MCO,DL 1691,DAL,DL 1691,DAL,2025-11-27 12:20:00,Arr 1818,2025-11-27,False
ATL,BNA,DL 1693,DAL,DL 1693,DAL,2025-11-27 16:59:00,Arr 1654,2025-11-27,False
BOS,LGA,DL 1694,DAL,DL 1694,DAL,2025-11-27 17:00:00,Arr 1745,2025-11-27,False
SLC,LAS,DL 1698,DAL,DL 1698,DAL,2025-11-27 07:45:00,Arr 0751,2025-11-27,False
ATL,RDU,DL 1699,DAL,DL 1699,DAL,2025-11-27 08:10:00,Arr 0915,2025-11-27,False
RDU,ATL,DL 1699,DAL,DL 1699,DAL,2025-11-27 11:05:00,Arr 1221,2025-11-27,False
ATL,MEM,DL 1700,DAL,DL 1700,DAL,2025-11-27 15:15:00,Arr 1523,2025-11-27,False
ATL,TYS,DL 1701,DAL,DL 1701,DAL,2025-11-27 13:54:00,Arr 1447,2025-11-27,False
TYS,ATL,DL 1701,DAL,DL 1701,DAL,2025-11-27 15:53:00,Arr 1634,2025-11-27,False
SAV,ATL,DL 1702,DAL,DL 1702,DAL,2025-11-27 06:41:00,Arr 0740,2025-11-27,False
ATL,STL,DL 1703,DAL,DL 1703,DAL,2025-11-27 09:15:00,Arr 0946,2025-11-27,False
STL,ATL,DL 1703,DAL,DL 1703,DAL,2025-11-27 11:04:00,Arr 1319,2025-11-27,False
ATL,DSM,DL 1704,DAL,DL 1704,DAL,2025-11-27 11:00:00,Arr 1204,2025-11-27,False
DSM,ATL,DL 1704,DAL,DL 1704,DAL,2025-11-27 13:10:00,Arr 1628 (+11min),2025-11-27,False
FLL,MSP,DL 1705,DAL,DL 1705,DAL,2025-11-27 07:15:00,Arr 0946,2025-11-27,False
DTW,BOS,DL 1707,DAL,DL 1707,DAL,2025-11-27 16:25:00,Arr 1818,2025-11-27,False
MCO,JFK,DL 1709,DAL,DL 1709,DAL,2025-11-27 15:50:00,Arr 1753,2025-11-27,False
ATL,ELP,DL 1713,DAL,DL 1713,DAL,2025-11-27 20:15:00,Arr 2144 (+6min),2025-11-27,False
LAX,SEA,DL 1714,DAL,DL 1714,DAL,2025-11-27 09:35:00,Arr 1153,2025-11-27,False
LAX,SFO,DL 1715,DAL,DL 1715,DAL,2025-11-27 08:17:00,Arr 0938,2025-11-27,False
SFO,LAX,DL 1715,DAL,DL 1715,DAL,2025-11-27 10:39:00,Arr 1146,2025-11-27,False
ORD,MSP,DL 1717,DAL,DL 1717,DAL,2025-11-27 06:00:00,Arr 0705,2025-11-27,False
ATL,TPA,DL 1720,DAL,DL 1720,DAL,2025-11-27 14:33:00,Arr 1546,2025-11-27,False
TPA,ATL,DL 1720,DAL,DL 1720,DAL,2025-11-27 17:04:00,Arr 1830,2025-11-27,False
SLC,MSO,DL 1723,DAL,DL 1723,DAL,2025-11-27 15:55:00,Arr 1716,2025-11-27,False
ATL,GSP,DL 1725,DAL,DL 1725,DAL,2025-11-27 12:17:00,Arr 1253,2025-11-27,False
GSP,ATL,DL 1725,DAL,DL 1725,DAL,2025-11-27 13:58:00,Arr 1440,2025-11-27,False
TLH,ATL,DL 1727,DAL,DL 1727,DAL,2025-11-27 07:00:00,Arr 0749,2025-11-27,False
SAV,ATL,DL 1729,DAL,DL 1729,DAL,2025-11-27 05:36:00,Arr 0626,2025-11-27,False
MSP,MCO,DL 1730,DAL,DL 1730,DAL,2025-11-27 07:00:00,Arr 1105,2025-11-27,False
DEN,SEA,DL 1731,DAL,DL 1731,DAL,2025-11-27 06:05:00,Arr 0813,2025-11-27,False
SLC,PHX,DL 1738,DAL,DL 1738,DAL,2025-11-27 15:40:00,Arr 1709,2025-11-27,False
ELP,ATL,DL 1741,DAL,DL 1741,DAL,2025-11-27 06:00:00,Arr 1040,2025-11-27,False
ATL,MCO,DL 1742,DAL,DL 1742,DAL,2025-11-27 16:15:00,Arr 1746 (+2min),2025-11-27,False
MCO,LGA,DL 1743,DAL,DL 1743,DAL,2025-11-27 08:15:00,Arr 1031,2025-11-27,False
BOI,SLC,DL 1744,DAL,DL 1744,DAL,2025-11-27 11:10:00,Arr 1159,2025-11-27,False
SLC,BOI,DL 1744,DAL,DL 1744,DAL,2025-11-27 08:50:00,Arr 0954,2025-11-27,False
DEN,DTW,DL 1745,DAL,DL 1745,DAL,2025-11-27 06:15:00,Arr 1056,2025-11-27,False
DTW,MSP,DL 1746,DAL,DL 1746,DAL,2025-11-27 07:00:00,Arr 0751,2025-11-27,False
BOS,DTW,DL 1748,DAL,DL 1748,DAL,2025-11-27 09:00:00,Arr 1105,2025-11-27,False
SEA,DEN,DL 1750,DAL,DL 1750,DAL,2025-11-27 18:00:00,Arr 2136,2025-11-27,False
MSP,FLL,DL 1754,DAL,DL 1754,DAL,2025-11-27 18:50:00,Arr 2352 (+28min),2025-11-27,False
ATL,SJU,DL 1757,DAL,DL 1757,DAL,2025-11-27 08:15:00,Arr 1234,2025-11-27,False
SJU,ATL,DL 1757,DAL,DL 1757,DAL,2025-11-27 13:57:00,Arr 1634,2025-11-27,False
DEN,DTW,DL 1761,DAL,DL 1761,DAL,2025-11-27 00:55:00,Arr 0516,2025-11-27,False
SJU,ATL,DL 1763,DAL,DL 1763,DAL,2025-11-27 07:00:00,Arr 0958,2025-11-27,False
ATL,DAY,DL 1774,DAL,DL 1774,DAL,2025-11-27 17:45:00,Arr 1905,2025-11-27,False
CHS,BOS,DL 1775,DAL,DL 1775,DAL,2025-11-27 16:20:00,Arr 1752,2025-11-27,False
BOS,SJU,DL 1780,DAL,DL 1780,DAL,2025-11-27 08:10:00,Arr 1301,2025-11-27,False
SJU,BOS,DL 1780,DAL,DL 1780,DAL,2025-11-27 14:27:00,Arr 1709,2025-11-27,False
LGA,TPA,DL 1791,DAL,DL 1791,DAL,2025-11-27 14:00:00,Arr 1706 (+6min),2025-11-27,False
LGA,TPA,DL 1792,DAL,DL 1792,DAL,2025-11-27 07:00:00,Arr 1007 (+2min),2025-11-27,False
TPA,LGA,DL 1792,DAL,DL 1792,DAL,2025-11-27 11:10:00,Arr 1332,2025-11-27,False
BOS,MCO,DL 1797,DAL,DL 1797,DAL,2025-11-27 07:00:00,Arr 1031 (+5min),2025-11-27,False
DTW,IAH,DL 1798,DAL,DL 1798,DAL,2025-11-27 08:35:00,Arr 1027,2025-11-27,False
TPA,ATL,DL 1806,DAL,DL 1806,DAL,2025-11-27 05:30:00,Arr 0646,2025-11-27,False
DTW,FLL,DL 1807,DAL,DL 1807,DAL,2025-11-27 07:05:00,Arr 1036 (+18min),2025-11-27,False
ATL,PVD,DL 1808,DAL,DL 1808,DAL,2025-11-27 11:00:00,Arr 1308,2025-11-27,False
PVD,ATL,DL 1808,DAL,DL 1808,DAL,2025-11-27 14:12:00,Arr 1652,2025-11-27,False
ATL,BHM,DL 1810,DAL,DL 1810,DAL,2025-11-27 15:30:00,Arr 1508,2025-11-27,False
BHM,ATL,DL 1810,DAL,DL 1810,DAL,2025-11-27 16:17:00,Arr 1748,2025-11-27,False
ATL,GPT,DL 1814,DAL,DL 1814,DAL,2025-11-27 11:10:00,Arr 1136 (+1min),2025-11-27,False
GPT,ATL,DL 1814,DAL,DL 1814,DAL,2025-11-27 12:30:00,Arr 1440,2025-11-27,False
MSP,EWR,DL 1817,DAL,DL 1817,DAL,2025-11-27 14:20:00,Arr 1748,2025-11-27,False
ATL,EWR,DL 1818,DAL,DL 1818,DAL,2025-11-27 10:00:00,Arr 1145,2025-11-27,False
EWR,ATL,DL 1818,DAL,DL 1818,DAL,2025-11-27 13:15:00,Arr 1539,2025-11-27,False
SDF,ATL,DL 1819,DAL,DL 1819,DAL,2025-11-27 08:35:00,Arr 0941,2025-11-27,False
ATL,CVG,DL 1823,DAL,DL 1823,DAL,2025-11-27 09:05:00,Arr 1024,2025-11-27,False
CVG,ATL,DL 1823,DAL,DL 1823,DAL,2025-11-27 12:14:00,Arr 1320,2025-11-27,False
DTW,MCI,DL 1826,DAL,DL 1826,DAL,2025-11-27 08:37:00,Arr 0922,2025-11-27,False
ATL,AVL,DL 1832,DAL,DL 1832,DAL,2025-11-27 14:06:00,Arr 1441,2025-11-27,False
AVL,ATL,DL 1832,DAL,DL 1832,DAL,2025-11-27 15:52:00,Arr 1634,2025-11-27,False
BNA,MSP,DL 2724,DAL,DL 2724,DAL,2025-11-27 12:25:00,Arr 1418,2025-11-27,False
MSP,BNA,DL 2724,DAL,DL 2724,DAL,2025-11-27 09:05:00,Arr 1112,2025-11-27,False
DSM,ATL,DL 2727,DAL,DL 2727,DAL,2025-11-27 05:40:00,Arr 0841,2025-11-27,False
MSP,LGA,DL 2732,DAL,DL 2732,DAL,2025-11-27 16:00:00,Arr 1924,2025-11-27,False
CLE,ATL,DL 2734,DAL,DL 2734,DAL,2025-11-27 06:00:00,Arr 0743,2025-11-27,False
ATL,ORD,DL 2738,DAL,DL 2738,DAL,2025-11-27 14:59:00,Arr 1548,2025-11-27,False
ORD,ATL,DL 2738,DAL,DL 2738,DAL,2025-11-27 17:08:00,Arr 1956,2025-11-27,False
ATL,GSP,DL 2739,DAL,DL 2739,DAL,2025-11-27 08:05:00,Arr 0840,2025-11-27,False
GSP,ATL,DL 2739,DAL,DL 2739,DAL,2025-11-27 10:07:00,Arr 1047,2025-11-27,False
DEN,SEA,DL 2740,DAL,DL 2740,DAL,2025-11-27 12:18:00,Arr 1404,2025-11-27,False
SEA,DEN,DL 2740,DAL,DL 2740,DAL,2025-11-27 07:31:00,Arr 1107,2025-11-27,False
TPA,JFK,DL 2742,DAL,DL 2742,DAL,2025-11-27 11:51:00,Arr 1406,2025-11-27,False
CLT,ATL,DL 2743,DAL,DL 2743,DAL,2025-11-27 06:00:00,Arr 0700,2025-11-27,False
DFW,DTW,DL 2746,DAL,DL 2746,DAL,2025-11-27 11:22:00,Arr 1450,2025-11-27,False
DTW,DFW,DL 2746,DAL,DL 2746,DAL,2025-11-27 08:25:00,Arr 1021,2025-11-27,False
ATL,TRI,DL 2747,DAL,DL 2747,DAL,2025-11-27 17:32:00,Arr 1825,2025-11-27,False
MSP,FSD,DL 2748,DAL,DL 2748,DAL,2025-11-27 15:45:00,Arr 1652,2025-11-27,False
MSP,AUS,DL 2749,DAL,DL 2749,DAL,2025-11-27 17:00:00,Arr 2009 (+6min),2025-11-27,False
BOS,JFK,DL 2750,DAL,DL 2750,DAL,2025-11-27 15:05:00,Arr 1615,2025-11-27,False
ATL,IAD,DL 2751,DAL,DL 2751,DAL,2025-11-27 09:55:00,Arr 1133,2025-11-27,False
IAD,ATL,DL 2751,DAL,DL 2751,DAL,2025-11-27 12:36:00,Arr 1412,2025-11-27,False
CVG,MSP,DL 2752,DAL,DL 2752,DAL,2025-11-27 06:10:00,Arr 0645,2025-11-27,False
JFK,BOS,DL 2753,DAL,DL 2753,DAL,2025-11-27 09:00:00,Arr 1007,2025-11-27,False
ATL,ORF,DL 2755,DAL,DL 2755,DAL,2025-11-27 09:40:00,Arr 1147 (+30min),2025-11-27,False
ORF,ATL,DL 2755,DAL,DL 2755,DAL,2025-11-27 12:42:00,Arr 1511 (+28min),2025-11-27,False
LGA,ORD,DL 2760,DAL,DL 2760,DAL,2025-11-27 16:00:00,Arr 1705,2025-11-27,False
SLC,SFO,DL 2762,DAL,DL 2762,DAL,2025-11-27 17:30:00,Arr 1907 (+34min),2025-11-27,False
ATL,DAY,DL 2763,DAL,DL 2763,DAL,2025-11-27 10:45:00,Arr 1156,2025-11-27,False
DAY,ATL,DL 2763,DAL,DL 2763,DAL,2025-11-27 13:22:00,Arr 1445,2025-11-27,False
MSP,LGA,DL 2764,DAL,DL 2764,DAL,2025-11-27 12:45:00,Arr 1609,2025-11-27,False
ATL,BDL,DL 2765,DAL,DL 2765,DAL,2025-11-27 19:52:00,Arr 2152,2025-11-27,False
LAX,PDX,DL 2766,DAL,DL 2766,DAL,2025-11-27 09:15:00,Arr 1118,2025-11-27,False
SEA,LAX,DL 2769,DAL,DL 2769,DAL,2025-11-27 10:19:00,Arr 1259,2025-11-27,False
DTW,ATL,DL 2777,DAL,DL 2777,DAL,2025-11-27 09:05:00,Arr 1056,2025-11-27,False
ATL,MEM,DL 2778,DAL,DL 2778,DAL,2025-11-27 13:13:00,Arr 1340 (+8min),2025-11-27,False
MEM,ATL,DL 2778,DAL,DL 2778,DAL,2025-11-27 15:00:00,Arr 1650,2025-11-27,False
SAV,ATL,DL 2779,DAL,DL 2779,DAL,2025-11-27 08:25:00,Arr 0921,2025-11-27,False
BOS,CHS,DL 2785,DAL,DL 2785,DAL,2025-11-27 10:15:00,Arr 1302 (+13min),2025-11-27,False
ATL,CMH,DL 2786,DAL,DL 2786,DAL,2025-11-27 17:30:00,Arr 1851,2025-11-27,False
DEN,DTW,DL 2787,DAL,DL 2787,DAL,2025-11-27 10:18:00,Arr 1444,2025-11-27,False
CLT,ATL,DL 2788,DAL,DL 2788,DAL,2025-11-27 11:15:00,Arr 1220,2025-11-27,False
SFO,MSP,DL 2789,DAL,DL 2789,DAL,2025-11-27 00:30:00,Arr 0538,2025-11-27,False
DTW,MSY,DL 2790,DAL,DL 2790,DAL,2025-11-27 08:47:00,Arr 1015,2025-11-27,False
PHL,MSP,DL 2791,DAL,DL 2791,DAL,2025-11-27 06:14:00,Arr 0748,2025-11-27,False
MSP,CLT,DL 2792,DAL,DL 2792,DAL,2025-11-27 07:10:00,Arr 1028,2025-11-27,False
ATL,GNV,DL 2793,DAL,DL 2793,DAL,2025-11-27 08:10:00,Arr 0914,2025-11-27,False
GNV,ATL,DL 2793,DAL,DL 2793,DAL,2025-11-27 10:11:00,Arr 1110,2025-11-27,False
ATL,PVD,DL 2794,DAL,DL 2794,DAL,2025-11-27 21:38:00,Arr 2334,2025-11-27,False
MSO,SLC,DL 2795,DAL,DL 2795,DAL,2025-11-27 05:25:00,Arr 0639,2025-11-27,False
SLC,DFW,DL 2796,DAL,DL 2796,DAL,2025-11-27 18:25:00,Arr 2133,2025-11-27,False
SLC,SAT,DL 2797,DAL,DL 2797,DAL,2025-11-27 17:30:00,Arr 2058,2025-11-27,False
ATL,BWI,DL 2799,DAL,DL 2799,DAL,2025-11-27 14:00:00,Arr 1559 (+15min),2025-11-27,False
BWI,ATL,DL 2799,DAL,DL 2799,DAL,2025-11-27 17:05:00,Arr 1833,2025-11-27,False
SLC,DFW,DL 2800,DAL,DL 2800,DAL,2025-11-27 11:00:00,Arr 1442 (+3min),2025-11-27,False
BNA,ATL,DL 2802,DAL,DL 2802,DAL,2025-11-27 07:30:00,Arr 0924,2025-11-27,False
ATL,VPS,DL 2803,DAL,DL 2803,DAL,2025-11-27 17:50:00,Arr 1748,2025-11-27,False
ATL,DAL,DL 2804,DAL,DL 2804,DAL,2025-11-27 22:34:00,Arr 2339,2025-11-27,False
ATL,PNS,DL 2807,DAL,DL 2807,DAL,2025-11-27 23:00:00,Arr 2305,2025-11-27,False
BOI,MSP,DL 2808,DAL,DL 2808,DAL,2025-11-27 05:35:00,Arr 0910,2025-11-27,False
LGA,ORD,DL 2810,DAL,DL 2810,DAL,2025-11-27 11:00:00,Arr 1214,2025-11-27,False
DTW,BDL,DL 2814,DAL,DL 2814,DAL,2025-11-27 15:56:00,Arr 1721,2025-11-27,False
ATL,EYW,DL 2815,DAL,DL 2815,DAL,2025-11-27 18:00:00,Arr 2003 (+10min),2025-11-27,False
ROA,ATL,DL 2818,DAL,DL 2818,DAL,2025-11-27 06:00:00,Arr 0710,2025-11-27,False
MSP,CLT,DL 2819,DAL,DL 2819,DAL,2025-11-27 12:55:00,Arr 1607,2025-11-27,False
MYR,ATL,DL 2820,DAL,DL 2820,DAL,2025-11-27 06:00:00,Arr 0711,2025-11-27,False
SEA,GEG,DL 2821,DAL,DL 2821,DAL,2025-11-27 19:45:00,Arr 2048,2025-11-27,False
ATL,DAB,DL 2827,DAL,DL 2827,DAL,2025-11-27 12:17:00,Arr 1322,2025-11-27,False
DAB,ATL,DL 2827,DAL,DL 2827,DAL,2025-11-27 14:39:00,Arr 1548,2025-11-27,False
DEN,LAX,DL 2828,DAL,DL 2828,DAL,2025-11-27 12:53:00,Arr 1358,2025-11-27,False
LAX,DEN,DL 2828,DAL,DL 2828,DAL,2025-11-27 08:30:00,Arr 1144,2025-11-27,False
SEA,LAX,DL 2830,DAL,DL 2830,DAL,2025-11-27 14:11:00,Arr 1643,2025-11-27,False
ATL,VPS,DL 2832,DAL,DL 2832,DAL,2025-11-27 15:55:00,Arr 1552,2025-11-27,False
VPS,ATL,DL 2832,DAL,DL 2832,DAL,2025-11-27 17:00:00,Arr 1906,2025-11-27,False
MIA,ATL,DL 2836,DAL,DL 2836,DAL,2025-11-27 10:28:00,Arr 1208,2025-11-27,False
ATL,CVG,DL 2837,DAL,DL 2837,DAL,2025-11-27 14:25:00,Arr 1532,2025-11-27,False
CVG,ATL,DL 2837,DAL,DL 2837,DAL,2025-11-27 16:45:00,Arr 1805,2025-11-27,False
CLE,ATL,DL 2838,DAL,DL 2838,DAL,2025-11-27 07:25:00,Arr 0909,2025-11-27,False
DFW,MSP,DL 2840,DAL,DL 2840,DAL,2025-11-27 15:13:00,Arr 1719,2025-11-27,False
DTW,ALB,DL 2843,DAL,DL 2843,DAL,2025-11-27 15:50:00,Arr 1712,2025-11-27,False
LAS,SEA,DL 2844,DAL,DL 2844,DAL,2025-11-27 06:00:00,Arr 0823,2025-11-27,False
MCO,DTW,DL 2845,DAL,DL 2845,DAL,2025-11-27 08:30:00,Arr 1052,2025-11-27,False
ATL,GSO,DL 2847,DAL,DL 2847,DAL,2025-11-27 08:55:00,Arr 0954,2025-11-27,False
GSO,ATL,DL 2847,DAL,DL 2847,DAL,2025-11-27 11:30:00,Arr 1237,2025-11-27,False
AVL,ATL,DL 2853,DAL,DL 2853,DAL,2025-11-27 06:25:00,Arr 0712,2025-11-27,False
SEA,LAX,DL 2854,DAL,DL 2854,DAL,2025-11-27 19:59:00,Arr 2239,2025-11-27,False
SLC,BUR,DL 2855,DAL,DL 2855,DAL,2025-11-27 15:02:00,Arr 1549,2025-11-27,False
DTW,ATL,DL 2856,DAL,DL 2856,DAL,2025-11-27 10:31:00,Arr 1219,2025-11-27,False
ATL,SAV,DL 2860,DAL,DL 2860,DAL,2025-11-27 21:35:00,Arr 2231,2025-11-27,False
SEA,LAX,DL 2861,DAL,DL 2861,DAL,2025-11-27 18:01:00,Arr 2051,2025-11-27,False
ATL,OKC,DL 2862,DAL,DL 2862,DAL,2025-11-27 14:00:00,Arr 1505,2025-11-27,False
ATL,GRR,DL 2865,DAL,DL 2865,DAL,2025-11-27 21:50:00,Arr 2353 (+11min),2025-11-27,False
DTW,STL,DL 2868,DAL,DL 2868,DAL,2025-11-27 08:55:00,Arr 0944,2025-11-27,False
STL,DTW,DL 2868,DAL,DL 2868,DAL,2025-11-27 10:45:00,Arr 1254,2025-11-27,False
DCA,DTW,DL 2869,DAL,DL 2869,DAL,2025-11-27 06:06:00,Arr 0736,2025-11-27,False
BWI,MSP,DL 2872,DAL,DL 2872,DAL,2025-11-27 06:00:00,Arr 0735,2025-11-27,False
AUS,SLC,DL 2873,DAL,DL 2873,DAL,2025-11-27 12:25:00,Arr 1410,2025-11-27,False
SLC,SEA,DL 2874,DAL,DL 2874,DAL,2025-11-27 07:45:00,Arr 0905,2025-11-27,False
CVG,SLC,DL 2876,DAL,DL 2876,DAL,2025-11-27 08:05:00,Arr 0951,2025-11-27,False
ATL,ORD,DL 2879,DAL,DL 2879,DAL,2025-11-27 17:42:00,Arr 1835,2025-11-27,False
SEA,LAS,DL 2880,DAL,DL 2880,DAL,2025-11-27 12:00:00,Arr 1422,2025-11-27,False
ATL,MCO,DL 2881,DAL,DL 2881,DAL,2025-11-27 19:15:00,Arr 2031,2025-11-27,False
SLC,MCI,DL 2882,DAL,DL 2882,DAL,2025-11-27 10:00:00,Arr 1302,2025-11-27,False
ATL,AUS,DL 2886,DAL,DL 2886,DAL,2025-11-27 09:36:00,Arr 1101,2025-11-27,False
AUS,ATL,DL 2886,DAL,DL 2886,DAL,2025-11-27 12:20:00,Arr 1512,2025-11-27,False
MSP,BIS,DL 2887,DAL,DL 2887,DAL,2025-11-27 18:15:00,Arr 1936,2025-11-27,False
BIS,MSP,DL 2888,DAL,DL 2888,DAL,2025-11-27 07:40:00,Arr 0916 (+7min),2025-11-27,False
ATL,SAT,DL 2893,DAL,DL 2893,DAL,2025-11-27 21:00:00,Arr 2222,2025-11-27,False
EWR,MSP,DL 2895,DAL,DL 2895,DAL,2025-11-27 15:05:00,Arr 1635,2025-11-27,False
MSP,EWR,DL 2895,DAL,DL 2895,DAL,2025-11-27 10:30:00,Arr 1355,2025-11-27,False
MCI,SLC,DL 2897,DAL,DL 2897,DAL,2025-11-27 06:28:00,Arr 0840 (+17min),2025-11-27,False
BUF,DTW,DL 2898,DAL,DL 2898,DAL,2025-11-27 06:12:00,Arr 0753 (+23min),2025-11-27,False
AUS,ATL,DL 2899,DAL,DL 2899,DAL,2025-11-27 08:00:00,Arr 1100,2025-11-27,False
ATL,BHM,DL 2900,DAL,DL 2900,DAL,2025-11-27 18:39:00,Arr 1813,2025-11-27,False
SEA,LAS,DL 2905,DAL,DL 2905,DAL,2025-11-27 09:55:00,Arr 1223,2025-11-27,False
LAX,SLC,DL 2906,DAL,DL 2906,DAL,2025-11-27 05:45:00,Arr 0826,2025-11-27,False
MSO,MSP,DL 2907,DAL,DL 2907,DAL,2025-11-27 08:00:00,Arr 1101,2025-11-27,False
ATL,MCI,DL 2908,DAL,DL 2908,DAL,2025-11-27 09:00:00,Arr 1026 (+15min),2025-11-27,False
MCI,ATL,DL 2908,DAL,DL 2908,DAL,2025-11-27 12:18:00,Arr 1447,2025-11-27,False
CMH,ATL,DL 2909,DAL,DL 2909,DAL,2025-11-27 07:25:00,Arr 0852,2025-11-27,False
GRR,MSP,DL 2913,DAL,DL 2913,DAL,2025-11-27 07:00:00,Arr 0744 (+7min),2025-11-27,False
SEA,LAX,DL 2914,DAL,DL 2914,DAL,2025-11-27 12:25:00,Arr 1454,2025-11-27,False
CVG,LAS,DL 2915,DAL,DL 2915,DAL,2025-11-27 07:35:00,Arr 0840,2025-11-27,False
SLC,MSP,DL 2916,DAL,DL 2916,DAL,2025-11-27 08:00:00,Arr 1124,2025-11-27,False
DTW,RIC,DL 2917,DAL,DL 2917,DAL,2025-11-27 10:06:00,Arr 1200 (+15min),2025-11-27,False
SLC,SEA,DL 2921,DAL,DL 2921,DAL,2025-11-27 13:40:00,Arr 1445,2025-11-27,False
SEA,LAS,DL 2922,DAL,DL 2922,DAL,2025-11-27 07:20:00,Arr 0936,2025-11-27,False
ATL,JAX,DL 2923,DAL,DL 2923,DAL,2025-11-27 11:45:00,Arr 1243,2025-11-27,False
SLC,MSP,DL 2924,DAL,DL 2924,DAL,2025-11-27 11:13:00,Arr 1436,2025-11-27,False
LAX,PHX,DL 2927,DAL,DL 2927,DAL,2025-11-27 17:55:00,Arr 1959,2025-11-27,False
ATL,BWI,DL 2928,DAL,DL 2928,DAL,2025-11-27 16:38:00,Arr 1803,2025-11-27,False
BDL,ATL,DL 2933,DAL,DL 2933,DAL,2025-11-27 06:00:00,Arr 0845,2025-11-27,False
DTW,JFK,DL 2934,DAL,DL 2934,DAL,2025-11-27 16:43:00,Arr 1829,2025-11-27,False
SLC,MSP,DL 2936,DAL,DL 2936,DAL,2025-11-27 13:59:00,Arr 1705,2025-11-27,False
JAX,LGA,DL 2938,DAL,DL 2938,DAL,2025-11-27 11:50:00,Arr 1337,2025-11-27,False
LGA,JAX,DL 2938,DAL,DL 2938,DAL,2025-11-27 08:15:00,Arr 1036,2025-11-27,False
TPA,RDU,DL 2942,DAL,DL 2942,DAL,2025-11-27 09:10:00,Arr 1032,2025-11-27,False
DFW,MSP,DL 2943,DAL,DL 2943,DAL,2025-11-27 18:01:00,Arr 2011,2025-11-27,False
MSP,CVG,DL 2946,DAL,DL 2946,DAL,2025-11-27 15:20:00,Arr 1746,2025-11-27,False
PDX,LAX,DL 2947,DAL,DL 2947,DAL,2025-11-27 06:29:00,Arr 0925 (+28min),2025-11-27,False
ATL,GRB,DL 2948,DAL,DL 2948,DAL,2025-11-27 21:25:00,Arr 2229,2025-11-27,False
BWI,ATL,DL 2950,DAL,DL 2950,DAL,2025-11-27 06:00:00,Arr 0806,2025-11-27,False
ATL,BDL,DL 2951,DAL,DL 2951,DAL,2025-11-27 08:59:00,Arr 1056,2025-11-27,False
BDL,ATL,DL 2951,DAL,DL 2951,DAL,2025-11-27 12:10:00,Arr 1437,2025-11-27,False
JFK,MCO,DL 2952,DAL,DL 2952,DAL,2025-11-27 15:20:00,Arr 1827 (+9min),2025-11-27,False
MLB,ATL,DL 2953,DAL,DL 2953,DAL,2025-11-27 06:00:00,Arr 0712,2025-11-27,False
DCA,MSP,DL 2958,DAL,DL 2958,DAL,2025-11-27 12:02:00,Arr 1318,2025-11-27,False
MSP,DCA,DL 2958,DAL,DL 2958,DAL,2025-11-27 07:40:00,Arr 1043,2025-11-27,False
ATL,ICT,DL 2959,DAL,DL 2959,DAL,2025-11-27 21:58:00,Arr 2305,2025-11-27,False
ATL,MSP,DL 2960,DAL,DL 2960,DAL,2025-11-27 08:25:00,Arr 0948,2025-11-27,False
MSP,DCA,DL 2961,DAL,DL 2961,DAL,2025-11-27 15:15:00,Arr 1812,2025-11-27,False
MSP,DCA,DL 2962,DAL,DL 2962,DAL,2025-11-27 10:10:00,Arr 1321,2025-11-27,False
BDL,DTW,DL 2964,DAL,DL 2964,DAL,2025-11-27 05:30:00,Arr 0746 (+6min),2025-11-27,False
ORF,ATL,DL 2966,DAL,DL 2966,DAL,2025-11-27 05:15:00,Arr 0700,2025-11-27,False
MSP,DFW,DL 2967,DAL,DL 2967,DAL,2025-11-27 20:20:00,Arr 2208,2025-11-27,False
MSP,JFK,DL 2969,DAL,DL 2969,DAL,2025-11-27 10:00:00,Arr 1330,2025-11-27,False
MSP,DFW,DL 2970,DAL,DL 2970,DAL,2025-11-27 10:00:00,Arr 1210,2025-11-27,False
MSP,DFW,DL 2971,DAL,DL 2971,DAL,2025-11-27 14:56:00,Arr 1708,2025-11-27,False
DFW,MSP,DL 2972,DAL,DL 2972,DAL,2025-11-27 10:52:00,Arr 1256,2025-11-27,False
MSP,DFW,DL 2972,DAL,DL 2972,DAL,2025-11-27 07:08:00,Arr 0921,2025-11-27,False
LAX,PDX,DL 2975,DAL,DL 2975,DAL,2025-11-27 07:10:00,Arr 0919,2025-11-27,False
PDX,LAX,DL 2975,DAL,DL 2975,DAL,2025-11-27 10:35:00,Arr 1240,2025-11-27,False
ATL,AUS,DL 2976,DAL,DL 2976,DAL,2025-11-27 08:15:00,Arr 0944,2025-11-27,False
AUS,ATL,DL 2976,DAL,DL 2976,DAL,2025-11-27 10:59:00,Arr 1401,2025-11-27,False
ATL,CLE,DL 2978,DAL,DL 2978,DAL,2025-11-27 09:00:00,Arr 1037,2025-11-27,False
CLE,ATL,DL 2978,DAL,DL 2978,DAL,2025-11-27 11:48:00,Arr 1345,2025-11-27,False
ATL,IND,DL 2979,DAL,DL 2979,DAL,2025-11-27 17:20:00,Arr 1832,2025-11-27,False
LAX,SEA,DL 2980,DAL,DL 2980,DAL,2025-11-27 07:20:00,Arr 0950,2025-11-27,False
ATL,MSP,DL 2981,DAL,DL 2981,DAL,2025-11-27 10:33:00,Arr 1208,2025-11-27,False
MSP,BOI,DL 2982,DAL,DL 2982,DAL,2025-11-27 11:59:00,Arr 1409,2025-11-27,False
MSY,DTW,DL 2990,DAL,DL 2990,DAL,2025-11-27 11:29:00,Arr 1443,2025-11-27,False
SLC,SEA,DL 2995,DAL,DL 2995,DAL,2025-11-27 11:30:00,Arr 1245,2025-11-27,False
ORD,LGA,DL 2996,DAL,DL 2996,DAL,2025-11-27 08:15:00,Arr 1107,2025-11-27,False
ATL,SRQ,DL 2997,DAL,DL 2997,DAL,2025-11-27 21:20:00,Arr 2240,2025-11-27,False
ATL,MKE,DL 2999,DAL,DL 2999,DAL,2025-11-27 08:15:00,Arr 0901,2025-11-27,False
MKE,ATL,DL 2999,DAL,DL 2999,DAL,2025-11-27 10:23:00,Arr 1320,2025-11-27,False
BNA,ATL,DL 3001,DAL,DL 3001,DAL,2025-11-27 06:16:00,Arr 0819,2025-11-27,False
ATL,BNA,DL 3002,DAL,DL 3002,DAL,2025-11-27 20:30:00,Arr 2024,2025-11-27,False
ATL,GSP,DL 3007,DAL,DL 3007,DAL,2025-11-27 18:16:00,Arr 1853,2025-11-27,False
HSV,ATL,DL 3009,DAL,DL 3009,DAL,2025-11-27 07:00:00,Arr 0902,2025-11-27,False
DTW,DEN,DL 1113,DAL,DL 1113,DAL,2025-11-27 07:58:00,Arr 0904,2025-11-27,False
MSP,BIL,DL 1114,DAL,DL 1114,DAL,2025-11-27 16:00:00,Arr 1654,2025-11-27,False
SAN,SLC,DL 1117,DAL,DL 1117,DAL,2025-11-27 06:15:00,Arr 0904,2025-11-27,False
DTW,SAV,DL 1119,DAL,DL 1119,DAL,2025-11-27 08:46:00,Arr 1035,2025-11-27,False
SAV,DTW,DL 1119,DAL,DL 1119,DAL,2025-11-27 11:44:00,Arr 1315,2025-11-27,False
SEA,SLC,DL 1120,DAL,DL 1120,DAL,2025-11-27 13:44:00,Arr 1648,2025-11-27,False
SNA,SLC,DL 1121,DAL,DL 1121,DAL,2025-11-27 13:30:00,Arr 1610,2025-11-27,False
LGA,DTW,DL 1122,DAL,DL 1122,DAL,2025-11-27 12:15:00,Arr 1357,2025-11-27,False
DEN,MSP,DL 1123,DAL,DL 1123,DAL,2025-11-27 13:57:00,Arr 1637,2025-11-27,False
ATL,RSW,DL 1124,DAL,DL 1124,DAL,2025-11-27 22:55:00,Arr 0026,2025-11-27,False
ATL,OMA,DL 1125,DAL,DL 1125,DAL,2025-11-27 12:59:00,Arr 1408,2025-11-27,False
OMA,ATL,DL 1125,DAL,DL 1125,DAL,2025-11-27 16:00:00,Arr 1840,2025-11-27,False
BOS,MSP,DL 1127,DAL,DL 1127,DAL,2025-11-27 12:05:00,Arr 1428 (+2min),2025-11-27,False
SEA,SLC,DL 1128,DAL,DL 1128,DAL,2025-11-27 05:25:00,Arr 0810,2025-11-27,False
DEN,MSP,DL 1129,DAL,DL 1129,DAL,2025-11-27 05:45:00,Arr 0857 (+7min),2025-11-27,False
BIL,MSP,DL 1132,DAL,DL 1132,DAL,2025-11-27 06:25:00,Arr 0907,2025-11-27,False
DTW,MCO,DL 1133,DAL,DL 1133,DAL,2025-11-27 16:00:00,Arr 1833,2025-11-27,False
OMA,ATL,DL 1136,DAL,DL 1136,DAL,2025-11-27 05:10:00,Arr 0820,2025-11-27,False
ATL,ORD,DL 1139,DAL,DL 1139,DAL,2025-11-27 21:30:00,Arr 2231 (+1min),2025-11-27,False
ATL,TLH,DL 1140,DAL,DL 1140,DAL,2025-11-27 17:17:00,Arr 1806,2025-11-27,False
LAX,IAH,DL 1143,DAL,DL 1143,DAL,2025-11-27 08:55:00,Arr 1357,2025-11-27,False
ATL,HPN,DL 1146,DAL,DL 1146,DAL,2025-11-27 09:41:00,Arr 1137,2025-11-27,False
HPN,ATL,DL 1146,DAL,DL 1146,DAL,2025-11-27 12:45:00,Arr 1452,2025-11-27,False
ATL,ORD,DL 1147,DAL,DL 1147,DAL,2025-11-27 09:00:00,Arr 1013 (+9min),2025-11-27,False
ORD,ATL,DL 1147,DAL,DL 1147,DAL,2025-11-27 11:19:00,Arr 1404,2025-11-27,False
CMH,MSP,DL 1148,DAL,DL 1148,DAL,2025-11-27 06:43:00,Arr 0722,2025-11-27,False
DEN,MSP,DL 1149,DAL,DL 1149,DAL,2025-11-27 11:08:00,Arr 1354,2025-11-27,False
MSP,DEN,DL 1149,DAL,DL 1149,DAL,2025-11-27 08:50:00,Arr 0948,2025-11-27,False
ATL,MCO,DL 1150,DAL,DL 1150,DAL,2025-11-27 14:58:00,Arr 1627,2025-11-27,False
MCO,ATL,DL 1150,DAL,DL 1150,DAL,2025-11-27 17:35:00,Arr 1857,2025-11-27,False
ATL,RSW,DL 1153,DAL,DL 1153,DAL,2025-11-27 10:49:00,Arr 1222,2025-11-27,False
ATL,PHL,DL 1154,DAL,DL 1154,DAL,2025-11-27 11:29:00,Arr 1305,2025-11-27,False
PHL,ATL,DL 1154,DAL,DL 1154,DAL,2025-11-27 14:30:00,Arr 1617,2025-11-27,False
OMA,ATL,DL 1157,DAL,DL 1157,DAL,2025-11-27 07:00:00,Arr 1024 (+6min),2025-11-27,False
OKC,ATL,DL 1158,DAL,DL 1158,DAL,2025-11-27 06:50:00,Arr 0932,2025-11-27,False
MSN,ATL,DL 1160,DAL,DL 1160,DAL,2025-11-27 05:40:00,Arr 0843,2025-11-27,False
SLC,LAX,DL 1161,DAL,DL 1161,DAL,2025-11-27 17:15:00,Arr 1804,2025-11-27,False
DTW,BOS,DL 1163,DAL,DL 1163,DAL,2025-11-27 07:00:00,Arr 0914 (+10min),2025-11-27,False
DFW,LGA,DL 1164,DAL,DL 1164,DAL,2025-11-27 12:12:00,Arr 1603,2025-11-27,False
JFK,SAT,DL 1166,DAL,DL 1166,DAL,2025-11-27 07:35:00,Arr 1102 (+3min),2025-11-27,False
SAT,JFK,DL 1166,DAL,DL 1166,DAL,2025-11-27 12:10:00,Arr 1637,2025-11-27,False
FLL,ATL,DL 1168,DAL,DL 1168,DAL,2025-11-27 06:30:00,Arr 0811,2025-11-27,False
ATL,PHL,DL 1169,DAL,DL 1169,DAL,2025-11-27 14:59:00,Arr 1635,2025-11-27,False
PDX,SLC,DL 1173,DAL,DL 1173,DAL,2025-11-27 13:30:00,Arr 1643 (+19min),2025-11-27,False
ATL,PHL,DL 1174,DAL,DL 1174,DAL,2025-11-27 20:55:00,Arr 2235,2025-11-27,False
SAN,SLC,DL 1177,DAL,DL 1177,DAL,2025-11-27 09:43:00,Arr 1232,2025-11-27,False
SLC,SAN,DL 1177,DAL,DL 1177,DAL,2025-11-27 07:45:00,Arr 0822,2025-11-27,False
SAN,ATL,DL 1179,DAL,DL 1179,DAL,2025-11-27 08:00:00,Arr 1456,2025-11-27,False
PHL,ATL,DL 1180,DAL,DL 1180,DAL,2025-11-27 08:00:00,Arr 1020,2025-11-27,False
OKC,ATL,DL 1184,DAL,DL 1184,DAL,2025-11-27 05:30:00,Arr 0815,2025-11-27,False
SNA,SLC,DL 1185,DAL,DL 1185,DAL,2025-11-27 07:00:00,Arr 0948,2025-11-27,False
ATL,TUL,DL 1186,DAL,DL 1186,DAL,2025-11-27 14:40:00,Arr 1540,2025-11-27,False
TUL,ATL,DL 1186,DAL,DL 1186,DAL,2025-11-27 16:30:00,Arr 1928,2025-11-27,False
LGA,ORD,DL 1188,DAL,DL 1188,DAL,2025-11-27 07:30:00,Arr 0858,2025-11-27,False
ORD,LGA,DL 1188,DAL,DL 1188,DAL,2025-11-27 12:29:00,Arr 1520,2025-11-27,False
SLC,SNA,DL 1189,DAL,DL 1189,DAL,2025-11-27 11:15:00,Arr 1224 (+7min),2025-11-27,False
ATL,PBI,DL 1190,DAL,DL 1190,DAL,2025-11-27 11:22:00,Arr 1306,2025-11-27,False
PBI,ATL,DL 1190,DAL,DL 1190,DAL,2025-11-27 14:16:00,Arr 1557,2025-11-27,False
MCO,ATL,DL 1192,DAL,DL 1192,DAL,2025-11-27 06:15:00,Arr 0738,2025-11-27,False
DCA,MSP,DL 1193,DAL,DL 1193,DAL,2025-11-27 06:10:00,Arr 0744,2025-11-27,False
LAX,SLC,DL 1194,DAL,DL 1194,DAL,2025-11-27 11:05:00,Arr 1342,2025-11-27,False
ATL,HOU,DL 1195,DAL,DL 1195,DAL,2025-11-27 12:15:00,Arr 1322,2025-11-27,False
HOU,ATL,DL 1195,DAL,DL 1195,DAL,2025-11-27 14:32:00,Arr 1702,2025-11-27,False
ATL,RSW,DL 1196,DAL,DL 1196,DAL,2025-11-27 13:27:00,Arr 1442,2025-11-27,False
SLC,SNA,DL 1198,DAL,DL 1198,DAL,2025-11-27 07:45:00,Arr 0821,2025-11-27,False
SNA,SLC,DL 1198,DAL,DL 1198,DAL,2025-11-27 09:40:00,Arr 1204,2025-11-27,False
ROC,ATL,DL 1200,DAL,DL 1200,DAL,2025-11-27 06:00:00,Arr 0911 (+44min),2025-11-27,False
MCO,DTW,DL 1201,DAL,DL 1201,DAL,2025-11-27 20:00:00,Arr 2213,2025-11-27,False
MCI,ATL,DL 1204,DAL,DL 1204,DAL,2025-11-27 05:50:00,Arr 0902 (+5min),2025-11-27,False
DTW,DFW,DL 1207,DAL,DL 1207,DAL,2025-11-27 17:50:00,Arr 1945,2025-11-27,False
MSP,MCO,DL 1208,DAL,DL 1208,DAL,2025-11-27 11:00:00,Arr 1456,2025-11-27,False
SLC,PDX,DL 1209,DAL,DL 1209,DAL,2025-11-27 11:30:00,Arr 1225,2025-11-27,False
MIA,ATL,DL 1211,DAL,DL 1211,DAL,2025-11-27 07:20:00,Arr 0909,2025-11-27,False
MCI,ATL,DL 1212,DAL,DL 1212,DAL,2025-11-27 07:00:00,Arr 0951,2025-11-27,False
ATL,MCO,DL 1213,DAL,DL 1213,DAL,2025-11-27 08:15:00,Arr 1004 (+17min),2025-11-27,False
MCO,ATL,DL 1213,DAL,DL 1213,DAL,2025-11-27 11:11:00,Arr 1230,2025-11-27,False
COS,ATL,DL 1214,DAL,DL 1214,DAL,2025-11-27 06:00:00,Arr 1042,2025-11-27,False
FLL,ATL,DL 1215,DAL,DL 1215,DAL,2025-11-27 07:30:00,Arr 0919,2025-11-27,False
IAH,LAX,DL 1216,DAL,DL 1216,DAL,2025-11-27 07:00:00,Arr 0822,2025-11-27,False
ATL,MSY,DL 1217,DAL,DL 1217,DAL,2025-11-27 15:15:00,Arr 1541,2025-11-27,False
MSY,ATL,DL 1217,DAL,DL 1217,DAL,2025-11-27 16:58:00,Arr 1858,2025-11-27,False
DTW,AUS,DL 1218,DAL,DL 1218,DAL,2025-11-27 08:40:00,Arr 1112 (+6min),2025-11-27,False
LAX,LAS,DL 1219,DAL,DL 1219,DAL,2025-11-27 11:45:00,Arr 1238,2025-11-27,False
MKE,ATL,DL 1221,DAL,DL 1221,DAL,2025-11-27 05:45:00,Arr 0832,2025-11-27,False
RSW,BOS,DL 1223,DAL,DL 1223,DAL,2025-11-27 11:30:00,Arr 1356,2025-11-27,False
MSP,BZN,DL 1226,DAL,DL 1226,DAL,2025-11-27 11:35:00,Arr 1305,2025-11-27,False
ATL,TPA,DL 1227,DAL,DL 1227,DAL,2025-11-27 08:20:00,Arr 0942,2025-11-27,False
TPA,ATL,DL 1227,DAL,DL 1227,DAL,2025-11-27 11:02:00,Arr 1219,2025-11-27,False
DTW,ATL,DL 1228,DAL,DL 1228,DAL,2025-11-27 14:41:00,Arr 1624,2025-11-27,False
DTW,RSW,DL 1229,DAL,DL 1229,DAL,2025-11-27 12:40:00,Arr 1523,2025-11-27,False
AUS,JFK,DL 1230,DAL,DL 1230,DAL,2025-11-27 11:30:00,Arr 1558,2025-11-27,False
LGA,DTW,DL 1231,DAL,DL 1231,DAL,2025-11-27 06:00:00,Arr 0746,2025-11-27,False
ATL,DTW,DL 1232,DAL,DL 1232,DAL,2025-11-27 20:56:00,Arr 2241,2025-11-27,False
ATL,MIA,DL 1234,DAL,DL 1234,DAL,2025-11-27 22:53:00,Arr 0047 (+1min),2025-11-27,False
MKE,ATL,DL 1236,DAL,DL 1236,DAL,2025-11-27 07:00:00,Arr 1447 (+279min),2025-11-27,False
FSD,ATL,DL 1237,DAL,DL 1237,DAL,2025-11-27 05:20:00,Arr 0909 (+14min),2025-11-27,False
ATL,DTW,DL 1240,DAL,DL 1240,DAL,2025-11-27 11:00:00,Arr 1250,2025-11-27,False
ORD,LGA,DL 1241,DAL,DL 1241,DAL,2025-11-27 17:00:00,Arr 1945,2025-11-27,False
DTW,MCO,DL 1242,DAL,DL 1242,DAL,2025-11-27 12:30:00,Arr 1552 (+40min),2025-11-27,False
DTW,PHX,DL 1245,DAL,DL 1245,DAL,2025-11-27 16:51:00,Arr 2035 (+78min),2025-11-27,False
ATL,MKE,DL 1246,DAL,DL 1246,DAL,2025-11-27 13:16:00,Arr 1404,2025-11-27,False
MKE,ATL,DL 1246,DAL,DL 1246,DAL,2025-11-27 15:13:00,Arr 1747,2025-11-27,False
ORD,ATL,DL 1247,DAL,DL 1247,DAL,2025-11-27 06:45:00,Arr 0931,2025-11-27,False
ATL,MDT,DL 1248,DAL,DL 1248,DAL,2025-11-27 11:10:00,Arr 1235,2025-11-27,False
ATL,MIA,DL 1249,DAL,DL 1249,DAL,2025-11-27 12:45:00,Diverted,2025-11-27,False
MIA,ATL,DL 1249,DAL,DL 1249,DAL,2025-11-27 15:40:00,Arr 1929 (+109min),2025-11-27,False
MCO,MSP,DL 1250,DAL,DL 1250,DAL,2025-11-27 06:55:00,Arr 0921,2025-11-27,False
ATL,TUS,DL 1251,DAL,DL 1251,DAL,2025-11-27 21:57:00,Arr 2347,2025-11-27,False
SLC,SAN,DL 1252,DAL,DL 1252,DAL,2025-11-27 17:15:00,Arr 1813 (+2min),2025-11-27,False
LGA,MCO,DL 1253,DAL,DL 1253,DAL,2025-11-27 08:05:00,Arr 1110 (+9min),2025-11-27,False
MDT,ATL,DL 1255,DAL,DL 1255,DAL,2025-11-27 06:00:00,Arr 0815 (+2min),2025-11-27,False
AUS,ATL,DL 1258,DAL,DL 1258,DAL,2025-11-27 06:40:00,Arr 0942,2025-11-27,False
TUL,ATL,DL 1259,DAL,DL 1259,DAL,2025-11-27 06:00:00,Arr 0843,2025-11-27,False
SLC,SAT,DL 1260,DAL,DL 1260,DAL,2025-11-27 10:02:00,Arr 1322,2025-11-27,False
MIA,ATL,DL 1261,DAL,DL 1261,DAL,2025-11-27 06:00:00,Arr 0755,2025-11-27,False
MCO,LGA,DL 1263,DAL,DL 1263,DAL,2025-11-27 10:59:00,Arr 1327,2025-11-27,False
ORD,ATL,DL 1264,DAL,DL 1264,DAL,2025-11-27 05:23:00,Arr 0759,2025-11-27,False
SEA,SLC,DL 1265,DAL,DL 1265,DAL,2025-11-27 11:15:00,Arr 1411,2025-11-27,False
LGA,CVG,DL 1266,DAL,DL 1266,DAL,2025-11-27 10:45:00,Arr 1917 (+380min),2025-11-27,False
ATL,BWI,DL 1267,DAL,DL 1267,DAL,2025-11-27 15:32:00,Arr 1717,2025-11-27,False
ATL,MKE,DL 1268,DAL,DL 1268,DAL,2025-11-27 22:54:00,Arr 0007 (+12min),2025-11-27,False
PHL,ATL,DL 1269,DAL,DL 1269,DAL,2025-11-27 06:00:00,Arr 0803,2025-11-27,False
PDX,SLC,DL 1270,DAL,DL 1270,DAL,2025-11-27 05:30:00,Arr 0817,2025-11-27,False
ATL,FLL,DL 1271,DAL,DL 1271,DAL,2025-11-27 09:25:00,Arr 1144 (+27min),2025-11-27,False
FLL,ATL,DL 1271,DAL,DL 1271,DAL,2025-11-27 12:24:00,Arr 1420,2025-11-27,False
SLC,SJC,DL 1272,DAL,DL 1272,DAL,2025-11-27 17:25:00,Arr 1814,2025-11-27,False
LAS,LAX,DL 1273,DAL,DL 1273,DAL,2025-11-27 17:55:00,Arr 1853,2025-11-27,False
SAT,SLC,DL 1274,DAL,DL 1274,DAL,2025-11-27 07:05:00,Arr 0843,2025-11-27,False
DFW,MSP,DL 1276,DAL,DL 1276,DAL,2025-11-27 06:50:00,Arr 0906,2025-11-27,False
RDU,TPA,DL 1279,DAL,DL 1279,DAL,2025-11-27 06:15:00,Arr 0758,2025-11-27,False
ATL,MSP,DL 1280,DAL,DL 1280,DAL,2025-11-27 19:18:00,Arr 2118 (+20min),2025-11-27,False
ATL,EYW,DL 1281,DAL,DL 1281,DAL,2025-11-27 09:35:00,Arr 1131,2025-11-27,False
EYW,ATL,DL 1281,DAL,DL 1281,DAL,2025-11-27 12:26:00,Arr 1423,2025-11-27,False
LAS,MSP,DL 1282,DAL,DL 1282,DAL,2025-11-27 06:30:00,Arr 1137,2025-11-27,False
ATL,CVG,DL 1283,DAL,DL 1283,DAL,2025-11-27 12:53:00,Arr 1359,2025-11-27,False
FLL,ATL,DL 1285,DAL,DL 1285,DAL,2025-11-27 09:00:00,Arr 1036,2025-11-27,False
CVG,LGA,DL 1286,DAL,DL 1286,DAL,2025-11-27 13:50:00,Arr 2155 (+371min),2025-11-27,False
LAS,LAX,DL 1290,DAL,DL 1290,DAL,2025-11-27 09:26:00,Arr 1025,2025-11-27,False
DFW,SLC,DL 1291,DAL,DL 1291,DAL,2025-11-27 07:59:00,Arr 0945,2025-11-27,False
ATL,SDF,DL 1292,DAL,DL 1292,DAL,2025-11-27 17:51:00,Arr 1853,2025-11-27,False
SEA,SNA,DL 1293,DAL,DL 1293,DAL,2025-11-27 11:25:00,Arr 1357,2025-11-27,False
SLC,SAN,DL 1296,DAL,DL 1296,DAL,2025-11-27 11:04:00,Arr 1142,2025-11-27,False
ATL,DTW,DL 1298,DAL,DL 1298,DAL,2025-11-27 09:00:00,Arr 1044,2025-11-27,False
PBI,ATL,DL 1301,DAL,DL 1301,DAL,2025-11-27 08:00:00,Arr 0946,2025-11-27,False
MSP,ORD,DL 1306,DAL,DL 1306,DAL,2025-11-27 15:17:00,Arr 1636,2025-11-27,False
ATL,IAD,DL 1309,DAL,DL 1309,DAL,2025-11-27 19:41:00,Arr 2105,2025-11-27,False
ATL,MSP,DL 1310,DAL,DL 1310,DAL,2025-11-27 14:59:00,Arr 1621,2025-11-27,False
ATL,PBI,DL 1311,DAL,DL 1311,DAL,2025-11-27 08:10:00,Arr 1021 (+21min),2025-11-27,False
PBI,ATL,DL 1311,DAL,DL 1311,DAL,2025-11-27 11:05:00,Arr 1239,2025-11-27,False
ATL,SAT,DL 1312,DAL,DL 1312,DAL,2025-11-27 09:05:00,Arr 1025,2025-11-27,False
SJC,SLC,DL 1314,DAL,DL 1314,DAL,2025-11-27 05:45:00,Arr 0814,2025-11-27,False
IAH,ATL,DL 1315,DAL,DL 1315,DAL,2025-11-27 07:01:00,Arr 1010 (+5min),2025-11-27,False
ATL,GSO,DL 1317,DAL,DL 1317,DAL,2025-11-27 12:28:00,Arr 1327,2025-11-27,False
GSO,ATL,DL 1317,DAL,DL 1317,DAL,2025-11-27 14:25:00,Arr 1534,2025-11-27,False
LAX,SLC,DL 1318,DAL,DL 1318,DAL,2025-11-27 07:15:00,Arr 0949,2025-11-27,False
ATL,CLE,DL 1320,DAL,DL 1320,DAL,2025-11-27 22:53:00,Arr 0036,2025-11-27,False
ATL,MIA,DL 1323,DAL,DL 1323,DAL,2025-11-27 16:30:00,Arr 1819,2025-11-27,False
ATL,PBI,DL 1328,DAL,DL 1328,DAL,2025-11-27 14:47:00,Arr 1625,2025-11-27,False
ATL,PHL,DL 1329,DAL,DL 1329,DAL,2025-11-27 16:23:00,Arr 1753,2025-11-27,False
BDL,MSP,DL 1330,DAL,DL 1330,DAL,2025-11-27 06:05:00,Arr 0753,2025-11-27,False
SFO,SLC,DL 1331,DAL,DL 1331,DAL,2025-11-27 06:00:00,Arr 0905 (+11min),2025-11-27,False
ATL,MIA,DL 1332,DAL,DL 1332,DAL,2025-11-27 11:10:00,Arr 1307 (+5min),2025-11-27,False
MIA,ATL,DL 1332,DAL,DL 1332,DAL,2025-11-27 14:07:00,Arr 1609 (+3min),2025-11-27,False
AUS,MSP,DL 1335,DAL,DL 1335,DAL,2025-11-27 06:15:00,Arr 0945 (+44min),2025-11-27,False
MCO,RDU,DL 1337,DAL,DL 1337,DAL,2025-11-27 09:01:00,Arr 1030,2025-11-27,False
RDU,MCO,DL 1337,DAL,DL 1337,DAL,2025-11-27 06:10:00,Arr 0808 (+2min),2025-11-27,False
ORF,ATL,DL 1338,DAL,DL 1338,DAL,2025-11-27 08:30:00,Arr 1016,2025-11-27,False
LGA,MSP,DL 1339,DAL,DL 1339,DAL,2025-11-27 12:30:00,Arr 1413,2025-11-27,False
SLC,BIL,DL 1340,DAL,DL 1340,DAL,2025-11-27 16:13:00,Arr 1706,2025-11-27,False
ATL,FLL,DL 1341,DAL,DL 1341,DAL,2025-11-27 12:30:00,Arr 1418,2025-11-27,False
FLL,ATL,DL 1341,DAL,DL 1341,DAL,2025-11-27 15:30:00,Arr 1737 (+7min),2025-11-27,False
AUS,ATL,DL 1344,DAL,DL 1344,DAL,2025-11-27 05:30:00,Arr 0822,2025-11-27,False
MCI,DTW,DL 1844,DAL,DL 1844,DAL,2025-11-27 06:29:00,Arr 1406 (+276min),2025-11-27,False
BOS,TPA,DL 1849,DAL,DL 1849,DAL,2025-11-27 11:30:00,Arr 1455,2025-11-27,False
MSP,TPA,DL 1850,DAL,DL 1850,DAL,2025-11-27 15:15:00,Arr 1853,2025-11-27,False
LGA,BOS,DL 1853,DAL,DL 1853,DAL,2025-11-27 17:00:00,Arr 1744,2025-11-27,False
SJU,JFK,DL 1854,DAL,DL 1854,DAL,2025-11-27 07:15:00,Arr 0951,2025-11-27,False
GNV,ATL,DL 1856,DAL,DL 1856,DAL,2025-11-27 06:00:00,Arr 0659,2025-11-27,False
CVG,ATL,DL 1858,DAL,DL 1858,DAL,2025-11-27 14:27:00,Arr 1537,2025-11-27,False
JFK,SJU,DL 1859,DAL,DL 1859,DAL,2025-11-27 18:55:00,Arr 0026 (+30min),2025-11-27,False
IND,MSP,DL 1860,DAL,DL 1860,DAL,2025-11-27 07:02:00,Arr 0730,2025-11-27,False
ATL,SJU,DL 1861,DAL,DL 1861,DAL,2025-11-27 18:47:00,Arr 0055 (+102min),2025-11-27,False
MSP,IND,DL 1862,DAL,DL 1862,DAL,2025-11-27 15:50:00,Arr 1801,2025-11-27,False
BNA,SLC,DL 1868,DAL,DL 1868,DAL,2025-11-27 07:10:00,Arr 0956,2025-11-27,False
JFK,SJU,DL 1877,DAL,DL 1877,DAL,2025-11-27 08:00:00,Arr 1255,2025-11-27,False
SJU,JFK,DL 1877,DAL,DL 1877,DAL,2025-11-27 14:10:00,Arr 1649,2025-11-27,False
SEA,SNA,DL 1880,DAL,DL 1880,DAL,2025-11-27 15:30:00,Arr 1809,2025-11-27,False
ATL,SJU,DL 1882,DAL,DL 1882,DAL,2025-11-27 09:45:00,Arr 1445 (+28min),2025-11-27,False
SJU,ATL,DL 1882,DAL,DL 1882,DAL,2025-11-27 15:32:00,Arr 1831,2025-11-27,False
LGA,TPA,DL 1884,DAL,DL 1884,DAL,2025-11-27 11:00:00,Arr 1402,2025-11-27,False
TPA,LGA,DL 1884,DAL,DL 1884,DAL,2025-11-27 15:15:00,Arr 1725,2025-11-27,False
ATL,IND,DL 1885,DAL,DL 1885,DAL,2025-11-27 08:35:00,Arr 1019 (+9min),2025-11-27,False
IND,ATL,DL 1885,DAL,DL 1885,DAL,2025-11-27 11:34:00,Arr 1243,2025-11-27,False
AUS,LAX,DL 1890,DAL,DL 1890,DAL,2025-11-27 14:05:00,Arr 1516,2025-11-27,False
ALB,ATL,DL 1892,DAL,DL 1892,DAL,2025-11-27 14:20:00,Arr 1641,2025-11-27,False
ATL,ALB,DL 1892,DAL,DL 1892,DAL,2025-11-27 11:00:00,Arr 1300,2025-11-27,False
AUS,MCO,DL 1893,DAL,DL 1893,DAL,2025-11-27 08:00:00,Arr 1136 (+3min),2025-11-27,False
MCO,AUS,DL 1893,DAL,DL 1893,DAL,2025-11-27 12:33:00,Arr 1417,2025-11-27,False
ONT,SLC,DL 1896,DAL,DL 1896,DAL,2025-11-27 13:20:00,Arr 1549,2025-11-27,False
SLC,ONT,DL 1896,DAL,DL 1896,DAL,2025-11-27 11:30:00,Arr 1215,2025-11-27,False
ATL,LEX,DL 1897,DAL,DL 1897,DAL,2025-11-27 17:59:00,Arr 1901,2025-11-27,False
ATL,STT,DL 1899,DAL,DL 1899,DAL,2025-11-27 10:00:00,Arr 1444 (+4min),2025-11-27,False
BOS,MCO,DL 1901,DAL,DL 1901,DAL,2025-11-27 11:25:00,Arr 1439,2025-11-27,False
ORD,MSP,DL 1902,DAL,DL 1902,DAL,2025-11-27 10:10:00,Arr 1123,2025-11-27,False
DTW,SJU,DL 1913,DAL,DL 1913,DAL,2025-11-27 08:47:00,Diverted,2025-11-27,False
SJU,DTW,DL 1913,DAL,DL 1913,DAL,2025-11-27 15:20:00,Arr 2111 (+121min),2025-11-27,False
CLT,ATL,DL 1915,DAL,DL 1915,DAL,2025-11-27 08:40:00,Arr 0949,2025-11-27,False
PBI,JFK,DL 1918,DAL,DL 1918,DAL,2025-11-27 12:18:00,Arr 1427,2025-11-27,False
CLT,ATL,DL 1920,DAL,DL 1920,DAL,2025-11-27 07:40:00,Arr 0900,2025-11-27,False
MIA,JFK,DL 1924,DAL,DL 1924,DAL,2025-11-27 07:55:00,Arr 1035,2025-11-27,False
CLT,DTW,DL 1926,DAL,DL 1926,DAL,2025-11-27 12:44:00,Arr 1408,2025-11-27,False
DTW,CLT,DL 1926,DAL,DL 1926,DAL,2025-11-27 08:45:00,Arr 1047 (+4min),2025-11-27,False
SLC,BZN,DL 1934,DAL,DL 1934,DAL,2025-11-27 17:23:00,Arr 1824,2025-11-27,False
DAB,ATL,DL 1936,DAL,DL 1936,DAL,2025-11-27 06:00:00,Arr 0709,2025-11-27,False
ATL,SJU,DL 1946,DAL,DL 1946,DAL,2025-11-27 13:00:00,Arr 1722,2025-11-27,False
SJU,ATL,DL 1946,DAL,DL 1946,DAL,2025-11-27 18:36:00,Arr 2116,2025-11-27,False
STT,ATL,DL 1950,DAL,DL 1950,DAL,2025-11-27 15:50:00,Arr 1826,2025-11-27,False
ATL,GPT,DL 1954,DAL,DL 1954,DAL,2025-11-27 21:45:00,Arr 2148,2025-11-27,False
ATL,CLT,DL 1959,DAL,DL 1959,DAL,2025-11-27 22:39:00,Arr 2333,2025-11-27,False
MSY,JFK,DL 1968,DAL,DL 1968,DAL,2025-11-27 11:29:00,Arr 1512,2025-11-27,False
BZN,SLC,DL 1971,DAL,DL 1971,DAL,2025-11-27 11:40:00,Arr 1228,2025-11-27,False
SLC,BZN,DL 1971,DAL,DL 1971,DAL,2025-11-27 09:25:00,Arr 1026,2025-11-27,False
ATL,TYS,DL 1972,DAL,DL 1972,DAL,2025-11-27 15:55:00,Arr 1637,2025-11-27,False
TYS,ATL,DL 1972,DAL,DL 1972,DAL,2025-11-27 18:05:00,Arr 1907,2025-11-27,False
TLH,ATL,DL 1977,DAL,DL 1977,DAL,2025-11-27 05:35:00,Arr 0624,2025-11-27,False
SAT,ATL,DL 1979,DAL,DL 1979,DAL,2025-11-27 14:46:00,Arr 1754,2025-11-27,False
SLC,AUS,DL 1980,DAL,DL 1980,DAL,2025-11-27 09:25:00,Arr 1320 (+10min),2025-11-27,False
JAN,ATL,DL 1982,DAL,DL 1982,DAL,2025-11-27 07:05:00,Arr 0913,2025-11-27,False
SLC,AUS,DL 1986,DAL,DL 1986,DAL,2025-11-27 13:55:00,Arr 1717,2025-11-27,False
LGA,MYR,DL 1988,DAL,DL 1988,DAL,2025-11-27 09:30:00,Arr 1119,2025-11-27,False
MYR,LGA,DL 1988,DAL,DL 1988,DAL,2025-11-27 12:30:00,Arr 1342,2025-11-27,False
FLL,LGA,DL 1995,DAL,DL 1995,DAL,2025-11-27 11:32:00,Arr 1402,2025-11-27,False
LGA,FLL,DL 1995,DAL,DL 1995,DAL,2025-11-27 07:15:00,Arr 1023,2025-11-27,False
BOS,TPA,DL 1996,DAL,DL 1996,DAL,2025-11-27 07:20:00,Arr 1116 (+23min),2025-11-27,False
SDF,ATL,DL 1998,DAL,DL 1998,DAL,2025-11-27 06:00:00,Arr 0703,2025-11-27,False
MSP,SFO,DL 1999,DAL,DL 1999,DAL,2025-11-27 09:00:00,Arr 1051,2025-11-27,False
DEN,LAX,DL 2002,DAL,DL 2002,DAL,2025-11-27 06:25:00,Arr 0800,2025-11-27,False
ATL,LEX,DL 2003,DAL,DL 2003,DAL,2025-11-27 08:10:00,Arr 0906,2025-11-27,False
LEX,ATL,DL 2003,DAL,DL 2003,DAL,2025-11-27 10:12:00,Arr 1120,2025-11-27,False
LAX,DEN,DL 2004,DAL,DL 2004,DAL,2025-11-27 15:24:00,Arr 1828,2025-11-27,False
MSP,BDL,DL 2007,DAL,DL 2007,DAL,2025-11-27 10:30:00,Arr 1338,2025-11-27,False
FAR,MSP,DL 2009,DAL,DL 2009,DAL,2025-11-27 05:00:00,Arr 0607,2025-11-27,False
PDX,SEA,DL 2010,DAL,DL 2010,DAL,2025-11-27 05:30:00,Arr 0615,2025-11-27,False
AUS,LAX,DL 2015,DAL,DL 2015,DAL,2025-11-27 16:31:00,Arr 1723,2025-11-27,False
BOS,MCI,DL 2017,DAL,DL 2017,DAL,2025-11-27 06:20:00,Arr 0843,2025-11-27,False
MCI,BOS,DL 2017,DAL,DL 2017,DAL,2025-11-27 10:10:00,Arr 1338,2025-11-27,False
JFK,PBI,DL 2018,DAL,DL 2018,DAL,2025-11-27 07:30:00,Arr 1046 (+13min),2025-11-27,False
JFK,MCO,DL 2019,DAL,DL 2019,DAL,2025-11-27 09:00:00,Arr 1200 (+6min),2025-11-27,False
MIA,SLC,DL 2021,DAL,DL 2021,DAL,2025-11-27 18:43:00,Arr 2212 (+10min),2025-11-27,False
SLC,PHL,DL 2022,DAL,DL 2022,DAL,2025-11-27 11:30:00,Arr 1722,2025-11-27,False
PHL,SLC,DL 2023,DAL,DL 2023,DAL,2025-11-27 07:10:00,Arr 1004,2025-11-27,False
MCO,SLC,DL 2025,DAL,DL 2025,DAL,2025-11-27 07:04:00,Arr 1011 (+1min),2025-11-27,False
SLC,EWR,DL 2026,DAL,DL 2026,DAL,2025-11-27 11:20:00,Arr 1714,2025-11-27,False
MSP,SLC,DL 2028,DAL,DL 2028,DAL,2025-11-27 14:44:00,Arr 1640 (+1min),2025-11-27,False
MCO,SLC,DL 2031,DAL,DL 2031,DAL,2025-11-27 11:31:00,Arr 1426,2025-11-27,False
MCO,SLC,DL 2032,DAL,DL 2032,DAL,2025-11-27 16:58:00,Arr 1938,2025-11-27,False
SLC,MCO,DL 2032,DAL,DL 2032,DAL,2025-11-27 09:25:00,Arr 1526,2025-11-27,False
ATL,MCO,DL 2035,DAL,DL 2035,DAL,2025-11-27 18:15:00,Arr 1925,2025-11-27,False
ORD,DTW,DL 2039,DAL,DL 2039,DAL,2025-11-27 06:45:00,Arr 1032 (+84min),2025-11-27,False
SLC,MIA,DL 2040,DAL,DL 2040,DAL,2025-11-27 23:49:00,Arr 0642 (+17min),2025-11-27,False
ORD,SEA,DL 2041,DAL,DL 2041,DAL,2025-11-27 07:47:00,Arr 1028,2025-11-27,False
JFK,TPA,DL 2042,DAL,DL 2042,DAL,2025-11-27 07:00:00,Arr 1018 (+14min),2025-11-27,False
ATL,TUL,DL 2043,DAL,DL 2043,DAL,2025-11-27 21:15:00,Arr 2202,2025-11-27,False
TPA,SLC,DL 2045,DAL,DL 2045,DAL,2025-11-27 07:10:00,Arr 0959,2025-11-27,False
MCO,JFK,DL 2049,DAL,DL 2049,DAL,2025-11-27 11:14:00,Arr 1328,2025-11-27,False
ATL,HOU,DL 2051,DAL,DL 2051,DAL,2025-11-27 21:54:00,Arr 2328 (+21min),2025-11-27,False
ATL,RDU,DL 2052,DAL,DL 2052,DAL,2025-11-27 21:56:00,Arr 2320 (+2min),2025-11-27,False
DTW,ATL,DL 2053,DAL,DL 2053,DAL,2025-11-27 18:00:00,Arr 1944,2025-11-27,False
SEA,ORD,DL 2055,DAL,DL 2055,DAL,2025-11-27 07:30:00,Arr 1321,2025-11-27,False
SLC,MCO,DL 2056,DAL,DL 2056,DAL,2025-11-27 17:57:00,Arr 2347,2025-11-27,False
ATL,GRR,DL 2058,DAL,DL 2058,DAL,2025-11-27 14:58:00,Arr 1636,2025-11-27,False
ATL,MDW,DL 2060,DAL,DL 2060,DAL,2025-11-27 15:43:00,Arr 1636,2025-11-27,False
MDW,ATL,DL 2060,DAL,DL 2060,DAL,2025-11-27 17:34:00,Arr 1958,2025-11-27,False
AUS,MSP,DL 2062,DAL,DL 2062,DAL,2025-11-27 12:00:00,Arr 1444 (+1min),2025-11-27,False
ATL,DTW,DL 2067,DAL,DL 2067,DAL,2025-11-27 16:45:00,Arr 1833,2025-11-27,False
CLT,SLC,DL 2070,DAL,DL 2070,DAL,2025-11-27 17:29:00,Arr 1941,2025-11-27,False
SLC,CLT,DL 2070,DAL,DL 2070,DAL,2025-11-27 10:31:00,Arr 1603,2025-11-27,False
ATL,MEM,DL 2071,DAL,DL 2071,DAL,2025-11-27 10:15:00,Arr 1031,2025-11-27,False
MEM,ATL,DL 2071,DAL,DL 2071,DAL,2025-11-27 12:48:00,Arr 1439,2025-11-27,False
MSP,SFO,DL 2074,DAL,DL 2074,DAL,2025-11-27 11:21:00,Arr 1328,2025-11-27,False
PHX,DTW,DL 2076,DAL,DL 2076,DAL,2025-11-27 23:55:00,Arr 0529,2025-11-27,False
MCO,ATL,DL 2080,DAL,DL 2080,DAL,2025-11-27 07:00:00,Arr 0836,2025-11-27,False
ATL,LIT,DL 2083,DAL,DL 2083,DAL,2025-11-27 22:49:00,Arr 2302,2025-11-27,False
ATL,BDL,DL 2084,DAL,DL 2084,DAL,2025-11-27 13:45:00,Arr 1538,2025-11-27,False
MSY,LAX,DL 2085,DAL,DL 2085,DAL,2025-11-27 06:30:00,Arr 0818,2025-11-27,False
MSP,SJC,DL 2087,DAL,DL 2087,DAL,2025-11-27 18:25:00,Arr 2015,2025-11-27,False
BOS,LGA,DL 2090,DAL,DL 2090,DAL,2025-11-27 12:00:00,Arr 1250,2025-11-27,False
SYR,DTW,DL 2091,DAL,DL 2091,DAL,2025-11-27 06:00:00,Arr 0731,2025-11-27,False
IND,MSP,DL 2092,DAL,DL 2092,DAL,2025-11-27 12:52:00,Arr 1313,2025-11-27,False
MSP,IND,DL 2092,DAL,DL 2092,DAL,2025-11-27 09:20:00,Arr 1143,2025-11-27,False
GEG,SEA,DL 2093,DAL,DL 2093,DAL,2025-11-27 05:00:00,Arr 0600,2025-11-27,False
MSP,SMF,DL 2094,DAL,DL 2094,DAL,2025-11-27 11:00:00,Arr 1248,2025-11-27,False
SLC,BOI,DL 2095,DAL,DL 2095,DAL,2025-11-27 10:45:00,Arr 1200,2025-11-27,False
AUS,BOS,DL 2098,DAL,DL 2098,DAL,2025-11-27 07:25:00,Arr 1205,2025-11-27,False
LGA,IAH,DL 2099,DAL,DL 2099,DAL,2025-11-27 10:15:00,Arr 1257,2025-11-27,False
SEA,SNA,DL 2101,DAL,DL 2101,DAL,2025-11-27 07:20:00,Arr 1001,2025-11-27,False
SNA,SEA,DL 2101,DAL,DL 2101,DAL,2025-11-27 11:15:00,Arr 1355,2025-11-27,False
MSP,LAX,DL 2102,DAL,DL 2102,DAL,2025-11-27 08:50:00,Arr 1026,2025-11-27,False
ATL,AUS,DL 2104,DAL,DL 2104,DAL,2025-11-27 12:38:00,Arr 1347,2025-11-27,False
AUS,ATL,DL 2104,DAL,DL 2104,DAL,2025-11-27 15:21:00,Arr 1819,2025-11-27,False
MCI,SEA,DL 2105,DAL,DL 2105,DAL,2025-11-27 07:55:00,Arr 1014 (+6min),2025-11-27,False
CVG,BOS,DL 2106,DAL,DL 2106,DAL,2025-11-27 14:45:00,Arr 1630,2025-11-27,False
MSP,SNA,DL 2107,DAL,DL 2107,DAL,2025-11-27 18:15:00,Arr 2001,2025-11-27,False
BOS,CVG,DL 2109,DAL,DL 2109,DAL,2025-11-27 08:50:00,Arr 1116,2025-11-27,False
MSP,LAX,DL 2110,DAL,DL 2110,DAL,2025-11-27 07:00:00,Arr 0907,2025-11-27,False
BOS,RDU,DL 2118,DAL,DL 2118,DAL,2025-11-27 09:55:00,Arr 1154,2025-11-27,False
MSP,LAX,DL 2119,DAL,DL 2119,DAL,2025-11-27 11:06:00,Arr 1312 (+5min),2025-11-27,False
LAX,LAS,DL 2120,DAL,DL 2120,DAL,2025-11-27 15:02:00,Arr 1600,2025-11-27,False
MSP,SAN,DL 2121,DAL,DL 2121,DAL,2025-11-27 09:25:00,Arr 1105,2025-11-27,False
ATL,SYR,DL 2123,DAL,DL 2123,DAL,2025-11-27 19:25:00,Arr 2119,2025-11-27,False
CHS,ATL,DL 2124,DAL,DL 2124,DAL,2025-11-27 06:30:00,Arr 0734,2025-11-27,False
MSP,SAN,DL 2125,DAL,DL 2125,DAL,2025-11-27 11:09:00,Arr 1243,2025-11-27,False
IAD,ATL,DL 2127,DAL,DL 2127,DAL,2025-11-27 06:00:00,Arr 0746,2025-11-27,False
MIA,MSP,DL 2129,DAL,DL 2129,DAL,2025-11-27 14:37:00,Arr 1913 (+101min),2025-11-27,False
MSP,MIA,DL 2129,DAL,DL 2129,DAL,2025-11-27 08:55:00,Arr 1340 (+8min),2025-11-27,False
FLL,LGA,DL 2133,DAL,DL 2133,DAL,2025-11-27 07:05:00,Arr 0932,2025-11-27,False
SAN,MSP,DL 2134,DAL,DL 2134,DAL,2025-11-27 06:30:00,Arr 1156,2025-11-27,False
ATL,CLT,DL 2135,DAL,DL 2135,DAL,2025-11-27 17:17:00,Arr 1806,2025-11-27,False
IND,SLC,DL 2137,DAL,DL 2137,DAL,2025-11-27 07:35:00,Arr 0859,2025-11-27,False
BDL,ATL,DL 2141,DAL,DL 2141,DAL,2025-11-27 08:00:00,Arr 1044 (+5min),2025-11-27,False
CMH,SLC,DL 2142,DAL,DL 2142,DAL,2025-11-27 07:20:00,Arr 0907,2025-11-27,False
SLC,CLE,DL 2143,DAL,DL 2143,DAL,2025-11-27 17:20:00,Arr 2235,2025-11-27,False
ATL,MSN,DL 2144,DAL,DL 2144,DAL,2025-11-27 19:11:00,Arr 2006,2025-11-27,False
ATL,GRR,DL 2147,DAL,DL 2147,DAL,2025-11-27 09:29:00,Arr 1115,2025-11-27,False
GRR,ATL,DL 2147,DAL,DL 2147,DAL,2025-11-27 12:24:00,Arr 1424,2025-11-27,False
BTR,ATL,DL 2148,DAL,DL 2148,DAL,2025-11-27 06:15:00,Arr 0910 (+16min),2025-11-27,False
ATL,MKE,DL 2152,DAL,DL 2152,DAL,2025-11-27 15:18:00,Arr 1604,2025-11-27,False
SJC,MSP,DL 2156,DAL,DL 2156,DAL,2025-11-27 06:15:00,Arr 1206 (+1min),2025-11-27,False
PHX,LAX,DL 2157,DAL,DL 2157,DAL,2025-11-27 07:15:00,Arr 0723,2025-11-27,False
SFO,MSP,DL 2159,DAL,DL 2159,DAL,2025-11-27 15:26:00,Arr 2032,2025-11-27,False
GRR,ATL,DL 2161,DAL,DL 2161,DAL,2025-11-27 08:00:00,Arr 1030 (+25min),2025-11-27,False
BHM,ATL,DL 2162,DAL,DL 2162,DAL,2025-11-27 05:15:00,Arr 0701,2025-11-27,False
BDL,DTW,DL 2163,DAL,DL 2163,DAL,2025-11-27 13:02:00,Arr 1434,2025-11-27,False
DTW,BDL,DL 2163,DAL,DL 2163,DAL,2025-11-27 10:30:00,Arr 1147,2025-11-27,False
DTW,RDU,DL 2164,DAL,DL 2164,DAL,2025-11-27 10:21:00,Arr 1210 (+2min),2025-11-27,False
RDU,DTW,DL 2164,DAL,DL 2164,DAL,2025-11-27 13:03:00,Arr 1432,2025-11-27,False
JFK,ATL,DL 2170,DAL,DL 2170,DAL,2025-11-27 15:41:00,Arr 1755,2025-11-27,False
GSP,ATL,DL 3010,DAL,DL 3010,DAL,2025-11-27 15:02:00,Arr 1536,2025-11-27,False
ATL,BHM,DL 3012,DAL,DL 3012,DAL,2025-11-27 12:18:00,Arr 1159,2025-11-27,False
BHM,ATL,DL 3012,DAL,DL 3012,DAL,2025-11-27 13:18:00,Arr 1452,2025-11-27,False
ATL,IND,DL 3013,DAL,DL 3013,DAL,2025-11-27 11:55:00,Arr 1312,2025-11-27,False
IND,ATL,DL 3013,DAL,DL 3013,DAL,2025-11-27 14:20:00,Arr 1523,2025-11-27,False
TYS,ATL,DL 3015,DAL,DL 3015,DAL,2025-11-27 05:35:00,Arr 2016 (+816min),2025-11-27,False
GSO,ATL,DL 3018,DAL,DL 3018,DAL,2025-11-27 05:20:00,Arr 0627,2025-11-27,False
PNS,ATL,DL 3019,DAL,DL 3019,DAL,2025-11-27 06:00:00,Arr 0805,2025-11-27,False
HSV,ATL,DL 3020,DAL,DL 3020,DAL,2025-11-27 05:20:00,Arr 0721,2025-11-27,False
ATL,HSV,DL 3022,DAL,DL 3022,DAL,2025-11-27 22:50:00,Arr 2234,2025-11-27,False
ATL,MCI,DL 3023,DAL,DL 3023,DAL,2025-11-27 21:26:00,Arr 2236 (+1min),2025-11-27,False
JAX,ATL,DL 3024,DAL,DL 3024,DAL,2025-11-27 14:00:00,Arr 1453,2025-11-27,False
ATL,LIT,DL 3025,DAL,DL 3025,DAL,2025-11-27 17:47:00,Arr 1810,2025-11-27,False
ATL,CAE,DL 3026,DAL,DL 3026,DAL,2025-11-27 11:05:00,Arr 1155,2025-11-27,False
CAE,ATL,DL 3026,DAL,DL 3026,DAL,2025-11-27 12:56:00,Arr 1345,2025-11-27,False
ATL,CAE,DL 3029,DAL,DL 3029,DAL,2025-11-27 22:30:00,Arr 2307,2025-11-27,False
ATL,GNV,DL 3030,DAL,DL 3030,DAL,2025-11-27 11:41:00,Arr 1243,2025-11-27,False
GNV,ATL,DL 3030,DAL,DL 3030,DAL,2025-11-27 13:37:00,Arr 1431,2025-11-27,False
CLT,ATL,DL 3031,DAL,DL 3031,DAL,2025-11-27 17:11:00,Arr 1804,2025-11-27,False
LIT,ATL,DL 3033,DAL,DL 3033,DAL,2025-11-27 09:35:00,Arr 1146,2025-11-27,False
ATL,DAB,DL 3034,DAL,DL 3034,DAL,2025-11-27 19:05:00,Arr 2010,2025-11-27,False
ATL,DAB,DL 3035,DAL,DL 3035,DAL,2025-11-27 08:10:00,Arr 0922,2025-11-27,False
DAB,ATL,DL 3035,DAL,DL 3035,DAL,2025-11-27 10:37:00,Arr 1141,2025-11-27,False
ATL,HSV,DL 3036,DAL,DL 3036,DAL,2025-11-27 08:05:00,Arr 0746,2025-11-27,False
HSV,ATL,DL 3036,DAL,DL 3036,DAL,2025-11-27 09:02:00,Arr 1038,2025-11-27,False
CAE,ATL,DL 3038,DAL,DL 3038,DAL,2025-11-27 05:37:00,Arr 0621,2025-11-27,False
JAN,ATL,DL 3041,DAL,DL 3041,DAL,2025-11-27 05:30:00,Arr 0742,2025-11-27,False
ATL,TYS,DL 3042,DAL,DL 3042,DAL,2025-11-27 17:58:00,Arr 1836,2025-11-27,False
ATL,ECP,DL 3045,DAL,DL 3045,DAL,2025-11-27 10:15:00,Arr 1015,2025-11-27,False
ECP,ATL,DL 3045,DAL,DL 3045,DAL,2025-11-27 11:11:00,Arr 1256,2025-11-27,False
ATL,MYR,DL 3047,DAL,DL 3047,DAL,2025-11-27 08:11:00,Arr 0912,2025-11-27,False
MYR,ATL,DL 3047,DAL,DL 3047,DAL,2025-11-27 10:35:00,Arr 1131,2025-11-27,False
DTW,MKE,DL 3049,DAL,DL 3049,DAL,2025-11-27 17:40:00,Arr 1722,2025-11-27,False
ATL,VPS,DL 3051,DAL,DL 3051,DAL,2025-11-27 08:25:00,Arr 0838,2025-11-27,False
VPS,ATL,DL 3051,DAL,DL 3051,DAL,2025-11-27 09:26:00,Arr 1127,2025-11-27,False
CHS,ATL,DL 3055,DAL,DL 3055,DAL,2025-11-27 05:25:00,Arr 0621,2025-11-27,False
ATL,AVL,DL 3057,DAL,DL 3057,DAL,2025-11-27 10:07:00,Arr 1046,2025-11-27,False
AVL,ATL,DL 3057,DAL,DL 3057,DAL,2025-11-27 11:57:00,Arr 1241,2025-11-27,False
ATL,DAY,DL 3058,DAL,DL 3058,DAL,2025-11-27 13:50:00,Arr 1505,2025-11-27,False
DAY,ATL,DL 3058,DAL,DL 3058,DAL,2025-11-27 16:10:00,Arr 1723,2025-11-27,False
ATL,PNS,DL 3059,DAL,DL 3059,DAL,2025-11-27 19:56:00,Arr 2034 (+24min),2025-11-27,False
CAE,ATL,DL 3061,DAL,DL 3061,DAL,2025-11-27 06:38:00,Arr 0721,2025-11-27,False
ATL,JAN,DL 3062,DAL,DL 3062,DAL,2025-11-27 17:50:00,Arr 1755,2025-11-27,False
AGS,ATL,DL 3063,DAL,DL 3063,DAL,2025-11-27 11:33:00,Arr 1203,2025-11-27,False
ATL,AGS,DL 3063,DAL,DL 3063,DAL,2025-11-27 09:50:00,Arr 1031,2025-11-27,False
ATL,HSV,DL 3068,DAL,DL 3068,DAL,2025-11-27 12:32:00,Arr 1213,2025-11-27,False
HSV,ATL,DL 3068,DAL,DL 3068,DAL,2025-11-27 13:32:00,Arr 1512,2025-11-27,False
ATL,BNA,DL 3069,DAL,DL 3069,DAL,2025-11-27 08:05:00,Arr 0757,2025-11-27,False
BNA,ATL,DL 3069,DAL,DL 3069,DAL,2025-11-27 09:20:00,Arr 1116,2025-11-27,False
ATL,ILM,DL 3070,DAL,DL 3070,DAL,2025-11-27 19:08:00,Arr 2023,2025-11-27,False
ATL,AVL,DL 3071,DAL,DL 3071,DAL,2025-11-27 21:20:00,Arr 2205,2025-11-27,False
ATL,CLT,DL 3073,DAL,DL 3073,DAL,2025-11-27 08:55:00,Arr 1004,2025-11-27,False
ATL,MYR,DL 3074,DAL,DL 3074,DAL,2025-11-27 22:30:00,Arr 2324,2025-11-27,False
ATL,GNV,DL 3075,DAL,DL 3075,DAL,2025-11-27 17:08:00,Arr 1806,2025-11-27,False
CVG,ATL,DL 3076,DAL,DL 3076,DAL,2025-11-27 08:20:00,Arr 0937,2025-11-27,False
ATL,AVL,DL 3077,DAL,DL 3077,DAL,2025-11-27 12:15:00,Arr 1249,2025-11-27,False
AVL,ATL,DL 3077,DAL,DL 3077,DAL,2025-11-27 13:57:00,Arr 1439,2025-11-27,False
AGS,ATL,DL 3082,DAL,DL 3082,DAL,2025-11-27 06:44:00,Arr 0745,2025-11-27,False
VPS,ATL,DL 3085,DAL,DL 3085,DAL,2025-11-27 06:00:00,Arr 0824 (+9min),2025-11-27,False
ATL,TRI,DL 3086,DAL,DL 3086,DAL,2025-11-27 11:00:00,Arr 1146,2025-11-27,False
TRI,ATL,DL 3086,DAL,DL 3086,DAL,2025-11-27 12:50:00,Arr 1332,2025-11-27,False
JFK,MCO,DL 3087,DAL,DL 3087,DAL,2025-11-27 07:00:00,Arr 1001 (+7min),2025-11-27,False
GSP,ATL,DL 3089,DAL,DL 3089,DAL,2025-11-27 08:25:00,Arr 0911,2025-11-27,False
ATL,CHS,DL 3091,DAL,DL 3091,DAL,2025-11-27 08:10:00,Arr 0911,2025-11-27,False
CHS,ATL,DL 3091,DAL,DL 3091,DAL,2025-11-27 10:40:00,Arr 1134,2025-11-27,False
ATL,VPS,DL 3092,DAL,DL 3092,DAL,2025-11-27 13:10:00,Arr 1304,2025-11-27,False
VPS,ATL,DL 3092,DAL,DL 3092,DAL,2025-11-27 14:09:00,Arr 1600,2025-11-27,False
ATL,ECP,DL 3094,DAL,DL 3094,DAL,2025-11-27 15:49:00,Arr 1552,2025-11-27,False
ECP,ATL,DL 3094,DAL,DL 3094,DAL,2025-11-27 17:09:00,Arr 1912,2025-11-27,False
ATL,GSP,DL 3095,DAL,DL 3095,DAL,2025-11-27 15:41:00,Arr 1619,2025-11-27,False
ATL,AUS,DL 3098,DAL,DL 3098,DAL,2025-11-27 21:20:00,Arr 2249,2025-11-27,False
VPS,ATL,DL 3099,DAL,DL 3099,DAL,2025-11-27 07:20:00,Arr 0921,2025-11-27,False
ATL,BHM,DL 3100,DAL,DL 3100,DAL,2025-11-27 08:15:00,Arr 0801,2025-11-27,False
ATL,PNS,DL 3103,DAL,DL 3103,DAL,2025-11-27 08:09:00,Arr 0814,2025-11-27,False
PNS,ATL,DL 3103,DAL,DL 3103,DAL,2025-11-27 09:27:00,Arr 1124,2025-11-27,False
IND,ATL,DL 3105,DAL,DL 3105,DAL,2025-11-27 06:00:00,Arr 0725,2025-11-27,False
IND,ATL,DL 3106,DAL,DL 3106,DAL,2025-11-27 08:10:00,Arr 0923,2025-11-27,False
ATL,CHS,DL 3107,DAL,DL 3107,DAL,2025-11-27 10:33:00,Arr 1140,2025-11-27,False
CHS,ATL,DL 3107,DAL,DL 3107,DAL,2025-11-27 12:51:00,Arr 1353,2025-11-27,False
MCI,ATL,DL 3110,DAL,DL 3110,DAL,2025-11-27 09:00:00,Arr 1149,2025-11-27,False
ECP,ATL,DL 3114,DAL,DL 3114,DAL,2025-11-27 06:00:00,Arr 0753,2025-11-27,False
ATL,SRQ,DL 3115,DAL,DL 3115,DAL,2025-11-27 16:03:00,Arr 1724,2025-11-27,False
ATL,JAN,DL 3117,DAL,DL 3117,DAL,2025-11-27 21:00:00,Arr 2201 (+39min),2025-11-27,False
ATL,MLB,DL 3118,DAL,DL 3118,DAL,2025-11-27 09:50:00,Arr 1133 (+9min),2025-11-27,False
MLB,ATL,DL 3118,DAL,DL 3118,DAL,2025-11-27 12:10:00,Arr 1340,2025-11-27,False
ATL,SAV,DL 3119,DAL,DL 3119,DAL,2025-11-27 17:55:00,Arr 1915 (+17min),2025-11-27,False
ATL,IND,DL 3120,DAL,DL 3120,DAL,2025-11-27 20:37:00,Arr 2212 (+5min),2025-11-27,False
DTW,MSN,DL 3121,DAL,DL 3121,DAL,2025-11-27 12:26:00,Arr 1224,2025-11-27,False
MSN,DTW,DL 3121,DAL,DL 3121,DAL,2025-11-27 13:30:00,Arr 1552 (+3min),2025-11-27,False
MSY,ATL,DL 3128,DAL,DL 3128,DAL,2025-11-27 09:12:00,Arr 1113,2025-11-27,False
PNS,ATL,DL 3129,DAL,DL 3129,DAL,2025-11-27 07:25:00,Arr 0928,2025-11-27,False
ATL,ECP,DL 3131,DAL,DL 3131,DAL,2025-11-27 23:00:00,Arr 2247,2025-11-27,False
BTR,ATL,DL 3135,DAL,DL 3135,DAL,2025-11-27 14:21:00,Arr 1632,2025-11-27,False
ATL,CLT,DL 3139,DAL,DL 3139,DAL,2025-11-27 19:05:00,Arr 1953,2025-11-27,False
DAY,ATL,DL 3140,DAL,DL 3140,DAL,2025-11-27 06:00:00,Arr 0732,2025-11-27,False
CHO,ATL,DL 3141,DAL,DL 3141,DAL,2025-11-27 06:00:00,Arr 0725,2025-11-27,False
ATL,CHO,DL 3142,DAL,DL 3142,DAL,2025-11-27 19:25:00,Arr 2037,2025-11-27,False
GSP,ATL,DL 3145,DAL,DL 3145,DAL,2025-11-27 06:45:00,Arr 0730,2025-11-27,False
ATL,SAV,DL 3150,DAL,DL 3150,DAL,2025-11-27 15:15:00,Arr 1622 (+5min),2025-11-27,False
SAV,ATL,DL 3150,DAL,DL 3150,DAL,2025-11-27 17:50:00,Arr 1843,2025-11-27,False
ATL,RIC,DL 3152,DAL,DL 3152,DAL,2025-11-27 15:23:00,Arr 1646,2025-11-27,False
AUS,DTW,DL 3155,DAL,DL 3155,DAL,2025-11-27 11:25:00,Arr 1510,2025-11-27,False
ATL,STL,DL 3156,DAL,DL 3156,DAL,2025-11-27 13:15:00,Arr 1342,2025-11-27,False
STL,ATL,DL 3156,DAL,DL 3156,DAL,2025-11-27 15:15:00,Arr 1724,2025-11-27,False
ATL,CMH,DL 3161,DAL,DL 3161,DAL,2025-11-27 11:19:00,Arr 1248,2025-11-27,False
CMH,ATL,DL 3161,DAL,DL 3161,DAL,2025-11-27 13:47:00,Arr 1516,2025-11-27,False
BWI,DTW,DL 3163,DAL,DL 3163,DAL,2025-11-27 10:09:00,Arr 1139,2025-11-27,False
DTW,BWI,DL 3163,DAL,DL 3163,DAL,2025-11-27 07:47:00,Arr 0929 (+5min),2025-11-27,False
ATL,RIC,DL 3166,DAL,DL 3166,DAL,2025-11-27 19:58:00,Arr 2236 (+64min),2025-11-27,False
SLC,DEN,DL 3172,DAL,DL 3172,DAL,2025-11-27 07:45:00,Arr 0903,2025-11-27,False
GPT,ATL,DL 3177,DAL,DL 3177,DAL,2025-11-27 06:00:00,Arr 0814,2025-11-27,False
ATL,MYR,DL 3178,DAL,DL 3178,DAL,2025-11-27 14:40:00,Arr 1537,2025-11-27,False
MYR,ATL,DL 3178,DAL,DL 3178,DAL,2025-11-27 16:45:00,Arr 1751,2025-11-27,False
BZN,SLC,DL 3188,DAL,DL 3188,DAL,2025-11-27 05:30:00,Arr 0704 (+10min),2025-11-27,False
MSN,MSP,DL 3194,DAL,DL 3194,DAL,2025-11-27 06:00:00,Arr 0656,2025-11-27,False
ATL,BTR,DL 3196,DAL,DL 3196,DAL,2025-11-27 13:50:00,Arr 1420,2025-11-27,False
FSD,MSP,DL 3198,DAL,DL 3198,DAL,2025-11-27 05:18:00,Arr 0628 (+4min),2025-11-27,False
ATL,LEX,DL 3212,DAL,DL 3212,DAL,2025-11-27 13:42:00,Arr 1445,2025-11-27,False
LEX,ATL,DL 3212,DAL,DL 3212,DAL,2025-11-27 15:40:00,Arr 1649,2025-11-27,False
ATL,SAV,DL 3213,DAL,DL 3213,DAL,2025-11-27 08:41:00,Arr 0929,2025-11-27,False
SAV,ATL,DL 3213,DAL,DL 3213,DAL,2025-11-27 10:42:00,Arr 1132,2025-11-27,False
DTW,MKE,DL 3214,DAL,DL 3214,DAL,2025-11-27 08:25:00,Arr 0841,2025-11-27,False
MKE,DTW,DL 3214,DAL,DL 3214,DAL,2025-11-27 09:36:00,Arr 1120,2025-11-27,False
LEX,ATL,DL 3215,DAL,DL 3215,DAL,2025-11-27 07:30:00,Arr 0848,2025-11-27,False
ATL,SAV,DL 3216,DAL,DL 3216,DAL,2025-11-27 13:03:00,Arr 1350,2025-11-27,False
SAV,ATL,DL 3216,DAL,DL 3216,DAL,2025-11-27 15:08:00,Arr 1559,2025-11-27,False
ATL,SAV,DL 3220,DAL,DL 3220,DAL,2025-11-27 10:13:00,Arr 1130 (+9min),2025-11-27,False
SAV,ATL,DL 3220,DAL,DL 3220,DAL,2025-11-27 12:26:00,Arr 1333,2025-11-27,False
AUS,TPA,DL 3225,DAL,DL 3225,DAL,2025-11-27 07:42:00,Arr 1046,2025-11-27,False
TPA,AUS,DL 3225,DAL,DL 3225,DAL,2025-11-27 12:00:00,Arr 1319,2025-11-27,False
RIC,DTW,DL 3230,DAL,DL 3230,DAL,2025-11-27 06:00:00,Arr 0728,2025-11-27,False
PDX,SLC,DL 3232,DAL,DL 3232,DAL,2025-11-27 09:59:00,Arr 1232,2025-11-27,False
SLC,PDX,DL 3232,DAL,DL 3232,DAL,2025-11-27 07:50:00,Arr 0842,2025-11-27,False
SLC,PDX,DL 3233,DAL,DL 3233,DAL,2025-11-27 17:45:00,Arr 1833,2025-11-27,False
LGB,SLC,DL 3236,DAL,DL 3236,DAL,2025-11-27 13:15:00,Arr 1546,2025-11-27,False
SLC,LGB,DL 3236,DAL,DL 3236,DAL,2025-11-27 11:15:00,Arr 1204,2025-11-27,False
ATL,RDU,DL 3238,DAL,DL 3238,DAL,2025-11-27 13:33:00,Arr 1444,2025-11-27,False
RDU,ATL,DL 3238,DAL,DL 3238,DAL,2025-11-27 16:00:00,Arr 1702,2025-11-27,False
RDU,ATL,DL 3240,DAL,DL 3240,DAL,2025-11-27 06:15:00,Arr 0742,2025-11-27,False
RDU,ATL,DL 3241,DAL,DL 3241,DAL,2025-11-27 05:15:00,Arr 0631,2025-11-27,False
RDU,ATL,DL 3242,DAL,DL 3242,DAL,2025-11-27 08:25:00,Arr 0956,2025-11-27,False
ATL,RDU,DL 3244,DAL,DL 3244,DAL,2025-11-27 20:56:00,Arr 2217,2025-11-27,False
ATL,RDU,DL 3245,DAL,DL 3245,DAL,2025-11-27 11:45:00,Arr 1255,2025-11-27,False
RDU,ATL,DL 3245,DAL,DL 3245,DAL,2025-11-27 14:12:00,Arr 1527,2025-11-27,False
ATL,RDU,DL 3246,DAL,DL 3246,DAL,2025-11-27 17:35:00,Arr 1844,2025-11-27,False
PIT,SLC,DL 3248,DAL,DL 3248,DAL,2025-11-27 17:29:00,Arr 2021 (+21min),2025-11-27,False
SLC,PIT,DL 3248,DAL,DL 3248,DAL,2025-11-27 10:53:00,Arr 1626,2025-11-27,False
JFK,ATL,DL 8771,DAL,DL 8771,DAL,2025-11-27 17:40:00,Arr 1949,2025-11-27,False
ATL,BOS,DL 862,DAL,DL 862,DAL,2025-11-27 11:50:00,Arr 1406,2025-11-27,False
LAS,DTW,DL 864,DAL,DL 864,DAL,2025-11-27 06:00:00,Arr 1249,2025-11-27,False
ATL,JAN,DL 866,DAL,DL 866,DAL,2025-11-27 14:00:00,Arr 1410,2025-11-27,False
JAN,ATL,DL 866,DAL,DL 866,DAL,2025-11-27 15:06:00,Arr 1653,2025-11-27,False
LAX,MCO,DL 867,DAL,DL 867,DAL,2025-11-27 10:55:00,Arr 1830,2025-11-27,False
MSP,SEA,DL 868,DAL,DL 868,DAL,2025-11-27 08:50:00,Arr 1107 (+12min),2025-11-27,False
LGA,DFW,DL 869,DAL,DL 869,DAL,2025-11-27 13:05:00,Arr 1544,2025-11-27,False
SEA,DFW,DL 870,DAL,DL 870,DAL,2025-11-27 17:55:00,Arr 0054 (+60min),2025-11-27,False
SLC,SEA,DL 871,DAL,DL 871,DAL,2025-11-27 17:15:00,Arr 1808,2025-11-27,False
LAX,MSY,DL 872,DAL,DL 872,DAL,2025-11-27 07:00:00,Arr 1243 (+7min),2025-11-27,False
LGA,DFW,DL 873,DAL,DL 873,DAL,2025-11-27 08:25:00,Arr 1111,2025-11-27,False
ATL,BOI,DL 874,DAL,DL 874,DAL,2025-11-27 10:00:00,Arr 1252 (+13min),2025-11-27,False
BOI,ATL,DL 874,DAL,DL 874,DAL,2025-11-27 13:49:00,Arr 1937,2025-11-27,False
MSP,SEA,DL 877,DAL,DL 877,DAL,2025-11-27 15:17:00,Arr 1718 (+8min),2025-11-27,False
DFW,LGA,DL 878,DAL,DL 878,DAL,2025-11-27 09:53:00,Arr 1407,2025-11-27,False
LGA,DFW,DL 878,DAL,DL 878,DAL,2025-11-27 06:00:00,Arr 0910 (+7min),2025-11-27,False
SNA,SEA,DL 879,DAL,DL 879,DAL,2025-11-27 15:10:00,Arr 1733,2025-11-27,False
ATL,PIT,DL 882,DAL,DL 882,DAL,2025-11-27 11:05:00,Arr 1232,2025-11-27,False
SLC,ATL,DL 885,DAL,DL 885,DAL,2025-11-27 11:35:00,Arr 1655,2025-11-27,False
TUS,ATL,DL 886,DAL,DL 886,DAL,2025-11-27 06:00:00,Arr 1115,2025-11-27,False
JFK,SLC,DL 887,DAL,DL 887,DAL,2025-11-27 16:00:00,Arr 1923 (+3min),2025-11-27,False
PDX,ATL,DL 888,DAL,DL 888,DAL,2025-11-27 13:00:00,Arr 2009,2025-11-27,False
MSP,SEA,DL 889,DAL,DL 889,DAL,2025-11-27 11:00:00,Arr 1237,2025-11-27,False
RDU,MIA,DL 890,DAL,DL 890,DAL,2025-11-27 08:05:00,Arr 1009,2025-11-27,False
BNA,LAX,DL 891,DAL,DL 891,DAL,2025-11-27 07:00:00,Arr 0913,2025-11-27,False
JFK,SLC,DL 892,DAL,DL 892,DAL,2025-11-27 06:45:00,Arr 0952,2025-11-27,False
DFW,ATL,DL 893,DAL,DL 893,DAL,2025-11-27 07:01:00,Arr 1003,2025-11-27,False
ATL,SAN,DL 894,DAL,DL 894,DAL,2025-11-27 11:15:00,Arr 1317 (+14min),2025-11-27,False
ATL,LAX,DL 895,DAL,DL 895,DAL,2025-11-27 12:24:00,Arr 1409,2025-11-27,False
SLC,ATL,DL 897,DAL,DL 897,DAL,2025-11-27 08:15:00,Arr 1329,2025-11-27,False
ATL,LAX,DL 898,DAL,DL 898,DAL,2025-11-27 08:05:00,Arr 0958,2025-11-27,False
LAX,ATL,DL 899,DAL,DL 899,DAL,2025-11-27 22:55:00,Arr 0552,2025-11-27,False
PHX,ATL,DL 901,DAL,DL 901,DAL,2025-11-27 07:00:00,Arr 1215,2025-11-27,False
SFO,SLC,DL 902,DAL,DL 902,DAL,2025-11-27 13:20:00,Arr 1549,2025-11-27,False
SLC,SFO,DL 902,DAL,DL 902,DAL,2025-11-27 11:10:00,Arr 1213,2025-11-27,False
ATL,SEA,DL 903,DAL,DL 903,DAL,2025-11-27 21:20:00,Arr 2354,2025-11-27,False
ATL,SMF,DL 904,DAL,DL 904,DAL,2025-11-27 09:05:00,Arr 1206 (+54min),2025-11-27,False
SLC,ATL,DL 906,DAL,DL 906,DAL,2025-11-27 13:58:00,Arr 1911,2025-11-27,False
SLC,ATL,DL 907,DAL,DL 907,DAL,2025-11-27 07:00:00,Arr 1238,2025-11-27,False
RSW,JFK,DL 908,DAL,DL 908,DAL,2025-11-27 12:04:00,Arr 1423,2025-11-27,False
SLC,ATL,DL 912,DAL,DL 912,DAL,2025-11-27 23:35:00,Arr 0504,2025-11-27,False
PHX,ATL,DL 918,DAL,DL 918,DAL,2025-11-27 06:00:00,Arr 1115,2025-11-27,False
ATL,LAS,DL 919,DAL,DL 919,DAL,2025-11-27 18:55:00,Arr 2053 (+34min),2025-11-27,False
SFO,SLC,DL 920,DAL,DL 920,DAL,2025-11-27 09:51:00,Arr 1223,2025-11-27,False
SLC,SFO,DL 920,DAL,DL 920,DAL,2025-11-27 07:45:00,Arr 0858 (+2min),2025-11-27,False
ATL,DFW,DL 921,DAL,DL 921,DAL,2025-11-27 13:41:00,Arr 1455,2025-11-27,False
ANC,SEA,DL 922,DAL,DL 922,DAL,2025-11-27 14:25:00,Arr 1934 (+34min),2025-11-27,False
SEA,ANC,DL 922,DAL,DL 922,DAL,2025-11-27 10:45:00,Arr 1435 (+65min),2025-11-27,False
BOS,ATL,DL 923,DAL,DL 923,DAL,2025-11-27 06:45:00,Arr 0942,2025-11-27,False
ATL,SAN,DL 924,DAL,DL 924,DAL,2025-11-27 16:35:00,Arr 1804,2025-11-27,False
ANC,SEA,DL 925,DAL,DL 925,DAL,2025-11-27 00:30:00,Arr 0441,2025-11-27,False
DCA,ATL,DL 926,DAL,DL 926,DAL,2025-11-27 10:20:00,Arr 1213,2025-11-27,False
ATL,LAS,DL 927,DAL,DL 927,DAL,2025-11-27 08:07:00,Arr 0933,2025-11-27,False
SEA,ANC,DL 928,DAL,DL 928,DAL,2025-11-27 13:55:00,Arr 1625,2025-11-27,False
PHX,ATL,DL 929,DAL,DL 929,DAL,2025-11-27 23:59:00,Arr 0520,2025-11-27,False
SAT,SLC,DL 930,DAL,DL 930,DAL,2025-11-27 12:45:00,Arr 1416,2025-11-27,False
SEA,ANC,DL 931,DAL,DL 931,DAL,2025-11-27 19:59:00,Arr 2233,2025-11-27,False
SAN,ATL,DL 932,DAL,DL 932,DAL,2025-11-27 12:16:00,Arr 1910,2025-11-27,False
LAX,JFK,DL 934,DAL,DL 934,DAL,2025-11-27 06:20:00,Arr 1454 (+11min),2025-11-27,False
DTW,SLC,DL 935,DAL,DL 935,DAL,2025-11-27 12:15:00,Arr 1411,2025-11-27,False
ATL,TUS,DL 937,DAL,DL 937,DAL,2025-11-27 10:41:00,Arr 1245 (+5min),2025-11-27,False
TUS,ATL,DL 937,DAL,DL 937,DAL,2025-11-27 13:50:00,Arr 1903,2025-11-27,False
LAX,JFK,DL 938,DAL,DL 938,DAL,2025-11-27 11:05:00,Arr 1922,2025-11-27,False
LAX,JFK,DL 939,DAL,DL 939,DAL,2025-11-27 14:15:00,Arr 2237 (+3min),2025-11-27,False
ATL,PSP,DL 940,DAL,DL 940,DAL,2025-11-27 09:40:00,Arr 1105,2025-11-27,False
PSP,ATL,DL 940,DAL,DL 940,DAL,2025-11-27 12:33:00,Arr 1917,2025-11-27,False
SEA,MSP,DL 943,DAL,DL 943,DAL,2025-11-27 06:00:00,Arr 1055,2025-11-27,False
DTW,SEA,DL 944,DAL,DL 944,DAL,2025-11-27 16:32:00,Arr 1835,2025-11-27,False
LAX,AUS,DL 946,DAL,DL 946,DAL,2025-11-27 06:35:00,Arr 1124,2025-11-27,False
PHX,DTW,DL 947,DAL,DL 947,DAL,2025-11-27 07:00:00,Arr 1233,2025-11-27,False
DFW,LAX,DL 948,DAL,DL 948,DAL,2025-11-27 16:05:00,Arr 1703,2025-11-27,False
ATL,DCA,DL 950,DAL,DL 950,DAL,2025-11-27 16:53:00,Arr 1801,2025-11-27,False
LAX,JFK,DL 951,DAL,DL 951,DAL,2025-11-27 12:15:00,Arr 2029,2025-11-27,False
LAS,ATL,DL 952,DAL,DL 952,DAL,2025-11-27 00:43:00,Arr 0753 (+23min),2025-11-27,False
SEA,MSP,DL 953,DAL,DL 953,DAL,2025-11-27 23:55:00,Arr 0510,2025-11-27,False
ATL,PHX,DL 957,DAL,DL 957,DAL,2025-11-27 09:59:00,Arr 1211,2025-11-27,False
PHX,ATL,DL 957,DAL,DL 957,DAL,2025-11-27 13:45:00,Arr 1912,2025-11-27,False
LAX,JFK,DL 958,DAL,DL 958,DAL,2025-11-27 09:30:00,Arr 1736,2025-11-27,False
LAX,JFK,DL 960,DAL,DL 960,DAL,2025-11-27 21:45:00,Arr 0557,2025-11-27,False
ATL,DFW,DL 961,DAL,DL 961,DAL,2025-11-27 08:58:00,Arr 1021,2025-11-27,False
DFW,ATL,DL 961,DAL,DL 961,DAL,2025-11-27 11:31:00,Arr 1429,2025-11-27,False
DTW,ATL,DL 965,DAL,DL 965,DAL,2025-11-27 08:05:00,Arr 1017 (+2min),2025-11-27,False
LGA,ATL,DL 968,DAL,DL 968,DAL,2025-11-27 17:00:00,Arr 1921,2025-11-27,False
ATL,CLE,DL 971,DAL,DL 971,DAL,2025-11-27 19:45:00,Arr 2133 (+4min),2025-11-27,False
BOS,ATL,DL 973,DAL,DL 973,DAL,2025-11-27 10:15:00,Arr 1303,2025-11-27,False
LGA,ATL,DL 974,DAL,DL 974,DAL,2025-11-27 15:00:00,Arr 1710,2025-11-27,False
MSP,PHX,DL 978,DAL,DL 978,DAL,2025-11-27 06:55:00,Arr 0909,2025-11-27,False
LAX,AUS,DL 986,DAL,DL 986,DAL,2025-11-27 10:20:00,Arr 1500,2025-11-27,False
LGA,ATL,DL 992,DAL,DL 992,DAL,2025-11-27 08:59:00,Arr 1134 (+1min),2025-11-27,False
LGA,ATL,DL 993,DAL,DL 993,DAL,2025-11-27 11:00:00,Arr 1324,2025-11-27,False
LGA,ATL,DL 994,DAL,DL 994,DAL,2025-11-27 12:59:00,Arr 1517,2025-11-27,False
ATL,LAX,DL 996,DAL,DL 996,DAL,2025-11-27 07:00:00,Arr 0849,2025-11-27,False
ATL,LGA,DL 997,DAL,DL 997,DAL,2025-11-27 17:30:00,Arr 1927,2025-11-27,False
ATL,JAX,DL 1001,DAL,DL 1001,DAL,2025-11-27 21:56:00,Arr 2242,2025-11-27,False
ATL,ELP,DL 1002,DAL,DL 1002,DAL,2025-11-27 11:58:00,Arr 1316,2025-11-27,False
ELP,ATL,DL 1002,DAL,DL 1002,DAL,2025-11-27 14:16:00,Arr 1854,2025-11-27,False
ABQ,ATL,DL 1004,DAL,DL 1004,DAL,2025-11-27 14:05:00,Arr 1846,2025-11-27,False
ATL,ABQ,DL 1004,DAL,DL 1004,DAL,2025-11-27 08:55:00,Arr 1012,2025-11-27,False
ATL,DTW,DL 1005,DAL,DL 1005,DAL,2025-11-27 14:50:00,Arr 1635,2025-11-27,False
EWR,SLC,DL 1009,DAL,DL 1009,DAL,2025-11-27 06:51:00,Arr 0953,2025-11-27,False
JFK,TPA,DL 1010,DAL,DL 1010,DAL,2025-11-27 12:30:00,Arr 1520,2025-11-27,False
ATL,BDL,DL 1011,DAL,DL 1011,DAL,2025-11-27 21:35:00,Arr 2343,2025-11-27,False
ATL,PNS,DL 1013,DAL,DL 1013,DAL,2025-11-27 14:36:00,Arr 1444,2025-11-27,False
PNS,ATL,DL 1013,DAL,DL 1013,DAL,2025-11-27 15:44:00,Arr 1733,2025-11-27,False
IAD,SEA,DL 1015,DAL,DL 1015,DAL,2025-11-27 07:15:00,Arr 1008,2025-11-27,False
SEA,SLC,DL 1016,DAL,DL 1016,DAL,2025-11-27 09:30:00,Arr 1225,2025-11-27,False
PWM,ATL,DL 1017,DAL,DL 1017,DAL,2025-11-27 06:00:00,Arr 1216 (+188min),2025-11-27,False
BOS,DTW,DL 1019,DAL,DL 1019,DAL,2025-11-27 05:29:00,Arr 1151 (+242min),2025-11-27,False
LGA,MCO,DL 1021,DAL,DL 1021,DAL,2025-11-27 11:59:00,Arr 1448,2025-11-27,False
PVD,ATL,DL 1023,DAL,DL 1023,DAL,2025-11-27 06:00:00,Arr 0849,2025-11-27,False
LAX,SAT,DL 1024,DAL,DL 1024,DAL,2025-11-27 09:55:00,Arr 1435,2025-11-27,False
MSP,DEN,DL 1025,DAL,DL 1025,DAL,2025-11-27 14:44:00,Arr 1540,2025-11-27,False
MSP,ATL,DL 1026,DAL,DL 1026,DAL,2025-11-27 12:45:00,Arr 1546,2025-11-27,False
ATL,BTV,DL 1027,DAL,DL 1027,DAL,2025-11-27 20:10:00,Arr 2253 (+13min),2025-11-27,False
JFK,ATL,DL 1029,DAL,DL 1029,DAL,2025-11-27 10:50:00,Arr 1310,2025-11-27,False
ATL,MCO,DL 1030,DAL,DL 1030,DAL,2025-11-27 11:45:00,Arr 1308,2025-11-27,False
ATL,DTW,DL 1031,DAL,DL 1031,DAL,2025-11-27 13:20:00,Arr 1455,2025-11-27,False
MSP,ATL,DL 1032,DAL,DL 1032,DAL,2025-11-27 16:25:00,Arr 1931,2025-11-27,False
RDU,BOS,DL 1033,DAL,DL 1033,DAL,2025-11-27 13:10:00,Arr 1442,2025-11-27,False
ATL,JFK,DL 1034,DAL,DL 1034,DAL,2025-11-27 09:00:00,Arr 1052,2025-11-27,False
DEN,ATL,DL 1035,DAL,DL 1035,DAL,2025-11-27 15:14:00,Arr 1948,2025-11-27,False
DFW,SLC,DL 1037,DAL,DL 1037,DAL,2025-11-27 12:30:00,Arr 1418,2025-11-27,False
SLC,DFW,DL 1037,DAL,DL 1037,DAL,2025-11-27 07:45:00,Arr 1141 (+6min),2025-11-27,False
MSP,ATL,DL 1039,DAL,DL 1039,DAL,2025-11-27 07:15:00,Arr 1023,2025-11-27,False
AUS,DTW,DL 1040,DAL,DL 1040,DAL,2025-11-27 05:30:00,Arr 0927 (+5min),2025-11-27,False
DTW,DFW,DL 1041,DAL,DL 1041,DAL,2025-11-27 09:38:00,Arr 1121,2025-11-27,False
LAX,SEA,DL 1045,DAL,DL 1045,DAL,2025-11-27 11:42:00,Arr 1408,2025-11-27,False
MSP,ATL,DL 1048,DAL,DL 1048,DAL,2025-11-27 10:16:00,Arr 1328,2025-11-27,False
IAH,MSP,DL 1050,DAL,DL 1050,DAL,2025-11-27 06:40:00,Arr 0925,2025-11-27,False
ATL,ORF,DL 1051,DAL,DL 1051,DAL,2025-11-27 12:35:00,Arr 1410 (+4min),2025-11-27,False
ORF,ATL,DL 1051,DAL,DL 1051,DAL,2025-11-27 16:00:00,Arr 1800,2025-11-27,False
MSP,ATL,DL 1052,DAL,DL 1052,DAL,2025-11-27 08:55:00,Arr 1211,2025-11-27,False
RDU,BOS,DL 1054,DAL,DL 1054,DAL,2025-11-27 06:50:00,Arr 0823,2025-11-27,False
CLT,MSP,DL 1056,DAL,DL 1056,DAL,2025-11-27 11:40:00,Arr 1321,2025-11-27,False
DTW,MCO,DL 1059,DAL,DL 1059,DAL,2025-11-27 10:15:00,Arr 1319 (+17min),2025-11-27,False
MCO,DTW,DL 1059,DAL,DL 1059,DAL,2025-11-27 14:25:00,Arr 1644,2025-11-27,False
ATL,AUS,DL 1060,DAL,DL 1060,DAL,2025-11-27 17:20:00,Arr 1913 (+9min),2025-11-27,False
CVG,FLL,DL 1061,DAL,DL 1061,DAL,2025-11-27 10:00:00,Arr 1238 (+9min),2025-11-27,False
MSP,ATL,DL 1062,DAL,DL 1062,DAL,2025-11-27 05:25:00,Arr 0855,2025-11-27,False
ATL,MDW,DL 1063,DAL,DL 1063,DAL,2025-11-27 08:55:00,Arr 0942,2025-11-27,False
MDW,ATL,DL 1063,DAL,DL 1063,DAL,2025-11-27 10:47:00,Arr 1314,2025-11-27,False
ATL,MCO,DL 1064,DAL,DL 1064,DAL,2025-11-27 21:20:00,Arr 2232,2025-11-27,False
ATL,PBI,DL 1065,DAL,DL 1065,DAL,2025-11-27 20:21:00,Arr 2150,2025-11-27,False
SAT,ATL,DL 1066,DAL,DL 1066,DAL,2025-11-27 06:30:00,Arr 0931,2025-11-27,False
IAH,ATL,DL 1069,DAL,DL 1069,DAL,2025-11-27 05:15:00,Arr 0804,2025-11-27,False
DTW,PHX,DL 1070,DAL,DL 1070,DAL,2025-11-27 08:55:00,Arr 1120,2025-11-27,False
TPA,BOS,DL 1071,DAL,DL 1071,DAL,2025-11-27 07:45:00,Arr 1014,2025-11-27,False
EYW,ATL,DL 1072,DAL,DL 1072,DAL,2025-11-27 07:40:00,Arr 0952 (+3min),2025-11-27,False
SAT,ATL,DL 1073,DAL,DL 1073,DAL,2025-11-27 05:15:00,Arr 0831,2025-11-27,False
ATL,MDW,DL 1076,DAL,DL 1076,DAL,2025-11-27 22:43:00,Arr 2330,2025-11-27,False
FLL,LGA,DL 1077,DAL,DL 1077,DAL,2025-11-27 14:40:00,Arr 1711,2025-11-27,False
LGA,FLL,DL 1077,DAL,DL 1077,DAL,2025-11-27 10:15:00,Arr 1453 (+83min),2025-11-27,False
LGA,DTW,DL 1078,DAL,DL 1078,DAL,2025-11-27 09:30:00,Arr 1114,2025-11-27,False
JAX,BOS,DL 1081,DAL,DL 1081,DAL,2025-11-27 13:15:00,Arr 1527,2025-11-27,False
BDL,ATL,DL 1082,DAL,DL 1082,DAL,2025-11-27 14:15:00,Arr 1638,2025-11-27,False
FLL,ATL,DL 1083,DAL,DL 1083,DAL,2025-11-27 05:30:00,Arr 0715,2025-11-27,False
LGA,FLL,DL 1085,DAL,DL 1085,DAL,2025-11-27 13:00:00,Arr 1612 (+6min),2025-11-27,False
SLC,LAX,DL 1087,DAL,DL 1087,DAL,2025-11-27 07:45:00,Arr 0834,2025-11-27,False
ATL,RSW,DL 1089,DAL,DL 1089,DAL,2025-11-27 08:05:00,Arr 0928,2025-11-27,False
RSW,ATL,DL 1089,DAL,DL 1089,DAL,2025-11-27 10:49:00,Arr 1216,2025-11-27,False
ATL,FLL,DL 1094,DAL,DL 1094,DAL,2025-11-27 08:10:00,Arr 1001,2025-11-27,False
FLL,ATL,DL 1094,DAL,DL 1094,DAL,2025-11-27 11:24:00,Arr 1310,2025-11-27,False
SLC,LAX,DL 1095,DAL,DL 1095,DAL,2025-11-27 09:54:00,Arr 1142 (+42min),2025-11-27,False
ATL,JAX,DL 1096,DAL,DL 1096,DAL,2025-11-27 19:30:00,Arr 2023,2025-11-27,False
ATL,CLT,DL 1097,DAL,DL 1097,DAL,2025-11-27 15:15:00,Arr 1616,2025-11-27,False
ATL,TPA,DL 1099,DAL,DL 1099,DAL,2025-11-27 11:10:00,Arr 1234,2025-11-27,False
TPA,ATL,DL 1099,DAL,DL 1099,DAL,2025-11-27 13:45:00,Arr 1457,2025-11-27,False
PHL,ATL,DL 1100,DAL,DL 1100,DAL,2025-11-27 10:25:00,Arr 1225,2025-11-27,False
DTW,MCI,DL 1101,DAL,DL 1101,DAL,2025-11-27 15:52:00,Arr 1651,2025-11-27,False
BOS,MSP,DL 1103,DAL,DL 1103,DAL,2025-11-27 08:00:00,Arr 1006,2025-11-27,False
BNA,BOS,DL 1105,DAL,DL 1105,DAL,2025-11-27 10:40:00,Arr 1353,2025-11-27,False
HPN,ATL,DL 1106,DAL,DL 1106,DAL,2025-11-27 06:20:00,Arr 0837,2025-11-27,False
SYR,ATL,DL 1108,DAL,DL 1108,DAL,2025-11-27 06:00:00,Arr 0841 (+7min),2025-11-27,False
DTW,SAN,DL 2172,DAL,DL 2172,DAL,2025-11-27 12:20:00,Arr 1405,2025-11-27,False
BOI,SLC,DL 2173,DAL,DL 2173,DAL,2025-11-27 06:00:00,Arr 0706,2025-11-27,False
ATL,CHS,DL 2174,DAL,DL 2174,DAL,2025-11-27 14:10:00,Arr 1508,2025-11-27,False
FLL,JFK,DL 2175,DAL,DL 2175,DAL,2025-11-27 08:05:00,Arr 1031,2025-11-27,False
SFO,MSP,DL 2178,DAL,DL 2178,DAL,2025-11-27 05:45:00,Arr 1059,2025-11-27,False
ATL,HSV,DL 2182,DAL,DL 2182,DAL,2025-11-27 13:48:00,Arr 1320,2025-11-27,False
DFW,DTW,DL 2183,DAL,DL 2183,DAL,2025-11-27 05:35:00,Arr 0854,2025-11-27,False
LEX,ATL,DL 2184,DAL,DL 2184,DAL,2025-11-27 06:00:00,Arr 0712,2025-11-27,False
SNA,MSP,DL 2185,DAL,DL 2185,DAL,2025-11-27 08:00:00,Arr 1320,2025-11-27,False
SEA,FAI,DL 2186,DAL,DL 2186,DAL,2025-11-27 19:59:00,Arr 2254,2025-11-27,False
DTW,ATL,DL 2188,DAL,DL 2188,DAL,2025-11-27 12:20:00,Arr 1353,2025-11-27,False
DTW,PHL,DL 2189,DAL,DL 2189,DAL,2025-11-27 10:00:00,Arr 1136,2025-11-27,False
PHL,DTW,DL 2189,DAL,DL 2189,DAL,2025-11-27 12:22:00,Arr 1346,2025-11-27,False
JFK,ATL,DL 2190,DAL,DL 2190,DAL,2025-11-27 21:15:00,Arr 0047 (+49min),2025-11-27,False
ATL,CAE,DL 2193,DAL,DL 2193,DAL,2025-11-27 18:02:00,Arr 1853,2025-11-27,False
DFW,SEA,DL 2195,DAL,DL 2195,DAL,2025-11-27 16:27:00,Arr 1821,2025-11-27,False
SEA,DFW,DL 2195,DAL,DL 2195,DAL,2025-11-27 09:30:00,Arr 1507,2025-11-27,False
BOS,FLL,DL 2196,DAL,DL 2196,DAL,2025-11-27 12:15:00,Arr 1552 (+13min),2025-11-27,False
TRI,ATL,DL 2197,DAL,DL 2197,DAL,2025-11-27 06:05:00,Arr 0653,2025-11-27,False
SFO,MSP,DL 2199,DAL,DL 2199,DAL,2025-11-27 11:40:00,Arr 1656,2025-11-27,False
ATL,CMH,DL 2200,DAL,DL 2200,DAL,2025-11-27 14:15:00,Arr 1546 (+2min),2025-11-27,False
CMH,ATL,DL 2200,DAL,DL 2200,DAL,2025-11-27 16:40:00,Arr 1822 (+3min),2025-11-27,False
FCA,SLC,DL 2201,DAL,DL 2201,DAL,2025-11-27 05:00:00,Arr 0655 (+10min),2025-11-27,False
DTW,MSP,DL 2203,DAL,DL 2203,DAL,2025-11-27 16:25:00,Arr 1703,2025-11-27,False
ATL,LEX,DL 2213,DAL,DL 2213,DAL,2025-11-27 22:48:00,Arr 0011 (+7min),2025-11-27,False
SLC,BNA,DL 2214,DAL,DL 2214,DAL,2025-11-27 09:59:00,Arr 1349,2025-11-27,False
ICT,ATL,DL 2216,DAL,DL 2216,DAL,2025-11-27 05:47:00,Arr 0823,2025-11-27,False
ATL,TLH,DL 2218,DAL,DL 2218,DAL,2025-11-27 09:40:00,Arr 1034,2025-11-27,False
TLH,ATL,DL 2218,DAL,DL 2218,DAL,2025-11-27 11:35:00,Arr 1223,2025-11-27,False
RSW,MSP,DL 2219,DAL,DL 2219,DAL,2025-11-27 07:45:00,Arr 1006,2025-11-27,False
BNA,MSP,DL 2221,DAL,DL 2221,DAL,2025-11-27 06:00:00,Arr 0806,2025-11-27,False
BOS,DTW,DL 2222,DAL,DL 2222,DAL,2025-11-27 13:00:00,Arr 1501,2025-11-27,False
ATL,MSY,DL 2224,DAL,DL 2224,DAL,2025-11-27 22:55:00,Arr 2325,2025-11-27,False
MSP,RSW,DL 2226,DAL,DL 2226,DAL,2025-11-27 09:10:00,Arr 1314,2025-11-27,False
RSW,MSP,DL 2226,DAL,DL 2226,DAL,2025-11-27 14:53:00,Arr 1721,2025-11-27,False
JFK,ATL,DL 2227,DAL,DL 2227,DAL,2025-11-27 09:00:00,Arr 1139 (+3min),2025-11-27,False
SLC,IND,DL 2228,DAL,DL 2228,DAL,2025-11-27 17:50:00,Arr 2232,2025-11-27,False
SMF,MSP,DL 2229,DAL,DL 2229,DAL,2025-11-27 06:15:00,Arr 1132,2025-11-27,False
SLC,CMH,DL 2230,DAL,DL 2230,DAL,2025-11-27 17:30:00,Arr 2246,2025-11-27,False
ORD,SLC,DL 2231,DAL,DL 2231,DAL,2025-11-27 07:20:00,Arr 1028 (+26min),2025-11-27,False
ATL,DEN,DL 2235,DAL,DL 2235,DAL,2025-11-27 08:10:00,Arr 0941 (+7min),2025-11-27,False
DEN,ATL,DL 2235,DAL,DL 2235,DAL,2025-11-27 10:39:00,Arr 1508,2025-11-27,False
SLC,DTW,DL 2236,DAL,DL 2236,DAL,2025-11-27 11:50:00,Arr 1706,2025-11-27,False
MCO,LGA,DL 2239,DAL,DL 2239,DAL,2025-11-27 14:00:00,Arr 1603,2025-11-27,False
GSO,ATL,DL 2241,DAL,DL 2241,DAL,2025-11-27 07:04:00,Arr 0814,2025-11-27,False
MSP,RSW,DL 2242,DAL,DL 2242,DAL,2025-11-27 12:45:00,Arr 1649,2025-11-27,False
SLC,ORD,DL 2247,DAL,DL 2247,DAL,2025-11-27 09:30:00,Arr 1325,2025-11-27,False
ATL,CVG,DL 2248,DAL,DL 2248,DAL,2025-11-27 17:32:00,Arr 1840,2025-11-27,False
PHX,MSP,DL 2249,DAL,DL 2249,DAL,2025-11-27 00:59:00,Arr 0442,2025-11-27,False
BHM,ATL,DL 2250,DAL,DL 2250,DAL,2025-11-27 11:05:00,Arr 1245,2025-11-27,False
LAX,LAS,DL 2253,DAL,DL 2253,DAL,2025-11-27 07:35:00,Arr 0842,2025-11-27,False
ATL,BHM,DL 2257,DAL,DL 2257,DAL,2025-11-27 19:37:00,Arr 1919,2025-11-27,False
DTW,MSP,DL 2258,DAL,DL 2258,DAL,2025-11-27 09:00:00,Arr 0950,2025-11-27,False
AUS,LAS,DL 2260,DAL,DL 2260,DAL,2025-11-27 15:54:00,Arr 1631,2025-11-27,False
MSP,LAS,DL 2261,DAL,DL 2261,DAL,2025-11-27 06:55:00,Arr 0804,2025-11-27,False
MSP,LAS,DL 2262,DAL,DL 2262,DAL,2025-11-27 09:00:00,Arr 1124 (+53min),2025-11-27,False
TPA,MSP,DL 2263,DAL,DL 2263,DAL,2025-11-27 07:30:00,Arr 1000 (+2min),2025-11-27,False
ATL,TYS,DL 2269,DAL,DL 2269,DAL,2025-11-27 12:50:00,Arr 1332,2025-11-27,False
TYS,ATL,DL 2269,DAL,DL 2269,DAL,2025-11-27 14:49:00,Arr 1530,2025-11-27,False
ATL,PHL,DL 2270,DAL,DL 2270,DAL,2025-11-27 08:55:00,Arr 1033,2025-11-27,False
PHL,ATL,DL 2270,DAL,DL 2270,DAL,2025-11-27 12:37:00,Arr 1437,2025-11-27,False
MSP,DEN,DL 2271,DAL,DL 2271,DAL,2025-11-27 11:30:00,Arr 1218,2025-11-27,False
LAX,SFO,DL 2272,DAL,DL 2272,DAL,2025-11-27 10:00:00,Arr 1111,2025-11-27,False
SFO,LAX,DL 2272,DAL,DL 2272,DAL,2025-11-27 12:25:00,Arr 1338,2025-11-27,False
SLC,CVG,DL 2273,DAL,DL 2273,DAL,2025-11-27 09:45:00,Arr 1446,2025-11-27,False
RDU,LAS,DL 2278,DAL,DL 2278,DAL,2025-11-27 07:00:00,Arr 0855,2025-11-27,False
ATL,GSP,DL 2281,DAL,DL 2281,DAL,2025-11-27 22:49:00,Arr 2343,2025-11-27,False
BOS,RDU,DL 2283,DAL,DL 2283,DAL,2025-11-27 13:05:00,Arr 1500,2025-11-27,False
MSP,TPA,DL 2284,DAL,DL 2284,DAL,2025-11-27 10:00:00,Arr 1344,2025-11-27,False
TPA,MSP,DL 2284,DAL,DL 2284,DAL,2025-11-27 15:15:00,Arr 1739,2025-11-27,False
JFK,ATL,DL 2286,DAL,DL 2286,DAL,2025-11-27 06:00:00,Arr 0835 (+4min),2025-11-27,False
MSP,PHX,DL 2287,DAL,DL 2287,DAL,2025-11-27 15:20:00,Arr 1731,2025-11-27,False
MSP,PHX,DL 2288,DAL,DL 2288,DAL,2025-11-27 09:25:00,Arr 1144,2025-11-27,False
PHX,MSP,DL 2288,DAL,DL 2288,DAL,2025-11-27 13:00:00,Arr 1643,2025-11-27,False
SLC,DTW,DL 2289,DAL,DL 2289,DAL,2025-11-27 06:00:00,Arr 1113,2025-11-27,False
MEM,SLC,DL 2290,DAL,DL 2290,DAL,2025-11-27 07:40:00,Arr 1007,2025-11-27,False
TVC,DTW,DL 2292,DAL,DL 2292,DAL,2025-11-27 06:20:00,Arr 0758 (+29min),2025-11-27,False
JFK,ATL,DL 2293,DAL,DL 2293,DAL,2025-11-27 18:55:00,Arr 2128,2025-11-27,False
JFK,DEN,DL 2294,DAL,DL 2294,DAL,2025-11-27 08:30:00,Arr 1100,2025-11-27,False
ATL,TLH,DL 2295,DAL,DL 2295,DAL,2025-11-27 19:15:00,Arr 2007,2025-11-27,False
MSP,PHX,DL 2297,DAL,DL 2297,DAL,2025-11-27 18:50:00,Arr 2109,2025-11-27,False
SEA,ORD,DL 2299,DAL,DL 2299,DAL,2025-11-27 11:15:00,Arr 1701,2025-11-27,False
LGA,MIA,DL 2300,DAL,DL 2300,DAL,2025-11-27 13:45:00,Arr 1802 (+64min),2025-11-27,False
BOS,MSP,DL 2303,DAL,DL 2303,DAL,2025-11-27 05:50:00,Arr 0756,2025-11-27,False
MIA,LGA,DL 2304,DAL,DL 2304,DAL,2025-11-27 11:55:00,Arr 1413,2025-11-27,False
BOS,DFW,DL 2305,DAL,DL 2305,DAL,2025-11-27 13:30:00,Arr 1650,2025-11-27,False
ATL,DSM,DL 2306,DAL,DL 2306,DAL,2025-11-27 21:20:00,Arr 2225,2025-11-27,False
MSP,MCO,DL 2309,DAL,DL 2309,DAL,2025-11-27 19:45:00,Arr 2339,2025-11-27,False
ATL,EWR,DL 2312,DAL,DL 2312,DAL,2025-11-27 14:31:00,Arr 1619,2025-11-27,False
ATL,GSO,DL 2314,DAL,DL 2314,DAL,2025-11-27 16:54:00,Arr 1752,2025-11-27,False
DTW,BNA,DL 2316,DAL,DL 2316,DAL,2025-11-27 17:45:00,Arr 1807,2025-11-27,False
JFK,RSW,DL 2320,DAL,DL 2320,DAL,2025-11-27 07:00:00,Arr 1023 (+3min),2025-11-27,False
ATL,EWR,DL 2322,DAL,DL 2322,DAL,2025-11-27 12:23:00,Arr 1413,2025-11-27,False
EWR,ATL,DL 2322,DAL,DL 2322,DAL,2025-11-27 15:38:00,Arr 1756,2025-11-27,False
ATL,JAX,DL 2324,DAL,DL 2324,DAL,2025-11-27 17:54:00,Arr 1850,2025-11-27,False
EWR,ATL,DL 2325,DAL,DL 2325,DAL,2025-11-27 10:46:00,Arr 1321,2025-11-27,False
ATL,JAX,DL 2326,DAL,DL 2326,DAL,2025-11-27 09:37:00,Arr 1043,2025-11-27,False
JAX,ATL,DL 2326,DAL,DL 2326,DAL,2025-11-27 11:55:00,Arr 1258,2025-11-27,False
MSP,LAX,DL 2327,DAL,DL 2327,DAL,2025-11-27 12:55:00,Arr 1434,2025-11-27,False
ATL,ORF,DL 2329,DAL,DL 2329,DAL,2025-11-27 15:28:00,Arr 1711 (+10min),2025-11-27,False
ATL,SRQ,DL 2332,DAL,DL 2332,DAL,2025-11-27 08:35:00,Arr 1006,2025-11-27,False
SRQ,ATL,DL 2332,DAL,DL 2332,DAL,2025-11-27 11:28:00,Arr 1253,2025-11-27,False
DTW,JAX,DL 2333,DAL,DL 2333,DAL,2025-11-27 08:40:00,Arr 1118 (+16min),2025-11-27,False
JAX,DTW,DL 2333,DAL,DL 2333,DAL,2025-11-27 12:40:00,Arr 1425,2025-11-27,False
ATL,BUF,DL 2334,DAL,DL 2334,DAL,2025-11-27 19:15:00,Arr 2106,2025-11-27,False
IDA,SLC,DL 2335,DAL,DL 2335,DAL,2025-11-27 06:00:00,Arr 0709,2025-11-27,False
MCI,LAX,DL 2337,DAL,DL 2337,DAL,2025-11-27 07:05:00,Arr 0837,2025-11-27,False
ATL,ORF,DL 2338,DAL,DL 2338,DAL,2025-11-27 21:40:00,Arr 2257,2025-11-27,False
LGA,MIA,DL 2339,DAL,DL 2339,DAL,2025-11-27 11:06:00,Arr 1430 (+7min),2025-11-27,False
JFK,ATL,DL 2342,DAL,DL 2342,DAL,2025-11-27 12:00:00,Arr 1433 (+3min),2025-11-27,False
MIA,AUS,DL 2344,DAL,DL 2344,DAL,2025-11-27 19:15:00,Arr 2144 (+10min),2025-11-27,False
ATL,FLL,DL 2345,DAL,DL 2345,DAL,2025-11-27 15:30:00,Arr 1745 (+24min),2025-11-27,False
LGA,MIA,DL 2347,DAL,DL 2347,DAL,2025-11-27 07:05:00,Arr 1020,2025-11-27,False
MSP,PSC,DL 2350,DAL,DL 2350,DAL,2025-11-27 18:25:00,Arr 1955 (+6min),2025-11-27,False
DFW,BOS,DL 2351,DAL,DL 2351,DAL,2025-11-27 07:00:00,Arr 1117,2025-11-27,False
EWR,ATL,DL 2353,DAL,DL 2353,DAL,2025-11-27 06:00:00,Arr 0828,2025-11-27,False
ATL,PNS,DL 2354,DAL,DL 2354,DAL,2025-11-27 10:24:00,Arr 1038,2025-11-27,False
PNS,ATL,DL 2354,DAL,DL 2354,DAL,2025-11-27 11:46:00,Arr 1354,2025-11-27,False
HRL,MSP,DL 2356,DAL,DL 2356,DAL,2025-11-27 15:39:00,Arr 1838,2025-11-27,False
MSP,HRL,DL 2356,DAL,DL 2356,DAL,2025-11-27 11:23:00,Arr 1420,2025-11-27,False
ATL,AGS,DL 2358,DAL,DL 2358,DAL,2025-11-27 22:34:00,Arr 2309,2025-11-27,False
PDX,MSP,DL 2359,DAL,DL 2359,DAL,2025-11-27 00:35:00,Arr 0522,2025-11-27,False
LAS,AUS,DL 2360,DAL,DL 2360,DAL,2025-11-27 17:15:00,Arr 2141,2025-11-27,False
ATL,MSY,DL 2361,DAL,DL 2361,DAL,2025-11-27 13:40:00,Arr 1401,2025-11-27,False
STL,SLC,DL 2363,DAL,DL 2363,DAL,2025-11-27 06:34:00,Arr 0855,2025-11-27,False
ATL,OMA,DL 2364,DAL,DL 2364,DAL,2025-11-27 15:30:00,Arr 1645,2025-11-27,False
PDX,MSP,DL 2369,DAL,DL 2369,DAL,2025-11-27 06:00:00,Arr 1104,2025-11-27,False
DCA,MCO,DL 2370,DAL,DL 2370,DAL,2025-11-27 07:25:00,Arr 0954 (+9min),2025-11-27,False
MCO,DCA,DL 2370,DAL,DL 2370,DAL,2025-11-27 10:40:00,Arr 1239,2025-11-27,False
ATL,ROA,DL 2372,DAL,DL 2372,DAL,2025-11-27 19:17:00,Arr 2031,2025-11-27,False
CHS,ATL,DL 2374,DAL,DL 2374,DAL,2025-11-27 15:00:00,Arr 1606,2025-11-27,False
DTW,ATL,DL 2375,DAL,DL 2375,DAL,2025-11-27 05:45:00,Arr 0804 (+13min),2025-11-27,False
LGA,BOS,DL 2376,DAL,DL 2376,DAL,2025-11-27 08:00:00,Arr 0844,2025-11-27,False
ATL,JFK,DL 2378,DAL,DL 2378,DAL,2025-11-27 19:59:00,Arr 2228 (+7min),2025-11-27,False
ATL,CHA,DL 2379,DAL,DL 2379,DAL,2025-11-27 16:45:00,Arr 1713,2025-11-27,False
ATL,JFK,DL 2380,DAL,DL 2380,DAL,2025-11-27 12:15:00,Arr 1405,2025-11-27,False
MIA,LGA,DL 2387,DAL,DL 2387,DAL,2025-11-27 08:05:00,Arr 1044,2025-11-27,False
ATL,CHA,DL 2388,DAL,DL 2388,DAL,2025-11-27 14:39:00,Arr 1513,2025-11-27,False
CHA,ATL,DL 2388,DAL,DL 2388,DAL,2025-11-27 16:14:00,Arr 1644,2025-11-27,False
JFK,MSP,DL 2390,DAL,DL 2390,DAL,2025-11-27 07:00:00,Arr 0852,2025-11-27,False
JAX,MSP,DL 2392,DAL,DL 2392,DAL,2025-11-27 13:48:00,Arr 0941 (+1063min),2025-11-27,False
MSP,JAX,DL 2392,DAL,DL 2392,DAL,2025-11-27 09:00:00,Arr 1236,2025-11-27,False
ATL,CVG,DL 2395,DAL,DL 2395,DAL,2025-11-27 22:44:00,Arr 0002,2025-11-27,False
LGA,PBI,DL 2396,DAL,DL 2396,DAL,2025-11-27 11:50:00,Arr 1453,2025-11-27,False
ATL,EWR,DL 2397,DAL,DL 2397,DAL,2025-11-27 08:34:00,Arr 1025,2025-11-27,False
EWR,ATL,DL 2397,DAL,DL 2397,DAL,2025-11-27 11:58:00,Arr 1411,2025-11-27,False
ATL,JFK,DL 2398,DAL,DL 2398,DAL,2025-11-27 16:14:00,Arr 1816,2025-11-27,False
MDW,ATL,DL 2400,DAL,DL 2400,DAL,2025-11-27 06:00:00,Arr 0837,2025-11-27,False
DTW,PHL,DL 2402,DAL,DL 2402,DAL,2025-11-27 15:57:00,Arr 1714,2025-11-27,False
ATL,CHS,DL 2403,DAL,DL 2403,DAL,2025-11-27 20:40:00,Arr 2138,2025-11-27,False
CHA,ATL,DL 2406,DAL,DL 2406,DAL,2025-11-27 05:50:00,Arr 0623,2025-11-27,False
CHA,ATL,DL 2407,DAL,DL 2407,DAL,2025-11-27 06:56:00,Arr 0736,2025-11-27,False
FAI,SEA,DL 2408,DAL,DL 2408,DAL,2025-11-27 01:30:00,Arr 0616,2025-11-27,False
LGA,MSP,DL 2409,DAL,DL 2409,DAL,2025-11-27 08:15:00,Arr 1003,2025-11-27,False
LGA,MSY,DL 2411,DAL,DL 2411,DAL,2025-11-27 08:00:00,Arr 1017,2025-11-27,False
MSY,LGA,DL 2411,DAL,DL 2411,DAL,2025-11-27 11:30:00,Arr 1440,2025-11-27,False
JFK,MSP,DL 2414,DAL,DL 2414,DAL,2025-11-27 15:15:00,Arr 1703,2025-11-27,False
MSP,PDX,DL 2415,DAL,DL 2415,DAL,2025-11-27 09:25:00,Arr 1120 (+6min),2025-11-27,False
PHX,SEA,DL 2419,DAL,DL 2419,DAL,2025-11-27 12:12:00,Arr 1417,2025-11-27,False
SEA,PHX,DL 2419,DAL,DL 2419,DAL,2025-11-27 07:10:00,Arr 1053,2025-11-27,False
ATL,CHA,DL 2421,DAL,DL 2421,DAL,2025-11-27 20:46:00,Arr 2135,2025-11-27,False
ATL,OKC,DL 2423,DAL,DL 2423,DAL,2025-11-27 19:20:00,Arr 2021,2025-11-27,False
DTW,TVC,DL 2424,DAL,DL 2424,DAL,2025-11-27 15:52:00,Arr 1641,2025-11-27,False
BOS,LGA,DL 2426,DAL,DL 2426,DAL,2025-11-27 08:00:00,Arr 0906,2025-11-27,False
ALB,ATL,DL 2429,DAL,DL 2429,DAL,2025-11-27 06:10:00,Arr 0852,2025-11-27,False
DTW,DEN,DL 2431,DAL,DL 2431,DAL,2025-11-27 16:11:00,Arr 1712,2025-11-27,False
ATL,MLB,DL 2435,DAL,DL 2435,DAL,2025-11-27 17:45:00,Arr 1904,2025-11-27,False
MCO,BOS,DL 2436,DAL,DL 2436,DAL,2025-11-27 07:00:00,Arr 0930,2025-11-27,False
MSP,GEG,DL 2437,DAL,DL 2437,DAL,2025-11-27 11:59:00,Arr 1315 (+1min),2025-11-27,False
ATL,SRQ,DL 2438,DAL,DL 2438,DAL,2025-11-27 13:45:00,Arr 1507,2025-11-27,False
SRQ,ATL,DL 2438,DAL,DL 2438,DAL,2025-11-27 16:20:00,Arr 1805,2025-11-27,False
BNA,DTW,DL 2439,DAL,DL 2439,DAL,2025-11-27 06:00:00,Arr 0830,2025-11-27,False
JAX,ATL,DL 2440,DAL,DL 2440,DAL,2025-11-27 06:10:00,Arr 0703,2025-11-27,False
CVG,ATL,DL 2441,DAL,DL 2441,DAL,2025-11-27 06:00:00,Arr 0723,2025-11-27,False
SEA,PHX,DL 2442,DAL,DL 2442,DAL,2025-11-27 15:18:00,Arr 1855,2025-11-27,False
JFK,DTW,DL 2443,DAL,DL 2443,DAL,2025-11-27 16:30:00,Arr 1813,2025-11-27,False
PHX,SEA,DL 2444,DAL,DL 2444,DAL,2025-11-27 08:00:00,Arr 0949,2025-11-27,False
JAX,ATL,DL 2446,DAL,DL 2446,DAL,2025-11-27 07:12:00,Arr 0812,2025-11-27,False
PHX,SEA,DL 2447,DAL,DL 2447,DAL,2025-11-27 14:45:00,Arr 1631,2025-11-27,False
SEA,PHX,DL 2447,DAL,DL 2447,DAL,2025-11-27 09:45:00,Arr 1332,2025-11-27,False
PSC,MSP,DL 2448,DAL,DL 2448,DAL,2025-11-27 06:00:00,Arr 1042,2025-11-27,False
ATL,MOB,DL 4629,DAL,9E 4629,FLG,2025-11-27 19:07:00,Arr 1909,2025-11-27,False
ATL,MOB,DL 4637,DAL,9E 4637,FLG,2025-11-27 14:38:00,Arr 1447,2025-11-27,False
MOB,ATL,DL 4637,DAL,9E 4637,FLG,2025-11-27 15:42:00,Arr 1730,2025-11-27,False
ATL,TRI,DL 4638,DAL,9E 4638,FLG,2025-11-27 13:45:00,Arr 1444,2025-11-27,False
TRI,ATL,DL 4638,DAL,9E 4638,FLG,2025-11-27 15:36:00,Arr 1619,2025-11-27,False
CMH,DTW,DL 4645,DAL,9E 4645,FLG,2025-11-27 14:03:00,Arr 1526 (+11min),2025-11-27,False
DTW,CMH,DL 4645,DAL,9E 4645,FLG,2025-11-27 12:17:00,Arr 1337 (+14min),2025-11-27,False
DTW,BHM,DL 4647,DAL,9E 4647,FLG,2025-11-27 15:55:00,Arr 1647,2025-11-27,False
MCI,RDU,DL 4648,DAL,9E 4648,FLG,2025-11-27 17:45:00,Arr 2104,2025-11-27,False
CHA,DTW,DL 4652,DAL,9E 4652,FLG,2025-11-27 07:25:00,Arr 0850,2025-11-27,False
CMH,MSP,DL 4653,DAL,9E 4653,FLG,2025-11-27 13:36:00,Arr 1419,2025-11-27,False
MSP,CMH,DL 4653,DAL,9E 4653,FLG,2025-11-27 10:00:00,Arr 1244,2025-11-27,False
MSP,CMH,DL 4654,DAL,9E 4654,FLG,2025-11-27 15:25:00,Arr 1804,2025-11-27,False
CRW,ATL,DL 4665,DAL,9E 4665,FLG,2025-11-27 06:00:00,Arr 0712,2025-11-27,False
XNA,ATL,DL 4669,DAL,9E 4669,FLG,2025-11-27 07:10:00,Arr 0944,2025-11-27,False
DTW,HSV,DL 4675,DAL,9E 4675,FLG,2025-11-27 17:47:00,Arr 1834,2025-11-27,False
DTW,LAN,DL 4687,DAL,9E 4687,FLG,2025-11-27 10:00:00,Arr 1033,2025-11-27,False
LAN,DTW,DL 4687,DAL,9E 4687,FLG,2025-11-27 13:40:00,Arr 1408,2025-11-27,False
DTW,IAD,DL 4688,DAL,9E 4688,FLG,2025-11-27 17:54:00,Arr 1919,2025-11-27,False
ATL,SGF,DL 4689,DAL,9E 4689,FLG,2025-11-27 21:15:00,Arr 2209,2025-11-27,False
DTW,PWM,DL 4691,DAL,9E 4691,FLG,2025-11-27 10:11:00,Arr 1156,2025-11-27,False
PWM,DTW,DL 4691,DAL,9E 4691,FLG,2025-11-27 12:48:00,Arr 1447,2025-11-27,False
GRB,MSP,DL 4696,DAL,9E 4696,FLG,2025-11-27 06:20:00,Arr 0720,2025-11-27,False
ATL,HSV,DL 4703,DAL,9E 4703,FLG,2025-11-27 15:25:00,Arr 1529,2025-11-27,False
HSV,ATL,DL 4703,DAL,9E 4703,FLG,2025-11-27 16:11:00,Arr 1803,2025-11-27,False
DTW,PIT,DL 4704,DAL,9E 4704,FLG,2025-11-27 08:30:00,Arr 0936,2025-11-27,False
PIT,DTW,DL 4705,DAL,9E 4705,FLG,2025-11-27 10:31:00,Arr 1141,2025-11-27,False
MSP,MKE,DL 4706,DAL,9E 4706,FLG,2025-11-27 12:46:00,Arr 1455 (+49min),2025-11-27,False
DTW,MDT,DL 4708,DAL,9E 4708,FLG,2025-11-27 15:55:00,Arr 1719,2025-11-27,False
CVG,MSP,DL 4713,DAL,9E 4713,FLG,2025-11-27 12:40:00,Arr 1317,2025-11-27,False
MOB,ATL,DL 4721,DAL,9E 4721,FLG,2025-11-27 06:20:00,Arr 0811,2025-11-27,False
MSP,CLE,DL 4726,DAL,9E 4726,FLG,2025-11-27 15:34:00,Arr 1811,2025-11-27,False
MSN,MSP,DL 4728,DAL,9E 4728,FLG,2025-11-27 10:51:00,Arr 1143,2025-11-27,False
MSP,MSN,DL 4728,DAL,9E 4728,FLG,2025-11-27 08:50:00,Arr 0947,2025-11-27,False
MSP,RAP,DL 4729,DAL,9E 4729,FLG,2025-11-27 13:13:00,Arr 1346,2025-11-27,False
ICT,MSP,DL 4733,DAL,9E 4733,FLG,2025-11-27 07:35:00,Arr 0943 (+13min),2025-11-27,False
ATL,TYS,DL 4743,DAL,9E 4743,FLG,2025-11-27 09:00:00,Arr 0948,2025-11-27,False
TYS,ATL,DL 4743,DAL,9E 4743,FLG,2025-11-27 11:25:00,Arr 1213,2025-11-27,False
MSP,GRB,DL 4746,DAL,9E 4746,FLG,2025-11-27 14:20:00,Arr 1544 (+7min),2025-11-27,False
FAR,MSP,DL 4750,DAL,9E 4750,FLG,2025-11-27 10:59:00,Arr 1150,2025-11-27,False
MSP,FAR,DL 4750,DAL,9E 4750,FLG,2025-11-27 08:55:00,Arr 0949,2025-11-27,False
DTW,GSP,DL 4753,DAL,9E 4753,FLG,2025-11-27 09:06:00,Arr 1044,2025-11-27,False
SGF,ATL,DL 4754,DAL,9E 4754,FLG,2025-11-27 06:04:00,Arr 0850,2025-11-27,False
CID,MSP,DL 4759,DAL,9E 4759,FLG,2025-11-27 07:00:00,Arr 0813,2025-11-27,False
MSP,CID,DL 4765,DAL,9E 4765,FLG,2025-11-27 14:28:00,Arr 1524,2025-11-27,False
MSN,DTW,DL 4770,DAL,9E 4770,FLG,2025-11-27 06:59:00,Arr 0858,2025-11-27,False
HSV,DTW,DL 4774,DAL,9E 4774,FLG,2025-11-27 06:10:00,Arr 0842,2025-11-27,False
IAD,DTW,DL 4796,DAL,9E 4796,FLG,2025-11-27 06:00:00,Arr 0738,2025-11-27,False
JAX,JFK,DL 4802,DAL,9E 4802,FLG,2025-11-27 12:12:00,Arr 1358,2025-11-27,False
MSP,FAR,DL 4805,DAL,9E 4805,FLG,2025-11-27 14:25:00,Arr 1518,2025-11-27,False
DTW,ROC,DL 4810,DAL,9E 4810,FLG,2025-11-27 16:00:00,Arr 1710,2025-11-27,False
BHM,DTW,DL 4817,DAL,9E 4817,FLG,2025-11-27 06:13:00,Arr 0906,2025-11-27,False
BUF,JFK,DL 4818,DAL,9E 4818,FLG,2025-11-27 14:00:00,Arr 1531,2025-11-27,False
CHO,ATL,DL 4820,DAL,9E 4820,FLG,2025-11-27 13:20:00,Arr 1439,2025-11-27,False
MSP,RST,DL 4826,DAL,9E 4826,FLG,2025-11-27 16:44:00,Arr 1715,2025-11-27,False
CVG,DTW,DL 4830,DAL,9E 4830,FLG,2025-11-27 13:45:00,Arr 1437,2025-11-27,False
ATL,CHA,DL 4831,DAL,9E 4831,FLG,2025-11-27 08:55:00,Arr 0926,2025-11-27,False
CHA,ATL,DL 4831,DAL,9E 4831,FLG,2025-11-27 11:12:00,Arr 1141,2025-11-27,False
CLE,MSP,DL 4839,DAL,9E 4839,FLG,2025-11-27 07:05:00,Arr 0804,2025-11-27,False
BIS,MSP,DL 4849,DAL,9E 4849,FLG,2025-11-27 05:00:00,Arr 0623,2025-11-27,False
DTW,MDW,DL 4858,DAL,9E 4858,FLG,2025-11-27 08:30:00,Arr 0859 (+5min),2025-11-27,False
MDW,DTW,DL 4858,DAL,9E 4858,FLG,2025-11-27 09:34:00,Arr 1139,2025-11-27,False
ATL,JAN,DL 4861,DAL,9E 4861,FLG,2025-11-27 08:05:00,Arr 0823,2025-11-27,False
JAN,ATL,DL 4861,DAL,9E 4861,FLG,2025-11-27 09:15:00,Arr 1114,2025-11-27,False
CID,MSP,DL 4863,DAL,9E 4863,FLG,2025-11-27 12:29:00,Arr 1337,2025-11-27,False
MSP,CID,DL 4863,DAL,9E 4863,FLG,2025-11-27 10:35:00,Arr 1129,2025-11-27,False
BIS,MSP,DL 4882,DAL,9E 4882,FLG,2025-11-27 12:19:00,Arr 1324,2025-11-27,False
MSP,BIS,DL 4882,DAL,9E 4882,FLG,2025-11-27 10:00:00,Arr 1120,2025-11-27,False
JFK,MEM,DL 4883,DAL,9E 4883,FLG,2025-11-27 15:05:00,Arr 1647,2025-11-27,False
MEM,JFK,DL 4884,DAL,9E 4884,FLG,2025-11-27 13:00:00,Arr 1609,2025-11-27,False
RST,MSP,DL 4887,DAL,9E 4887,FLG,2025-11-27 07:00:00,Arr 0735,2025-11-27,False
OAJ,ATL,DL 4888,DAL,9E 4888,FLG,2025-11-27 05:30:00,Arr 0657,2025-11-27,False
CHA,LGA,DL 4890,DAL,9E 4890,FLG,2025-11-27 07:00:00,Arr 0840,2025-11-27,False
ATL,OAJ,DL 4892,DAL,9E 4892,FLG,2025-11-27 19:12:00,Arr 2019,2025-11-27,False
DTW,CHA,DL 4894,DAL,9E 4894,FLG,2025-11-27 17:45:00,Arr 1920,2025-11-27,False
IND,DTW,DL 4897,DAL,9E 4897,FLG,2025-11-27 08:00:00,Arr 0910,2025-11-27,False
MSP,RST,DL 4899,DAL,9E 4899,FLG,2025-11-27 10:00:00,Arr 1040,2025-11-27,False
RST,MSP,DL 4899,DAL,9E 4899,FLG,2025-11-27 12:40:00,Arr 1309,2025-11-27,False
MSP,CVG,DL 4905,DAL,9E 4905,FLG,2025-11-27 09:00:00,Arr 1150,2025-11-27,False
JFK,BNA,DL 4909,DAL,9E 4909,FLG,2025-11-27 15:30:00,Arr 1653,2025-11-27,False
ATL,DHN,DL 4910,DAL,9E 4910,FLG,2025-11-27 20:10:00,Arr 2005,2025-11-27,False
RDU,CVG,DL 4911,DAL,9E 4911,FLG,2025-11-27 11:00:00,Arr 1216,2025-11-27,False
DHN,ATL,DL 4912,DAL,9E 4912,FLG,2025-11-27 06:00:00,Arr 0745,2025-11-27,False
LGA,DSM,DL 4915,DAL,9E 4915,FLG,2025-11-27 10:05:00,Arr 1159,2025-11-27,False
BNA,JFK,DL 4916,DAL,9E 4916,FLG,2025-11-27 07:25:00,Arr 1032,2025-11-27,False
BNA,JFK,DL 4919,DAL,9E 4919,FLG,2025-11-27 11:29:00,Arr 1444,2025-11-27,False
JFK,BNA,DL 4919,DAL,9E 4919,FLG,2025-11-27 08:55:00,Arr 1037 (+1min),2025-11-27,False
LGA,STL,DL 4922,DAL,9E 4922,FLG,2025-11-27 09:45:00,Arr 1121,2025-11-27,False
GTR,ATL,DL 4927,DAL,9E 4927,FLG,2025-11-27 06:00:00,Arr 0759,2025-11-27,False
LGA,MKE,DL 4929,DAL,9E 4929,FLG,2025-11-27 10:30:00,Arr 1145,2025-11-27,False
SDF,MSP,DL 4931,DAL,9E 4931,FLG,2025-11-27 06:35:00,Arr 0743,2025-11-27,False
RAP,MSP,DL 4933,DAL,9E 4933,FLG,2025-11-27 06:05:00,Arr 0826,2025-11-27,False
LGA,BHM,DL 4936,DAL,9E 4936,FLG,2025-11-27 10:56:00,Arr 1304 (+22min),2025-11-27,False
MLI,ATL,DL 4937,DAL,9E 4937,FLG,2025-11-27 06:05:00,Arr 0903,2025-11-27,False
MLU,ATL,DL 4940,DAL,9E 4940,FLG,2025-11-27 06:10:00,Arr 0842,2025-11-27,False
RDU,AUS,DL 4944,DAL,9E 4944,FLG,2025-11-27 07:20:00,Arr 0946,2025-11-27,False
DSM,LGA,DL 4945,DAL,9E 4945,FLG,2025-11-27 07:46:00,Arr 1127,2025-11-27,False
ATL,CAE,DL 4947,DAL,9E 4947,FLG,2025-11-27 13:02:00,Arr 1353,2025-11-27,False
CAE,ATL,DL 4947,DAL,9E 4947,FLG,2025-11-27 15:15:00,Arr 1604,2025-11-27,False
ATL,MLI,DL 4950,DAL,9E 4950,FLG,2025-11-27 15:22:00,Arr 1623,2025-11-27,False
BIS,MSP,DL 4952,DAL,9E 4952,FLG,2025-11-27 15:40:00,Arr 1640,2025-11-27,False
MSP,BIS,DL 4952,DAL,9E 4952,FLG,2025-11-27 13:15:00,Arr 1442,2025-11-27,False
ATL,GTR,DL 4953,DAL,9E 4953,FLG,2025-11-27 13:47:00,Arr 1353,2025-11-27,False
GTR,ATL,DL 4953,DAL,9E 4953,FLG,2025-11-27 14:44:00,Arr 1633,2025-11-27,False
DTW,CLE,DL 4954,DAL,9E 4954,FLG,2025-11-27 17:59:00,Arr 1854,2025-11-27,False
ATL,MGM,DL 4955,DAL,9E 4955,FLG,2025-11-27 11:05:00,Arr 1115 (+3min),2025-11-27,False
MGM,ATL,DL 4955,DAL,9E 4955,FLG,2025-11-27 12:27:00,Arr 1451 (+16min),2025-11-27,False
MLI,ATL,DL 4958,DAL,9E 4958,FLG,2025-11-27 17:12:00,Arr 1950,2025-11-27,False
JAX,JFK,DL 4959,DAL,9E 4959,FLG,2025-11-27 07:35:00,Arr 0923,2025-11-27,False
ATL,MGM,DL 4964,DAL,9E 4964,FLG,2025-11-27 20:25:00,Arr 2034 (+7min),2025-11-27,False
MGM,ATL,DL 4965,DAL,9E 4965,FLG,2025-11-27 06:03:00,Arr 0748,2025-11-27,False
IND,JFK,DL 4976,DAL,9E 4976,FLG,2025-11-27 12:57:00,Arr 1503,2025-11-27,False
BHM,LGA,DL 4977,DAL,9E 4977,FLG,2025-11-27 07:05:00,Arr 1007,2025-11-27,False
DTW,HPN,DL 4979,DAL,9E 4979,FLG,2025-11-27 10:12:00,Arr 1156,2025-11-27,False
HPN,DTW,DL 4979,DAL,9E 4979,FLG,2025-11-27 12:55:00,Arr 1421,2025-11-27,False
STL,LGA,DL 4981,DAL,9E 4981,FLG,2025-11-27 07:35:00,Arr 1051,2025-11-27,False
MSP,CWA,DL 4982,DAL,9E 4982,FLG,2025-11-27 14:28:00,Arr 1526,2025-11-27,False
JFK,IND,DL 4984,DAL,9E 4984,FLG,2025-11-27 13:00:00,Arr 1621 (+60min),2025-11-27,False
JFK,CVG,DL 4985,DAL,9E 4985,FLG,2025-11-27 09:10:00,Arr 1120,2025-11-27,False
LGA,GSP,DL 4994,DAL,9E 4994,FLG,2025-11-27 10:15:00,Arr 1219,2025-11-27,False
DSM,MSP,DL 4998,DAL,9E 4998,FLG,2025-11-27 12:00:00,Arr 1305,2025-11-27,False
LGA,TYS,DL 5003,DAL,9E 5003,FLG,2025-11-27 08:45:00,Arr 1055,2025-11-27,False
CVG,AUS,DL 5005,DAL,9E 5005,FLG,2025-11-27 08:00:00,Arr 0928,2025-11-27,False
ATL,CRW,DL 5011,DAL,9E 5011,FLG,2025-11-27 11:00:00,Arr 1207,2025-11-27,False
CRW,ATL,DL 5011,DAL,9E 5011,FLG,2025-11-27 13:15:00,Arr 1415,2025-11-27,False
JFK,CVG,DL 5012,DAL,9E 5012,FLG,2025-11-27 14:45:00,Arr 1723 (+22min),2025-11-27,False
JFK,JAX,DL 5014,DAL,9E 5014,FLG,2025-11-27 07:50:00,Arr 1049 (+14min),2025-11-27,False
CHS,JFK,DL 5015,DAL,9E 5015,FLG,2025-11-27 12:53:00,Arr 1438,2025-11-27,False
JFK,ORD,DL 5017,DAL,9E 5017,FLG,2025-11-27 10:50:00,Arr 1226,2025-11-27,False
IAD,JFK,DL 5029,DAL,9E 5029,FLG,2025-11-27 19:49:00,Arr 2044,2025-11-27,False
JFK,IAD,DL 5029,DAL,9E 5029,FLG,2025-11-27 17:40:00,Arr 1854,2025-11-27,False
SAV,JFK,DL 5032,DAL,9E 5032,FLG,2025-11-27 09:05:00,Arr 1049,2025-11-27,False
AUS,RDU,DL 5043,DAL,9E 5043,FLG,2025-11-27 10:45:00,Arr 1420,2025-11-27,False
CVG,JFK,DL 5044,DAL,9E 5044,FLG,2025-11-27 07:00:00,Arr 0839,2025-11-27,False
DTW,IAD,DL 5048,DAL,9E 5048,FLG,2025-11-27 08:45:00,Arr 1008,2025-11-27,False
IAD,DTW,DL 5048,DAL,9E 5048,FLG,2025-11-27 13:00:00,Arr 1422,2025-11-27,False
CLT,JFK,DL 5052,DAL,9E 5052,FLG,2025-11-27 11:48:00,Arr 1437 (+42min),2025-11-27,False
JFK,CLT,DL 5052,DAL,9E 5052,FLG,2025-11-27 08:25:00,Arr 1031,2025-11-27,False
LAN,DTW,DL 5053,DAL,9E 5053,FLG,2025-11-27 05:30:00,Arr 0641 (+12min),2025-11-27,False
JFK,MKE,DL 5054,DAL,9E 5054,FLG,2025-11-27 18:20:00,Arr 1937,2025-11-27,False
LGA,OMA,DL 5055,DAL,9E 5055,FLG,2025-11-27 11:35:00,Arr 1347,2025-11-27,False
LGA,CAE,DL 5057,DAL,9E 5057,FLG,2025-11-27 10:30:00,Arr 1242,2025-11-27,False
DTW,DSM,DL 5058,DAL,9E 5058,FLG,2025-11-27 08:35:00,Arr 0946 (+5min),2025-11-27,False
DTW,CVG,DL 5060,DAL,9E 5060,FLG,2025-11-27 15:53:00,Arr 1650,2025-11-27,False
DTW,LAN,DL 5061,DAL,9E 5061,FLG,2025-11-27 16:59:00,Arr 1754 (+2min),2025-11-27,False
RDU,LGA,DL 5062,DAL,9E 5062,FLG,2025-11-27 12:00:00,Arr 1320,2025-11-27,False
MSP,DSM,DL 5064,DAL,9E 5064,FLG,2025-11-27 12:50:00,Arr 1355,2025-11-27,False
JFK,CLT,DL 5067,DAL,9E 5067,FLG,2025-11-27 15:50:00,Arr 1744,2025-11-27,False
ATL,GTR,DL 5074,DAL,9E 5074,FLG,2025-11-27 21:33:00,Arr 2129,2025-11-27,False
ATL,BQK,DL 5076,DAL,9E 5076,FLG,2025-11-27 10:45:00,Arr 1143,2025-11-27,False
BQK,ATL,DL 5076,DAL,9E 5076,FLG,2025-11-27 12:39:00,Arr 1327,2025-11-27,False
CLT,JFK,DL 5079,DAL,9E 5079,FLG,2025-11-27 06:00:00,Arr 0806 (+3min),2025-11-27,False
JFK,DTW,DL 5080,DAL,9E 5080,FLG,2025-11-27 07:15:00,Arr 0908,2025-11-27,False
PIT,DTW,DL 5091,DAL,9E 5091,FLG,2025-11-27 06:26:00,Arr 0735,2025-11-27,False
CVG,JFK,DL 5096,DAL,9E 5096,FLG,2025-11-27 10:59:00,Arr 1317 (+18min),2025-11-27,False
JFK,RDU,DL 5097,DAL,9E 5097,FLG,2025-11-27 08:00:00,Arr 0946,2025-11-27,False
ATL,CRW,DL 5100,DAL,9E 5100,FLG,2025-11-27 19:06:00,Arr 2016,2025-11-27,False
MSP,SDF,DL 5104,DAL,9E 5104,FLG,2025-11-27 08:50:00,Arr 1137,2025-11-27,False
LGA,RDU,DL 5108,DAL,9E 5108,FLG,2025-11-27 11:05:00,Arr 1241,2025-11-27,False
RDU,LGA,DL 5112,DAL,9E 5112,FLG,2025-11-27 16:05:00,Arr 1722,2025-11-27,False
TYS,LGA,DL 5116,DAL,9E 5116,FLG,2025-11-27 08:05:00,Arr 0943,2025-11-27,False
JFK,JAX,DL 5123,DAL,9E 5123,FLG,2025-11-27 15:00:00,Arr 1741,2025-11-27,False
MKE,JFK,DL 5124,DAL,9E 5124,FLG,2025-11-27 10:00:00,Arr 1256,2025-11-27,False
DTW,MSN,DL 5125,DAL,9E 5125,FLG,2025-11-27 16:59:00,Arr 1709,2025-11-27,False
ATL,ROA,DL 5129,DAL,9E 5129,FLG,2025-11-27 10:45:00,Arr 1156,2025-11-27,False
ROA,ATL,DL 5129,DAL,9E 5129,FLG,2025-11-27 13:00:00,Arr 1352,2025-11-27,False
CAE,LGA,DL 5131,DAL,9E 5131,FLG,2025-11-27 07:10:00,Arr 0848,2025-11-27,False
BGR,LGA,DL 5137,DAL,9E 5137,FLG,2025-11-27 06:05:00,Arr 0728,2025-11-27,False
DTW,IND,DL 5142,DAL,9E 5142,FLG,2025-11-27 16:12:00,Arr 1739 (+10min),2025-11-27,False
JFK,RDU,DL 5150,DAL,9E 5150,FLG,2025-11-27 16:00:00,Arr 1745,2025-11-27,False
ATL,MLU,DL 5157,DAL,9E 5157,FLG,2025-11-27 11:15:00,Arr 1206 (+4min),2025-11-27,False
MLU,ATL,DL 5157,DAL,9E 5157,FLG,2025-11-27 12:45:00,Arr 1459,2025-11-27,False
MSP,PIT,DL 5161,DAL,9E 5161,FLG,2025-11-27 06:55:00,Arr 0943,2025-11-27,False
PIT,MSP,DL 5161,DAL,9E 5161,FLG,2025-11-27 10:53:00,Arr 1213,2025-11-27,False
AEX,ATL,DL 5162,DAL,9E 5162,FLG,2025-11-27 06:10:00,Arr 0835,2025-11-27,False
RDU,LGA,DL 5164,DAL,9E 5164,FLG,2025-11-27 08:35:00,Arr 0953,2025-11-27,False
ROC,DTW,DL 5167,DAL,9E 5167,FLG,2025-11-27 06:17:00,Arr 0801 (+7min),2025-11-27,False
ATL,MOB,DL 5169,DAL,9E 5169,FLG,2025-11-27 10:15:00,Arr 1033,2025-11-27,False
MOB,ATL,DL 5169,DAL,9E 5169,FLG,2025-11-27 11:25:00,Arr 1328,2025-11-27,False
GSP,LGA,DL 5171,DAL,9E 5171,FLG,2025-11-27 07:25:00,Arr 0851,2025-11-27,False
CLE,DTW,DL 5174,DAL,9E 5174,FLG,2025-11-27 14:22:00,Arr 1537 (+17min),2025-11-27,False
DTW,CLE,DL 5174,DAL,9E 5174,FLG,2025-11-27 12:45:00,Arr 1330,2025-11-27,False
MSP,RAP,DL 5177,DAL,9E 5177,FLG,2025-11-27 09:30:00,Arr 1000,2025-11-27,False
RAP,MSP,DL 5177,DAL,9E 5177,FLG,2025-11-27 11:07:00,Arr 1330,2025-11-27,False
CHS,LGA,DL 5179,DAL,9E 5179,FLG,2025-11-27 08:10:00,Arr 0941,2025-11-27,False
LGA,RDU,DL 5184,DAL,9E 5184,FLG,2025-11-27 08:55:00,Arr 1050 (+1min),2025-11-27,False
LGA,ILM,DL 5186,DAL,9E 5186,FLG,2025-11-27 09:00:00,Arr 1043,2025-11-27,False
TYS,DTW,DL 5196,DAL,9E 5196,FLG,2025-11-27 07:39:00,Arr 0902,2025-11-27,False
RDU,JFK,DL 5199,DAL,9E 5199,FLG,2025-11-27 14:47:00,Arr 1606,2025-11-27,False
JFK,CHS,DL 5200,DAL,9E 5200,FLG,2025-11-27 14:00:00,Arr 1636 (+17min),2025-11-27,False
ATL,BQK,DL 5202,DAL,9E 5202,FLG,2025-11-27 17:45:00,Arr 1840,2025-11-27,False
MKE,MSP,DL 5206,DAL,9E 5206,FLG,2025-11-27 13:00:00,Arr 1403,2025-11-27,False
JFK,SAV,DL 5207,DAL,9E 5207,FLG,2025-11-27 10:10:00,Arr 1245 (+9min),2025-11-27,False
DTW,JFK,DL 5216,DAL,9E 5216,FLG,2025-11-27 10:05:00,Arr 1321 (+85min),2025-11-27,False
BTV,LGA,DL 5217,DAL,9E 5217,FLG,2025-11-27 05:45:00,Arr 0644,2025-11-27,False
ORD,JFK,DL 5227,DAL,9E 5227,FLG,2025-11-27 10:35:00,Arr 1353,2025-11-27,False
RDU,MCI,DL 5230,DAL,9E 5230,FLG,2025-11-27 07:30:00,Arr 0918,2025-11-27,False
LGA,RDU,DL 5232,DAL,9E 5232,FLG,2025-11-27 17:00:00,Arr 1827,2025-11-27,False
ILM,LGA,DL 5237,DAL,9E 5237,FLG,2025-11-27 09:05:00,Arr 1032,2025-11-27,False
ORD,JFK,DL 5238,DAL,9E 5238,FLG,2025-11-27 13:25:00,Arr 1622,2025-11-27,False
RDU,JFK,DL 5239,DAL,9E 5239,FLG,2025-11-27 07:10:00,Arr 0832,2025-11-27,False
ATL,ABE,DL 5241,DAL,9E 5241,FLG,2025-11-27 11:30:00,Arr 1317,2025-11-27,False
JFK,BUF,DL 5250,DAL,9E 5250,FLG,2025-11-27 17:40:00,Arr 1910,2025-11-27,False
AUS,CVG,DL 5252,DAL,9E 5252,FLG,2025-11-27 10:40:00,Arr 1410,2025-11-27,False
LGA,BGR,DL 5254,DAL,9E 5254,FLG,2025-11-27 11:55:00,Arr 1251,2025-11-27,False
VLD,ATL,DL 5255,DAL,9E 5255,FLG,2025-11-27 06:00:00,Arr 0700,2025-11-27,False
DTW,CVG,DL 5257,DAL,9E 5257,FLG,2025-11-27 12:20:00,Arr 1319,2025-11-27,False
DTW,CVG,DL 5259,DAL,9E 5259,FLG,2025-11-27 08:55:00,Arr 1005,2025-11-27,False
LGA,CHA,DL 5261,DAL,9E 5261,FLG,2025-11-27 12:20:00,Arr 1439,2025-11-27,False
MCI,JFK,DL 5262,DAL,9E 5262,FLG,2025-11-27 10:15:00,Arr 1400,2025-11-27,False
ITH,JFK,DL 5265,DAL,9E 5265,FLG,2025-11-27 05:40:00,Arr 0641,2025-11-27,False
JFK,ORD,DL 5272,DAL,9E 5272,FLG,2025-11-27 08:00:00,Arr 0938,2025-11-27,False
PWM,JFK,DL 5277,DAL,9E 5277,FLG,2025-11-27 09:00:00,Arr 1026,2025-11-27,False
TYS,ATL,DL 5279,DAL,9E 5279,FLG,2025-11-27 09:00:00,Arr 0955,2025-11-27,False
MKE,LGA,DL 5281,DAL,9E 5281,FLG,2025-11-27 08:05:00,Arr 1056,2025-11-27,False
ATL,JAN,DL 5285,DAL,9E 5285,FLG,2025-11-27 11:05:00,Arr 1139 (+5min),2025-11-27,False
JAN,ATL,DL 5285,DAL,9E 5285,FLG,2025-11-27 12:15:00,Arr 1417,2025-11-27,False
BTV,JFK,DL 5287,DAL,9E 5287,FLG,2025-11-27 15:51:00,Arr 1702,2025-11-27,False
JFK,BTV,DL 5287,DAL,9E 5287,FLG,2025-11-27 13:40:00,Arr 1431,2025-11-27,False
RDU,JFK,DL 5294,DAL,9E 5294,FLG,2025-11-27 11:00:00,Arr 1221,2025-11-27,False
OMA,LGA,DL 5295,DAL,9E 5295,FLG,2025-11-27 07:05:00,Arr 1047,2025-11-27,False
JFK,ROC,DL 5299,DAL,9E 5299,FLG,2025-11-27 16:25:00,Arr 1732,2025-11-27,False
JFK,RIC,DL 5301,DAL,9E 5301,FLG,2025-11-27 16:00:00,Arr 1721,2025-11-27,False
ATL,MGM,DL 5304,DAL,9E 5304,FLG,2025-11-27 08:05:00,Arr 0749,2025-11-27,False
MGM,ATL,DL 5304,DAL,9E 5304,FLG,2025-11-27 09:07:00,Arr 1038,2025-11-27,False
ATL,AEX,DL 5305,DAL,9E 5305,FLG,2025-11-27 10:11:00,Arr 1051,2025-11-27,False
ATL,XNA,DL 5309,DAL,9E 5309,FLG,2025-11-27 12:22:00,Arr 1308,2025-11-27,False
XNA,ATL,DL 5309,DAL,9E 5309,FLG,2025-11-27 14:02:00,Arr 1623,2025-11-27,False
ROC,LGA,DL 5311,DAL,9E 5311,FLG,2025-11-27 06:02:00,Arr 0740 (+10min),2025-11-27,False
ATL,VLD,DL 5312,DAL,9E 5312,FLG,2025-11-27 11:56:00,Arr 1251,2025-11-27,False
VLD,ATL,DL 5312,DAL,9E 5312,FLG,2025-11-27 13:44:00,Arr 1437,2025-11-27,False
JFK,ITH,DL 5315,DAL,9E 5315,FLG,2025-11-27 11:50:00,Arr 1246,2025-11-27,False
BQK,ATL,DL 5319,DAL,9E 5319,FLG,2025-11-27 07:32:00,Arr 0839,2025-11-27,False
LGA,CHO,DL 5323,DAL,9E 5323,FLG,2025-11-27 09:56:00,Arr 1105,2025-11-27,False
JFK,SYR,DL 5328,DAL,9E 5328,FLG,2025-11-27 13:55:00,Arr 1457,2025-11-27,False
ROC,JFK,DL 5330,DAL,9E 5330,FLG,2025-11-27 11:18:00,Arr 1223,2025-11-27,False
MSP,TYS,DL 5335,DAL,9E 5335,FLG,2025-11-27 13:38:00,Arr 1622,2025-11-27,False
DTW,PIT,DL 5338,DAL,9E 5338,FLG,2025-11-27 17:45:00,Arr 1848,2025-11-27,False
DTW,TYS,DL 5347,DAL,9E 5347,FLG,2025-11-27 10:05:00,Arr 1124,2025-11-27,False
RIC,JFK,DL 5351,DAL,9E 5351,FLG,2025-11-27 06:00:00,Arr 0701,2025-11-27,False
SYR,LGA,DL 5355,DAL,9E 5355,FLG,2025-11-27 06:08:00,Arr 0708,2025-11-27,False
ORF,JFK,DL 5356,DAL,9E 5356,FLG,2025-11-27 07:05:00,Arr 0819,2025-11-27,False
EVV,ATL,DL 5362,DAL,9E 5362,FLG,2025-11-27 06:20:00,Arr 0830,2025-11-27,False
SYR,JFK,DL 5363,DAL,9E 5363,FLG,2025-11-27 05:30:00,Arr 0631,2025-11-27,False
ATL,OAJ,DL 5365,DAL,9E 5365,FLG,2025-11-27 11:15:00,Arr 1234,2025-11-27,False
OAJ,ATL,DL 5365,DAL,9E 5365,FLG,2025-11-27 13:30:00,Arr 1449,2025-11-27,False
FAY,ATL,DL 5366,DAL,9E 5366,FLG,2025-11-27 06:00:00,Arr 0709,2025-11-27,False
ATL,FAY,DL 5368,DAL,9E 5368,FLG,2025-11-27 11:10:00,Arr 1217,2025-11-27,False
FAY,ATL,DL 5368,DAL,9E 5368,FLG,2025-11-27 13:11:00,Arr 1428,2025-11-27,False
JFK,ORF,DL 5370,DAL,9E 5370,FLG,2025-11-27 10:04:00,Arr 1119,2025-11-27,False
ATL,EVV,DL 5372,DAL,9E 5372,FLG,2025-11-27 09:00:00,Arr 0932 (+2min),2025-11-27,False
ATL,FAY,DL 5375,DAL,9E 5375,FLG,2025-11-27 21:15:00,Arr 2213,2025-11-27,False
CVG,DTW,DL 5379,DAL,9E 5379,FLG,2025-11-27 06:05:00,Arr 0711,2025-11-27,False
ATL,SGF,DL 5383,DAL,9E 5383,FLG,2025-11-27 11:00:00,Arr 1147,2025-11-27,False
SGF,ATL,DL 5383,DAL,9E 5383,FLG,2025-11-27 13:00:00,Arr 1511,2025-11-27,False
CWA,MSP,DL 5384,DAL,9E 5384,FLG,2025-11-27 07:00:00,Arr 0806,2025-11-27,False
LGA,ROC,DL 5387,DAL,9E 5387,FLG,2025-11-27 08:30:00,Arr 0940,2025-11-27,False
LGA,SYR,DL 5388,DAL,9E 5388,FLG,2025-11-27 14:35:00,Arr 1529,2025-11-27,False
LGA,BTV,DL 5393,DAL,9E 5393,FLG,2025-11-27 12:05:00,Arr 1250,2025-11-27,False
JFK,PWM,DL 5399,DAL,9E 5399,FLG,2025-11-27 12:29:00,Arr 1323,2025-11-27,False
JFK,MCI,DL 5408,DAL,9E 5408,FLG,2025-11-27 14:25:00,Arr 1640,2025-11-27,False
DSM,DTW,DL 5414,DAL,9E 5414,FLG,2025-11-27 06:17:00,Arr 0856,2025-11-27,False
ATL,CHO,DL 5418,DAL,9E 5418,FLG,2025-11-27 11:00:00,Arr 1220,2025-11-27,False
CHO,LGA,DL 5419,DAL,9E 5419,FLG,2025-11-27 07:20:00,Arr 0825,2025-11-27,False
ATL,DHN,DL 5425,DAL,9E 5425,FLG,2025-11-27 10:45:00,Arr 1037,2025-11-27,False
DHN,ATL,DL 5425,DAL,9E 5425,FLG,2025-11-27 13:00:00,Arr 1431,2025-11-27,False
CLE,DTW,DL 5432,DAL,9E 5432,FLG,2025-11-27 05:22:00,Arr 0616,2025-11-27,False
LGA,CHS,DL 5437,DAL,9E 5437,FLG,2025-11-27 08:15:00,Arr 1050 (+14min),2025-11-27,False
CMH,DTW,DL 5441,DAL,9E 5441,FLG,2025-11-27 10:29:00,Arr 1128,2025-11-27,False
DTW,CMH,DL 5441,DAL,9E 5441,FLG,2025-11-27 08:35:00,Arr 0928,2025-11-27,False
ATL,VLD,DL 5443,DAL,9E 5443,FLG,2025-11-27 20:10:00,Arr 2103,2025-11-27,False
LGA,MEM,DL 5450,DAL,9E 5450,FLG,2025-11-27 08:34:00,Arr 1034,2025-11-27,False
MEM,LGA,DL 5450,DAL,9E 5450,FLG,2025-11-27 11:28:00,Arr 1452,2025-11-27,False
ATL,MLU,DL 5452,DAL,9E 5452,FLG,2025-11-27 21:30:00,Arr 2158,2025-11-27,False
ABE,ATL,DL 5453,DAL,9E 5453,FLG,2025-11-27 06:10:00,Arr 0935 (+57min),2025-11-27,False
ABY,ATL,DL 5472,DAL,9E 5472,FLG,2025-11-27 12:11:00,Arr 1242,2025-11-27,False
ATL,ABY,DL 5472,DAL,9E 5472,FLG,2025-11-27 10:25:00,Arr 1112,2025-11-27,False
CVG,DTW,DL 5479,DAL,9E 5479,FLG,2025-11-27 08:10:00,Arr 0912,2025-11-27,False
ATL,CHA,DL 5483,DAL,9E 5483,FLG,2025-11-27 11:58:00,Arr 1239,2025-11-27,False
CHA,ATL,DL 5483,DAL,9E 5483,FLG,2025-11-27 13:32:00,Arr 1416,2025-11-27,False
BMI,ATL,DL 5490,DAL,9E 5490,FLG,2025-11-27 06:00:00,Arr 0834,2025-11-27,False
ATL,BMI,DL 5491,DAL,9E 5491,FLG,2025-11-27 14:25:00,Arr 1502,2025-11-27,False
BTV,DTW,DL 5494,DAL,9E 5494,FLG,2025-11-27 07:05:00,Arr 0850,2025-11-27,False
JFK,RDU,DL 5498,DAL,9E 5498,FLG,2025-11-27 12:15:00,Arr 1346,2025-11-27,False
MDT,DTW,DL 5500,DAL,9E 5500,FLG,2025-11-27 06:00:00,Arr 0737,2025-11-27,False
TYS,MSP,DL 5523,DAL,9E 5523,FLG,2025-11-27 06:35:00,Arr 0803,2025-11-27,False
LFT,ATL,DL 5525,DAL,9E 5525,FLG,2025-11-27 06:01:00,Arr 0819,2025-11-27,False
ATL,LFT,DL 5526,DAL,9E 5526,FLG,2025-11-27 11:20:00,Arr 1202,2025-11-27,False
LFT,ATL,DL 5526,DAL,9E 5526,FLG,2025-11-27 13:00:00,Arr 1527,2025-11-27,False
DTW,SYR,DL 5533,DAL,9E 5533,FLG,2025-11-27 10:40:00,Arr 1144,2025-11-27,False
SYR,DTW,DL 5533,DAL,9E 5533,FLG,2025-11-27 12:57:00,Arr 1359,2025-11-27,False
ATL,LFT,DL 5535,DAL,9E 5535,FLG,2025-11-27 18:15:00,Arr 1849,2025-11-27,False
DCA,DEN,F9 685,FFT,F9 685,FFT,2025-11-27 08:00:00,Arr 1011,2025-11-27,False
DEN,DCA,F9 688,FFT,F9 688,FFT,2025-11-27 11:38:00,Arr 1659 (+2min),2025-11-27,False
DCA,DEN,F9 689,FFT,F9 689,FFT,2025-11-27 18:00:00,Arr 1953,2025-11-27,False
DEN,DCA,F9 690,FFT,F9 690,FFT,2025-11-27 16:39:00,Arr 2128,2025-11-27,False
DEN,LAS,F9 777,FFT,F9 777,FFT,2025-11-27 22:29:00,Arr 2314,2025-11-27,False
SJU,PHL,F9 1015,FFT,F9 1015,FFT,2025-11-27 02:25:00,Arr 0557 (+25min),2025-11-27,False
PHL,SJU,F9 1016,FFT,F9 1016,FFT,2025-11-27 06:40:00,Arr 1124,2025-11-27,False
BWI,FLL,F9 1027,FFT,F9 1027,FFT,2025-11-27 12:51:00,Arr 1536 (+2min),2025-11-27,False
FLL,BWI,F9 1028,FFT,F9 1028,FFT,2025-11-27 16:29:00,Arr 1903,2025-11-27,False
RDU,MCO,F9 1039,FFT,F9 1039,FFT,2025-11-27 09:19:00,Arr 1104,2025-11-27,False
DFW,LAS,F9 1051,FFT,F9 1051,FFT,2025-11-27 09:36:00,Arr 1036,2025-11-27,False
PHX,LAX,F9 1061,FFT,F9 1061,FFT,2025-11-27 07:45:00,Arr 0756,2025-11-27,False
LAX,PHX,F9 1062,FFT,F9 1062,FFT,2025-11-27 09:12:00,Arr 1121,2025-11-27,False
IAD,ATL,F9 1081,FFT,F9 1081,FFT,2025-11-27 18:41:00,Arr 2052 (+5min),2025-11-27,False
MCO,PHX,F9 1085,FFT,F9 1085,FFT,2025-11-27 20:11:00,Arr 2258,2025-11-27,False
PHX,MCO,F9 1086,FFT,F9 1086,FFT,2025-11-27 22:55:00,Arr 0429,2025-11-27,False
SFO,DEN,F9 1094,FFT,F9 1094,FFT,2025-11-27 14:54:00,Arr 1813,2025-11-27,False
PHL,ATL,F9 1101,FFT,F9 1101,FFT,2025-11-27 18:47:00,Arr 2159 (+39min),2025-11-27,False
ATL,PHL,F9 1102,FFT,F9 1102,FFT,2025-11-27 22:25:00,Arr 0110 (+40min),2025-11-27,False
TPA,DEN,F9 1113,FFT,F9 1113,FFT,2025-11-27 08:30:00,Arr 1044 (+2min),2025-11-27,False
LAS,ATL,F9 1116,FFT,F9 1116,FFT,2025-11-27 12:31:00,Arr 1913,2025-11-27,False
OMA,DEN,F9 1127,FFT,F9 1127,FFT,2025-11-27 20:22:00,Arr 2101,2025-11-27,False
MSP,DEN,F9 1149,FFT,F9 1149,FFT,2025-11-27 06:45:00,Arr 0800,2025-11-27,False
EWR,ATL,F9 1157,FFT,F9 1157,FFT,2025-11-27 22:30:00,Arr 0027,2025-11-27,False
ATL,EWR,F9 1158,FFT,F9 1158,FFT,2025-11-27 19:12:00,Arr 2101,2025-11-27,False
SJU,PHL,F9 1165,FFT,F9 1165,FFT,2025-11-27 12:37:00,Arr 1518,2025-11-27,False
ATL,RDU,F9 1168,FFT,F9 1168,FFT,2025-11-27 16:48:00,Arr 1818,2025-11-27,False
LAX,SEA,F9 1177,FFT,F9 1177,FFT,2025-11-27 11:40:00,Arr 1418,2025-11-27,False
LAS,LAX,F9 1183,FFT,F9 1183,FFT,2025-11-27 18:30:00,Arr 1924,2025-11-27,False
PHL,MIA,F9 1203,FFT,F9 1203,FFT,2025-11-27 17:50:00,Arr 2055 (+6min),2025-11-27,False
MIA,PHL,F9 1204,FFT,F9 1204,FFT,2025-11-27 21:59:00,Arr 0037,2025-11-27,False
SJU,RDU,F9 1225,FFT,F9 1225,FFT,2025-11-27 06:05:00,Arr 0831,2025-11-27,False
DEN,SFO,F9 1229,FFT,F9 1229,FFT,2025-11-27 06:05:00,Arr 0745,2025-11-27,False
SFO,DEN,F9 1230,FFT,F9 1230,FFT,2025-11-27 06:41:00,Arr 1005,2025-11-27,False
RDU,MCO,F9 1233,FFT,F9 1233,FFT,2025-11-27 18:42:00,Arr 2023,2025-11-27,False
BUF,TPA,F9 1243,FFT,F9 1243,FFT,2025-11-27 14:01:00,Arr 1639,2025-11-27,False
TPA,BUF,F9 1244,FFT,F9 1244,FFT,2025-11-27 10:22:00,Arr 1240,2025-11-27,False
DEN,ONT,F9 1261,FFT,F9 1261,FFT,2025-11-27 09:43:00,Arr 1056,2025-11-27,False
DTW,ATL,F9 1263,FFT,F9 1263,FFT,2025-11-27 10:26:00,Arr 1353 (+78min),2025-11-27,False
ATL,DTW,F9 1264,FFT,F9 1264,FFT,2025-11-27 07:36:00,Arr 0948 (+7min),2025-11-27,False
ATL,DFW,F9 1269,FFT,F9 1269,FFT,2025-11-27 17:13:00,Arr 1833,2025-11-27,False
DFW,ATL,F9 1270,FFT,F9 1270,FFT,2025-11-27 06:00:00,Arr 0956 (+33min),2025-11-27,False
MSY,PHL,F9 1274,FFT,F9 1274,FFT,2025-11-27 09:41:00,Arr 1316,2025-11-27,False
MIA,DEN,F9 1279,FFT,F9 1279,FFT,2025-11-27 08:36:00,Arr 1123 (+7min),2025-11-27,False
DEN,MIA,F9 1280,FFT,F9 1280,FFT,2025-11-27 23:14:00,Arr 0522 (+12min),2025-11-27,False
MSP,DEN,F9 1291,FFT,F9 1291,FFT,2025-11-27 10:02:00,Arr 1120,2025-11-27,False
DEN,MSP,F9 1292,FFT,F9 1292,FFT,2025-11-27 19:14:00,Arr 2148,2025-11-27,False
TPA,CVG,F9 1303,FFT,F9 1303,FFT,2025-11-27 18:06:00,Arr 2009,2025-11-27,False
CVG,TPA,F9 1304,FFT,F9 1304,FFT,2025-11-27 21:28:00,Arr 2326,2025-11-27,False
BDL,ATL,F9 1305,FFT,F9 1305,FFT,2025-11-27 10:54:00,Arr 1325,2025-11-27,False
ATL,BDL,F9 1306,FFT,F9 1306,FFT,2025-11-27 07:32:00,Arr 0924,2025-11-27,False
MCO,GRR,F9 1307,FFT,F9 1307,FFT,2025-11-27 15:06:00,Arr 1739,2025-11-27,False
DEN,DFW,F9 1324,FFT,F9 1324,FFT,2025-11-27 11:50:00,Arr 1449,2025-11-27,False
TPA,DFW,F9 1333,FFT,F9 1333,FFT,2025-11-27 15:49:00,Arr 1723,2025-11-27,False
DFW,ORD,F9 1342,FFT,F9 1342,FFT,2025-11-27 05:18:00,Arr 0733,2025-11-27,False
LAS,ONT,F9 1357,FFT,F9 1357,FFT,2025-11-27 13:15:00,Arr 1402,2025-11-27,False
ONT,LAS,F9 1358,FFT,F9 1358,FFT,2025-11-27 15:31:00,Arr 1619,2025-11-27,False
DEN,PHX,F9 1375,FFT,F9 1375,FFT,2025-11-27 06:40:00,Arr 0839,2025-11-27,False
PHX,DEN,F9 1376,FFT,F9 1376,FFT,2025-11-27 07:00:00,Arr 0831,2025-11-27,False
CLT,PHL,F9 1384,FFT,F9 1384,FFT,2025-11-27 07:15:00,Arr 0902 (+3min),2025-11-27,False
BNA,DEN,F9 1401,FFT,F9 1401,FFT,2025-11-27 16:17:00,Arr 1931 (+67min),2025-11-27,False
DEN,BNA,F9 1402,FFT,F9 1402,FFT,2025-11-27 11:45:00,Arr 1617 (+55min),2025-11-27,False
ATL,IAH,F9 1403,FFT,F9 1403,FFT,2025-11-27 14:51:00,Arr 1627 (+6min),2025-11-27,False
IAH,ATL,F9 1404,FFT,F9 1404,FFT,2025-11-27 06:04:00,Arr 0925 (+3min),2025-11-27,False
ONT,DFW,F9 1406,FFT,F9 1406,FFT,2025-11-27 08:45:00,Arr 1359 (+13min),2025-11-27,False
EWR,MDW,F9 1413,FFT,F9 1413,FFT,2025-11-27 10:13:00,Arr 1112,2025-11-27,False
MDW,EWR,F9 1414,FFT,F9 1414,FFT,2025-11-27 06:20:00,Arr 0902,2025-11-27,False
TPA,ORD,F9 1415,FFT,F9 1415,FFT,2025-11-27 20:35:00,Arr 2231,2025-11-27,False
ORD,TPA,F9 1416,FFT,F9 1416,FFT,2025-11-27 15:37:00,Arr 1918,2025-11-27,False
MCO,IAH,F9 1417,FFT,F9 1417,FFT,2025-11-27 07:51:00,Arr 0917,2025-11-27,False
IAH,MCO,F9 1418,FFT,F9 1418,FFT,2025-11-27 14:36:00,Arr 1724,2025-11-27,False
DFW,SAN,F9 1425,FFT,F9 1425,FFT,2025-11-27 22:38:00,Arr 2331,2025-11-27,False
SAN,DFW,F9 1426,FFT,F9 1426,FFT,2025-11-27 06:35:00,Arr 1126,2025-11-27,False
SLC,PHX,F9 1439,FFT,F9 1439,FFT,2025-11-27 16:29:00,Arr 1755,2025-11-27,False
PHX,SLC,F9 1440,FFT,F9 1440,FFT,2025-11-27 06:00:00,Arr 0729,2025-11-27,False
ATL,ORD,F9 1441,FFT,F9 1441,FFT,2025-11-27 10:16:00,Arr 1114,2025-11-27,False
ORD,ATL,F9 1442,FFT,F9 1442,FFT,2025-11-27 18:35:00,Arr 2212 (+12min),2025-11-27,False
CLT,MCO,F9 1445,FFT,F9 1445,FFT,2025-11-27 10:47:00,Arr 1228,2025-11-27,False
MCO,CLT,F9 1446,FFT,F9 1446,FFT,2025-11-27 08:00:00,Arr 0953 (+1min),2025-11-27,False
SFO,ATL,F9 1448,FFT,F9 1448,FFT,2025-11-27 22:17:00,Arr 0527,2025-11-27,False
ATL,DEN,F9 1449,FFT,F9 1449,FFT,2025-11-27 10:52:00,Arr 1347 (+78min),2025-11-27,False
MDW,MCO,F9 1458,FFT,F9 1458,FFT,2025-11-27 17:30:00,Arr 2051,2025-11-27,False
CLE,PHX,F9 1471,FFT,F9 1471,FFT,2025-11-27 21:52:00,Arr 0128 (+57min),2025-11-27,False
PHX,CLE,F9 1472,FFT,F9 1472,FFT,2025-11-27 19:41:00,Arr 0114,2025-11-27,False
PHL,TPA,F9 1473,FFT,F9 1473,FFT,2025-11-27 07:30:00,Arr 1024 (+10min),2025-11-27,False
BWI,DFW,F9 1475,FFT,F9 1475,FFT,2025-11-27 18:51:00,Arr 2122,2025-11-27,False
DFW,BWI,F9 1476,FFT,F9 1476,FFT,2025-11-27 13:57:00,Arr 1731,2025-11-27,False
MCO,DFW,F9 1481,FFT,F9 1481,FFT,2025-11-27 20:36:00,Arr 2245,2025-11-27,False
DFW,MCO,F9 1482,FFT,F9 1482,FFT,2025-11-27 06:30:00,Arr 0957,2025-11-27,False
ORD,DEN,F9 1483,FFT,F9 1483,FFT,2025-11-27 07:00:00,Arr 0913 (+13min),2025-11-27,False
IAH,LAS,F9 1489,FFT,F9 1489,FFT,2025-11-27 16:25:00,Arr 1736,2025-11-27,False
LAS,IAH,F9 1490,FFT,F9 1490,FFT,2025-11-27 10:16:00,Arr 1511,2025-11-27,False
CLE,TPA,F9 1491,FFT,F9 1491,FFT,2025-11-27 14:08:00,Arr 1648 (+5min),2025-11-27,False
DEN,ONT,F9 1499,FFT,F9 1499,FFT,2025-11-27 22:29:00,Arr 2339,2025-11-27,False
ONT,DEN,F9 1500,FFT,F9 1500,FFT,2025-11-27 00:58:00,Arr 0407,2025-11-27,False
JFK,DFW,F9 1511,FFT,F9 1511,FFT,2025-11-27 13:23:00,Arr 1619,2025-11-27,False
DFW,JFK,F9 1512,FFT,F9 1512,FFT,2025-11-27 07:34:00,Arr 1146,2025-11-27,False
PHL,RDU,F9 1517,FFT,F9 1517,FFT,2025-11-27 12:34:00,Arr 1452 (+47min),2025-11-27,False
BWI,TPA,F9 1537,FFT,F9 1537,FFT,2025-11-27 21:36:00,Arr 2347,2025-11-27,False
TPA,BWI,F9 1538,FFT,F9 1538,FFT,2025-11-27 18:25:00,Arr 2035,2025-11-27,False
MCO,PHL,F9 1542,FFT,F9 1542,FFT,2025-11-27 05:01:00,Arr 0700,2025-11-27,False
RSW,CLE,F9 1545,FFT,F9 1545,FFT,2025-11-27 18:07:00,Arr 2151 (+59min),2025-11-27,False
CLE,RSW,F9 1546,FFT,F9 1546,FFT,2025-11-27 14:31:00,Arr 1812 (+50min),2025-11-27,False
MCO,RDU,F9 1554,FFT,F9 1554,FFT,2025-11-27 06:30:00,Arr 0815,2025-11-27,False
CLT,MCO,F9 1555,FFT,F9 1555,FFT,2025-11-27 18:09:00,Arr 1938,2025-11-27,False
MCO,CLT,F9 1556,FFT,F9 1556,FFT,2025-11-27 15:20:00,Arr 1638,2025-11-27,False
MCO,ATL,F9 1563,FFT,F9 1563,FFT,2025-11-27 06:00:00,Arr 0733,2025-11-27,False
MCO,CVG,F9 1565,FFT,F9 1565,FFT,2025-11-27 08:42:00,Arr 1106 (+6min),2025-11-27,False
PHX,SAN,F9 1571,FFT,F9 1571,FFT,2025-11-27 07:35:00,Arr 0738,2025-11-27,False
SAN,PHX,F9 1572,FFT,F9 1572,FFT,2025-11-27 08:39:00,Arr 1043,2025-11-27,False
ORD,ATL,F9 1596,FFT,F9 1596,FFT,2025-11-27 06:00:00,Arr 0912,2025-11-27,False
CRP,DEN,F9 1597,FFT,F9 1597,FFT,2025-11-27 15:40:00,Arr 1702,2025-11-27,False
DEN,CRP,F9 1598,FFT,F9 1598,FFT,2025-11-27 11:07:00,Arr 1426,2025-11-27,False
JFK,DEN,F9 1599,FFT,F9 1599,FFT,2025-11-27 13:01:00,Arr 1536,2025-11-27,False
DEN,JFK,F9 1600,FFT,F9 1600,FFT,2025-11-27 06:22:00,Arr 1147,2025-11-27,False
LAS,DFW,F9 1650,FFT,F9 1650,FFT,2025-11-27 00:59:00,Arr 0617 (+29min),2025-11-27,False
MCO,SAT,F9 1653,FFT,F9 1653,FFT,2025-11-27 16:30:00,Arr 1810,2025-11-27,False
SAT,MCO,F9 1654,FFT,F9 1654,FFT,2025-11-27 19:38:00,Arr 2235,2025-11-27,False
RDU,ATL,F9 1669,FFT,F9 1669,FFT,2025-11-27 19:15:00,Arr 2113 (+13min),2025-11-27,False
ATL,RDU,F9 1670,FFT,F9 1670,FFT,2025-11-27 21:59:00,Arr 2309,2025-11-27,False
BDL,MCO,F9 1683,FFT,F9 1683,FFT,2025-11-27 20:27:00,Arr 2320,2025-11-27,False
BUF,MCO,F9 1691,FFT,F9 1691,FFT,2025-11-27 11:40:00,Arr 1427,2025-11-27,False
MCO,BUF,F9 1692,FFT,F9 1692,FFT,2025-11-27 08:00:00,Arr 1037,2025-11-27,False
CMH,DEN,F9 1693,FFT,F9 1693,FFT,2025-11-27 20:21:00,Arr 2124,2025-11-27,False
DEN,CMH,F9 1694,FFT,F9 1694,FFT,2025-11-27 14:48:00,Arr 1933,2025-11-27,False
MCO,CVG,F9 1713,FFT,F9 1713,FFT,2025-11-27 15:39:00,Arr 1742,2025-11-27,False
CVG,MCO,F9 1714,FFT,F9 1714,FFT,2025-11-27 05:15:00,Arr 0720,2025-11-27,False
PHL,SJU,F9 1726,FFT,F9 1726,FFT,2025-11-27 16:02:00,Arr 2036,2025-11-27,False
MCO,DEN,F9 1733,FFT,F9 1733,FFT,2025-11-27 06:00:00,Arr 0834 (+15min),2025-11-27,False
MCO,SJU,F9 1746,FFT,F9 1746,FFT,2025-11-27 17:15:00,Arr 2200 (+48min),2025-11-27,False
DEN,PHX,F9 1747,FFT,F9 1747,FFT,2025-11-27 21:17:00,Arr 2251,2025-11-27,False
CVG,MCO,F9 1750,FFT,F9 1750,FFT,2025-11-27 17:13:00,Arr 1910,2025-11-27,False
IAH,LAX,F9 1755,FFT,F9 1755,FFT,2025-11-27 10:39:00,Arr 1223 (+15min),2025-11-27,False
LAX,IAH,F9 1756,FFT,F9 1756,FFT,2025-11-27 13:43:00,Arr 1910 (+10min),2025-11-27,False
MCO,RDU,F9 1786,FFT,F9 1786,FFT,2025-11-27 15:52:00,Arr 1731,2025-11-27,False
PHL,PIT,F9 1791,FFT,F9 1791,FFT,2025-11-27 13:25:00,Arr 1422,2025-11-27,False
PIT,PHL,F9 1792,FFT,F9 1792,FFT,2025-11-27 15:47:00,Arr 1711 (+8min),2025-11-27,False
PHL,MCO,F9 1807,FFT,F9 1807,FFT,2025-11-27 08:37:00,Arr 1113,2025-11-27,False
JFK,MIA,F9 1809,FFT,F9 1809,FFT,2025-11-27 06:00:00,Arr 0919 (+3min),2025-11-27,False
MIA,JFK,F9 1810,FFT,F9 1810,FFT,2025-11-27 21:40:00,Arr 0020,2025-11-27,False
AUS,DEN,F9 1815,FFT,F9 1815,FFT,2025-11-27 06:45:00,Arr 0800,2025-11-27,False
DEN,AUS,F9 1816,FFT,F9 1816,FFT,2025-11-27 11:23:00,Arr 1419,2025-11-27,False
CLE,LAS,F9 1821,FFT,F9 1821,FFT,2025-11-27 14:21:00,Arr 1715 (+65min),2025-11-27,False
SJU,MCO,F9 1823,FFT,F9 1823,FFT,2025-11-27 03:59:00,Arr 0546,2025-11-27,False
MCO,SJU,F9 1824,FFT,F9 1824,FFT,2025-11-27 10:42:00,Arr 1440 (+2min),2025-11-27,False
TPA,CLE,F9 1832,FFT,F9 1832,FFT,2025-11-27 15:12:00,Arr 1732,2025-11-27,False
SFO,LAS,F9 1850,FFT,F9 1850,FFT,2025-11-27 06:00:00,Arr 0823 (+42min),2025-11-27,False
DEN,OKC,F9 1864,FFT,F9 1864,FFT,2025-11-27 15:58:00,Arr 1803,2025-11-27,False
JFK,ATL,F9 1871,FFT,F9 1871,FFT,2025-11-27 10:00:00,Arr 1231,2025-11-27,False
ATL,JFK,F9 1872,FFT,F9 1872,FFT,2025-11-27 06:46:00,Arr 0832,2025-11-27,False
DEN,OMA,F9 1874,FFT,F9 1874,FFT,2025-11-27 16:56:00,Arr 1946 (+19min),2025-11-27,False
MCO,LAS,F9 1875,FFT,F9 1875,FFT,2025-11-27 07:50:00,Arr 0948,2025-11-27,False
LAS,MCO,F9 1876,FFT,F9 1876,FFT,2025-11-27 23:00:00,Arr 0627,2025-11-27,False
IAH,ORD,F9 1882,FFT,F9 1882,FFT,2025-11-27 10:12:00,Arr 1253,2025-11-27,False
MDW,DFW,F9 1887,FFT,F9 1887,FFT,2025-11-27 05:30:00,Arr 0758,2025-11-27,False
DFW,MDW,F9 1888,FFT,F9 1888,FFT,2025-11-27 09:10:00,Arr 1106,2025-11-27,False
MCO,CLE,F9 1915,FFT,F9 1915,FFT,2025-11-27 05:20:00,Arr 0732,2025-11-27,False
DEN,CLE,F9 1918,FFT,F9 1918,FFT,2025-11-27 06:00:00,Arr 1055,2025-11-27,False
OKC,DEN,F9 1927,FFT,F9 1927,FFT,2025-11-27 19:18:00,Arr 1933,2025-11-27,False
ATL,SFO,F9 1949,FFT,F9 1949,FFT,2025-11-27 16:48:00,Arr 1910,2025-11-27,False
BQN,MCO,F9 1953,FFT,F9 1953,FFT,2025-11-27 03:55:00,Arr 0548,2025-11-27,False
MCO,BQN,F9 1954,FFT,F9 1954,FFT,2025-11-27 23:15:00,Arr 0233,2025-11-27,False
FLL,DFW,F9 1973,FFT,F9 1973,FFT,2025-11-27 17:01:00,Arr 1949 (+23min),2025-11-27,False
DFW,FLL,F9 1974,FFT,F9 1974,FFT,2025-11-27 11:10:00,Arr 1444,2025-11-27,False
DEN,LAS,F9 1993,FFT,F9 1993,FFT,2025-11-27 10:08:00,Arr 1055,2025-11-27,False
LAS,DEN,F9 1994,FFT,F9 1994,FFT,2025-11-27 00:59:00,Arr 0600 (+122min),2025-11-27,False
DTW,FLL,F9 2007,FFT,F9 2007,FFT,2025-11-27 14:52:00,Cancelled,2025-11-27,False
FLL,DTW,F9 2008,FFT,F9 2008,FFT,2025-11-27 18:42:00,Cancelled,2025-11-27,False
TTN,MCO,F9 2013,FFT,F9 2013,FFT,2025-11-27 12:44:00,Arr 1520,2025-11-27,False
MCO,TTN,F9 2014,FFT,F9 2014,FFT,2025-11-27 09:15:00,Arr 1116,2025-11-27,False
LAS,STL,F9 2018,FFT,F9 2018,FFT,2025-11-27 15:50:00,Arr 2034,2025-11-27,False
ATL,MSY,F9 2051,FFT,F9 2051,FFT,2025-11-27 09:35:00,Arr 1011,2025-11-27,False
MSY,ATL,F9 2052,FFT,F9 2052,FFT,2025-11-27 11:45:00,Arr 1402,2025-11-27,False
PHL,RDU,F9 2059,FFT,F9 2059,FFT,2025-11-27 06:40:00,Arr 0757,2025-11-27,False
RDU,PHL,F9 2060,FFT,F9 2060,FFT,2025-11-27 09:11:00,Arr 1019,2025-11-27,False
LAS,SMF,F9 2069,FFT,F9 2069,FFT,2025-11-27 11:40:00,Arr 1300,2025-11-27,False
SMF,LAS,F9 2070,FFT,F9 2070,FFT,2025-11-27 16:17:00,Arr 1727,2025-11-27,False
RDU,PHL,F9 2072,FFT,F9 2072,FFT,2025-11-27 19:38:00,Arr 2028,2025-11-27,False
SJU,ATL,F9 2081,FFT,F9 2081,FFT,2025-11-27 06:01:00,Arr 1024 (+75min),2025-11-27,False
ATL,SJU,F9 2082,FFT,F9 2082,FFT,2025-11-27 10:19:00,Arr 1512 (+12min),2025-11-27,False
RIC,ATL,F9 2085,FFT,F9 2085,FFT,2025-11-27 13:22:00,Arr 1449,2025-11-27,False
ATL,RIC,F9 2086,FFT,F9 2086,FFT,2025-11-27 10:25:00,Arr 1202 (+4min),2025-11-27,False
SAT,DEN,F9 2097,FFT,F9 2097,FFT,2025-11-27 15:23:00,Arr 1619,2025-11-27,False
DEN,PHX,F9 2105,FFT,F9 2105,FFT,2025-11-27 13:21:00,Arr 1509,2025-11-27,False
MIA,DFW,F9 2135,FFT,F9 2135,FFT,2025-11-27 07:12:00,Arr 0916,2025-11-27,False
DFW,MIA,F9 2136,FFT,F9 2136,FFT,2025-11-27 18:25:00,Arr 2157,2025-11-27,False
PHX,DEN,F9 2142,FFT,F9 2142,FFT,2025-11-27 16:37:00,Arr 1800,2025-11-27,False
ORD,LAS,F9 2145,FFT,F9 2145,FFT,2025-11-27 18:45:00,Arr 2358 (+170min),2025-11-27,False
LAS,ORD,F9 2146,FFT,F9 2146,FFT,2025-11-27 11:45:00,Arr 1711,2025-11-27,False
DFW,DEN,F9 2147,FFT,F9 2147,FFT,2025-11-27 06:00:00,Arr 0715,2025-11-27,False
FLL,ATL,F9 2171,FFT,F9 2171,FFT,2025-11-27 21:59:00,Arr 2337,2025-11-27,False
FLL,ATL,F9 2173,FFT,F9 2173,FFT,2025-11-27 05:40:00,Arr 0808 (+21min),2025-11-27,False
ATL,FLL,F9 2174,FFT,F9 2174,FFT,2025-11-27 21:40:00,Arr 2338 (+3min),2025-11-27,False
SEA,LAX,F9 2176,FFT,F9 2176,FFT,2025-11-27 15:22:00,Arr 1748,2025-11-27,False
ORD,FLL,F9 2205,FFT,F9 2205,FFT,2025-11-27 08:45:00,Arr 1249,2025-11-27,False
FLL,ORD,F9 2206,FFT,F9 2206,FFT,2025-11-27 13:57:00,Arr 1610,2025-11-27,False
DTW,DEN,F9 2211,FFT,F9 2211,FFT,2025-11-27 05:45:00,Arr 0710,2025-11-27,False
RDU,DEN,F9 2225,FFT,F9 2225,FFT,2025-11-27 17:20:00,Arr 1900,2025-11-27,False
LAS,ONT,F9 2231,FFT,F9 2231,FFT,2025-11-27 20:00:00,Arr 2104,2025-11-27,False
ONT,LAS,F9 2232,FFT,F9 2232,FFT,2025-11-27 06:30:00,Arr 0727,2025-11-27,False
SJU,MCO,F9 2249,FFT,F9 2249,FFT,2025-11-27 11:05:00,Arr 1315 (+4min),2025-11-27,False
MCO,SJU,F9 2250,FFT,F9 2250,FFT,2025-11-27 06:00:00,Arr 1005 (+9min),2025-11-27,False
MCO,CLE,F9 2251,FFT,F9 2251,FFT,2025-11-27 20:47:00,Arr 2311,2025-11-27,False
DEN,ELP,F9 2261,FFT,F9 2261,FFT,2025-11-27 10:40:00,Arr 1248 (+14min),2025-11-27,False
LAX,LAS,F9 2264,FFT,F9 2264,FFT,2025-11-27 17:33:00,Arr 1832,2025-11-27,False
MIA,ATL,F9 2271,FFT,F9 2271,FFT,2025-11-27 11:55:00,Arr 1421 (+16min),2025-11-27,False
ATL,MIA,F9 2272,FFT,F9 2272,FFT,2025-11-27 15:10:00,Arr 1701,2025-11-27,False
CLE,MCO,F9 2280,FFT,F9 2280,FFT,2025-11-27 13:33:00,Arr 1901 (+176min),2025-11-27,False
MDW,ATL,F9 2292,FFT,F9 2292,FFT,2025-11-27 06:05:00,Arr 0927 (+5min),2025-11-27,False
PHL,ATL,F9 2297,FFT,F9 2297,FFT,2025-11-27 12:52:00,Arr 1518,2025-11-27,False
ATL,PHL,F9 2298,FFT,F9 2298,FFT,2025-11-27 07:14:00,Arr 0912,2025-11-27,False
MCO,BWI,F9 2310,FFT,F9 2310,FFT,2025-11-27 13:04:00,Arr 1459,2025-11-27,False
PHL,TPA,F9 2339,FFT,F9 2339,FFT,2025-11-27 15:00:00,Arr 1741,2025-11-27,False
TPA,PHL,F9 2340,FFT,F9 2340,FFT,2025-11-27 11:24:00,Arr 1326,2025-11-27,False
DEN,LAX,F9 2341,FFT,F9 2341,FFT,2025-11-27 12:24:00,Arr 1341,2025-11-27,False
LAX,DEN,F9 2342,FFT,F9 2342,FFT,2025-11-27 14:58:00,Arr 1839 (+11min),2025-11-27,False
LAS,DEN,F9 2350,FFT,F9 2350,FFT,2025-11-27 06:00:00,Arr 0857,2025-11-27,False
SAT,DEN,F9 2355,FFT,F9 2355,FFT,2025-11-27 07:00:00,Arr 0806,2025-11-27,False
DEN,SAT,F9 2356,FFT,F9 2356,FFT,2025-11-27 11:08:00,Arr 1406,2025-11-27,False
ATL,IAH,F9 2399,FFT,F9 2399,FFT,2025-11-27 09:00:00,Arr 1026,2025-11-27,False
IAH,ATL,F9 2400,FFT,F9 2400,FFT,2025-11-27 17:22:00,Arr 2039 (+4min),2025-11-27,False
DFW,TPA,F9 2402,FFT,F9 2402,FFT,2025-11-27 18:56:00,Arr 2150,2025-11-27,False
CLE,ATL,F9 2409,FFT,F9 2409,FFT,2025-11-27 05:30:00,Arr 0800 (+21min),2025-11-27,False
ATL,CLE,F9 2410,FFT,F9 2410,FFT,2025-11-27 08:39:00,Arr 1035 (+3min),2025-11-27,False
MCO,PHL,F9 2416,FFT,F9 2416,FFT,2025-11-27 08:48:00,Arr 1049,2025-11-27,False
LAS,ATL,F9 2428,FFT,F9 2428,FFT,2025-11-27 23:03:00,Arr 0532,2025-11-27,False
DEN,RDU,F9 2440,FFT,F9 2440,FFT,2025-11-27 11:07:00,Arr 1603,2025-11-27,False
ORD,LAX,F9 2445,FFT,F9 2445,FFT,2025-11-27 08:10:00,Arr 1028,2025-11-27,False
LAX,ORD,F9 2446,FFT,F9 2446,FFT,2025-11-27 18:52:00,Arr 0128 (+29min),2025-11-27,False
MIA,ATL,F9 2483,FFT,F9 2483,FFT,2025-11-27 05:30:00,Arr 0732,2025-11-27,False
SFO,LAS,F9 2486,FFT,F9 2486,FFT,2025-11-27 16:48:00,Arr 1927 (+59min),2025-11-27,False
DFW,ATL,F9 2494,FFT,F9 2494,FFT,2025-11-27 16:27:00,Arr 1957 (+3min),2025-11-27,False
PBI,PHL,F9 2500,FFT,F9 2500,FFT,2025-11-27 12:45:00,Arr 1452,2025-11-27,False
JFK,LAX,F9 2503,FFT,F9 2503,FFT,2025-11-27 11:00:00,Arr 1411,2025-11-27,False
LAX,JFK,F9 2504,FFT,F9 2504,FFT,2025-11-27 20:53:00,Arr 0506,2025-11-27,False
PHL,MCO,F9 2505,FFT,F9 2505,FFT,2025-11-27 16:14:00,Arr 1846,2025-11-27,False
MCO,PHL,F9 2506,FFT,F9 2506,FFT,2025-11-27 12:30:00,Arr 1438,2025-11-27,False
BWI,ATL,F9 2509,FFT,F9 2509,FFT,2025-11-27 18:38:00,Arr 2100 (+7min),2025-11-27,False
PHX,SLC,F9 2524,FFT,F9 2524,FFT,2025-11-27 13:53:00,Arr 1504,2025-11-27,False
SJU,TPA,F9 2541,FFT,F9 2541,FFT,2025-11-27 18:52:00,Arr 2053,2025-11-27,False
MCO,CVG,F9 2547,FFT,F9 2547,FFT,2025-11-27 20:40:00,Arr 2222,2025-11-27,False
CVG,MCO,F9 2548,FFT,F9 2548,FFT,2025-11-27 12:10:00,Arr 1429,2025-11-27,False
PHL,ATL,F9 2551,FFT,F9 2551,FFT,2025-11-27 05:46:00,Arr 0804,2025-11-27,False
IAH,TPA,F9 2560,FFT,F9 2560,FFT,2025-11-27 07:50:00,Arr 1110 (+8min),2025-11-27,False
TPA,IAH,F9 2561,FFT,F9 2561,FFT,2025-11-27 05:20:00,Arr 0718 (+23min),2025-11-27,False
LAS,SLC,F9 2576,FFT,F9 2576,FFT,2025-11-27 10:55:00,Arr 1302,2025-11-27,False
PHL,PBI,F9 2581,FFT,F9 2581,FFT,2025-11-27 09:00:00,Arr 1135,2025-11-27,False
STL,MCO,F9 2630,FFT,F9 2630,FFT,2025-11-27 16:13:00,Arr 1910,2025-11-27,False
DFW,DEN,F9 2631,FFT,F9 2631,FFT,2025-11-27 08:48:00,Arr 0952,2025-11-27,False
DEN,DFW,F9 2632,FFT,F9 2632,FFT,2025-11-27 21:05:00,Arr 2335,2025-11-27,False
BWI,ATL,F9 2633,FFT,F9 2633,FFT,2025-11-27 05:49:00,Arr 0827 (+22min),2025-11-27,False
ATL,BWI,F9 2634,FFT,F9 2634,FFT,2025-11-27 15:50:00,Arr 1729,2025-11-27,False
MCO,STL,F9 2635,FFT,F9 2635,FFT,2025-11-27 22:17:00,Arr 2343,2025-11-27,False
MCO,CLE,F9 2667,FFT,F9 2667,FFT,2025-11-27 09:46:00,Arr 1212,2025-11-27,False
CLE,MCO,F9 2668,FFT,F9 2668,FFT,2025-11-27 09:18:00,Arr 1148,2025-11-27,False
ONT,SFO,F9 2677,FFT,F9 2677,FFT,2025-11-27 21:59:00,Arr 2311,2025-11-27,False
SFO,ONT,F9 2678,FFT,F9 2678,FFT,2025-11-27 22:03:00,Arr 2328,2025-11-27,False
CLE,TPA,F9 2683,FFT,F9 2683,FFT,2025-11-27 11:32:00,Arr 1422 (+15min),2025-11-27,False
TPA,CLE,F9 2684,FFT,F9 2684,FFT,2025-11-27 10:00:00,Arr 1204,2025-11-27,False
TPA,DEN,F9 2745,FFT,F9 2745,FFT,2025-11-27 22:29:00,Arr 0025,2025-11-27,False
DEN,TPA,F9 2746,FFT,F9 2746,FFT,2025-11-27 12:22:00,Arr 1745,2025-11-27,False
DEN,TPA,F9 2748,FFT,F9 2748,FFT,2025-11-27 00:59:00,Arr 0613,2025-11-27,False
MCO,BDL,F9 2770,FFT,F9 2770,FFT,2025-11-27 16:44:00,Arr 1924,2025-11-27,False
ATL,MDW,F9 2779,FFT,F9 2779,FFT,2025-11-27 21:40:00,Arr 2234,2025-11-27,False
DEN,RNO,F9 2789,FFT,F9 2789,FFT,2025-11-27 09:57:00,Arr 1116,2025-11-27,False
RNO,DEN,F9 2790,FFT,F9 2790,FFT,2025-11-27 12:21:00,Arr 1506,2025-11-27,False
MCO,ORD,F9 2791,FFT,F9 2791,FFT,2025-11-27 15:00:00,Arr 1650,2025-11-27,False
LAS,DTW,F9 2802,FFT,F9 2802,FFT,2025-11-27 23:00:00,Arr 0545,2025-11-27,False
SAN,DEN,F9 2818,FFT,F9 2818,FFT,2025-11-27 06:49:00,Arr 0949,2025-11-27,False
TPA,PHL,F9 2836,FFT,F9 2836,FFT,2025-11-27 18:46:00,Arr 2053,2025-11-27,False
LAX,SFO,F9 2857,FFT,F9 2857,FFT,2025-11-27 19:18:00,Arr 2030,2025-11-27,False
SFO,LAX,F9 2858,FFT,F9 2858,FFT,2025-11-27 20:53:00,Arr 2213,2025-11-27,False
IAD,MCO,F9 2859,FFT,F9 2859,FFT,2025-11-27 11:12:00,Arr 1339 (+1min),2025-11-27,False
SJU,ATL,F9 2871,FFT,F9 2871,FFT,2025-11-27 16:05:00,Arr 1859,2025-11-27,False
ATL,SJU,F9 2872,FFT,F9 2872,FFT,2025-11-27 20:27:00,Arr 0218 (+72min),2025-11-27,False
DFW,MDW,F9 2882,FFT,F9 2882,FFT,2025-11-27 21:54:00,Arr 2349,2025-11-27,False
AUS,DEN,F9 2889,FFT,F9 2889,FFT,2025-11-27 15:35:00,Arr 1626,2025-11-27,False
DEN,AUS,F9 2890,FFT,F9 2890,FFT,2025-11-27 19:22:00,Arr 2214,2025-11-27,False
ONT,DEN,F9 2908,FFT,F9 2908,FFT,2025-11-27 12:23:00,Arr 1521,2025-11-27,False
TPA,ATL,F9 2911,FFT,F9 2911,FFT,2025-11-27 06:00:00,Arr 0730,2025-11-27,False
ATL,TPA,F9 2912,FFT,F9 2912,FFT,2025-11-27 08:57:00,Arr 1025,2025-11-27,False
DFW,ONT,F9 2923,FFT,F9 2923,FFT,2025-11-27 06:30:00,Arr 0742,2025-11-27,False
IAD,TPA,F9 2953,FFT,F9 2953,FFT,2025-11-27 17:26:00,Arr 1939,2025-11-27,False
TPA,IAD,F9 2954,FFT,F9 2954,FFT,2025-11-27 14:15:00,Arr 1559,2025-11-27,False
SJU,MCO,F9 2981,FFT,F9 2981,FFT,2025-11-27 07:15:00,Arr 0920,2025-11-27,False
TTN,ATL,F9 2983,FFT,F9 2983,FFT,2025-11-27 18:44:00,Arr 2119 (+4min),2025-11-27,False
ATL,TTN,F9 2984,FFT,F9 2984,FFT,2025-11-27 15:44:00,Arr 1720,2025-11-27,False
IAH,DEN,F9 2995,FFT,F9 2995,FFT,2025-11-27 11:48:00,Arr 1323,2025-11-27,False
DEN,IAH,F9 2996,FFT,F9 2996,FFT,2025-11-27 20:07:00,Arr 2352 (+14min),2025-11-27,False
MDW,DFW,F9 2999,FFT,F9 2999,FFT,2025-11-27 18:15:00,Arr 2037,2025-11-27,False
ATL,FLL,F9 3014,FFT,F9 3014,FFT,2025-11-27 19:08:00,Arr 2055,2025-11-27,False
SLC,LAS,F9 3015,FFT,F9 3015,FFT,2025-11-27 14:12:00,Arr 1414,2025-11-27,False
ATL,DFW,F9 3021,FFT,F9 3021,FFT,2025-11-27 13:25:00,Arr 1612 (+67min),2025-11-27,False
DFW,ATL,F9 3022,FFT,F9 3022,FFT,2025-11-27 12:48:00,Arr 1533,2025-11-27,False
MIA,CLE,F9 3025,FFT,F9 3025,FFT,2025-11-27 19:24:00,Arr 2228,2025-11-27,False
ORD,MCO,F9 3044,FFT,F9 3044,FFT,2025-11-27 18:23:00,Arr 2154,2025-11-27,False
BNA,DFW,F9 3051,FFT,F9 3051,FFT,2025-11-27 20:52:00,Arr 2248,2025-11-27,False
DFW,BNA,F9 3052,FFT,F9 3052,FFT,2025-11-27 18:02:00,Arr 1927,2025-11-27,False
TPA,ATL,F9 3053,FFT,F9 3053,FFT,2025-11-27 11:41:00,Arr 1259,2025-11-27,False
ATL,TPA,F9 3054,FFT,F9 3054,FFT,2025-11-27 22:12:00,Arr 2335,2025-11-27,False
BOS,RDU,F9 3057,FFT,F9 3057,FFT,2025-11-27 09:57:00,Arr 1209 (+1min),2025-11-27,False
RDU,BOS,F9 3058,FFT,F9 3058,FFT,2025-11-27 08:20:00,Arr 1007,2025-11-27,False
BWI,IAH,F9 3067,FFT,F9 3067,FFT,2025-11-27 11:14:00,Arr 1436 (+42min),2025-11-27,False
IAH,BWI,F9 3068,FFT,F9 3068,FFT,2025-11-27 06:15:00,Arr 1109 (+50min),2025-11-27,False
RDU,CLE,F9 3073,FFT,F9 3073,FFT,2025-11-27 12:53:00,Arr 1421,2025-11-27,False
CLE,RDU,F9 3074,FFT,F9 3074,FFT,2025-11-27 06:00:00,Arr 0727,2025-11-27,False
BOS,ATL,F9 3085,FFT,F9 3085,FFT,2025-11-27 06:00:00,Arr 0942 (+27min),2025-11-27,False
ATL,BOS,F9 3086,FFT,F9 3086,FFT,2025-11-27 22:05:00,Arr 0019,2025-11-27,False
LGA,CLE,F9 3091,FFT,F9 3091,FFT,2025-11-27 22:55:00,Arr 0012,2025-11-27,False
CLE,LGA,F9 3092,FFT,F9 3092,FFT,2025-11-27 09:52:00,Arr 1128,2025-11-27,False
ATL,DFW,F9 3097,FFT,F9 3097,FFT,2025-11-27 21:15:00,Arr 2236,2025-11-27,False
STL,LAS,F9 3107,FFT,F9 3107,FFT,2025-11-27 21:54:00,Arr 2304,2025-11-27,False
LGA,CLT,F9 3133,FFT,F9 3133,FFT,2025-11-27 12:30:00,Arr 1436,2025-11-27,False
CLT,LGA,F9 3134,FFT,F9 3134,FFT,2025-11-27 20:00:00,Arr 2136,2025-11-27,False
ORD,IAH,F9 3135,FFT,F9 3135,FFT,2025-11-27 06:20:00,Arr 0858,2025-11-27,False
CLT,ORD,F9 3141,FFT,F9 3141,FFT,2025-11-27 16:17:00,Arr 1729,2025-11-27,False
ORD,CLT,F9 3142,FFT,F9 3142,FFT,2025-11-27 12:29:00,Arr 1535 (+3min),2025-11-27,False
LAX,DEN,F9 3156,FFT,F9 3156,FFT,2025-11-27 06:44:00,Arr 0954,2025-11-27,False
DEN,ORD,F9 3172,FFT,F9 3172,FFT,2025-11-27 20:45:00,Arr 0053 (+43min),2025-11-27,False
DFW,IND,F9 3202,FFT,F9 3202,FFT,2025-11-27 15:13:00,Arr 1804,2025-11-27,False
IND,DFW,F9 3203,FFT,F9 3203,FFT,2025-11-27 19:26:00,Arr 2040,2025-11-27,False
DEN,IAH,F9 3206,FFT,F9 3206,FFT,2025-11-27 07:15:00,Arr 1052,2025-11-27,False
ATL,PHL,F9 3210,FFT,F9 3210,FFT,2025-11-27 09:16:00,Arr 1102,2025-11-27,False
DFW,LAX,F9 3211,FFT,F9 3211,FFT,2025-11-27 13:10:00,Arr 1422,2025-11-27,False
LAX,ATL,F9 3216,FFT,F9 3216,FFT,2025-11-27 22:30:00,Arr 0537,2025-11-27,False
DEN,SLC,F9 3219,FFT,F9 3219,FFT,2025-11-27 13:52:00,Arr 1507,2025-11-27,False
MSP,DFW,F9 3223,FFT,F9 3223,FFT,2025-11-27 09:23:00,Arr 1210,2025-11-27,False
DFW,MSP,F9 3224,FFT,F9 3224,FFT,2025-11-27 06:02:00,Arr 0817,2025-11-27,False
IAH,DEN,F9 3229,FFT,F9 3229,FFT,2025-11-27 06:45:00,Arr 0820,2025-11-27,False
CLE,LAS,F9 3231,FFT,F9 3231,FFT,2025-11-27 07:15:00,Arr 0915 (+9min),2025-11-27,False
LAS,CLE,F9 3232,FFT,F9 3232,FFT,2025-11-27 06:55:00,Arr 1420 (+14min),2025-11-27,False
JFK,LAS,F9 3237,FFT,F9 3237,FFT,2025-11-27 07:30:00,Arr 1011,2025-11-27,False
LAS,JFK,F9 3238,FFT,F9 3238,FFT,2025-11-27 22:14:00,Arr 0540,2025-11-27,False
ORD,DFW,F9 3241,FFT,F9 3241,FFT,2025-11-27 17:30:00,Arr 2035 (+11min),2025-11-27,False
ORD,DFW,F9 3243,FFT,F9 3243,FFT,2025-11-27 08:56:00,Arr 1140,2025-11-27,False
DFW,ORD,F9 3244,FFT,F9 3244,FFT,2025-11-27 21:25:00,Arr 2339,2025-11-27,False
SJU,PHL,F9 3247,FFT,F9 3247,FFT,2025-11-27 21:54:00,Arr 0026,2025-11-27,False
BWI,MCO,F9 3273,FFT,F9 3273,FFT,2025-11-27 16:25:00,Arr 1850,2025-11-27,False
MDW,IAH,F9 3281,FFT,F9 3281,FFT,2025-11-27 16:00:00,Arr 1806,2025-11-27,False
IAH,MDW,F9 3282,FFT,F9 3282,FFT,2025-11-27 19:45:00,Arr 2157,2025-11-27,False
CVG,DEN,F9 3285,FFT,F9 3285,FFT,2025-11-27 11:56:00,Arr 1420 (+72min),2025-11-27,False
DEN,CVG,F9 3286,FFT,F9 3286,FFT,2025-11-27 06:00:00,Arr 1045,2025-11-27,False
LGA,ATL,F9 3287,FFT,F9 3287,FFT,2025-11-27 06:15:00,Arr 0856,2025-11-27,False
ATL,LGA,F9 3288,FFT,F9 3288,FFT,2025-11-27 20:50:00,Arr 2301,2025-11-27,False
LAS,LAX,F9 3291,FFT,F9 3291,FFT,2025-11-27 11:30:00,Arr 1246,2025-11-27,False
LAX,LAS,F9 3292,FFT,F9 3292,FFT,2025-11-27 15:18:00,Arr 1627,2025-11-27,False
ATL,DEN,F9 3293,FFT,F9 3293,FFT,2025-11-27 07:25:00,Arr 0904 (+2min),2025-11-27,False
DEN,ATL,F9 3294,FFT,F9 3294,FFT,2025-11-27 00:44:00,Arr 0514,2025-11-27,False
ATL,MEM,F9 3299,FFT,F9 3299,FFT,2025-11-27 14:03:00,Arr 1524 (+52min),2025-11-27,False
MEM,ATL,F9 3300,FFT,F9 3300,FFT,2025-11-27 15:27:00,Arr 1828 (+37min),2025-11-27,False
DEN,STL,F9 3302,FFT,F9 3302,FFT,2025-11-27 15:53:00,Arr 1839,2025-11-27,False
MCO,DEN,F9 3311,FFT,F9 3311,FFT,2025-11-27 19:25:00,Arr 2114,2025-11-27,False
DEN,MCO,F9 3312,FFT,F9 3312,FFT,2025-11-27 09:19:00,Arr 1439,2025-11-27,False
LGA,RDU,F9 3313,FFT,F9 3313,FFT,2025-11-27 16:51:00,Arr 1822,2025-11-27,False
RDU,LGA,F9 3314,FFT,F9 3314,FFT,2025-11-27 15:00:00,Arr 1656 (+21min),2025-11-27,False
LAX,SMF,F9 3315,FFT,F9 3315,FFT,2025-11-27 13:48:00,Arr 1508,2025-11-27,False
SMF,LAX,F9 3316,FFT,F9 3316,FFT,2025-11-27 14:13:00,Arr 1529,2025-11-27,False
RDU,MIA,F9 3321,FFT,F9 3321,FFT,2025-11-27 12:13:00,Arr 1426 (+1min),2025-11-27,False
MIA,RDU,F9 3322,FFT,F9 3322,FFT,2025-11-27 09:05:00,Arr 1053,2025-11-27,False
PHL,DEN,F9 3339,FFT,F9 3339,FFT,2025-11-27 06:00:00,Arr 0804,2025-11-27,False
DEN,PHL,F9 3340,FFT,F9 3340,FFT,2025-11-27 23:15:00,Arr 0428,2025-11-27,False
ISP,TPA,F9 3355,FFT,F9 3355,FFT,2025-11-27 06:00:00,Arr 0913 (+1min),2025-11-27,False
TPA,ISP,F9 3356,FFT,F9 3356,FFT,2025-11-27 21:16:00,Arr 2325,2025-11-27,False
MCO,DTW,F9 3363,FFT,F9 3363,FFT,2025-11-27 11:49:00,Arr 1420,2025-11-27,False
SJU,MIA,F9 3377,FFT,F9 3377,FFT,2025-11-27 21:30:00,Arr 2249,2025-11-27,False
MIA,SJU,F9 3378,FFT,F9 3378,FFT,2025-11-27 06:00:00,Arr 0920,2025-11-27,False
SAN,SFO,F9 3381,FFT,F9 3381,FFT,2025-11-27 11:43:00,Arr 1304,2025-11-27,False
ATL,ORD,F9 3397,FFT,F9 3397,FFT,2025-11-27 22:57:00,Arr 0013 (+5min),2025-11-27,False
SEA,DEN,F9 3406,FFT,F9 3406,FFT,2025-11-27 13:01:00,Arr 1652 (+5min),2025-11-27,False
LAS,CVG,F9 3412,FFT,F9 3412,FFT,2025-11-27 09:14:00,Arr 1547,2025-11-27,False
SAT,LAS,F9 3417,FFT,F9 3417,FFT,2025-11-27 14:08:00,Arr 1433,2025-11-27,False
LAS,SAT,F9 3418,FFT,F9 3418,FFT,2025-11-27 08:39:00,Arr 1308,2025-11-27,False
LGA,DFW,F9 3423,FFT,F9 3423,FFT,2025-11-27 22:00:00,Arr 0502 (+236min),2025-11-27,False
DFW,LGA,F9 3424,FFT,F9 3424,FFT,2025-11-27 16:30:00,Arr 0120 (+260min),2025-11-27,False
DEN,SFO,F9 3439,FFT,F9 3439,FFT,2025-11-27 22:29:00,Arr 0013,2025-11-27,False
ATL,MIA,F9 3442,FFT,F9 3442,FFT,2025-11-27 21:40:00,Arr 0001 (+21min),2025-11-27,False
CLE,FLL,F9 3452,FFT,F9 3452,FFT,2025-11-27 15:40:00,Arr 1846 (+10min),2025-11-27,False
LGA,ATL,F9 3453,FFT,F9 3453,FFT,2025-11-27 17:30:00,Arr 2041 (+27min),2025-11-27,False
ATL,LGA,F9 3454,FFT,F9 3454,FFT,2025-11-27 13:44:00,Arr 1536,2025-11-27,False
MCO,IAH,F9 3469,FFT,F9 3469,FFT,2025-11-27 11:42:00,Arr 1313,2025-11-27,False
GRR,MCO,F9 3476,FFT,F9 3476,FFT,2025-11-27 18:47:00,Arr 2140,2025-11-27,False
MCO,ATL,F9 3507,FFT,F9 3507,FFT,2025-11-27 12:05:00,Arr 1328,2025-11-27,False
ATL,MCO,F9 3508,FFT,F9 3508,FFT,2025-11-27 22:59:00,Arr 0016,2025-11-27,False
CVG,LAS,F9 3521,FFT,F9 3521,FFT,2025-11-27 06:30:00,Arr 0753,2025-11-27,False
JFK,SJU,F9 3545,FFT,F9 3545,FFT,2025-11-27 11:00:00,Arr 1550,2025-11-27,False
SJU,JFK,F9 3546,FFT,F9 3546,FFT,2025-11-27 07:11:00,Arr 0946,2025-11-27,False
DTW,DEN,F9 3565,FFT,F9 3565,FFT,2025-11-27 12:35:00,Arr 1326,2025-11-27,False
DEN,DTW,F9 3566,FFT,F9 3566,FFT,2025-11-27 06:40:00,Arr 1109,2025-11-27,False
DEN,ATL,F9 3600,FFT,F9 3600,FFT,2025-11-27 13:57:00,Arr 1939 (+37min),2025-11-27,False
MCO,BWI,F9 3664,FFT,F9 3664,FFT,2025-11-27 17:30:00,Arr 1909,2025-11-27,False
CLT,CLE,F9 3689,FFT,F9 3689,FFT,2025-11-27 15:35:00,Arr 1646,2025-11-27,False
ATL,IAD,F9 3692,FFT,F9 3692,FFT,2025-11-27 22:11:00,Arr 2351,2025-11-27,False
DEN,SAT,F9 3708,FFT,F9 3708,FFT,2025-11-27 21:00:00,Arr 2345,2025-11-27,False
PBI,ATL,F9 3723,FFT,F9 3723,FFT,2025-11-27 15:53:00,Arr 1720,2025-11-27,False
ATL,PBI,F9 3724,FFT,F9 3724,FFT,2025-11-27 13:02:00,Arr 1438,2025-11-27,False
CVG,DEN,F9 3725,FFT,F9 3725,FFT,2025-11-27 06:00:00,Arr 0704,2025-11-27,False
DEN,CVG,F9 3726,FFT,F9 3726,FFT,2025-11-27 19:01:00,Arr 2338,2025-11-27,False
FLL,CLE,F9 3735,FFT,F9 3735,FFT,2025-11-27 10:08:00,Arr 1242,2025-11-27,False
CLE,FLL,F9 3736,FFT,F9 3736,FFT,2025-11-27 06:15:00,Arr 0902,2025-11-27,False
ELP,LAS,F9 3745,FFT,F9 3745,FFT,2025-11-27 12:14:00,Arr 1322 (+10min),2025-11-27,False
LAS,SFO,F9 3801,FFT,F9 3801,FFT,2025-11-27 14:12:00,Arr 1610 (+7min),2025-11-27,False
DFW,PHX,F9 3831,FFT,F9 3831,FFT,2025-11-27 22:23:00,Arr 0002,2025-11-27,False
LAS,ELP,F9 3850,FFT,F9 3850,FFT,2025-11-27 08:41:00,Arr 1202 (+33min),2025-11-27,False
MCO,MDW,F9 3853,FFT,F9 3853,FFT,2025-11-27 14:34:00,Arr 1633 (+3min),2025-11-27,False
PHL,MCO,F9 3855,FFT,F9 3855,FFT,2025-11-27 20:42:00,Arr 0007 (+41min),2025-11-27,False
MCO,PHL,F9 3856,FFT,F9 3856,FFT,2025-11-27 16:54:00,Arr 1851,2025-11-27,False
SLC,DEN,F9 3862,FFT,F9 3862,FFT,2025-11-27 08:08:00,Arr 0939,2025-11-27,False
ATL,OKC,F9 3873,FFT,F9 3873,FFT,2025-11-27 09:03:00,Arr 1103 (+37min),2025-11-27,False
OKC,ATL,F9 3874,FFT,F9 3874,FFT,2025-11-27 11:39:00,Arr 1427,2025-11-27,False
DFW,LAS,F9 3885,FFT,F9 3885,FFT,2025-11-27 22:45:00,Arr 2340,2025-11-27,False
MCO,LAS,F9 3913,FFT,F9 3913,FFT,2025-11-27 15:46:00,Arr 1741,2025-11-27,False
LAS,MCO,F9 3914,FFT,F9 3914,FFT,2025-11-27 07:00:00,Arr 1402,2025-11-27,False
CLE,MCO,F9 3916,FFT,F9 3916,FFT,2025-11-27 18:33:00,Arr 2118 (+11min),2025-11-27,False
ATL,LAS,F9 3923,FFT,F9 3923,FFT,2025-11-27 20:13:00,Arr 2138,2025-11-27,False
SJU,BDL,F9 3937,FFT,F9 3937,FFT,2025-11-27 15:12:00,Arr 1759,2025-11-27,False
ISP,MCO,F9 3941,FFT,F9 3941,FFT,2025-11-27 10:02:00,Arr 1259,2025-11-27,False
MCO,ISP,F9 3942,FFT,F9 3942,FFT,2025-11-27 06:30:00,Arr 0842,2025-11-27,False
PHX,DFW,F9 3972,FFT,F9 3972,FFT,2025-11-27 07:27:00,Arr 1043,2025-11-27,False
ATL,MCO,F9 3976,FFT,F9 3976,FFT,2025-11-27 14:59:00,Arr 1630,2025-11-27,False
LAS,DFW,F9 3978,FFT,F9 3978,FFT,2025-11-27 12:04:00,Arr 1626,2025-11-27,False
TPA,SJU,F9 3980,FFT,F9 3980,FFT,2025-11-27 19:04:00,Arr 2259,2025-11-27,False
PHX,LAS,F9 3983,FFT,F9 3983,FFT,2025-11-27 09:23:00,Arr 0912,2025-11-27,False
DTW,DFW,F9 3989,FFT,F9 3989,FFT,2025-11-27 06:50:00,Arr 0926 (+8min),2025-11-27,False
DFW,DTW,F9 3990,FFT,F9 3990,FFT,2025-11-27 10:13:00,Arr 1348,2025-11-27,False
DFW,SFO,F9 3999,FFT,F9 3999,FFT,2025-11-27 12:06:00,Arr 1338,2025-11-27,False
SFO,DFW,F9 4000,FFT,F9 4000,FFT,2025-11-27 15:12:00,Arr 2023,2025-11-27,False
BWI,MCO,F9 4003,FFT,F9 4003,FFT,2025-11-27 20:45:00,Arr 2239,2025-11-27,False
MCO,DFW,F9 4017,FFT,F9 4017,FFT,2025-11-27 06:00:00,Arr 1259 (+281min),2025-11-27,False
DFW,MCO,F9 4018,FFT,F9 4018,FFT,2025-11-27 11:20:00,Arr 1712 (+127min),2025-11-27,False
MCO,ATL,F9 4025,FFT,F9 4025,FFT,2025-11-27 20:09:00,Arr 2158,2025-11-27,False
ATL,CLE,F9 4036,FFT,F9 4036,FFT,2025-11-27 22:59:00,Diverted,2025-11-27,False
LAS,PHX,F9 4048,FFT,F9 4048,FFT,2025-11-27 06:00:00,Arr 0754,2025-11-27,False
JFK,TPA,F9 4057,FFT,F9 4057,FFT,2025-11-27 16:00:00,Arr 1851,2025-11-27,False
TPA,JFK,F9 4058,FFT,F9 4058,FFT,2025-11-27 12:11:00,Arr 1417,2025-11-27,False
DFW,DEN,F9 4069,FFT,F9 4069,FFT,2025-11-27 22:28:00,Arr 2330,2025-11-27,False
MCI,PHX,F9 4073,FFT,F9 4073,FFT,2025-11-27 10:26:00,Arr 1213,2025-11-27,False
PHX,MCI,F9 4074,FFT,F9 4074,FFT,2025-11-27 06:00:00,Arr 0919,2025-11-27,False
ATL,IAH,F9 4075,FFT,F9 4075,FFT,2025-11-27 21:00:00,Arr 2201,2025-11-27,False
IAH,ATL,F9 4076,FFT,F9 4076,FFT,2025-11-27 11:37:00,Arr 1413,2025-11-27,False
SLC,LAX,F9 4129,FFT,F9 4129,FFT,2025-11-27 16:15:00,Arr 1646,2025-11-27,False
LAX,SLC,F9 4130,FFT,F9 4130,FFT,2025-11-27 18:23:00,Arr 2059,2025-11-27,False
CLE,MIA,F9 4136,FFT,F9 4136,FFT,2025-11-27 15:21:00,Arr 1833 (+19min),2025-11-27,False
MCO,LAX,F9 4145,FFT,F9 4145,FFT,2025-11-27 15:47:00,Arr 1801,2025-11-27,False
LAX,MCO,F9 4146,FFT,F9 4146,FFT,2025-11-27 23:15:00,Arr 0649,2025-11-27,False
PHL,DFW,F9 4161,FFT,F9 4161,FFT,2025-11-27 15:30:00,Arr 1805,2025-11-27,False
DFW,PHL,F9 4162,FFT,F9 4162,FFT,2025-11-27 19:37:00,Arr 2334,2025-11-27,False
TTN,TPA,F9 4171,FFT,F9 4171,FFT,2025-11-27 11:14:00,Arr 1346,2025-11-27,False
TPA,TTN,F9 4172,FFT,F9 4172,FFT,2025-11-27 07:41:00,Arr 0945,2025-11-27,False
PHL,MCO,F9 4173,FFT,F9 4173,FFT,2025-11-27 12:30:00,Arr 1506,2025-11-27,False
IAH,PHX,F9 4181,FFT,F9 4181,FFT,2025-11-27 21:27:00,Arr 2310,2025-11-27,False
PHX,IAH,F9 4184,FFT,F9 4184,FFT,2025-11-27 16:58:00,Arr 2002,2025-11-27,False
DEN,DTW,F9 4186,FFT,F9 4186,FFT,2025-11-27 19:14:00,Arr 2352,2025-11-27,False
LGA,MIA,F9 4195,FFT,F9 4195,FFT,2025-11-27 20:30:00,Arr 2337,2025-11-27,False
MIA,LGA,F9 4196,FFT,F9 4196,FFT,2025-11-27 16:35:00,Arr 1905,2025-11-27,False
CLE,ATL,F9 4209,FFT,F9 4209,FFT,2025-11-27 19:51:00,Arr 2231 (+31min),2025-11-27,False
ATL,AUS,F9 4211,FFT,F9 4211,FFT,2025-11-27 14:39:00,Arr 1557,2025-11-27,False
DEN,SLC,F9 4251,FFT,F9 4251,FFT,2025-11-27 22:29:00,Arr 2347,2025-11-27,False
SLC,DEN,F9 4252,FFT,F9 4252,FFT,2025-11-27 22:12:00,Arr 2325,2025-11-27,False
FLL,CLE,F9 4257,FFT,F9 4257,FFT,2025-11-27 19:21:00,Arr 2224,2025-11-27,False
DTW,MCO,F9 4286,FFT,F9 4286,FFT,2025-11-27 15:33:00,Arr 1750,2025-11-27,False
SFO,SAN,F9 4306,FFT,F9 4306,FFT,2025-11-27 09:03:00,Arr 1036,2025-11-27,False
ATL,LAX,F9 4315,FFT,F9 4315,FFT,2025-11-27 10:23:00,Arr 1234,2025-11-27,False
LAX,ATL,F9 4316,FFT,F9 4316,FFT,2025-11-27 13:20:00,Arr 2057 (+16min),2025-11-27,False
DEN,LAX,F9 4345,FFT,F9 4345,FFT,2025-11-27 22:29:00,Arr 2350,2025-11-27,False
PHL,CLT,F9 4353,FFT,F9 4353,FFT,2025-11-27 12:00:00,Arr 1330,2025-11-27,False
DEN,SNA,F9 4371,FFT,F9 4371,FFT,2025-11-27 09:43:00,Arr 1059,2025-11-27,False
SNA,DEN,F9 4372,FFT,F9 4372,FFT,2025-11-27 12:04:00,Arr 1504,2025-11-27,False
CID,DEN,F9 4385,FFT,F9 4385,FFT,2025-11-27 20:31:00,Arr 2125,2025-11-27,False
DEN,CID,F9 4386,FFT,F9 4386,FFT,2025-11-27 16:49:00,Arr 1928,2025-11-27,False
LAS,SFO,F9 4401,FFT,F9 4401,FFT,2025-11-27 19:20:00,Arr 2138 (+30min),2025-11-27,False
MIA,ATL,F9 4405,FFT,F9 4405,FFT,2025-11-27 18:21:00,Arr 2100 (+25min),2025-11-27,False
ATL,MIA,F9 4406,FFT,F9 4406,FFT,2025-11-27 08:49:00,Arr 1051 (+2min),2025-11-27,False
ELP,DEN,F9 4418,FFT,F9 4418,FFT,2025-11-27 13:29:00,Arr 1527 (+2min),2025-11-27,False
BDL,SJU,F9 4420,FFT,F9 4420,FFT,2025-11-27 19:12:00,Arr 0024 (+14min),2025-11-27,False
PHL,FLL,F9 4455,FFT,F9 4455,FFT,2025-11-27 16:43:00,Arr 1937,2025-11-27,False
FLL,PHL,F9 4456,FFT,F9 4456,FFT,2025-11-27 20:36:00,Arr 2317,2025-11-27,False
PHL,SJU,F9 4462,FFT,F9 4462,FFT,2025-11-27 20:08:00,Arr 0044,2025-11-27,False
DEN,DFW,F9 4464,FFT,F9 4464,FFT,2025-11-27 13:50:00,Arr 1720 (+20min),2025-11-27,False
ATL,STL,F9 4473,FFT,F9 4473,FFT,2025-11-27 13:40:00,Arr 1535 (+66min),2025-11-27,False
STL,ATL,F9 4474,FFT,F9 4474,FFT,2025-11-27 15:14:00,Arr 1904 (+67min),2025-11-27,False
DEN,SEA,F9 4545,FFT,F9 4545,FFT,2025-11-27 09:44:00,Arr 1150,2025-11-27,False
ATL,LAX,F9 4547,FFT,F9 4547,FFT,2025-11-27 19:18:00,Arr 2124,2025-11-27,False
ATL,MCO,F9 4556,FFT,F9 4556,FFT,2025-11-27 08:55:00,Arr 1031 (+6min),2025-11-27,False
STL,DEN,F9 4567,FFT,F9 4567,FFT,2025-11-27 19:57:00,Arr 2059,2025-11-27,False
DTW,LAS,F9 4571,FFT,F9 4571,FFT,2025-11-27 22:29:00,Arr 0217 (+126min),2025-11-27,False
CLE,CLT,F9 4574,FFT,F9 4574,FFT,2025-11-27 17:17:00,Arr 1902 (+3min),2025-11-27,False
DEN,MCO,F9 4584,FFT,F9 4584,FFT,2025-11-27 12:48:00,Arr 1802,2025-11-27,False
EWR,ATL,F9 4601,FFT,F9 4601,FFT,2025-11-27 06:00:00,Arr 0900 (+21min),2025-11-27,False
ATL,EWR,F9 4602,FFT,F9 4602,FFT,2025-11-27 22:05:00,Arr 0013,2025-11-27,False
LAS,DEN,F9 4612,FFT,F9 4612,FFT,2025-11-27 20:40:00,Arr 2321,2025-11-27,False
DEN,MSP,F9 4616,FFT,F9 4616,FFT,2025-11-27 06:00:00,Arr 0922 (+15min),2025-11-27,False
LAS,AUS,F9 4632,FFT,F9 4632,FFT,2025-11-27 13:34:00,Arr 1812,2025-11-27,False
CLE,DEN,F9 4637,FFT,F9 4637,FFT,2025-11-27 19:55:00,Arr 2143 (+18min),2025-11-27,False
DTW,PHX,F9 4671,FFT,F9 4671,FFT,2025-11-27 13:17:00,Arr 1518,2025-11-27,False
PHX,DTW,F9 4672,FFT,F9 4672,FFT,2025-11-27 06:30:00,Arr 1204,2025-11-27,False
AUS,LAS,F9 4683,FFT,F9 4683,FFT,2025-11-27 19:10:00,Arr 2026 (+10min),2025-11-27,False
PSE,MCO,F9 4685,FFT,F9 4685,FFT,2025-11-27 10:55:00,Arr 1243,2025-11-27,False
MCO,PSE,F9 4686,FFT,F9 4686,FFT,2025-11-27 06:00:00,Arr 0937,2025-11-27,False
AUS,ATL,F9 4702,FFT,F9 4702,FFT,2025-11-27 17:07:00,Arr 2038 (+9min),2025-11-27,False
IAD,ATL,F9 4707,FFT,F9 4707,FFT,2025-11-27 06:55:00,Arr 0916 (+12min),2025-11-27,False
ATL,IAD,F9 4708,FFT,F9 4708,FFT,2025-11-27 15:59:00,Arr 1727,2025-11-27,False
ATL,BWI,F9 4712,FFT,F9 4712,FFT,2025-11-27 22:05:00,Arr 2338,2025-11-27,False
SJU,MCO,F9 4725,FFT,F9 4725,FFT,2025-11-27 13:57:00,Arr 1553,2025-11-27,False
MCO,SJU,F9 4726,FFT,F9 4726,FFT,2025-11-27 23:00:00,Arr 0237,2025-11-27,False
RDU,SJU,F9 4744,FFT,F9 4744,FFT,2025-11-27 09:39:00,Arr 1400,2025-11-27,False
PHX,DEN,F9 4768,FFT,F9 4768,FFT,2025-11-27 10:05:00,Arr 1139,2025-11-27,False
ATL,CVG,F9 4771,FFT,F9 4771,FFT,2025-11-27 08:52:00,Arr 1021,2025-11-27,False
CVG,ATL,F9 4772,FFT,F9 4772,FFT,2025-11-27 11:21:00,Arr 1242,2025-11-27,False
PHL,MSY,F9 4781,FFT,F9 4781,FFT,2025-11-27 06:30:00,Arr 0843,2025-11-27,False
RDU,ATL,F9 4797,FFT,F9 4797,FFT,2025-11-27 06:00:00,Arr 0739,2025-11-27,False
MCO,IAD,F9 4812,FFT,F9 4812,FFT,2025-11-27 08:00:00,Arr 0948,2025-11-27,False
JFK,ATL,F9 4817,FFT,F9 4817,FFT,2025-11-27 06:00:00,Arr 0841,2025-11-27,False
ATL,JFK,F9 4818,FFT,F9 4818,FFT,2025-11-27 22:05:00,Arr 2400,2025-11-27,False
BOS,CLE,F9 4833,FFT,F9 4833,FFT,2025-11-27 11:09:00,Arr 1303,2025-11-27,False
CLE,BOS,F9 4834,FFT,F9 4834,FFT,2025-11-27 07:25:00,Arr 0910,2025-11-27,False
JFK,MCO,F9 4871,FFT,F9 4871,FFT,2025-11-27 07:00:00,Arr 1003,2025-11-27,False
MCO,JFK,F9 4872,FFT,F9 4872,FFT,2025-11-27 07:16:00,Arr 0922,2025-11-27,False
PHL,BNA,F9 4889,FFT,F9 4889,FFT,2025-11-27 08:00:00,Arr 0913,2025-11-27,False
BNA,PHL,F9 4890,FFT,F9 4890,FFT,2025-11-27 10:20:00,Arr 1250,2025-11-27,False
ATL,LAS,F9 4891,FFT,F9 4891,FFT,2025-11-27 10:13:00,Arr 1151,2025-11-27,False
SLC,PHX,F9 4949,FFT,F9 4949,FFT,2025-11-27 08:24:00,Arr 1010,2025-11-27,False
LAX,DFW,F9 4964,FFT,F9 4964,FFT,2025-11-27 15:58:00,Arr 2103,2025-11-27,False
LAS,CLE,F9 4966,FFT,F9 4966,FFT,2025-11-27 23:00:00,Arr 0634 (+32min),2025-11-27,False
DEN,LAS,F9 4967,FFT,F9 4967,FFT,2025-11-27 18:24:00,Arr 1941 (+9min),2025-11-27,False
IAH,MCO,F9 4978,FFT,F9 4978,FFT,2025-11-27 20:08:00,Arr 2257,2025-11-27,False
DEN,SAN,F9 4989,FFT,F9 4989,FFT,2025-11-27 22:29:00,Arr 2338,2025-11-27,False
GRI,AZA,G4 2266,AAY,G4 2266,AAY,2025-11-27 16:49:00,Arr 1800,2025-11-27,False
AVL,SFB,G4 1881,AAY,G4 1881,AAY,2025-11-27 13:45:00,Arr 1503,2025-11-27,False
PIE,SGF,G4 2599,AAY,G4 2599,AAY,2025-11-27 08:20:00,Arr 0935,2025-11-27,False
IAD,SRQ,G4 1389,AAY,G4 1389,AAY,2025-11-27 12:11:00,Arr 1446 (+11min),2025-11-27,False
MSO,AZA,G4 677,AAY,G4 677,AAY,2025-11-27 16:03:00,Arr 1820,2025-11-27,False
RFD,PGD,G4 955,AAY,G4 955,AAY,2025-11-27 11:16:00,Arr 1438,2025-11-27,False
SFB,PSM,G4 2948,AAY,G4 2948,AAY,2025-11-27 08:35:00,Arr 1041,2025-11-27,False
MYR,ABE,G4 164,AAY,G4 164,AAY,2025-11-27 16:04:00,Arr 1657,2025-11-27,False
PGD,FWA,G4 857,AAY,G4 857,AAY,2025-11-27 07:40:00,Arr 0950,2025-11-27,False
AZA,FSD,G4 656,AAY,G4 656,AAY,2025-11-27 06:00:00,Arr 0930,2025-11-27,False
USA,FLL,G4 527,AAY,G4 527,AAY,2025-11-27 10:48:00,Arr 1242,2025-11-27,False
PVU,AZA,G4 1586,AAY,G4 1586,AAY,2025-11-27 13:17:00,Arr 1435,2025-11-27,False
PGD,SDF,G4 871,AAY,G4 871,AAY,2025-11-27 08:00:00,Arr 0953,2025-11-27,False
FNT,PIE,G4 3152,AAY,G4 3152,AAY,2025-11-27 07:30:00,Arr 1021,2025-11-27,False
PIE,GRR,G4 549,AAY,G4 549,AAY,2025-11-27 11:18:00,Arr 1401 (+3min),2025-11-27,False
AZA,ICT,G4 2350,AAY,G4 2350,AAY,2025-11-27 13:10:00,Arr 1737 (+80min),2025-11-27,False
PGD,CVG,G4 429,AAY,G4 429,AAY,2025-11-27 12:10:00,Arr 1429,2025-11-27,False
AZA,ATW,G4 3182,AAY,G4 3182,AAY,2025-11-27 11:46:00,Arr 1544,2025-11-27,False
SRQ,FNT,G4 1374,AAY,G4 1374,AAY,2025-11-27 08:01:00,Arr 1028,2025-11-27,False
ATW,AZA,G4 1560,AAY,G4 1560,AAY,2025-11-27 08:00:00,Arr 1023,2025-11-27,False
TYS,BOS,G4 1397,AAY,G4 1397,AAY,2025-11-27 09:00:00,Arr 1035,2025-11-27,False
SFB,SDF,G4 2922,AAY,G4 2922,AAY,2025-11-27 08:30:00,Arr 1017,2025-11-27,False
GRR,SFB,G4 2170,AAY,G4 2170,AAY,2025-11-27 08:00:00,Arr 1056 (+21min),2025-11-27,False
BIL,AZA,G4 638,AAY,G4 638,AAY,2025-11-27 09:24:00,Arr 1116,2025-11-27,False
PIE,LEX,G4 990,AAY,G4 990,AAY,2025-11-27 08:10:00,Arr 0948,2025-11-27,False
CHA,PIE,G4 988,AAY,G4 988,AAY,2025-11-27 16:37:00,Arr 1752,2025-11-27,False
GRR,PGD,G4 969,AAY,G4 969,AAY,2025-11-27 11:11:00,Arr 1416 (+12min),2025-11-27,False
PGD,IND,G4 591,AAY,G4 591,AAY,2025-11-27 15:53:00,Arr 1913 (+52min),2025-11-27,False
PIE,PIA,G4 2676,AAY,G4 2676,AAY,2025-11-27 08:40:00,Arr 1023 (+7min),2025-11-27,False
SRQ,IAD,G4 1385,AAY,G4 1385,AAY,2025-11-27 09:00:00,Arr 1040,2025-11-27,False
PIE,CVG,G4 383,AAY,G4 383,AAY,2025-11-27 16:07:00,Arr 1833 (+15min),2025-11-27,False
PGD,DSM,G4 448,AAY,G4 448,AAY,2025-11-27 13:43:00,Arr 1550,2025-11-27,False
LAS,FAT,G4 1680,AAY,G4 1680,AAY,2025-11-27 08:00:00,Arr 0848,2025-11-27,False
PGD,SBN,G4 2495,AAY,G4 2495,AAY,2025-11-27 08:20:00,Arr 1049,2025-11-27,False
CVG,VPS,G4 1989,AAY,G4 1989,AAY,2025-11-27 13:50:00,Arr 1417,2025-11-27,False
PGD,AVL,G4 239,AAY,G4 239,AAY,2025-11-27 10:37:00,Arr 1204,2025-11-27,False
PIE,SYR,G4 1081,AAY,G4 1081,AAY,2025-11-27 08:30:00,Arr 1104,2025-11-27,False
PIE,AVL,G4 1842,AAY,G4 1842,AAY,2025-11-27 15:42:00,Arr 1646,2025-11-27,False
SDF,SFB,G4 1225,AAY,G4 1225,AAY,2025-11-27 11:31:00,Arr 1312,2025-11-27,False
SFB,MLI,G4 2893,AAY,G4 2893,AAY,2025-11-27 08:45:00,Arr 1007,2025-11-27,False
SFB,IND,G4 2237,AAY,G4 2237,AAY,2025-11-27 11:00:00,Arr 1253,2025-11-27,False
SFB,ABE,G4 1796,AAY,G4 1796,AAY,2025-11-27 11:52:00,Arr 1352,2025-11-27,False
IND,FLL,G4 518,AAY,G4 518,AAY,2025-11-27 11:51:00,Arr 1436 (+6min),2025-11-27,False
BIS,AZA,G4 644,AAY,G4 644,AAY,2025-11-27 11:50:00,Arr 1328,2025-11-27,False
BLV,PGD,G4 843,AAY,G4 843,AAY,2025-11-27 14:38:00,Arr 1740,2025-11-27,False
TYS,PGD,G4 3040,AAY,G4 3040,AAY,2025-11-27 12:59:00,Arr 1503 (+12min),2025-11-27,False
PGD,GRR,G4 946,AAY,G4 946,AAY,2025-11-27 07:30:00,Arr 0957,2025-11-27,False
MLI,SFB,G4 1299,AAY,G4 1299,AAY,2025-11-27 11:21:00,Arr 1429,2025-11-27,False
AZA,DSM,G4 462,AAY,G4 462,AAY,2025-11-27 10:41:00,Arr 1408,2025-11-27,False
PIE,TYS,G4 1409,AAY,G4 1409,AAY,2025-11-27 10:31:00,Arr 1401 (+112min),2025-11-27,False
LEX,PIE,G4 2686,AAY,G4 2686,AAY,2025-11-27 10:58:00,Arr 1227,2025-11-27,False
PVU,AZA,G4 3210,AAY,G4 3210,AAY,2025-11-27 08:30:00,Arr 1008,2025-11-27,False
PGD,USA,G4 2522,AAY,G4 2522,AAY,2025-11-27 14:12:00,Arr 1533,2025-11-27,False
FAT,LAS,G4 1629,AAY,G4 1629,AAY,2025-11-27 10:06:00,Arr 1054,2025-11-27,False
TYS,PIE,G4 3030,AAY,G4 3030,AAY,2025-11-27 08:00:00,Arr 0936,2025-11-27,False
CID,AZA,G4 2278,AAY,G4 2278,AAY,2025-11-27 11:43:00,Arr 1340,2025-11-27,False
SFB,FWA,G4 2872,AAY,G4 2872,AAY,2025-11-27 08:50:00,Arr 1056,2025-11-27,False
SFB,GSP,G4 2938,AAY,G4 2938,AAY,2025-11-27 14:19:00,Arr 1532,2025-11-27,False
FAT,LAS,G4 299,AAY,G4 299,AAY,2025-11-27 13:29:00,Arr 1432,2025-11-27,False
ABE,PIE,G4 183,AAY,G4 183,AAY,2025-11-27 09:15:00,Arr 1201 (+3min),2025-11-27,False
SFB,CVG,G4 407,AAY,G4 407,AAY,2025-11-27 10:54:00,Arr 1237,2025-11-27,False
EWR,AVL,G4 217,AAY,G4 217,AAY,2025-11-27 10:55:00,Arr 1241,2025-11-27,False
PIE,DSM,G4 983,AAY,G4 983,AAY,2025-11-27 07:00:00,Arr 0840,2025-11-27,False
FLL,USA,G4 514,AAY,G4 514,AAY,2025-11-27 08:00:00,Arr 0945,2025-11-27,False
SRQ,CVG,G4 2010,AAY,G4 2010,AAY,2025-11-27 10:02:00,Arr 1212,2025-11-27,False
ATW,SFB,G4 3208,AAY,G4 3208,AAY,2025-11-27 08:30:00,Arr 1158,2025-11-27,False
LCK,PGD,G4 913,AAY,G4 913,AAY,2025-11-27 09:08:00,Arr 1113,2025-11-27,False
SFB,LEX,G4 2905,AAY,G4 2905,AAY,2025-11-27 13:24:00,Arr 1513,2025-11-27,False
PVU,HOU,G4 1589,AAY,G4 1589,AAY,2025-11-27 09:00:00,Arr 1301,2025-11-27,False
PIE,CID,G4 2704,AAY,G4 2704,AAY,2025-11-27 07:40:00,Arr 0914,2025-11-27,False
CVG,SRQ,G4 2025,AAY,G4 2025,AAY,2025-11-27 07:00:00,Arr 0924 (+12min),2025-11-27,False
PIT,PGD,G4 1128,AAY,G4 1128,AAY,2025-11-27 08:30:00,Arr 1053,2025-11-27,False
CVG,PGD,G4 412,AAY,G4 412,AAY,2025-11-27 09:00:00,Arr 1129 (+9min),2025-11-27,False
VPS,SDF,G4 3104,AAY,G4 3104,AAY,2025-11-27 13:10:00,Arr 1546,2025-11-27,False
AZA,RAP,G4 713,AAY,G4 713,AAY,2025-11-27 06:20:00,Arr 0833,2025-11-27,False
AZA,SGF,G4 692,AAY,G4 692,AAY,2025-11-27 07:30:00,Arr 1100 (+1min),2025-11-27,False
FLL,TYS,G4 493,AAY,G4 493,AAY,2025-11-27 13:34:00,Arr 1535,2025-11-27,False
ELM,PIE,G4 2719,AAY,G4 2719,AAY,2025-11-27 10:52:00,Arr 1409 (+30min),2025-11-27,False
AZA,IDA,G4 1603,AAY,G4 1603,AAY,2025-11-27 11:02:00,Arr 1253,2025-11-27,False
MFE,LAS,G4 34,AAY,G4 34,AAY,2025-11-27 12:54:00,Arr 1349,2025-11-27,False
SFB,PIT,G4 1150,AAY,G4 1150,AAY,2025-11-27 11:01:00,Arr 1245,2025-11-27,False
LAS,FAT,G4 302,AAY,G4 302,AAY,2025-11-27 11:23:00,Arr 1232,2025-11-27,False
ABE,MYR,G4 1786,AAY,G4 1786,AAY,2025-11-27 08:00:00,Arr 0925,2025-11-27,False
GSP,SFB,G4 2971,AAY,G4 2971,AAY,2025-11-27 16:32:00,Arr 1747,2025-11-27,False
SFB,BLV,G4 2921,AAY,G4 2921,AAY,2025-11-27 12:50:00,Arr 1359,2025-11-27,False
USA,PGD,G4 941,AAY,G4 941,AAY,2025-11-27 16:50:00,Arr 1802,2025-11-27,False
SFB,GRR,G4 2191,AAY,G4 2191,AAY,2025-11-27 11:25:00,Arr 1413 (+8min),2025-11-27,False
FWA,PGD,G4 858,AAY,G4 858,AAY,2025-11-27 11:05:00,Arr 1335,2025-11-27,False
AZA,BIL,G4 641,AAY,G4 641,AAY,2025-11-27 06:10:00,Arr 0815,2025-11-27,False
RAP,AZA,G4 736,AAY,G4 736,AAY,2025-11-27 09:24:00,Arr 1143,2025-11-27,False
PGD,RFD,G4 882,AAY,G4 882,AAY,2025-11-27 08:30:00,Arr 1003,2025-11-27,False
ATW,PIE,G4 2618,AAY,G4 2618,AAY,2025-11-27 10:00:00,Arr 1327,2025-11-27,False
SDF,VPS,G4 1465,AAY,G4 1465,AAY,2025-11-27 16:43:00,Arr 1644,2025-11-27,False
DSM,PIE,G4 1045,AAY,G4 1045,AAY,2025-11-27 09:51:00,Arr 1305,2025-11-27,False
PIE,ABE,G4 177,AAY,G4 177,AAY,2025-11-27 12:48:00,Arr 1458,2025-11-27,False
SGF,AZA,G4 659,AAY,G4 659,AAY,2025-11-27 11:49:00,Arr 1330,2025-11-27,False
GRR,AZA,G4 544,AAY,G4 544,AAY,2025-11-27 07:30:00,Arr 0936,2025-11-27,False
CVG,SFB,G4 384,AAY,G4 384,AAY,2025-11-27 08:00:00,Arr 0956,2025-11-27,False
PIA,PGD,G4 874,AAY,G4 874,AAY,2025-11-27 10:45:00,Arr 1355,2025-11-27,False
SCK,LAS,G4 62,AAY,G4 62,AAY,2025-11-27 14:22:00,Arr 1542 (+4min),2025-11-27,False
AZA,PVU,G4 3245,AAY,G4 3245,AAY,2025-11-27 16:40:00,Arr 1739,2025-11-27,False
DSM,AZA,G4 439,AAY,G4 439,AAY,2025-11-27 07:45:00,Arr 0956 (+5min),2025-11-27,False
HTS,SFB,G4 1194,AAY,G4 1194,AAY,2025-11-27 10:47:00,Arr 1226,2025-11-27,False
SWF,MYR,G4 192,AAY,G4 192,AAY,2025-11-27 13:13:00,Arr 1445,2025-11-27,False
AVL,FLL,G4 1841,AAY,G4 1841,AAY,2025-11-27 09:00:00,Arr 1100 (+4min),2025-11-27,False
PIA,PIE,G4 2606,AAY,G4 2606,AAY,2025-11-27 11:06:00,Arr 1428,2025-11-27,False
SNA,PVU,G4 3249,AAY,G4 3249,AAY,2025-11-27 09:45:00,Arr 1212,2025-11-27,False
PGD,TYS,G4 3036,AAY,G4 3036,AAY,2025-11-27 15:41:00,Arr 1720,2025-11-27,False
IND,PIE,G4 2703,AAY,G4 2703,AAY,2025-11-27 11:09:00,Arr 1309,2025-11-27,False
LAS,SCK,G4 54,AAY,G4 54,AAY,2025-11-27 12:07:00,Arr 1339 (+7min),2025-11-27,False
FLL,CVG,G4 379,AAY,G4 379,AAY,2025-11-27 12:36:00,Arr 1519 (+9min),2025-11-27,False
FLL,IND,G4 521,AAY,G4 521,AAY,2025-11-27 08:15:00,Arr 1045,2025-11-27,False
VPS,BLV,G4 1441,AAY,G4 1441,AAY,2025-11-27 08:00:00,Arr 0927,2025-11-27,False
FAR,AZA,G4 681,AAY,G4 681,AAY,2025-11-27 12:32:00,Arr 1410,2025-11-27,False
LEX,SFB,G4 1196,AAY,G4 1196,AAY,2025-11-27 16:12:00,Arr 1746,2025-11-27,False
PIT,SFB,G4 1132,AAY,G4 1132,AAY,2025-11-27 08:00:00,Arr 1006,2025-11-27,False
AZA,GRI,G4 753,AAY,G4 753,AAY,2025-11-27 12:44:00,Arr 1534,2025-11-27,False
BLI,LAS,G4 272,AAY,G4 272,AAY,2025-11-27 08:00:00,Arr 1033,2025-11-27,False
TYS,FLL,G4 486,AAY,G4 486,AAY,2025-11-27 16:27:00,Arr 1843 (+16min),2025-11-27,False
DSM,PGD,G4 461,AAY,G4 461,AAY,2025-11-27 09:00:00,Arr 1252,2025-11-27,False
FNT,PGD,G4 3173,AAY,G4 3173,AAY,2025-11-27 09:00:00,Arr 1148,2025-11-27,False
ICT,AZA,G4 2351,AAY,G4 2351,AAY,2025-11-27 17:07:00,Arr 1934 (+62min),2025-11-27,False
GRR,PIE,G4 553,AAY,G4 553,AAY,2025-11-27 07:45:00,Arr 1051 (+23min),2025-11-27,False
CVG,FLL,G4 367,AAY,G4 367,AAY,2025-11-27 09:15:00,Arr 1204 (+18min),2025-11-27,False
CVG,PIE,G4 392,AAY,G4 392,AAY,2025-11-27 13:09:00,Arr 1536 (+19min),2025-11-27,False
PIE,FNT,G4 1551,AAY,G4 1551,AAY,2025-11-27 11:11:00,Arr 1526 (+92min),2025-11-27,False
SFB,TYS,G4 1233,AAY,G4 1233,AAY,2025-11-27 08:00:00,Arr 0925,2025-11-27,False
ROA,PIE,G4 1094,AAY,G4 1094,AAY,2025-11-27 16:31:00,Arr 1806,2025-11-27,False
MFE,SFB,G4 1328,AAY,G4 1328,AAY,2025-11-27 11:35:00,Arr 1506 (+1min),2025-11-27,False
AZA,FAR,G4 704,AAY,G4 704,AAY,2025-11-27 07:50:00,Arr 1131,2025-11-27,False
AZA,PSC,G4 757,AAY,G4 757,AAY,2025-11-27 07:10:00,Arr 0823,2025-11-27,False
FSD,AZA,G4 696,AAY,G4 696,AAY,2025-11-27 10:27:00,Arr 1157,2025-11-27,False
SRQ,LCK,G4 3006,AAY,G4 3006,AAY,2025-11-27 08:11:00,Arr 1042 (+12min),2025-11-27,False
SYR,PIE,G4 2720,AAY,G4 2720,AAY,2025-11-27 12:01:00,Arr 1508 (+11min),2025-11-27,False
PVU,SNA,G4 3243,AAY,G4 3243,AAY,2025-11-27 08:00:00,Arr 0851,2025-11-27,False
PGD,ALB,G4 954,AAY,G4 954,AAY,2025-11-27 07:00:00,Arr 0936,2025-11-27,False
BOS,TYS,G4 1398,AAY,G4 1398,AAY,2025-11-27 12:02:00,Arr 1410,2025-11-27,False
HOU,PVU,G4 1590,AAY,G4 1590,AAY,2025-11-27 13:56:00,Arr 1600,2025-11-27,False
AZA,PVU,G4 1601,AAY,G4 1601,AAY,2025-11-27 15:49:00,Arr 1656,2025-11-27,False
AVL,PGD,G4 247,AAY,G4 247,AAY,2025-11-27 08:00:00,Arr 0939,2025-11-27,False
TYS,SFB,G4 2844,AAY,G4 2844,AAY,2025-11-27 10:27:00,Arr 1146,2025-11-27,False
IND,SFB,G4 592,AAY,G4 592,AAY,2025-11-27 08:00:00,Arr 1003,2025-11-27,False
AZA,BIS,G4 2274,AAY,G4 2274,AAY,2025-11-27 07:20:00,Arr 1048,2025-11-27,False
PSC,AZA,G4 741,AAY,G4 741,AAY,2025-11-27 09:44:00,Arr 1251,2025-11-27,False
IDA,AZA,G4 3231,AAY,G4 3231,AAY,2025-11-27 13:52:00,Arr 1529,2025-11-27,False
CID,PIE,G4 1067,AAY,G4 1067,AAY,2025-11-27 10:23:00,Arr 1323,2025-11-27,False
IND,PGD,G4 602,AAY,G4 602,AAY,2025-11-27 12:36:00,Arr 1551 (+48min),2025-11-27,False
BLV,SFB,G4 1207,AAY,G4 1207,AAY,2025-11-27 15:03:00,Arr 1756,2025-11-27,False
PGD,PIA,G4 961,AAY,G4 961,AAY,2025-11-27 08:10:00,Arr 0929,2025-11-27,False
PIE,IND,G4 978,AAY,G4 978,AAY,2025-11-27 08:00:00,Arr 0957,2025-11-27,False
SBN,PGD,G4 2485,AAY,G4 2485,AAY,2025-11-27 11:52:00,Arr 1451 (+18min),2025-11-27,False
XNA,LAS,G4 1727,AAY,G4 1727,AAY,2025-11-27 12:35:00,Arr 1352 (+5min),2025-11-27,False
SGF,PIE,G4 1071,AAY,G4 1071,AAY,2025-11-27 10:43:00,Arr 1332,2025-11-27,False
AZA,CID,G4 2300,AAY,G4 2300,AAY,2025-11-27 07:00:00,Arr 1042,2025-11-27,False
PIE,ATW,G4 1026,AAY,G4 1026,AAY,2025-11-27 07:10:00,Arr 0846,2025-11-27,False
FNT,SFB,G4 3160,AAY,G4 3160,AAY,2025-11-27 08:00:00,Arr 1029,2025-11-27,False
AZA,MSO,G4 702,AAY,G4 702,AAY,2025-11-27 12:39:00,Arr 1458,2025-11-27,False
RIC,BNA,G4 1932,AAY,G4 1932,AAY,2025-11-27 12:24:00,Arr 1249,2025-11-27,False
AVL,EWR,G4 216,AAY,G4 216,AAY,2025-11-27 08:20:00,Arr 0939,2025-11-27,False
PIA,AZA,G4 729,AAY,G4 729,AAY,2025-11-27 12:43:00,Arr 1505,2025-11-27,False
FWA,SFB,G4 2817,AAY,G4 2817,AAY,2025-11-27 12:03:00,Arr 1359,2025-11-27,False
DSM,SFB,G4 456,AAY,G4 456,AAY,2025-11-27 07:30:00,Arr 1112,2025-11-27,False
IND,JAX,G4 631,AAY,G4 631,AAY,2025-11-27 07:00:00,Arr 0851,2025-11-27,False
ATW,PGD,G4 3195,AAY,G4 3195,AAY,2025-11-27 08:15:00,Arr 1214,2025-11-27,False
EYW,PIE,G4 1100,AAY,G4 1100,AAY,2025-11-27 16:35:00,Arr 1711,2025-11-27,False
PIE,ELM,G4 2624,AAY,G4 2624,AAY,2025-11-27 07:30:00,Arr 0940,2025-11-27,False
MYR,SWF,G4 203,AAY,G4 203,AAY,2025-11-27 10:33:00,Arr 1132,2025-11-27,False
PVD,PGD,G4 901,AAY,G4 901,AAY,2025-11-27 10:51:00,Arr 1421 (+9min),2025-11-27,False
SFB,DSM,G4 434,AAY,G4 434,AAY,2025-11-27 12:02:00,Arr 1407 (+1min),2025-11-27,False
PGD,PVD,G4 864,AAY,G4 864,AAY,2025-11-27 07:10:00,Arr 0930,2025-11-27,False
PIA,SFB,G4 1246,AAY,G4 1246,AAY,2025-11-27 08:59:00,Arr 1206,2025-11-27,False
SFB,ATW,G4 1580,AAY,G4 1580,AAY,2025-11-27 13:12:00,Arr 1450,2025-11-27,False
AVL,PIE,G4 253,AAY,G4 253,AAY,2025-11-27 13:11:00,Arr 1436,2025-11-27,False
VPS,CVG,G4 2003,AAY,G4 2003,AAY,2025-11-27 15:32:00,Arr 1811,2025-11-27,False
AZA,MOT,G4 742,AAY,G4 742,AAY,2025-11-27 07:40:00,Arr 1122,2025-11-27,False
PSM,SFB,G4 2859,AAY,G4 2859,AAY,2025-11-27 12:11:00,Arr 1529 (+6min),2025-11-27,False
PGD,FNT,G4 1533,AAY,G4 1533,AAY,2025-11-27 12:49:00,Arr 1518,2025-11-27,False
JAX,IND,G4 623,AAY,G4 623,AAY,2025-11-27 09:45:00,Arr 1138,2025-11-27,False
LCK,SRQ,G4 1376,AAY,G4 1376,AAY,2025-11-27 11:20:00,Arr 1340 (+3min),2025-11-27,False
LAS,XNA,G4 5,AAY,G4 5,AAY,2025-11-27 07:00:00,Arr 1212 (+27min),2025-11-27,False
SDF,PGD,G4 888,AAY,G4 888,AAY,2025-11-27 11:07:00,Arr 1313,2025-11-27,False
PIE,ROA,G4 1087,AAY,G4 1087,AAY,2025-11-27 13:45:00,Arr 1509,2025-11-27,False
PIE,EYW,G4 2630,AAY,G4 2630,AAY,2025-11-27 14:42:00,Arr 1540,2025-11-27,False
BLV,VPS,G4 1447,AAY,G4 1447,AAY,2025-11-27 10:38:00,Arr 1147,2025-11-27,False
FNT,SRQ,G4 3011,AAY,G4 3011,AAY,2025-11-27 11:41:00,Arr 1416,2025-11-27,False
SFB,FNT,G4 1542,AAY,G4 1542,AAY,2025-11-27 11:27:00,Arr 1334,2025-11-27,False
SFB,MFE,G4 1297,AAY,G4 1297,AAY,2025-11-27 08:40:00,Arr 1029,2025-11-27,False
SFB,HTS,G4 2963,AAY,G4 2963,AAY,2025-11-27 08:05:00,Arr 0935,2025-11-27,False
MEM,FLL,G4 506,AAY,G4 506,AAY,2025-11-27 11:20:00,Arr 1449 (+17min),2025-11-27,False
SFB,PIA,G4 1198,AAY,G4 1198,AAY,2025-11-27 06:30:00,Arr 0740,2025-11-27,False
PIE,CHA,G4 997,AAY,G4 997,AAY,2025-11-27 14:14:00,Arr 1537,2025-11-27,False
AZA,PIA,G4 728,AAY,G4 728,AAY,2025-11-27 08:00:00,Arr 1153,2025-11-27,False
FLL,MEM,G4 503,AAY,G4 503,AAY,2025-11-27 09:00:00,Arr 1027,2025-11-27,False
LAS,BLI,G4 283,AAY,G4 283,AAY,2025-11-27 15:30:00,Arr 1802,2025-11-27,False
MOT,AZA,G4 718,AAY,G4 718,AAY,2025-11-27 12:27:00,Arr 1521 (+52min),2025-11-27,False
SFB,AVL,G4 234,AAY,G4 234,AAY,2025-11-27 16:04:00,Arr 1701,2025-11-27,False
PGD,BLV,G4 863,AAY,G4 863,AAY,2025-11-27 12:19:00,Arr 1337,2025-11-27,False
AZA,GRR,G4 567,AAY,G4 567,AAY,2025-11-27 10:32:00,Arr 1546,2025-11-27,False
PGD,LCK,G4 937,AAY,G4 937,AAY,2025-11-27 06:00:00,Arr 0807,2025-11-27,False
ABE,SFB,G4 198,AAY,G4 198,AAY,2025-11-27 08:30:00,Arr 1100,2025-11-27,False
LAS,MFE,G4 3,AAY,G4 3,AAY,2025-11-27 07:05:00,Arr 1151,2025-11-27,False
ALB,PGD,G4 2472,AAY,G4 2472,AAY,2025-11-27 10:44:00,Arr 1411 (+9min),2025-11-27,False
FLL,AVL,G4 226,AAY,G4 226,AAY,2025-11-27 11:46:00,Arr 1335,2025-11-27,False
PGD,PIT,G4 2754,AAY,G4 2754,AAY,2025-11-27 11:54:00,Arr 1334,2025-11-27,False
PGD,ATW,G4 1564,AAY,G4 1564,AAY,2025-11-27 13:12:00,Arr 1503,2025-11-27,False
BNA,RIC,G4 314,AAY,G4 314,AAY,2025-11-27 09:00:00,Arr 1113,2025-11-27,False
LAX,HNL,HA 801,HAL,HA 801,HAL,2025-11-27 07:00:00,Arr 1306 (+117min),2025-11-27,False
HNL,LAX,HA 802,HAL,HA 802,HAL,2025-11-27 14:05:00,Arr 2211 (+51min),2025-11-27,False
LAX,HNL,HA 803,HAL,HA 803,HAL,2025-11-27 10:00:00,Arr 1333,2025-11-27,False
HNL,LAX,HA 804,HAL,HA 804,HAL,2025-11-27 21:46:00,Arr 0521 (+21min),2025-11-27,False
LAS,HNL,HA 805,HAL,HA 805,HAL,2025-11-27 17:30:00,Arr 2146,2025-11-27,False
HNL,LAS,HA 806,HAL,HA 806,HAL,2025-11-27 08:12:00,Arr 1554 (+4min),2025-11-27,False
LAS,HNL,HA 807,HAL,HA 807,HAL,2025-11-27 08:50:00,Arr 1307,2025-11-27,False
HNL,LAS,HA 808,HAL,HA 808,HAL,2025-11-27 23:15:00,Arr 0733 (+43min),2025-11-27,False
SFO,HNL,HA 811,HAL,HA 811,HAL,2025-11-27 07:12:00,Arr 1135 (+32min),2025-11-27,False
HNL,SFO,HA 812,HAL,HA 812,HAL,2025-11-27 12:10:00,Arr 1928 (+16min),2025-11-27,False
PDX,HNL,HA 813,HAL,HA 813,HAL,2025-11-27 10:30:00,Cancelled,2025-11-27,False
HNL,PDX,HA 814,HAL,HA 814,HAL,2025-11-27 14:17:00,Arr 2244 (+61min),2025-11-27,False
SAN,HNL,HA 815,HAL,HA 815,HAL,2025-11-27 08:10:00,Arr 1218,2025-11-27,False
HNL,SAN,HA 816,HAL,HA 816,HAL,2025-11-27 12:52:00,Arr 2015 (+5min),2025-11-27,False
LAS,HNL,HA 817,HAL,HA 817,HAL,2025-11-27 01:52:00,Arr 0614,2025-11-27,False
HNL,LAS,HA 818,HAL,HA 818,HAL,2025-11-27 16:16:00,Arr 0023 (+31min),2025-11-27,False
SMF,HNL,HA 819,HAL,HA 819,HAL,2025-11-27 08:00:00,Arr 1136,2025-11-27,False
HNL,SMF,HA 820,HAL,HA 820,HAL,2025-11-27 12:54:00,Arr 2002 (+2min),2025-11-27,False
SEA,HNL,HA 821,HAL,HA 821,HAL,2025-11-27 07:00:00,Arr 1124 (+14min),2025-11-27,False
HNL,SEA,HA 822,HAL,HA 822,HAL,2025-11-27 13:10:00,Arr 2101 (+12min),2025-11-27,False
PDX,HNL,HA 825,HAL,HA 825,HAL,2025-11-27 17:41:00,Arr 2214 (+31min),2025-11-27,False
HNL,PDX,HA 826,HAL,HA 826,HAL,2025-11-27 08:51:00,Arr 1629 (+8min),2025-11-27,False
JFK,HNL,HA 829,HAL,HA 829,HAL,2025-11-27 08:30:00,Arr 1504 (+19min),2025-11-27,False
HNL,JFK,HA 830,HAL,HA 830,HAL,2025-11-27 15:50:00,Arr 0619,2025-11-27,False
PHX,HNL,HA 835,HAL,HA 835,HAL,2025-11-27 07:25:00,Arr 1110,2025-11-27,False
HNL,PHX,HA 836,HAL,HA 836,HAL,2025-11-27 10:40:00,Arr 1932 (+7min),2025-11-27,False
SEA,HNL,HA 841,HAL,HA 841,HAL,2025-11-27 14:40:00,Arr 1843,2025-11-27,False
HNL,SEA,HA 842,HAL,HA 842,HAL,2025-11-27 21:33:00,Arr 0546 (+31min),2025-11-27,False
OAK,HNL,HA 847,HAL,HA 847,HAL,2025-11-27 07:55:00,Arr 1122,2025-11-27,False
HNL,OAK,HA 848,HAL,HA 848,HAL,2025-11-27 12:40:00,Arr 1959 (+14min),2025-11-27,False
SFO,HNL,HA 861,HAL,HA 861,HAL,2025-11-27 20:40:00,Arr 0015,2025-11-27,False
HNL,SFO,HA 862,HAL,HA 862,HAL,2025-11-27 22:40:00,Arr 0600 (+15min),2025-11-27,False
HNL,PPG,HA 865,HAL,HA 865,HAL,2025-11-27 16:25:00,Arr 2050,2025-11-27,False
PPG,HNL,HA 866,HAL,HA 866,HAL,2025-11-27 23:20:00,Arr 0502,2025-11-27,False
SLC,HNL,HA 867,HAL,HA 867,HAL,2025-11-27 07:00:00,Arr 1043,2025-11-27,False
HNL,SLC,HA 868,HAL,HA 868,HAL,2025-11-27 20:18:00,Arr 0525,2025-11-27,False
LGB,HNL,HA 869,HAL,HA 869,HAL,2025-11-27 07:25:00,Arr 1046,2025-11-27,False
HNL,LGB,HA 870,HAL,HA 870,HAL,2025-11-27 12:20:00,Arr 1936 (+6min),2025-11-27,False
HNL,LAS,HA 876,HAL,HA 876,HAL,2025-11-27 13:15:00,Arr 2114 (+23min),2025-11-27,False
LAX,HNL,HA 877,HAL,HA 877,HAL,2025-11-27 20:43:00,Arr 0015,2025-11-27,False
HNL,LAX,HA 878,HAL,HA 878,HAL,2025-11-27 12:05:00,Arr 1926,2025-11-27,False
SJC,HNL,HA 891,HAL,HA 891,HAL,2025-11-27 07:00:00,Arr 1018,2025-11-27,False
HNL,SJC,HA 892,HAL,HA 892,HAL,2025-11-27 12:50:00,Arr 1959,2025-11-27,False
HNL,LAX,HA 897,HAL,HA 897,HAL,2025-11-27 23:32:00,Arr 0738 (+43min),2025-11-27,False
LAX,HNL,HA 898,HAL,HA 898,HAL,2025-11-27 08:30:00,Arr 1339 (+62min),2025-11-27,False
SEA,HNL,HA 899,HAL,HA 899,HAL,2025-11-27 10:00:00,Arr 1410,2025-11-27,False
HNL,SEA,HA 900,HAL,HA 900,HAL,2025-11-27 23:59:00,Arr 0820 (+40min),2025-11-27,False
SAN,HNL,HA 901,HAL,HA 901,HAL,2025-11-27 13:45:00,Arr 1730,2025-11-27,False
HNL,SAN,HA 902,HAL,HA 902,HAL,2025-11-27 23:28:00,Arr 0701 (+12min),2025-11-27,False
SAN,HNL,HA 903,HAL,HA 903,HAL,2025-11-27 17:10:00,Arr 2104,2025-11-27,False
HNL,SAN,HA 904,HAL,HA 904,HAL,2025-11-27 08:31:00,Arr 1557 (+2min),2025-11-27,False
PDX,HNL,HA 907,HAL,HA 907,HAL,2025-11-27 07:00:00,Arr 1119 (+19min),2025-11-27,False
HNL,PDX,HA 908,HAL,HA 908,HAL,2025-11-27 21:56:00,Arr 0603 (+38min),2025-11-27,False
OAK,OGG,HA 923,HAL,HA 923,HAL,2025-11-27 07:40:00,Arr 1055,2025-11-27,False
OGG,OAK,HA 924,HAL,HA 924,HAL,2025-11-27 13:05:00,Arr 2000,2025-11-27,False
SEA,OGG,HA 929,HAL,HA 929,HAL,2025-11-27 10:15:00,Arr 1418,2025-11-27,False
OGG,SEA,HA 930,HAL,HA 930,HAL,2025-11-27 14:03:00,Arr 2336 (+120min),2025-11-27,False
LAS,OGG,HA 931,HAL,HA 931,HAL,2025-11-27 07:30:00,Arr 1113,2025-11-27,False
OGG,LAS,HA 932,HAL,HA 932,HAL,2025-11-27 12:10:00,Arr 1940 (+5min),2025-11-27,False
LAX,OGG,HA 933,HAL,HA 933,HAL,2025-11-27 08:30:00,Arr 1206,2025-11-27,False
OGG,LAX,HA 934,HAL,HA 934,HAL,2025-11-27 16:03:00,Arr 2316 (+16min),2025-11-27,False
SFO,OGG,HA 941,HAL,HA 941,HAL,2025-11-27 07:20:00,Arr 1029,2025-11-27,False
OGG,SFO,HA 942,HAL,HA 942,HAL,2025-11-27 12:25:00,Arr 1910,2025-11-27,False
SJC,OGG,HA 953,HAL,HA 953,HAL,2025-11-27 08:57:00,Arr 1208,2025-11-27,False
OGG,SJC,HA 954,HAL,HA 954,HAL,2025-11-27 14:40:00,Arr 2135,2025-11-27,False
SMF,OGG,HA 959,HAL,HA 959,HAL,2025-11-27 09:48:00,Arr 1310,2025-11-27,False
OGG,SMF,HA 960,HAL,HA 960,HAL,2025-11-27 14:10:00,Arr 2123 (+11min),2025-11-27,False
LAX,LIH,HA 963,HAL,HA 963,HAL,2025-11-27 09:00:00,Arr 1249,2025-11-27,False
LIH,LAX,HA 964,HAL,HA 964,HAL,2025-11-27 14:29:00,Arr 2144,2025-11-27,False
SMF,LIH,HA 965,HAL,HA 965,HAL,2025-11-27 08:00:00,Arr 1122,2025-11-27,False
LIH,SMF,HA 966,HAL,HA 966,HAL,2025-11-27 12:54:00,Arr 2026 (+21min),2025-11-27,False
OAK,LIH,HA 967,HAL,HA 967,HAL,2025-11-27 09:30:00,Arr 1256,2025-11-27,False
LIH,OAK,HA 968,HAL,HA 968,HAL,2025-11-27 14:18:00,Arr 2136 (+8min),2025-11-27,False
LGB,OGG,HA 971,HAL,HA 971,HAL,2025-11-27 09:00:00,Arr 1226,2025-11-27,False
OGG,LGB,HA 972,HAL,HA 972,HAL,2025-11-27 13:45:00,Arr 2046 (+2min),2025-11-27,False
HNL,SEA,HA 990,HAL,HA 990,HAL,2025-11-27 07:00:00,Arr 1445 (+4min),2025-11-27,False
SEA,HNL,HA 991,HAL,HA 991,HAL,2025-11-27 17:55:00,Arr 2151,2025-11-27,False
LIH,HNL,HA 1004,HAL,HA 1004,HAL,2025-11-27 06:00:00,Arr 0904 (+147min),2025-11-27,False
ITO,HNL,HA 1011,HAL,HA 1011,HAL,2025-11-27 07:42:00,Arr 0828,2025-11-27,False
HNL,ITO,HA 1012,HAL,HA 1012,HAL,2025-11-27 07:17:00,Arr 0804,2025-11-27,False
HNL,LIH,HA 1013,HAL,HA 1013,HAL,2025-11-27 06:15:00,Arr 0643,2025-11-27,False
OGG,HNL,HA 1015,HAL,HA 1015,HAL,2025-11-27 06:47:00,Arr 0718,2025-11-27,False
HNL,OGG,HA 1016,HAL,HA 1016,HAL,2025-11-27 06:00:00,Arr 0637,2025-11-27,False
KOA,HNL,HA 1017,HAL,HA 1017,HAL,2025-11-27 07:00:00,Arr 0741,2025-11-27,False
HNL,KOA,HA 1018,HAL,HA 1018,HAL,2025-11-27 06:30:00,Arr 0710,2025-11-27,False
ITO,OGG,HA 1019,HAL,HA 1019,HAL,2025-11-27 08:40:00,Arr 0918,2025-11-27,False
ITO,HNL,HA 1021,HAL,HA 1021,HAL,2025-11-27 09:49:00,Arr 1041,2025-11-27,False
HNL,ITO,HA 1022,HAL,HA 1022,HAL,2025-11-27 08:25:00,Arr 0917,2025-11-27,False
HNL,LIH,HA 1023,HAL,HA 1023,HAL,2025-11-27 07:15:00,Arr 0745,2025-11-27,False
LIH,HNL,HA 1024,HAL,HA 1024,HAL,2025-11-27 07:28:00,Arr 0800,2025-11-27,False
OGG,HNL,HA 1025,HAL,HA 1025,HAL,2025-11-27 07:10:00,Arr 0751 (+1min),2025-11-27,False
HNL,OGG,HA 1026,HAL,HA 1026,HAL,2025-11-27 07:00:00,Arr 0735,2025-11-27,False
KOA,HNL,HA 1027,HAL,HA 1027,HAL,2025-11-27 08:44:00,Arr 0926,2025-11-27,False
HNL,KOA,HA 1028,HAL,HA 1028,HAL,2025-11-27 07:25:00,Arr 0802,2025-11-27,False
KOA,LIH,HA 1029,HAL,HA 1029,HAL,2025-11-27 09:45:00,Arr 1035,2025-11-27,False
OGG,KOA,HA 1030,HAL,HA 1030,HAL,2025-11-27 12:15:00,Arr 1242,2025-11-27,False
ITO,HNL,HA 1031,HAL,HA 1031,HAL,2025-11-27 10:55:00,Arr 1215 (+25min),2025-11-27,False
HNL,ITO,HA 1032,HAL,HA 1032,HAL,2025-11-27 09:31:00,Arr 1029 (+4min),2025-11-27,False
HNL,LIH,HA 1033,HAL,HA 1033,HAL,2025-11-27 08:07:00,Arr 0906 (+17min),2025-11-27,False
LIH,HNL,HA 1034,HAL,HA 1034,HAL,2025-11-27 08:26:00,Arr 0904 (+2min),2025-11-27,False
OGG,HNL,HA 1035,HAL,HA 1035,HAL,2025-11-27 08:09:00,Arr 0844,2025-11-27,False
KOA,HNL,HA 1037,HAL,HA 1037,HAL,2025-11-27 10:31:00,Arr 1129 (+9min),2025-11-27,False
HNL,KOA,HA 1038,HAL,HA 1038,HAL,2025-11-27 08:07:00,Arr 0850,2025-11-27,False
KOA,OGG,HA 1039,HAL,HA 1039,HAL,2025-11-27 09:12:00,Arr 0949 (+1min),2025-11-27,False
LIH,OGG,HA 1040,HAL,HA 1040,HAL,2025-11-27 14:41:00,Arr 1528,2025-11-27,False
ITO,HNL,HA 1041,HAL,HA 1041,HAL,2025-11-27 12:45:00,Arr 1704 (+203min),2025-11-27,False
HNL,ITO,HA 1042,HAL,HA 1042,HAL,2025-11-27 11:21:00,Diverted,2025-11-27,False
HNL,LIH,HA 1043,HAL,HA 1043,HAL,2025-11-27 09:00:00,Arr 0937,2025-11-27,False
LIH,HNL,HA 1044,HAL,HA 1044,HAL,2025-11-27 09:20:00,Arr 1027 (+30min),2025-11-27,False
HNL,OGG,HA 1046,HAL,HA 1046,HAL,2025-11-27 08:27:00,Arr 0910 (+2min),2025-11-27,False
KOA,HNL,HA 1047,HAL,HA 1047,HAL,2025-11-27 11:25:00,Arr 1207,2025-11-27,False
HNL,KOA,HA 1048,HAL,HA 1048,HAL,2025-11-27 09:14:00,Arr 1003 (+2min),2025-11-27,False
OGG,LIH,HA 1049,HAL,HA 1049,HAL,2025-11-27 12:40:00,Arr 1335 (+4min),2025-11-27,False
ITO,HNL,HA 1051,HAL,HA 1051,HAL,2025-11-27 14:07:00,Arr 1500,2025-11-27,False
HNL,ITO,HA 1052,HAL,HA 1052,HAL,2025-11-27 12:27:00,Arr 1326 (+4min),2025-11-27,False
HNL,LIH,HA 1053,HAL,HA 1053,HAL,2025-11-27 10:30:00,Arr 1114 (+2min),2025-11-27,False
LIH,HNL,HA 1054,HAL,HA 1054,HAL,2025-11-27 10:14:00,Arr 1044,2025-11-27,False
OGG,HNL,HA 1055,HAL,HA 1055,HAL,2025-11-27 09:38:00,Arr 1016,2025-11-27,False
HNL,OGG,HA 1056,HAL,HA 1056,HAL,2025-11-27 09:47:00,Arr 1032 (+4min),2025-11-27,False
KOA,HNL,HA 1057,HAL,HA 1057,HAL,2025-11-27 12:55:00,Arr 1339,2025-11-27,False
HNL,KOA,HA 1058,HAL,HA 1058,HAL,2025-11-27 10:04:00,Arr 1050,2025-11-27,False
ITO,HNL,HA 1061,HAL,HA 1061,HAL,2025-11-27 15:02:00,Arr 1603 (+6min),2025-11-27,False
HNL,ITO,HA 1062,HAL,HA 1062,HAL,2025-11-27 13:35:00,Arr 1433 (+3min),2025-11-27,False
LIH,HNL,HA 1064,HAL,HA 1064,HAL,2025-11-27 11:21:00,Arr 1155,2025-11-27,False
OGG,HNL,HA 1065,HAL,HA 1065,HAL,2025-11-27 09:58:00,Arr 1040 (+1min),2025-11-27,False
HNL,OGG,HA 1066,HAL,HA 1066,HAL,2025-11-27 13:55:00,Arr 1516 (+38min),2025-11-27,False
KOA,HNL,HA 1067,HAL,HA 1067,HAL,2025-11-27 13:35:00,Arr 1410,2025-11-27,False
HNL,KOA,HA 1068,HAL,HA 1068,HAL,2025-11-27 10:55:00,Arr 1156 (+15min),2025-11-27,False
ITO,HNL,HA 1071,HAL,HA 1071,HAL,2025-11-27 16:33:00,Arr 1722,2025-11-27,False
HNL,ITO,HA 1072,HAL,HA 1072,HAL,2025-11-27 15:10:00,Arr 1556,2025-11-27,False
HNL,LIH,HA 1073,HAL,HA 1073,HAL,2025-11-27 12:07:00,Arr 1255 (+5min),2025-11-27,False
OGG,HNL,HA 1075,HAL,HA 1075,HAL,2025-11-27 10:18:00,Arr 1057,2025-11-27,False
HNL,OGG,HA 1076,HAL,HA 1076,HAL,2025-11-27 10:59:00,Arr 1136,2025-11-27,False
KOA,HNL,HA 1077,HAL,HA 1077,HAL,2025-11-27 14:04:00,Arr 1506 (+12min),2025-11-27,False
HNL,KOA,HA 1078,HAL,HA 1078,HAL,2025-11-27 11:37:00,Arr 1217,2025-11-27,False
ITO,HNL,HA 1081,HAL,HA 1081,HAL,2025-11-27 17:59:00,Arr 1851,2025-11-27,False
HNL,ITO,HA 1082,HAL,HA 1082,HAL,2025-11-27 16:34:00,Arr 1719,2025-11-27,False
HNL,LIH,HA 1083,HAL,HA 1083,HAL,2025-11-27 13:26:00,Arr 1415 (+4min),2025-11-27,False
LIH,HNL,HA 1084,HAL,HA 1084,HAL,2025-11-27 13:20:00,Arr 1356,2025-11-27,False
OGG,HNL,HA 1085,HAL,HA 1085,HAL,2025-11-27 10:48:00,Arr 1122,2025-11-27,False
HNL,OGG,HA 1086,HAL,HA 1086,HAL,2025-11-27 11:29:00,Arr 1219 (+9min),2025-11-27,False
HNL,KOA,HA 1088,HAL,HA 1088,HAL,2025-11-27 12:45:00,Arr 1351 (+17min),2025-11-27,False
ITO,HNL,HA 1091,HAL,HA 1091,HAL,2025-11-27 18:44:00,Arr 1928,2025-11-27,False
HNL,ITO,HA 1092,HAL,HA 1092,HAL,2025-11-27 18:20:00,Arr 1919 (+6min),2025-11-27,False
HNL,LIH,HA 1093,HAL,HA 1093,HAL,2025-11-27 10:55:00,Arr 1134,2025-11-27,False
LIH,HNL,HA 1094,HAL,HA 1094,HAL,2025-11-27 14:01:00,Arr 1442 (+3min),2025-11-27,False
OGG,HNL,HA 1095,HAL,HA 1095,HAL,2025-11-27 14:37:00,Arr 1514,2025-11-27,False
KOA,HNL,HA 1097,HAL,HA 1097,HAL,2025-11-27 15:40:00,Arr 1617,2025-11-27,False
ITO,HNL,HA 1101,HAL,HA 1101,HAL,2025-11-27 19:44:00,Arr 2033,2025-11-27,False
HNL,ITO,HA 1102,HAL,HA 1102,HAL,2025-11-27 07:57:00,Arr 0848,2025-11-27,False
HNL,LIH,HA 1103,HAL,HA 1103,HAL,2025-11-27 14:33:00,Arr 1519 (+3min),2025-11-27,False
LIH,HNL,HA 1104,HAL,HA 1104,HAL,2025-11-27 15:34:00,Arr 1625 (+14min),2025-11-27,False
OGG,HNL,HA 1105,HAL,HA 1105,HAL,2025-11-27 11:10:00,Arr 1148,2025-11-27,False
HNL,OGG,HA 1106,HAL,HA 1106,HAL,2025-11-27 12:59:00,Arr 1405 (+22min),2025-11-27,False
ITO,HNL,HA 1111,HAL,HA 1111,HAL,2025-11-27 09:20:00,Arr 1006,2025-11-27,False
HNL,ITO,HA 1112,HAL,HA 1112,HAL,2025-11-27 19:35:00,Arr 2024,2025-11-27,False
HNL,LIH,HA 1113,HAL,HA 1113,HAL,2025-11-27 15:40:00,Arr 1616,2025-11-27,False
LIH,HNL,HA 1114,HAL,HA 1114,HAL,2025-11-27 12:13:00,Arr 1235,2025-11-27,False
OGG,HNL,HA 1115,HAL,HA 1115,HAL,2025-11-27 11:30:00,Arr 1234 (+22min),2025-11-27,False
HNL,OGG,HA 1116,HAL,HA 1116,HAL,2025-11-27 13:23:00,Arr 1359,2025-11-27,False
KOA,HNL,HA 1117,HAL,HA 1117,HAL,2025-11-27 16:46:00,Arr 1726,2025-11-27,False
HNL,KOA,HA 1118,HAL,HA 1118,HAL,2025-11-27 16:10:00,Arr 1703 (+7min),2025-11-27,False
LIH,KOA,HA 1120,HAL,HA 1120,HAL,2025-11-27 17:00:00,Arr 1744,2025-11-27,False
HNL,LIH,HA 1123,HAL,HA 1123,HAL,2025-11-27 16:43:00,Arr 1719,2025-11-27,False
LIH,HNL,HA 1124,HAL,HA 1124,HAL,2025-11-27 16:05:00,Arr 1629,2025-11-27,False
OGG,HNL,HA 1125,HAL,HA 1125,HAL,2025-11-27 12:00:00,Arr 2130 (+527min),2025-11-27,False
HNL,OGG,HA 1126,HAL,HA 1126,HAL,2025-11-27 14:25:00,Arr 1504,2025-11-27,False
KOA,HNL,HA 1127,HAL,HA 1127,HAL,2025-11-27 17:26:00,Arr 1822 (+8min),2025-11-27,False
OGG,ITO,HA 1129,HAL,HA 1129,HAL,2025-11-27 17:00:00,Arr 1733,2025-11-27,False
HNL,LIH,HA 1133,HAL,HA 1133,HAL,2025-11-27 17:15:00,Arr 1752,2025-11-27,False
LIH,HNL,HA 1134,HAL,HA 1134,HAL,2025-11-27 17:18:00,Arr 1747,2025-11-27,False
OGG,KOA,HA 1140,HAL,HA 1140,HAL,2025-11-27 13:51:00,Arr 1419,2025-11-27,False
HNL,LIH,HA 1143,HAL,HA 1143,HAL,2025-11-27 18:00:00,Arr 1837,2025-11-27,False
LIH,HNL,HA 1144,HAL,HA 1144,HAL,2025-11-27 18:10:00,Arr 1838,2025-11-27,False
OGG,HNL,HA 1145,HAL,HA 1145,HAL,2025-11-27 13:33:00,Arr 1415,2025-11-27,False
HNL,OGG,HA 1146,HAL,HA 1146,HAL,2025-11-27 15:45:00,Arr 1617,2025-11-27,False
HNL,KOA,HA 1148,HAL,HA 1148,HAL,2025-11-27 18:31:00,Arr 1904,2025-11-27,False
KOA,OGG,HA 1149,HAL,HA 1149,HAL,2025-11-27 10:45:00,Arr 1114,2025-11-27,False
LIH,OGG,HA 1150,HAL,HA 1150,HAL,2025-11-27 10:12:00,Arr 1054,2025-11-27,False
HNL,LIH,HA 1153,HAL,HA 1153,HAL,2025-11-27 18:47:00,Arr 1921,2025-11-27,False
LIH,HNL,HA 1154,HAL,HA 1154,HAL,2025-11-27 19:12:00,Arr 1934,2025-11-27,False
OGG,HNL,HA 1155,HAL,HA 1155,HAL,2025-11-27 15:38:00,Arr 1618,2025-11-27,False
HNL,OGG,HA 1156,HAL,HA 1156,HAL,2025-11-27 16:15:00,Arr 1650,2025-11-27,False
OGG,LIH,HA 1159,HAL,HA 1159,HAL,2025-11-27 14:13:00,Arr 1524 (+20min),2025-11-27,False
HNL,LIH,HA 1163,HAL,HA 1163,HAL,2025-11-27 19:49:00,Arr 2048 (+18min),2025-11-27,False
LIH,HNL,HA 1164,HAL,HA 1164,HAL,2025-11-27 19:59:00,Arr 2023,2025-11-27,False
HNL,OGG,HA 1166,HAL,HA 1166,HAL,2025-11-27 16:48:00,Arr 1728,2025-11-27,False
OGG,HNL,HA 1175,HAL,HA 1175,HAL,2025-11-27 17:27:00,Arr 1801,2025-11-27,False
HNL,OGG,HA 1176,HAL,HA 1176,HAL,2025-11-27 17:19:00,Arr 1749,2025-11-27,False
OGG,HNL,HA 1185,HAL,HA 1185,HAL,2025-11-27 18:20:00,Arr 1900,2025-11-27,False
HNL,OGG,HA 1186,HAL,HA 1186,HAL,2025-11-27 18:05:00,Arr 1842,2025-11-27,False
OGG,HNL,HA 1195,HAL,HA 1195,HAL,2025-11-27 19:15:00,Arr 2028 (+33min),2025-11-27,False
HNL,OGG,HA 1216,HAL,HA 1216,HAL,2025-11-27 19:45:00,Arr 2020,2025-11-27,False
OGG,KOA,HA 1250,HAL,HA 1250,HAL,2025-11-27 15:15:00,Arr 1616 (+26min),2025-11-27,False
KOA,OGG,HA 1259,HAL,HA 1259,HAL,2025-11-27 12:27:00,Arr 1305 (+2min),2025-11-27,False
LIH,OGG,HA 1260,HAL,HA 1260,HAL,2025-11-27 12:33:00,Arr 1310,2025-11-27,False
OGG,LIH,HA 1269,HAL,HA 1269,HAL,2025-11-27 15:59:00,Arr 1634,2025-11-27,False
MQT,ORD,AA 3338,AAL,MQ 3338,EGF,2025-11-27 08:06:00,Arr 1832 (+583min),2025-11-27,False
ORD,BNA,AA 3340,AAL,MQ 3340,EGF,2025-11-27 15:05:00,Arr 1623,2025-11-27,False
ORD,BUF,AA 3342,AAL,MQ 3342,EGF,2025-11-27 13:10:00,Arr 1529,2025-11-27,False
ORD,BUF,AA 3344,AAL,MQ 3344,EGF,2025-11-27 07:00:00,Arr 0946 (+9min),2025-11-27,False
ROC,ORD,AA 3346,AAL,MQ 3346,EGF,2025-11-27 11:20:00,Arr 1200,2025-11-27,False
ORD,ELP,AA 3348,AAL,MQ 3348,EGF,2025-11-27 14:55:00,Arr 1723,2025-11-27,False
ORD,FAR,AA 3349,AAL,MQ 3349,EGF,2025-11-27 09:40:00,Arr 1138,2025-11-27,False
MAF,DFW,AA 3352,AAL,MQ 3352,EGF,2025-11-27 08:08:00,Arr 0906,2025-11-27,False
ORD,CMH,AA 3353,AAL,MQ 3353,EGF,2025-11-27 08:19:00,Arr 1030,2025-11-27,False
DFW,CMH,AA 3356,AAL,MQ 3356,EGF,2025-11-27 12:56:00,Arr 1638 (+6min),2025-11-27,False
EVV,DFW,AA 3358,AAL,MQ 3358,EGF,2025-11-27 06:00:00,Arr 0751,2025-11-27,False
SAV,MIA,AA 3360,AAL,MQ 3360,EGF,2025-11-27 07:14:00,Arr 0848 (+2min),2025-11-27,False
CRP,DFW,AA 3362,AAL,MQ 3362,EGF,2025-11-27 10:11:00,Arr 1122,2025-11-27,False
ORD,MSN,AA 3366,AAL,MQ 3366,EGF,2025-11-27 09:45:00,Arr 1036,2025-11-27,False
AVP,ORD,AA 3367,AAL,MQ 3367,EGF,2025-11-27 06:00:00,Arr 0736 (+10min),2025-11-27,False
XNA,ORD,AA 3368,AAL,MQ 3368,EGF,2025-11-27 12:00:00,Arr 1358 (+5min),2025-11-27,False
BMI,DFW,AA 3370,AAL,MQ 3370,EGF,2025-11-27 06:10:00,Arr 0810,2025-11-27,False
LIT,CLT,AA 3371,AAL,MQ 3371,EGF,2025-11-27 07:01:00,Arr 0951,2025-11-27,False
LRD,DFW,AA 3372,AAL,MQ 3372,EGF,2025-11-27 05:40:00,Arr 0735 (+24min),2025-11-27,False
FAR,DFW,AA 3373,AAL,MQ 3373,EGF,2025-11-27 06:00:00,Arr 0840,2025-11-27,False
PNS,MIA,AA 3386,AAL,MQ 3386,EGF,2025-11-27 06:00:00,Arr 0843 (+2min),2025-11-27,False
DFW,AMA,AA 3388,AAL,MQ 3388,EGF,2025-11-27 10:25:00,Arr 1139,2025-11-27,False
MDT,ORD,AA 3389,AAL,MQ 3389,EGF,2025-11-27 06:07:00,Arr 0702,2025-11-27,False
BOI,PHX,AA 3390,AAL,MQ 3390,EGF,2025-11-27 11:15:00,Arr 1354 (+32min),2025-11-27,False
PHX,BOI,AA 3390,AAL,MQ 3390,EGF,2025-11-27 08:20:00,Arr 1119 (+42min),2025-11-27,False
BHM,ORD,AA 3401,AAL,MQ 3401,EGF,2025-11-27 06:23:00,Arr 0826,2025-11-27,False
ORD,MDT,AA 3402,AAL,MQ 3402,EGF,2025-11-27 08:00:00,Arr 1034,2025-11-27,False
ORD,CID,AA 3403,AAL,MQ 3403,EGF,2025-11-27 15:20:00,Arr 1611,2025-11-27,False
DFW,BMI,AA 3404,AAL,MQ 3404,EGF,2025-11-27 13:07:00,Arr 1511,2025-11-27,False
STS,PHX,AA 3407,AAL,MQ 3407,EGF,2025-11-27 12:37:00,Arr 1523,2025-11-27,False
MDT,ORD,AA 3408,AAL,MQ 3408,EGF,2025-11-27 11:27:00,Arr 1159,2025-11-27,False
GRR,ORD,AA 3409,AAL,MQ 3409,EGF,2025-11-27 09:29:00,Arr 1027 (+41min),2025-11-27,False
ORD,GRR,AA 3409,AAL,MQ 3409,EGF,2025-11-27 06:59:00,Arr 0939 (+41min),2025-11-27,False
BUF,ORD,AA 3410,AAL,MQ 3410,EGF,2025-11-27 10:07:00,Arr 1124 (+19min),2025-11-27,False
GSO,ORD,AA 3413,AAL,MQ 3413,EGF,2025-11-27 06:15:00,Arr 0707,2025-11-27,False
PHX,ELP,AA 3414,AAL,MQ 3414,EGF,2025-11-27 13:37:00,Arr 1440,2025-11-27,False
ORD,LIT,AA 3415,AAL,MQ 3415,EGF,2025-11-27 13:56:00,Arr 1539,2025-11-27,False
PHX,GJT,AA 3418,AAL,MQ 3418,EGF,2025-11-27 16:30:00,Arr 1820 (+23min),2025-11-27,False
CWA,ORD,AA 3421,AAL,MQ 3421,EGF,2025-11-27 06:00:00,Arr 0751 (+21min),2025-11-27,False
MIA,BHM,AA 3422,AAL,MQ 3422,EGF,2025-11-27 17:02:00,Arr 1817 (+9min),2025-11-27,False
BHM,MIA,AA 3423,AAL,MQ 3423,EGF,2025-11-27 06:05:00,Arr 0905,2025-11-27,False
DTW,ORD,AA 3428,AAL,MQ 3428,EGF,2025-11-27 13:40:00,Arr 1345,2025-11-27,False
CID,ORD,AA 3430,AAL,MQ 3430,EGF,2025-11-27 06:00:00,Arr 0725,2025-11-27,False
DFW,CLL,AA 3431,AAL,MQ 3431,EGF,2025-11-27 08:33:00,Arr 0915,2025-11-27,False
BMI,ORD,AA 3434,AAL,MQ 3434,EGF,2025-11-27 05:00:00,Arr 0603,2025-11-27,False
MIA,GSP,AA 3435,AAL,MQ 3435,EGF,2025-11-27 20:00:00,Arr 2147,2025-11-27,False
ELP,ORD,AA 3438,AAL,MQ 3438,EGF,2025-11-27 06:00:00,Arr 1005,2025-11-27,False
ORD,LAN,AA 3443,AAL,MQ 3443,EGF,2025-11-27 10:07:00,Arr 1202,2025-11-27,False
RAP,DFW,AA 3445,AAL,MQ 3445,EGF,2025-11-27 07:30:00,Arr 1048,2025-11-27,False
CMH,ORD,AA 3446,AAL,MQ 3446,EGF,2025-11-27 06:45:00,Arr 0701,2025-11-27,False
DFW,GJT,AA 3454,AAL,MQ 3454,EGF,2025-11-27 08:44:00,Arr 0954,2025-11-27,False
AZO,ORD,AA 3458,AAL,MQ 3458,EGF,2025-11-27 06:00:00,Cancelled,2025-11-27,False
ORD,SGF,AA 3460,AAL,MQ 3460,EGF,2025-11-27 12:52:00,Arr 1411,2025-11-27,False
MSN,ORD,AA 3464,AAL,MQ 3464,EGF,2025-11-27 05:00:00,Arr 0611,2025-11-27,False
DFW,HOU,AA 3467,AAL,MQ 3467,EGF,2025-11-27 08:17:00,Arr 0919,2025-11-27,False
HOU,DFW,AA 3467,AAL,MQ 3467,EGF,2025-11-27 10:11:00,Arr 1115,2025-11-27,False
DFW,ABI,AA 3468,AAL,MQ 3468,EGF,2025-11-27 13:06:00,Arr 1347,2025-11-27,False
GJT,PHX,AA 3469,AAL,MQ 3469,EGF,2025-11-27 06:00:00,Arr 0747,2025-11-27,False
FSM,DFW,AA 3471,AAL,MQ 3471,EGF,2025-11-27 06:00:00,Arr 0703,2025-11-27,False
ORD,DTW,AA 3472,AAL,MQ 3472,EGF,2025-11-27 09:40:00,Arr 1153,2025-11-27,False
EVV,ORD,AA 3475,AAL,MQ 3475,EGF,2025-11-27 07:00:00,Arr 0848 (+5min),2025-11-27,False
BOS,ORD,AA 3477,AAL,MQ 3477,EGF,2025-11-27 12:00:00,Arr 1347,2025-11-27,False
DFW,MOB,AA 3480,AAL,MQ 3480,EGF,2025-11-27 12:45:00,Arr 1416,2025-11-27,False
MHK,DFW,AA 3481,AAL,MQ 3481,EGF,2025-11-27 05:20:00,Arr 0712 (+7min),2025-11-27,False
CMI,ORD,AA 3484,AAL,MQ 3484,EGF,2025-11-27 11:16:00,Arr 1235 (+10min),2025-11-27,False
JAX,ORD,AA 3486,AAL,MQ 3486,EGF,2025-11-27 10:45:00,Arr 1210,2025-11-27,False
ORD,JAX,AA 3486,AAL,MQ 3486,EGF,2025-11-27 06:45:00,Arr 0955,2025-11-27,False
DFW,LBB,AA 3487,AAL,MQ 3487,EGF,2025-11-27 08:25:00,Arr 0929,2025-11-27,False
LBB,DFW,AA 3487,AAL,MQ 3487,EGF,2025-11-27 10:18:00,Arr 1129,2025-11-27,False
GRB,ORD,AA 3493,AAL,MQ 3493,EGF,2025-11-27 05:55:00,Arr 0718 (+3min),2025-11-27,False
DFW,SGF,AA 3495,AAL,MQ 3495,EGF,2025-11-27 08:15:00,Arr 0929,2025-11-27,False
HPN,ORD,AA 3496,AAL,MQ 3496,EGF,2025-11-27 07:10:00,Arr 0827,2025-11-27,False
PHX,STS,AA 3498,AAL,MQ 3498,EGF,2025-11-27 08:20:00,Arr 0925,2025-11-27,False
DFW,LRD,AA 3502,AAL,MQ 3502,EGF,2025-11-27 12:40:00,Arr 1404,2025-11-27,False
DFW,MAF,AA 3504,AAL,MQ 3504,EGF,2025-11-27 08:21:00,Arr 0929,2025-11-27,False
MAF,DFW,AA 3504,AAL,MQ 3504,EGF,2025-11-27 10:15:00,Arr 1113,2025-11-27,False
DFW,MAF,AA 3505,AAL,MQ 3505,EGF,2025-11-27 10:27:00,Arr 1139,2025-11-27,False
XNA,DFW,AA 3509,AAL,MQ 3509,EGF,2025-11-27 07:30:00,Arr 0853,2025-11-27,False
ECP,DFW,AA 3510,AAL,MQ 3510,EGF,2025-11-27 06:47:00,Arr 0849,2025-11-27,False
MIA,GRR,AA 3513,AAL,MQ 3513,EGF,2025-11-27 20:40:00,Arr 2353,2025-11-27,False
ATW,ORD,AA 3515,AAL,MQ 3515,EGF,2025-11-27 05:20:00,Arr 0627,2025-11-27,False
LAN,ORD,AA 3516,AAL,MQ 3516,EGF,2025-11-27 06:00:00,Arr 0624 (+4min),2025-11-27,False
DFW,MLU,AA 3518,AAL,MQ 3518,EGF,2025-11-27 08:15:00,Arr 0917,2025-11-27,False
COU,DFW,AA 3525,AAL,MQ 3525,EGF,2025-11-27 07:09:00,Arr 1207 (+168min),2025-11-27,False
PIA,ORD,AA 3529,AAL,MQ 3529,EGF,2025-11-27 06:00:00,Arr 0647,2025-11-27,False
DFW,RAP,AA 3535,AAL,MQ 3535,EGF,2025-11-27 11:47:00,Arr 1326 (+14min),2025-11-27,False
MSN,ORD,AA 3536,AAL,MQ 3536,EGF,2025-11-27 11:23:00,Arr 1201,2025-11-27,False
ORD,GSO,AA 3540,AAL,MQ 3540,EGF,2025-11-27 14:00:00,Arr 1630,2025-11-27,False
PHX,SJC,AA 3544,AAL,MQ 3544,EGF,2025-11-27 08:17:00,Arr 0901,2025-11-27,False
SJC,PHX,AA 3544,AAL,MQ 3544,EGF,2025-11-27 09:57:00,Arr 1235,2025-11-27,False
GRR,ORD,AA 3545,AAL,MQ 3545,EGF,2025-11-27 06:00:00,Arr 0617 (+7min),2025-11-27,False
DFW,CRP,AA 3546,AAL,MQ 3546,EGF,2025-11-27 10:16:00,Arr 1141,2025-11-27,False
DFW,GPT,AA 3548,AAL,MQ 3548,EGF,2025-11-27 09:59:00,Arr 1126,2025-11-27,False
ATW,ORD,AA 3550,AAL,MQ 3550,EGF,2025-11-27 09:46:00,Arr 1035,2025-11-27,False
ORD,ATW,AA 3550,AAL,MQ 3550,EGF,2025-11-27 08:07:00,Arr 0910,2025-11-27,False
DFW,SGF,AA 3555,AAL,MQ 3555,EGF,2025-11-27 12:40:00,Arr 1421 (+3min),2025-11-27,False
AZO,ORD,AA 3559,AAL,MQ 3559,EGF,2025-11-27 10:36:00,Arr 1054 (+6min),2025-11-27,False
ORD,AZO,AA 3559,AAL,MQ 3559,EGF,2025-11-27 08:04:00,Cancelled,2025-11-27,False
ORD,AZO,AA 3560,AAL,MQ 3560,EGF,2025-11-27 13:43:00,Arr 1530,2025-11-27,False
GRK,DFW,AA 3563,AAL,MQ 3563,EGF,2025-11-27 06:05:00,Arr 0645,2025-11-27,False
CLE,ORD,AA 3565,AAL,MQ 3565,EGF,2025-11-27 08:03:00,Arr 0837,2025-11-27,False
ORD,CLE,AA 3566,AAL,MQ 3566,EGF,2025-11-27 13:35:00,Arr 1541,2025-11-27,False
CMH,ORD,AA 3572,AAL,MQ 3572,EGF,2025-11-27 10:15:00,Arr 1030,2025-11-27,False
HRL,DFW,AA 3576,AAL,MQ 3576,EGF,2025-11-27 10:13:00,Arr 1138,2025-11-27,False
ORD,CVG,AA 3585,AAL,MQ 3585,EGF,2025-11-27 13:15:00,Arr 1515,2025-11-27,False
ORD,CVG,AA 3586,AAL,MQ 3586,EGF,2025-11-27 14:20:00,Arr 1618,2025-11-27,False
ORD,CWA,AA 3593,AAL,MQ 3593,EGF,2025-11-27 15:31:00,Arr 1637,2025-11-27,False
ORD,XNA,AA 3595,AAL,MQ 3595,EGF,2025-11-27 08:25:00,Arr 1012,2025-11-27,False
BOS,CVG,AA 3596,AAL,MQ 3596,EGF,2025-11-27 12:30:00,Arr 1444,2025-11-27,False
ORD,MSN,AA 3598,AAL,MQ 3598,EGF,2025-11-27 15:15:00,Arr 1809 (+115min),2025-11-27,False
ORD,BOS,AA 3600,AAL,MQ 3600,EGF,2025-11-27 08:30:00,Arr 1140,2025-11-27,False
DSM,ORD,AA 3601,AAL,MQ 3601,EGF,2025-11-27 05:41:00,Arr 0744 (+21min),2025-11-27,False
GSP,ORD,AA 3603,AAL,MQ 3603,EGF,2025-11-27 06:40:00,Arr 0735,2025-11-27,False
ORD,EVV,AA 3605,AAL,MQ 3605,EGF,2025-11-27 12:00:00,Arr 1307,2025-11-27,False
BWI,MIA,AA 3607,AAL,MQ 3607,EGF,2025-11-27 17:21:00,Arr 2044 (+39min),2025-11-27,False
MIA,BWI,AA 3607,AAL,MQ 3607,EGF,2025-11-27 14:07:00,Arr 1720 (+32min),2025-11-27,False
CMI,ORD,AA 3609,AAL,MQ 3609,EGF,2025-11-27 06:00:00,Arr 0711,2025-11-27,False
CLE,ORD,AA 3614,AAL,MQ 3614,EGF,2025-11-27 06:24:00,Arr 0650,2025-11-27,False
MIA,CMH,AA 3616,AAL,MQ 3616,EGF,2025-11-27 20:04:00,Arr 2240,2025-11-27,False
CVG,MIA,AA 3618,AAL,MQ 3618,EGF,2025-11-27 06:35:00,Arr 0914,2025-11-27,False
SGF,DFW,AA 3624,AAL,MQ 3624,EGF,2025-11-27 07:10:00,Arr 0848,2025-11-27,False
ORD,GRB,AA 3631,AAL,MQ 3631,EGF,2025-11-27 09:00:00,Arr 0952,2025-11-27,False
LSE,ORD,AA 3634,AAL,MQ 3634,EGF,2025-11-27 09:50:00,Arr 1050,2025-11-27,False
ORD,LSE,AA 3634,AAL,MQ 3634,EGF,2025-11-27 08:00:00,Arr 0900,2025-11-27,False
ORD,LSE,AA 3635,AAL,MQ 3635,EGF,2025-11-27 16:48:00,Arr 1801,2025-11-27,False
DFW,LBB,AA 3637,AAL,MQ 3637,EGF,2025-11-27 10:46:00,Arr 1149,2025-11-27,False
GSO,MIA,AA 3640,AAL,MQ 3640,EGF,2025-11-27 07:10:00,Arr 0917,2025-11-27,False
LIT,DFW,AA 3641,AAL,MQ 3641,EGF,2025-11-27 07:35:00,Arr 0919 (+5min),2025-11-27,False
CMH,MIA,AA 3642,AAL,MQ 3642,EGF,2025-11-27 08:16:00,Arr 1053,2025-11-27,False
ELP,PHX,AA 3643,AAL,MQ 3643,EGF,2025-11-27 08:45:00,Arr 1011,2025-11-27,False
PHX,SBP,AA 4274,AAL,MQ 4274,EGF,2025-11-27 15:00:00,Arr 1530,2025-11-27,False
DFW,AVL,AA 4275,AAL,MQ 4275,EGF,2025-11-27 12:45:00,Arr 1549,2025-11-27,False
DCA,ORD,AA 4276,AAL,MQ 4276,EGF,2025-11-27 06:00:00,Arr 0722,2025-11-27,False
ORD,AVP,AA 4283,AAL,MQ 4283,EGF,2025-11-27 14:50:00,Arr 1725,2025-11-27,False
DFW,MSO,AA 4285,AAL,MQ 4285,EGF,2025-11-27 10:15:00,Arr 1256,2025-11-27,False
CLT,GSO,AA 4286,AAL,MQ 4286,EGF,2025-11-27 13:05:00,Arr 1347,2025-11-27,False
ORD,XNA,AA 4287,AAL,MQ 4287,EGF,2025-11-27 15:20:00,Arr 1657,2025-11-27,False
JAX,MIA,AA 4290,AAL,MQ 4290,EGF,2025-11-27 11:08:00,Arr 1222,2025-11-27,False
DFW,GRK,AA 4296,AAL,MQ 4296,EGF,2025-11-27 08:40:00,Arr 0921,2025-11-27,False
DFW,TLH,AA 4300,AAL,MQ 4300,EGF,2025-11-27 10:05:00,Arr 1258,2025-11-27,False
ORD,DSM,AA 4301,AAL,MQ 4301,EGF,2025-11-27 11:03:00,Arr 1223,2025-11-27,False
XNA,ORD,AA 4303,AAL,MQ 4303,EGF,2025-11-27 09:00:00,Arr 1046,2025-11-27,False
FSD,PHX,AA 4306,AAL,MQ 4306,EGF,2025-11-27 08:03:00,Arr 1013,2025-11-27,False
ORD,BHM,AA 4308,AAL,MQ 4308,EGF,2025-11-27 14:27:00,Arr 1558,2025-11-27,False
SPI,ORD,AA 4309,AAL,MQ 4309,EGF,2025-11-27 06:00:00,Arr 0710,2025-11-27,False
ORD,SPI,AA 4310,AAL,MQ 4310,EGF,2025-11-27 11:58:00,Arr 1246,2025-11-27,False
MIA,JAX,AA 4315,AAL,MQ 4315,EGF,2025-11-27 09:00:00,Arr 1018,2025-11-27,False
DFW,HRL,AA 4317,AAL,MQ 4317,EGF,2025-11-27 08:08:00,Arr 0936,2025-11-27,False
ALO,ORD,AA 4322,AAL,MQ 4322,EGF,2025-11-27 06:00:00,Arr 0710,2025-11-27,False
LIT,PHX,AA 4323,AAL,MQ 4323,EGF,2025-11-27 08:10:00,Arr 1027,2025-11-27,False
ORD,ALO,AA 4326,AAL,MQ 4326,EGF,2025-11-27 13:25:00,Arr 1425,2025-11-27,False
PHX,LIT,AA 4329,AAL,MQ 4329,EGF,2025-11-27 13:18:00,Arr 1654,2025-11-27,False
ABI,DFW,AA 3647,AAL,MQ 3647,EGF,2025-11-27 06:28:00,Arr 0739 (+3min),2025-11-27,False
ORD,MDT,AA 3651,AAL,MQ 3651,EGF,2025-11-27 13:10:00,Arr 1551,2025-11-27,False
MIA,SAV,AA 3654,AAL,MQ 3654,EGF,2025-11-27 14:14:00,Arr 1656 (+66min),2025-11-27,False
COU,ORD,AA 3655,AAL,MQ 3655,EGF,2025-11-27 06:32:00,Arr 0817 (+2min),2025-11-27,False
LIT,ORD,AA 3656,AAL,MQ 3656,EGF,2025-11-27 06:40:00,Arr 0845,2025-11-27,False
EYW,ORD,AA 3657,AAL,MQ 3657,EGF,2025-11-27 13:17:00,Arr 1540,2025-11-27,False
ORD,EYW,AA 3657,AAL,MQ 3657,EGF,2025-11-27 08:25:00,Arr 1229,2025-11-27,False
MIA,STL,AA 3659,AAL,MQ 3659,EGF,2025-11-27 15:45:00,Arr 1807 (+18min),2025-11-27,False
STL,MIA,AA 3659,AAL,MQ 3659,EGF,2025-11-27 18:20:00,Arr 2214 (+10min),2025-11-27,False
ORD,DCA,AA 3661,AAL,MQ 3661,EGF,2025-11-27 08:01:00,Arr 1111 (+12min),2025-11-27,False
OMA,ORD,AA 3673,AAL,MQ 3673,EGF,2025-11-27 09:17:00,Arr 1049,2025-11-27,False
ORD,OMA,AA 3673,AAL,MQ 3673,EGF,2025-11-27 07:05:00,Arr 0831,2025-11-27,False
BIS,DFW,AA 3675,AAL,MQ 3675,EGF,2025-11-27 06:00:00,Arr 0842,2025-11-27,False
MIA,CVG,AA 3676,AAL,MQ 3676,EGF,2025-11-27 19:30:00,Arr 2207,2025-11-27,False
BWI,ORD,AA 3679,AAL,MQ 3679,EGF,2025-11-27 11:44:00,Arr 1237,2025-11-27,False
ORD,BWI,AA 3679,AAL,MQ 3679,EGF,2025-11-27 08:16:00,Arr 1058,2025-11-27,False
ORD,SGF,AA 3681,AAL,MQ 3681,EGF,2025-11-27 08:00:00,Arr 0925,2025-11-27,False
SGF,ORD,AA 3681,AAL,MQ 3681,EGF,2025-11-27 10:21:00,Arr 1146,2025-11-27,False
TUL,ORD,AA 3683,AAL,MQ 3683,EGF,2025-11-27 09:00:00,Arr 1101 (+3min),2025-11-27,False
BWI,ORD,AA 3684,AAL,MQ 3684,EGF,2025-11-27 06:00:00,Arr 0652,2025-11-27,False
AMA,DFW,AA 3685,AAL,MQ 3685,EGF,2025-11-27 07:00:00,Arr 0756,2025-11-27,False
BIS,ORD,AA 3695,AAL,MQ 3695,EGF,2025-11-27 11:45:00,Arr 1342,2025-11-27,False
ORD,BIS,AA 3695,AAL,MQ 3695,EGF,2025-11-27 08:30:00,Arr 1036,2025-11-27,False
EYW,MIA,AA 3701,AAL,MQ 3701,EGF,2025-11-27 15:50:00,Arr 1643 (+2min),2025-11-27,False
LSE,ORD,AA 3704,AAL,MQ 3704,EGF,2025-11-27 06:00:00,Arr 0656,2025-11-27,False
SGF,DFW,AA 3706,AAL,MQ 3706,EGF,2025-11-27 09:40:00,Arr 1106,2025-11-27,False
ORD,BOS,AA 3710,AAL,MQ 3710,EGF,2025-11-27 07:15:00,Arr 1040,2025-11-27,False
ORD,GRR,AA 3718,AAL,MQ 3718,EGF,2025-11-27 15:10:00,Arr 1713 (+1min),2025-11-27,False
MIA,PNS,AA 3719,AAL,MQ 3719,EGF,2025-11-27 17:48:00,Arr 1827,2025-11-27,False
RDM,PHX,AA 3722,AAL,MQ 3722,EGF,2025-11-27 05:20:00,Arr 0839,2025-11-27,False
MIA,CMH,AA 3723,AAL,MQ 3723,EGF,2025-11-27 16:16:00,Arr 1846,2025-11-27,False
PHX,LBB,AA 3738,AAL,MQ 3738,EGF,2025-11-27 14:35:00,Arr 1704,2025-11-27,False
MIA,OMA,AA 3743,AAL,MQ 3743,EGF,2025-11-27 21:05:00,Arr 2345,2025-11-27,False
BIL,DFW,AA 3746,AAL,MQ 3746,EGF,2025-11-27 07:00:00,Arr 1010,2025-11-27,False
ELP,PHX,AA 3749,AAL,MQ 3749,EGF,2025-11-27 06:00:00,Arr 0714,2025-11-27,False
MIA,GSO,AA 3754,AAL,MQ 3754,EGF,2025-11-27 19:40:00,Arr 2134,2025-11-27,False
TRI,DFW,AA 3761,AAL,MQ 3761,EGF,2025-11-27 07:00:00,Arr 0853,2025-11-27,False
MIA,TLH,AA 3767,AAL,MQ 3767,EGF,2025-11-27 08:00:00,Arr 0914,2025-11-27,False
TLH,MIA,AA 3767,AAL,MQ 3767,EGF,2025-11-27 09:59:00,Arr 1115,2025-11-27,False
ORD,ATW,AA 3770,AAL,MQ 3770,EGF,2025-11-27 14:00:00,Arr 1447,2025-11-27,False
DFW,CRP,AA 3774,AAL,MQ 3774,EGF,2025-11-27 08:15:00,Arr 0919,2025-11-27,False
TXK,DFW,AA 3775,AAL,MQ 3775,EGF,2025-11-27 06:00:00,Arr 0708,2025-11-27,False
ORD,PNS,AA 3795,AAL,MQ 3795,EGF,2025-11-27 08:20:00,Arr 1036,2025-11-27,False
PNS,ORD,AA 3795,AAL,MQ 3795,EGF,2025-11-27 11:16:00,Arr 1346,2025-11-27,False
CWA,ORD,AA 3798,AAL,MQ 3798,EGF,2025-11-27 11:29:00,Arr 1231,2025-11-27,False
ORD,CWA,AA 3798,AAL,MQ 3798,EGF,2025-11-27 09:40:00,Arr 1029,2025-11-27,False
BOS,ORD,AA 3799,AAL,MQ 3799,EGF,2025-11-27 10:30:00,Arr 1213,2025-11-27,False
DFW,XNA,AA 3803,AAL,MQ 3803,EGF,2025-11-27 12:49:00,Arr 1359,2025-11-27,False
GSO,CLT,AA 3804,AAL,MQ 3804,EGF,2025-11-27 06:46:00,Arr 0732,2025-11-27,False
GSP,MIA,AA 3806,AAL,MQ 3806,EGF,2025-11-27 05:00:00,Arr 0702 (+8min),2025-11-27,False
XNA,DFW,AA 3807,AAL,MQ 3807,EGF,2025-11-27 05:41:00,Arr 0637,2025-11-27,False
HPN,ORD,AA 3812,AAL,MQ 3812,EGF,2025-11-27 12:00:00,Arr 1324,2025-11-27,False
ORD,HPN,AA 3812,AAL,MQ 3812,EGF,2025-11-27 08:21:00,Arr 1126,2025-11-27,False
MAF,DFW,AA 3813,AAL,MQ 3813,EGF,2025-11-27 06:05:00,Arr 0709,2025-11-27,False
GPT,DFW,AA 3816,AAL,MQ 3816,EGF,2025-11-27 05:20:00,Arr 0712,2025-11-27,False
HRL,DFW,AA 3818,AAL,MQ 3818,EGF,2025-11-27 05:40:00,Arr 0656,2025-11-27,False
DFW,COU,AA 3828,AAL,MQ 3828,EGF,2025-11-27 10:00:00,Arr 1136,2025-11-27,False
DFW,MHK,AA 3831,AAL,MQ 3831,EGF,2025-11-27 10:04:00,Arr 1137,2025-11-27,False
DFW,FSM,AA 3833,AAL,MQ 3833,EGF,2025-11-27 13:10:00,Arr 1410,2025-11-27,False
DFW,MTJ,AA 3838,AAL,MQ 3838,EGF,2025-11-27 10:20:00,Arr 1136,2025-11-27,False
DFW,BIS,AA 3839,AAL,MQ 3839,EGF,2025-11-27 11:13:00,Arr 1413 (+15min),2025-11-27,False
CMH,MIA,AA 3842,AAL,MQ 3842,EGF,2025-11-27 06:33:00,Arr 0907,2025-11-27,False
MTJ,DFW,AA 3846,AAL,MQ 3846,EGF,2025-11-27 08:00:00,Arr 1042,2025-11-27,False
EWR,ORD,AA 3848,AAL,MQ 3848,EGF,2025-11-27 11:45:00,Arr 1329 (+4min),2025-11-27,False
ORD,EWR,AA 3848,AAL,MQ 3848,EGF,2025-11-27 08:00:00,Arr 1140 (+25min),2025-11-27,False
DFW,LIT,AA 3852,AAL,MQ 3852,EGF,2025-11-27 12:51:00,Arr 1350,2025-11-27,False
SBP,PHX,AA 3856,AAL,MQ 3856,EGF,2025-11-27 06:00:00,Arr 0831,2025-11-27,False
TLH,MIA,AA 3858,AAL,MQ 3858,EGF,2025-11-27 06:00:00,Arr 0719,2025-11-27,False
CLT,HHH,AA 3865,AAL,MQ 3865,EGF,2025-11-27 09:07:00,Arr 1023,2025-11-27,False
HHH,CLT,AA 3865,AAL,MQ 3865,EGF,2025-11-27 10:54:00,Arr 1146,2025-11-27,False
DFW,GRK,AA 3866,AAL,MQ 3866,EGF,2025-11-27 10:13:00,Arr 1102,2025-11-27,False
MRY,PHX,AA 3873,AAL,MQ 3873,EGF,2025-11-27 12:57:00,Arr 1537,2025-11-27,False
PHX,MRY,AA 3873,AAL,MQ 3873,EGF,2025-11-27 11:05:00,Arr 1153,2025-11-27,False
MLI,DFW,AA 3879,AAL,MQ 3879,EGF,2025-11-27 05:56:00,Arr 0858 (+38min),2025-11-27,False
ORD,MSP,AA 3881,AAL,MQ 3881,EGF,2025-11-27 12:05:00,Arr 1330,2025-11-27,False
DFW,FSM,AA 3886,AAL,MQ 3886,EGF,2025-11-27 08:25:00,Arr 0929,2025-11-27,False
FSM,DFW,AA 3886,AAL,MQ 3886,EGF,2025-11-27 10:11:00,Arr 1111,2025-11-27,False
CVG,ORD,AA 3894,AAL,MQ 3894,EGF,2025-11-27 08:45:00,Arr 0918,2025-11-27,False
DFW,FAR,AA 3895,AAL,MQ 3895,EGF,2025-11-27 09:59:00,Arr 1241,2025-11-27,False
MSP,ORD,AA 3901,AAL,MQ 3901,EGF,2025-11-27 05:30:00,Arr 0721 (+10min),2025-11-27,False
PHX,YUM,AA 3903,AAL,MQ 3903,EGF,2025-11-27 08:30:00,Arr 0940 (+6min),2025-11-27,False
YUM,PHX,AA 3903,AAL,MQ 3903,EGF,2025-11-27 10:17:00,Arr 1100,2025-11-27,False
BNA,ORD,AA 3908,AAL,MQ 3908,EGF,2025-11-27 05:25:00,Arr 0717 (+2min),2025-11-27,False
GJT,DFW,AA 3912,AAL,MQ 3912,EGF,2025-11-27 05:00:00,Arr 0800,2025-11-27,False
CLL,DFW,AA 3915,AAL,MQ 3915,EGF,2025-11-27 06:10:00,Arr 0907 (+110min),2025-11-27,False
BRO,DFW,AA 3916,AAL,MQ 3916,EGF,2025-11-27 05:20:00,Arr 0700,2025-11-27,False
GSP,ORD,AA 3918,AAL,MQ 3918,EGF,2025-11-27 11:28:00,Arr 1218,2025-11-27,False
ORD,GSP,AA 3918,AAL,MQ 3918,EGF,2025-11-27 08:05:00,Arr 1040,2025-11-27,False
AMA,DFW,AA 3920,AAL,MQ 3920,EGF,2025-11-27 10:18:00,Arr 1109,2025-11-27,False
DFW,AMA,AA 3920,AAL,MQ 3920,EGF,2025-11-27 08:19:00,Arr 0931,2025-11-27,False
DFW,CMI,AA 3924,AAL,MQ 3924,EGF,2025-11-27 12:53:00,Arr 1445,2025-11-27,False
MEM,ORD,AA 3926,AAL,MQ 3926,EGF,2025-11-27 10:43:00,Arr 1244 (+8min),2025-11-27,False
ORD,MEM,AA 3926,AAL,MQ 3926,EGF,2025-11-27 08:14:00,Arr 1005,2025-11-27,False
PHX,RDM,AA 3929,AAL,MQ 3929,EGF,2025-11-27 11:59:00,Arr 1325,2025-11-27,False
GRR,MIA,AA 3930,AAL,MQ 3930,EGF,2025-11-27 06:00:00,Arr 0953 (+35min),2025-11-27,False
DFW,GNV,AA 3935,AAL,MQ 3935,EGF,2025-11-27 12:40:00,Arr 1545,2025-11-27,False
DFW,AEX,AA 3938,AAL,MQ 3938,EGF,2025-11-27 08:12:00,Arr 0912,2025-11-27,False
DFW,SPS,AA 3950,AAL,MQ 3950,EGF,2025-11-27 13:11:00,Arr 1412 (+2min),2025-11-27,False
DFW,SGF,AA 3952,AAL,MQ 3952,EGF,2025-11-27 10:07:00,Arr 1135,2025-11-27,False
ORD,CMI,AA 3959,AAL,MQ 3959,EGF,2025-11-27 09:41:00,Arr 1020,2025-11-27,False
ORD,VPS,AA 3960,AAL,MQ 3960,EGF,2025-11-27 08:29:00,Arr 1101 (+4min),2025-11-27,False
VPS,ORD,AA 3960,AAL,MQ 3960,EGF,2025-11-27 11:29:00,Arr 1409,2025-11-27,False
LCH,DFW,AA 3964,AAL,MQ 3964,EGF,2025-11-27 05:45:00,Arr 0717 (+3min),2025-11-27,False
MIA,TLH,AA 3966,AAL,MQ 3966,EGF,2025-11-27 18:34:00,Arr 2000,2025-11-27,False
DFW,ECP,AA 3971,AAL,MQ 3971,EGF,2025-11-27 10:33:00,Arr 1215,2025-11-27,False
ORD,ABQ,AA 3973,AAL,MQ 3973,EGF,2025-11-27 12:00:00,Arr 1357,2025-11-27,False
SGF,DFW,AA 3976,AAL,MQ 3976,EGF,2025-11-27 05:32:00,Arr 0700,2025-11-27,False
AEX,DFW,AA 3978,AAL,MQ 3978,EGF,2025-11-27 05:44:00,Arr 0653,2025-11-27,False
DFW,LRD,AA 3983,AAL,MQ 3983,EGF,2025-11-27 08:10:00,Arr 0933,2025-11-27,False
LRD,DFW,AA 3983,AAL,MQ 3983,EGF,2025-11-27 10:08:00,Arr 1114,2025-11-27,False
DFW,HRL,AA 3986,AAL,MQ 3986,EGF,2025-11-27 12:51:00,Arr 1416,2025-11-27,False
CLT,SGF,AA 3987,AAL,MQ 3987,EGF,2025-11-27 11:05:00,Arr 1215,2025-11-27,False
ORD,BWI,AA 3988,AAL,MQ 3988,EGF,2025-11-27 13:32:00,Arr 1612,2025-11-27,False
ORD,CID,AA 3989,AAL,MQ 3989,EGF,2025-11-27 12:30:00,Arr 1317,2025-11-27,False
ICT,ORD,AA 3994,AAL,MQ 3994,EGF,2025-11-27 06:22:00,Arr 0818 (+3min),2025-11-27,False
GGG,DFW,AA 3997,AAL,MQ 3997,EGF,2025-11-27 06:00:00,Arr 0649,2025-11-27,False
ORD,CMI,AA 4000,AAL,MQ 4000,EGF,2025-11-27 11:52:00,Arr 1240,2025-11-27,False
ORD,CMH,AA 4009,AAL,MQ 4009,EGF,2025-11-27 11:59:00,Arr 1414,2025-11-27,False
YUM,DFW,AA 4011,AAL,MQ 4011,EGF,2025-11-27 07:30:00,Arr 1104,2025-11-27,False
ORD,PIA,AA 4017,AAL,MQ 4017,EGF,2025-11-27 15:15:00,Arr 1557,2025-11-27,False
LBB,PHX,AA 4020,AAL,MQ 4020,EGF,2025-11-27 06:30:00,Arr 0736,2025-11-27,False
SPS,DFW,AA 4021,AAL,MQ 4021,EGF,2025-11-27 06:05:00,Arr 1101 (+237min),2025-11-27,False
ORD,XNA,AA 4028,AAL,MQ 4028,EGF,2025-11-27 11:54:00,Arr 1324,2025-11-27,False
DFW,MAF,AA 4030,AAL,MQ 4030,EGF,2025-11-27 12:56:00,Arr 1440 (+21min),2025-11-27,False
XNA,PHX,AA 4033,AAL,MQ 4033,EGF,2025-11-27 08:15:00,Arr 0956,2025-11-27,False
CMH,DCA,AA 4035,AAL,MQ 4035,EGF,2025-11-27 11:14:00,Arr 1235,2025-11-27,False
ABI,DFW,AA 4039,AAL,MQ 4039,EGF,2025-11-27 10:33:00,Arr 1125,2025-11-27,False
DFW,ABI,AA 4039,AAL,MQ 4039,EGF,2025-11-27 09:05:00,Arr 0952,2025-11-27,False
DFW,BRO,AA 4040,AAL,MQ 4040,EGF,2025-11-27 12:53:00,Arr 1443 (+8min),2025-11-27,False
DCA,CMH,AA 4042,AAL,MQ 4042,EGF,2025-11-27 11:39:00,Arr 1314 (+7min),2025-11-27,False
EYW,MIA,AA 4044,AAL,MQ 4044,EGF,2025-11-27 11:44:00,Arr 1224,2025-11-27,False
MIA,EYW,AA 4044,AAL,MQ 4044,EGF,2025-11-27 10:04:00,Arr 1058,2025-11-27,False
GRK,DFW,AA 4047,AAL,MQ 4047,EGF,2025-11-27 10:34:00,Arr 1113,2025-11-27,False
DFW,XNA,AA 4050,AAL,MQ 4050,EGF,2025-11-27 08:16:00,Arr 0926,2025-11-27,False
DAY,ORD,AA 4054,AAL,MQ 4054,EGF,2025-11-27 06:10:00,Arr 0614,2025-11-27,False
DFW,EVV,AA 4056,AAL,MQ 4056,EGF,2025-11-27 08:09:00,Arr 0951,2025-11-27,False
PHX,FSD,AA 4057,AAL,MQ 4057,EGF,2025-11-27 10:04:00,Arr 1358,2025-11-27,False
DFW,GGG,AA 4059,AAL,MQ 4059,EGF,2025-11-27 13:16:00,Arr 1402,2025-11-27,False
MIA,TYS,AA 4061,AAL,MQ 4061,EGF,2025-11-27 21:40:00,Arr 2342,2025-11-27,False
DFW,TXK,AA 4066,AAL,MQ 4066,EGF,2025-11-27 12:56:00,Arr 1348,2025-11-27,False
ORD,BMI,AA 4070,AAL,MQ 4070,EGF,2025-11-27 09:45:00,Arr 1019,2025-11-27,False
CMI,DFW,AA 4073,AAL,MQ 4073,EGF,2025-11-27 06:45:00,Arr 0856,2025-11-27,False
CRP,DFW,AA 4075,AAL,MQ 4075,EGF,2025-11-27 06:44:00,Arr 0753,2025-11-27,False
DFW,LCH,AA 4076,AAL,MQ 4076,EGF,2025-11-27 10:20:00,Arr 1118,2025-11-27,False
ABQ,ORD,AA 4078,AAL,MQ 4078,EGF,2025-11-27 06:02:00,Arr 1028 (+19min),2025-11-27,False
CID,ORD,AA 4082,AAL,MQ 4082,EGF,2025-11-27 09:30:00,Arr 1211 (+83min),2025-11-27,False
SGF,CLT,AA 4083,AAL,MQ 4083,EGF,2025-11-27 07:00:00,Arr 1011,2025-11-27,False
XNA,ORD,AA 4088,AAL,MQ 4088,EGF,2025-11-27 07:13:00,Arr 0854,2025-11-27,False
ATL,MIA,AA 4089,AAL,MQ 4089,EGF,2025-11-27 10:00:00,Arr 1203 (+1min),2025-11-27,False
MIA,ATL,AA 4089,AAL,MQ 4089,EGF,2025-11-27 07:30:00,Arr 0924,2025-11-27,False
CVG,ORD,AA 4094,AAL,MQ 4094,EGF,2025-11-27 06:45:00,Arr 0742 (+20min),2025-11-27,False
DFW,BIL,AA 4095,AAL,MQ 4095,EGF,2025-11-27 11:29:00,Arr 1339 (+9min),2025-11-27,False
GSO,ORD,AA 4096,AAL,MQ 4096,EGF,2025-11-27 11:37:00,Arr 1314 (+27min),2025-11-27,False
ORD,GSO,AA 4096,AAL,MQ 4096,EGF,2025-11-27 08:10:00,Arr 1137 (+30min),2025-11-27,False
OMA,MIA,AA 4099,AAL,MQ 4099,EGF,2025-11-27 06:31:00,Arr 1031,2025-11-27,False
ORD,ROC,AA 4104,AAL,MQ 4104,EGF,2025-11-27 07:05:00,Arr 1015 (+24min),2025-11-27,False
MLU,DFW,AA 4106,AAL,MQ 4106,EGF,2025-11-27 05:56:00,Arr 0712,2025-11-27,False
FAR,ORD,AA 4107,AAL,MQ 4107,EGF,2025-11-27 08:30:00,Arr 1020,2025-11-27,False
DFW,MLI,AA 4116,AAL,MQ 4116,EGF,2025-11-27 08:17:00,Arr 1013,2025-11-27,False
MFR,PHX,AA 4120,AAL,MQ 4120,EGF,2025-11-27 05:20:00,Arr 0856 (+10min),2025-11-27,False
MIA,JAX,AA 4126,AAL,MQ 4126,EGF,2025-11-27 17:36:00,Arr 1849,2025-11-27,False
ICT,PHX,AA 4127,AAL,MQ 4127,EGF,2025-11-27 08:42:00,Arr 1018,2025-11-27,False
SGF,ORD,AA 4129,AAL,MQ 4129,EGF,2025-11-27 07:11:00,Arr 0915 (+15min),2025-11-27,False
CMH,DFW,AA 4130,AAL,MQ 4130,EGF,2025-11-27 09:15:00,Arr 1145 (+28min),2025-11-27,False
AVL,ORD,AA 4131,AAL,MQ 4131,EGF,2025-11-27 11:21:00,Arr 1204,2025-11-27,False
ORD,AVL,AA 4131,AAL,MQ 4131,EGF,2025-11-27 08:00:00,Arr 1027,2025-11-27,False
ORD,GRB,AA 4142,AAL,MQ 4142,EGF,2025-11-27 13:34:00,Arr 1433,2025-11-27,False
LBB,DFW,AA 4147,AAL,MQ 4147,EGF,2025-11-27 07:25:00,Arr 0858 (+8min),2025-11-27,False
PHX,ELP,AA 4152,AAL,MQ 4152,EGF,2025-11-27 17:05:00,Arr 1808,2025-11-27,False
ORD,TUL,AA 4155,AAL,MQ 4155,EGF,2025-11-27 14:52:00,Arr 1628,2025-11-27,False
PHX,ICT,AA 4157,AAL,MQ 4157,EGF,2025-11-27 09:44:00,Arr 1248,2025-11-27,False
DFW,YUM,AA 4158,AAL,MQ 4158,EGF,2025-11-27 12:54:00,Arr 1433,2025-11-27,False
MIA,XNA,AA 4159,AAL,MQ 4159,EGF,2025-11-27 20:04:00,Arr 2202,2025-11-27,False
MOB,DFW,AA 4160,AAL,MQ 4160,EGF,2025-11-27 05:08:00,Arr 0658,2025-11-27,False
PHX,MFR,AA 4161,AAL,MQ 4161,EGF,2025-11-27 11:15:00,Arr 1231,2025-11-27,False
PHX,XNA,AA 4165,AAL,MQ 4165,EGF,2025-11-27 11:00:00,Arr 1423,2025-11-27,False
MSO,DFW,AA 4174,AAL,MQ 4174,EGF,2025-11-27 07:00:00,Arr 1121,2025-11-27,False
XNA,MIA,AA 4176,AAL,MQ 4176,EGF,2025-11-27 05:00:00,Arr 0829,2025-11-27,False
MSY,ORD,AA 4177,AAL,MQ 4177,EGF,2025-11-27 11:22:00,Arr 1359,2025-11-27,False
ORD,MSY,AA 4177,AAL,MQ 4177,EGF,2025-11-27 08:20:00,Arr 1019,2025-11-27,False
ORD,HPN,AA 4179,AAL,MQ 4179,EGF,2025-11-27 14:10:00,Arr 1704,2025-11-27,False
PHX,SEA,AA 4182,AAL,MQ 4182,EGF,2025-11-27 07:00:00,Arr 0856,2025-11-27,False
SEA,PHX,AA 4182,AAL,MQ 4182,EGF,2025-11-27 10:15:00,Arr 1354,2025-11-27,False
ORD,MQT,AA 4185,AAL,MQ 4185,EGF,2025-11-27 16:04:00,Arr 1815,2025-11-27,False
DFW,ATW,AA 4186,AAL,MQ 4186,EGF,2025-11-27 12:43:00,Arr 1457,2025-11-27,False
ATW,DFW,AA 4187,AAL,MQ 4187,EGF,2025-11-27 06:06:00,Arr 0853,2025-11-27,False
ORD,RST,AA 4196,AAL,MQ 4196,EGF,2025-11-27 09:51:00,Arr 1102,2025-11-27,False
RST,ORD,AA 4196,AAL,MQ 4196,EGF,2025-11-27 11:47:00,Arr 1253,2025-11-27,False
ORD,HPN,AA 4200,AAL,MQ 4200,EGF,2025-11-27 12:48:00,Arr 1531,2025-11-27,False
PHX,SBP,AA 4204,AAL,MQ 4204,EGF,2025-11-27 08:30:00,Arr 0907,2025-11-27,False
SBP,PHX,AA 4204,AAL,MQ 4204,EGF,2025-11-27 09:53:00,Arr 1223,2025-11-27,False
JAX,MIA,AA 4209,AAL,MQ 4209,EGF,2025-11-27 07:00:00,Arr 0808,2025-11-27,False
MCI,MIA,AA 4212,AAL,MQ 4212,EGF,2025-11-27 11:40:00,Arr 1558 (+18min),2025-11-27,False
MIA,MCI,AA 4212,AAL,MQ 4212,EGF,2025-11-27 08:40:00,Arr 1103,2025-11-27,False
ORD,DAY,AA 4213,AAL,MQ 4213,EGF,2025-11-27 11:33:00,Arr 1322,2025-11-27,False
GNV,DFW,AA 4215,AAL,MQ 4215,EGF,2025-11-27 07:16:00,Arr 0844,2025-11-27,False
MIA,EYW,AA 4223,AAL,MQ 4223,EGF,2025-11-27 14:10:00,Arr 1458,2025-11-27,False
PHX,CLD,AA 4225,AAL,MQ 4225,EGF,2025-11-27 11:22:00,Arr 1135,2025-11-27,False
CLD,PHX,AA 4227,AAL,MQ 4227,EGF,2025-11-27 06:30:00,Arr 0842,2025-11-27,False
COU,ORD,AA 4228,AAL,MQ 4228,EGF,2025-11-27 12:28:00,Arr 1356,2025-11-27,False
ORD,COU,AA 4228,AAL,MQ 4228,EGF,2025-11-27 10:29:00,Arr 1127,2025-11-27,False
DFW,TRI,AA 4230,AAL,MQ 4230,EGF,2025-11-27 12:41:00,Arr 1542,2025-11-27,False
EYW,MIA,AA 4231,AAL,MQ 4231,EGF,2025-11-27 07:00:00,Arr 0741,2025-11-27,False
HPN,ORD,AA 4239,AAL,MQ 4239,EGF,2025-11-27 06:00:00,Arr 0737,2025-11-27,False
ORD,GSP,AA 4242,AAL,MQ 4242,EGF,2025-11-27 13:30:00,Arr 1609,2025-11-27,False
ORD,COU,AA 4244,AAL,MQ 4244,EGF,2025-11-27 12:07:00,Arr 1315,2025-11-27,False
MIA,EYW,AA 4245,AAL,MQ 4245,EGF,2025-11-27 22:50:00,Arr 2345,2025-11-27,False
CLT,LIT,AA 4247,AAL,MQ 4247,EGF,2025-11-27 11:05:00,Arr 1224,2025-11-27,False
GRB,ORD,AA 4248,AAL,MQ 4248,EGF,2025-11-27 12:00:00,Arr 1304,2025-11-27,False
TLH,DFW,AA 4251,AAL,MQ 4251,EGF,2025-11-27 07:15:00,Arr 0838,2025-11-27,False
ORD,ORF,AA 4255,AAL,MQ 4255,EGF,2025-11-27 08:44:00,Arr 1132,2025-11-27,False
ORF,ORD,AA 4255,AAL,MQ 4255,EGF,2025-11-27 12:37:00,Arr 1338,2025-11-27,False
ALB,ORD,AA 4256,AAL,MQ 4256,EGF,2025-11-27 11:59:00,Arr 1306,2025-11-27,False
ORD,ALB,AA 4256,AAL,MQ 4256,EGF,2025-11-27 08:20:00,Arr 1111,2025-11-27,False
AVL,DFW,AA 4261,AAL,MQ 4261,EGF,2025-11-27 07:01:00,Arr 0847,2025-11-27,False
CVG,BOS,AA 4264,AAL,MQ 4264,EGF,2025-11-27 07:00:00,Arr 0904,2025-11-27,False
TYS,MIA,AA 4265,AAL,MQ 4265,EGF,2025-11-27 06:00:00,Arr 0810 (+3min),2025-11-27,False
ORD,FLL,NK 1,NKS,NK 1,NKS,2025-11-27 05:00:00,Arr 0859,2025-11-27,False
FLL,ORD,NK 19,NKS,NK 19,NKS,2025-11-27 20:50:00,Arr 2308,2025-11-27,False
DFW,MCO,NK 1001,NKS,NK 1001,NKS,2025-11-27 18:35:00,Arr 2136,2025-11-27,False
MCO,DFW,NK 1002,NKS,NK 1002,NKS,2025-11-27 15:34:00,Arr 1710,2025-11-27,False
FLL,BWI,NK 102,NKS,NK 102,NKS,2025-11-27 20:50:00,Arr 2253,2025-11-27,False
ORD,MIA,NK 112,NKS,NK 112,NKS,2025-11-27 11:40:00,Arr 1602 (+15min),2025-11-27,False
MIA,ORD,NK 113,NKS,NK 113,NKS,2025-11-27 08:10:00,Arr 1014,2025-11-27,False
ORD,LAS,NK 114,NKS,NK 114,NKS,2025-11-27 16:58:00,Arr 1845,2025-11-27,False
LAS,ORD,NK 115,NKS,NK 115,NKS,2025-11-27 23:59:00,Arr 0510,2025-11-27,False
EWR,CHS,NK 120,NKS,NK 120,NKS,2025-11-27 05:15:00,Arr 0735 (+9min),2025-11-27,False
CHS,EWR,NK 121,NKS,NK 121,NKS,2025-11-27 08:31:00,Arr 1008,2025-11-27,False
EWR,RDU,NK 122,NKS,NK 122,NKS,2025-11-27 12:00:00,Arr 1323,2025-11-27,False
RDU,FLL,NK 123,NKS,NK 123,NKS,2025-11-27 14:31:00,Arr 1643 (+9min),2025-11-27,False
FLL,RDU,NK 124,NKS,NK 124,NKS,2025-11-27 17:41:00,Arr 1933,2025-11-27,False
RDU,EWR,NK 125,NKS,NK 125,NKS,2025-11-27 20:39:00,Arr 2156,2025-11-27,False
BOS,FLL,NK 126,NKS,NK 126,NKS,2025-11-27 05:45:00,Arr 0904,2025-11-27,False
EWR,SAV,NK 127,NKS,NK 127,NKS,2025-11-27 06:37:00,Arr 0846,2025-11-27,False
SAV,EWR,NK 128,NKS,NK 128,NKS,2025-11-27 10:00:00,Arr 1239 (+14min),2025-11-27,False
FLL,ORD,NK 1330,NKS,NK 1330,NKS,2025-11-27 18:05:00,Arr 2038 (+11min),2025-11-27,False
LAX,ORD,NK 1332,NKS,NK 1332,NKS,2025-11-27 00:19:00,Arr 0608,2025-11-27,False
ORD,FLL,NK 1333,NKS,NK 1333,NKS,2025-11-27 15:26:00,Arr 1911,2025-11-27,False
ORD,IAH,NK 1334,NKS,NK 1334,NKS,2025-11-27 08:20:00,Arr 1045,2025-11-27,False
IAH,ORD,NK 1335,NKS,NK 1335,NKS,2025-11-27 12:10:00,Arr 1443,2025-11-27,False
FLL,TPA,NK 1344,NKS,NK 1344,NKS,2025-11-27 22:52:00,Arr 2342,2025-11-27,False
TPA,FLL,NK 1345,NKS,NK 1345,NKS,2025-11-27 07:00:00,Arr 0748,2025-11-27,False
FLL,DFW,NK 1352,NKS,NK 1352,NKS,2025-11-27 14:39:00,Cancelled,2025-11-27,False
DTW,FLL,NK 140,NKS,NK 140,NKS,2025-11-27 06:35:00,Arr 0955 (+10min),2025-11-27,False
TPA,ATL,NK 1400,NKS,NK 1400,NKS,2025-11-27 08:12:00,Arr 0937,2025-11-27,False
ATL,DTW,NK 1401,NKS,NK 1401,NKS,2025-11-27 10:47:00,Arr 1253 (+9min),2025-11-27,False
DTW,PHL,NK 1402,NKS,NK 1402,NKS,2025-11-27 13:45:00,Arr 1459,2025-11-27,False
PHL,DTW,NK 1403,NKS,NK 1403,NKS,2025-11-27 16:12:00,Arr 1744,2025-11-27,False
DTW,ATL,NK 1404,NKS,NK 1404,NKS,2025-11-27 18:59:00,Arr 2042,2025-11-27,False
ATL,TPA,NK 1405,NKS,NK 1405,NKS,2025-11-27 21:57:00,Arr 2311,2025-11-27,False
FLL,DTW,NK 143,NKS,NK 143,NKS,2025-11-27 20:51:00,Arr 0159 (+125min),2025-11-27,False
LAS,DFW,NK 1480,NKS,NK 1480,NKS,2025-11-27 15:35:00,Arr 2159 (+97min),2025-11-27,False
DFW,LAS,NK 1481,NKS,NK 1481,NKS,2025-11-27 13:40:00,Arr 1640 (+120min),2025-11-27,False
FLL,ATL,NK 150,NKS,NK 150,NKS,2025-11-27 18:35:00,Arr 2058 (+23min),2025-11-27,False
SNA,LAS,NK 1501,NKS,NK 1501,NKS,2025-11-27 06:45:00,Arr 0747,2025-11-27,False
LAS,SAT,NK 1502,NKS,NK 1502,NKS,2025-11-27 08:46:00,Arr 1258,2025-11-27,False
SAT,LAS,NK 1505,NKS,NK 1505,NKS,2025-11-27 14:12:00,Arr 1444,2025-11-27,False
LAS,LAX,NK 1506,NKS,NK 1506,NKS,2025-11-27 06:40:00,Arr 0725,2025-11-27,False
LAX,LAS,NK 1507,NKS,NK 1507,NKS,2025-11-27 09:05:00,Arr 1002,2025-11-27,False
LAS,SNA,NK 1508,NKS,NK 1508,NKS,2025-11-27 11:18:00,Arr 1206,2025-11-27,False
SNA,LAS,NK 1509,NKS,NK 1509,NKS,2025-11-27 13:27:00,Arr 1414,2025-11-27,False
ATL,LAX,NK 151,NKS,NK 151,NKS,2025-11-27 21:40:00,Arr 2329,2025-11-27,False
LAS,SNA,NK 1510,NKS,NK 1510,NKS,2025-11-27 15:39:00,Arr 1634,2025-11-27,False
SNA,LAS,NK 1511,NKS,NK 1511,NKS,2025-11-27 17:46:00,Arr 1822,2025-11-27,False
LAS,SNA,NK 1512,NKS,NK 1512,NKS,2025-11-27 21:05:00,Arr 2157,2025-11-27,False
LAS,BWI,NK 1513,NKS,NK 1513,NKS,2025-11-27 16:08:00,Arr 2317,2025-11-27,False
DTW,TPA,NK 1520,NKS,NK 1520,NKS,2025-11-27 07:00:00,Arr 1004 (+16min),2025-11-27,False
TPA,ORD,NK 1521,NKS,NK 1521,NKS,2025-11-27 09:40:00,Arr 1129,2025-11-27,False
ORD,TPA,NK 1522,NKS,NK 1522,NKS,2025-11-27 12:32:00,Arr 1551,2025-11-27,False
LAX,ATL,NK 154,NKS,NK 154,NKS,2025-11-27 05:45:00,Arr 1240,2025-11-27,False
PHL,FLL,NK 1540,NKS,NK 1540,NKS,2025-11-27 05:25:00,Arr 0806 (+1min),2025-11-27,False
DTW,RSW,NK 1547,NKS,NK 1547,NKS,2025-11-27 09:15:00,Arr 1205,2025-11-27,False
RSW,ORD,NK 1548,NKS,NK 1548,NKS,2025-11-27 13:38:00,Arr 1532,2025-11-27,False
ORD,RSW,NK 1549,NKS,NK 1549,NKS,2025-11-27 14:01:00,Arr 1730,2025-11-27,False
ATL,FLL,NK 155,NKS,NK 155,NKS,2025-11-27 14:05:00,Arr 1551,2025-11-27,False
MYR,MCO,NK 1550,NKS,NK 1550,NKS,2025-11-27 06:15:00,Arr 0743,2025-11-27,False
LGA,IAH,NK 1600,NKS,NK 1600,NKS,2025-11-27 08:00:00,Arr 1058,2025-11-27,False
IAH,ATL,NK 1601,NKS,NK 1601,NKS,2025-11-27 12:14:00,Arr 1454,2025-11-27,False
ATL,IAH,NK 1602,NKS,NK 1602,NKS,2025-11-27 16:09:00,Arr 1706,2025-11-27,False
IAH,LGA,NK 1603,NKS,NK 1603,NKS,2025-11-27 18:21:00,Arr 2239,2025-11-27,False
FLL,EYW,NK 164,NKS,NK 164,NKS,2025-11-27 10:30:00,Arr 1211 (+51min),2025-11-27,False
IAH,FLL,NK 170,NKS,NK 170,NKS,2025-11-27 05:34:00,Arr 0847,2025-11-27,False
LGA,DTW,NK 1700,NKS,NK 1700,NKS,2025-11-27 07:25:00,Arr 0922,2025-11-27,False
DTW,LGA,NK 1701,NKS,NK 1701,NKS,2025-11-27 10:17:00,Arr 1146,2025-11-27,False
LGA,ORD,NK 1702,NKS,NK 1702,NKS,2025-11-27 12:59:00,Arr 1410,2025-11-27,False
ORD,LGA,NK 1703,NKS,NK 1703,NKS,2025-11-27 15:53:00,Arr 2152 (+172min),2025-11-27,False
LGA,MIA,NK 1704,NKS,NK 1704,NKS,2025-11-27 19:59:00,Arr 0133 (+138min),2025-11-27,False
MIA,IAH,NK 1705,NKS,NK 1705,NKS,2025-11-27 10:45:00,Arr 1239,2025-11-27,False
IAH,MSY,NK 1706,NKS,NK 1706,NKS,2025-11-27 13:40:00,Arr 1433,2025-11-27,False
MSY,IAH,NK 1707,NKS,NK 1707,NKS,2025-11-27 15:46:00,Arr 2245 (+335min),2025-11-27,False
IAH,MIA,NK 1708,NKS,NK 1708,NKS,2025-11-27 15:54:00,Arr 1900,2025-11-27,False
MIA,LGA,NK 1709,NKS,NK 1709,NKS,2025-11-27 20:20:00,Arr 2304,2025-11-27,False
LAS,MSY,NK 1711,NKS,NK 1711,NKS,2025-11-27 06:10:00,Arr 1110,2025-11-27,False
MSY,LAS,NK 1712,NKS,NK 1712,NKS,2025-11-27 12:14:00,Arr 1342,2025-11-27,False
MCO,MKE,NK 1738,NKS,NK 1738,NKS,2025-11-27 09:49:00,Arr 1121,2025-11-27,False
MKE,MCO,NK 1739,NKS,NK 1739,NKS,2025-11-27 12:35:00,Arr 1541,2025-11-27,False
MCO,MEM,NK 1750,NKS,NK 1750,NKS,2025-11-27 08:46:00,Arr 0944,2025-11-27,False
MEM,MCO,NK 1751,NKS,NK 1751,NKS,2025-11-27 10:58:00,Arr 1340,2025-11-27,False
MCO,LBE,NK 1752,NKS,NK 1752,NKS,2025-11-27 14:55:00,Arr 1653,2025-11-27,False
LBE,MCO,NK 1753,NKS,NK 1753,NKS,2025-11-27 18:15:00,Arr 2023,2025-11-27,False
DTW,MSY,NK 1755,NKS,NK 1755,NKS,2025-11-27 06:15:00,Arr 0755,2025-11-27,False
MSY,DTW,NK 1756,NKS,NK 1756,NKS,2025-11-27 09:38:00,Arr 1309 (+5min),2025-11-27,False
DTW,RDU,NK 1757,NKS,NK 1757,NKS,2025-11-27 13:59:00,Arr 1520,2025-11-27,False
RDU,DTW,NK 1758,NKS,NK 1758,NKS,2025-11-27 16:38:00,Arr 1801,2025-11-27,False
DTW,MCO,NK 1761,NKS,NK 1761,NKS,2025-11-27 05:20:00,Arr 0822 (+12min),2025-11-27,False
LAS,ATL,NK 1800,NKS,NK 1800,NKS,2025-11-27 23:56:00,Arr 0734 (+39min),2025-11-27,False
ATL,MSP,NK 1801,NKS,NK 1801,NKS,2025-11-27 11:08:00,Arr 1238,2025-11-27,False
MSP,ATL,NK 1802,NKS,NK 1802,NKS,2025-11-27 13:55:00,Arr 1701,2025-11-27,False
ATL,LAS,NK 1803,NKS,NK 1803,NKS,2025-11-27 18:34:00,Arr 1952,2025-11-27,False
LAS,BUR,NK 1804,NKS,NK 1804,NKS,2025-11-27 06:05:00,Arr 0719,2025-11-27,False
BUR,LAS,NK 1805,NKS,NK 1805,NKS,2025-11-27 08:14:00,Arr 0914,2025-11-27,False
FLL,MCO,NK 1820,NKS,NK 1820,NKS,2025-11-27 06:49:00,Arr 0738,2025-11-27,False
MCO,FLL,NK 1823,NKS,NK 1823,NKS,2025-11-27 19:50:00,Arr 2102,2025-11-27,False
FLL,MCO,NK 1824,NKS,NK 1824,NKS,2025-11-27 22:17:00,Arr 2254,2025-11-27,False
MCO,FLL,NK 1825,NKS,NK 1825,NKS,2025-11-27 06:30:00,Arr 0723,2025-11-27,False
FLL,EWR,NK 1826,NKS,NK 1826,NKS,2025-11-27 07:00:00,Arr 0934,2025-11-27,False
EWR,FLL,NK 1827,NKS,NK 1827,NKS,2025-11-27 10:59:00,Arr 1406,2025-11-27,False
FLL,ORF,NK 1828,NKS,NK 1828,NKS,2025-11-27 16:19:00,Arr 1816,2025-11-27,False
ORF,FLL,NK 1829,NKS,NK 1829,NKS,2025-11-27 19:18:00,Arr 2136,2025-11-27,False
EWR,FLL,NK 1850,NKS,NK 1850,NKS,2025-11-27 06:20:00,Arr 0910,2025-11-27,False
IAH,TPA,NK 1900,NKS,NK 1900,NKS,2025-11-27 07:00:00,Arr 0943,2025-11-27,False
TPA,IAH,NK 1905,NKS,NK 1905,NKS,2025-11-27 11:00:00,Arr 1210,2025-11-27,False
IAH,ATL,NK 1906,NKS,NK 1906,NKS,2025-11-27 20:54:00,Arr 2332,2025-11-27,False
ATL,IAH,NK 1907,NKS,NK 1907,NKS,2025-11-27 06:10:00,Arr 0705,2025-11-27,False
IAH,MCO,NK 1908,NKS,NK 1908,NKS,2025-11-27 08:29:00,Arr 1125,2025-11-27,False
MCO,IAH,NK 1911,NKS,NK 1911,NKS,2025-11-27 20:14:00,Arr 2137,2025-11-27,False
SJU,MCO,NK 1920,NKS,NK 1920,NKS,2025-11-27 07:20:00,Arr 0911,2025-11-27,False
MCO,SJU,NK 1923,NKS,NK 1923,NKS,2025-11-27 20:37:00,Arr 0004,2025-11-27,False
SJU,SAT,NK 1924,NKS,NK 1924,NKS,2025-11-27 18:16:00,Arr 2104,2025-11-27,False
EYW,FLL,NK 1964,NKS,NK 1964,NKS,2025-11-27 12:15:00,Arr 1411 (+56min),2025-11-27,False
ATL,MSY,NK 1980,NKS,NK 1980,NKS,2025-11-27 08:05:00,Arr 0834,2025-11-27,False
MSY,ATL,NK 1983,NKS,NK 1983,NKS,2025-11-27 15:15:00,Arr 1722,2025-11-27,False
BNA,FLL,NK 1991,NKS,NK 1991,NKS,2025-11-27 14:47:00,Arr 1755,2025-11-27,False
FLL,CLE,NK 2055,NKS,NK 2055,NKS,2025-11-27 17:20:00,Arr 1953,2025-11-27,False
CLE,FLL,NK 2056,NKS,NK 2056,NKS,2025-11-27 21:07:00,Arr 0013 (+14min),2025-11-27,False
FLL,ATL,NK 2100,NKS,NK 2100,NKS,2025-11-27 17:15:00,Arr 1910,2025-11-27,False
ATL,FLL,NK 2103,NKS,NK 2103,NKS,2025-11-27 20:25:00,Arr 2225 (+3min),2025-11-27,False
MCO,BOS,NK 2201,NKS,NK 2201,NKS,2025-11-27 13:52:00,Arr 1632,2025-11-27,False
BOS,MCO,NK 2202,NKS,NK 2202,NKS,2025-11-27 17:45:00,Arr 2112 (+6min),2025-11-27,False
ACY,PBI,NK 2203,NKS,NK 2203,NKS,2025-11-27 17:00:00,Arr 1934,2025-11-27,False
PBI,ACY,NK 2204,NKS,NK 2204,NKS,2025-11-27 07:00:00,Arr 0913,2025-11-27,False
ACY,RSW,NK 2207,NKS,NK 2207,NKS,2025-11-27 05:45:00,Arr 0839 (+3min),2025-11-27,False
RSW,ACY,NK 2208,NKS,NK 2208,NKS,2025-11-27 09:31:00,Arr 1141,2025-11-27,False
FLL,TPA,NK 222,NKS,NK 222,NKS,2025-11-27 06:23:00,Arr 0714,2025-11-27,False
ATL,FLL,NK 2250,NKS,NK 2250,NKS,2025-11-27 05:20:00,Arr 0707,2025-11-27,False
FLL,ATL,NK 2251,NKS,NK 2251,NKS,2025-11-27 08:15:00,Arr 0950,2025-11-27,False
ATL,MCO,NK 2252,NKS,NK 2252,NKS,2025-11-27 05:45:00,Arr 0707,2025-11-27,False
MCO,ATL,NK 2253,NKS,NK 2253,NKS,2025-11-27 08:19:00,Arr 1008 (+5min),2025-11-27,False
MCO,IND,NK 2301,NKS,NK 2301,NKS,2025-11-27 05:45:00,Arr 0749,2025-11-27,False
IND,MCO,NK 2302,NKS,NK 2302,NKS,2025-11-27 09:03:00,Arr 1058,2025-11-27,False
MCO,PNS,NK 2303,NKS,NK 2303,NKS,2025-11-27 12:20:00,Arr 1231,2025-11-27,False
PNS,MCO,NK 2304,NKS,NK 2304,NKS,2025-11-27 13:44:00,Arr 1553,2025-11-27,False
DTW,DFW,NK 2324,NKS,NK 2324,NKS,2025-11-27 19:46:00,Arr 2110,2025-11-27,False
DFW,DTW,NK 2325,NKS,NK 2325,NKS,2025-11-27 06:00:00,Arr 0949 (+7min),2025-11-27,False
DTW,IAH,NK 2326,NKS,NK 2326,NKS,2025-11-27 10:47:00,Arr 1244,2025-11-27,False
IAH,DTW,NK 2327,NKS,NK 2327,NKS,2025-11-27 14:06:00,Arr 1746 (+5min),2025-11-27,False
FLL,CLT,NK 2400,NKS,NK 2400,NKS,2025-11-27 07:20:00,Arr 0902,2025-11-27,False
CLT,PHL,NK 2401,NKS,NK 2401,NKS,2025-11-27 10:22:00,Arr 1138,2025-11-27,False
PHL,CLT,NK 2402,NKS,NK 2402,NKS,2025-11-27 19:49:00,Arr 2113,2025-11-27,False
CLT,TPA,NK 2403,NKS,NK 2403,NKS,2025-11-27 17:55:00,Arr 1918,2025-11-27,False
TPA,CLT,NK 2404,NKS,NK 2404,NKS,2025-11-27 15:07:00,Arr 1622,2025-11-27,False
CLT,EWR,NK 2405,NKS,NK 2405,NKS,2025-11-27 05:35:00,Arr 0709,2025-11-27,False
EWR,CLT,NK 2406,NKS,NK 2406,NKS,2025-11-27 14:59:00,Arr 1637,2025-11-27,False
CLT,FLL,NK 2407,NKS,NK 2407,NKS,2025-11-27 07:30:00,Arr 0907,2025-11-27,False
FLL,BWI,NK 2408,NKS,NK 2408,NKS,2025-11-27 15:15:00,Arr 1750 (+7min),2025-11-27,False
BWI,FLL,NK 2409,NKS,NK 2409,NKS,2025-11-27 18:38:00,Arr 2125 (+2min),2025-11-27,False
FLL,PIT,NK 2410,NKS,NK 2410,NKS,2025-11-27 19:05:00,Arr 2134,2025-11-27,False
FLL,ORD,NK 2412,NKS,NK 2412,NKS,2025-11-27 07:00:00,Arr 0858,2025-11-27,False
ORD,FLL,NK 2413,NKS,NK 2413,NKS,2025-11-27 10:12:00,Arr 1401,2025-11-27,False
EWR,FLL,NK 2440,NKS,NK 2440,NKS,2025-11-27 17:11:00,Arr 2015,2025-11-27,False
FLL,EWR,NK 2447,NKS,NK 2447,NKS,2025-11-27 13:00:00,Arr 1526,2025-11-27,False
EWR,MIA,NK 2448,NKS,NK 2448,NKS,2025-11-27 08:44:00,Arr 1146,2025-11-27,False
MIA,EWR,NK 2449,NKS,NK 2449,NKS,2025-11-27 12:41:00,Arr 1520,2025-11-27,False
TPA,LAS,NK 2451,NKS,NK 2451,NKS,2025-11-27 08:18:00,Arr 1000,2025-11-27,False
LAS,BUR,NK 2452,NKS,NK 2452,NKS,2025-11-27 11:20:00,Arr 1213,2025-11-27,False
BUR,LAS,NK 2453,NKS,NK 2453,NKS,2025-11-27 13:30:00,Arr 1423,2025-11-27,False
LAS,BUR,NK 2454,NKS,NK 2454,NKS,2025-11-27 15:35:00,Arr 1630,2025-11-27,False
BUR,LAS,NK 2455,NKS,NK 2455,NKS,2025-11-27 17:42:00,Arr 1824,2025-11-27,False
MCI,MCO,NK 2500,NKS,NK 2500,NKS,2025-11-27 06:00:00,Arr 0923,2025-11-27,False
EWR,MCO,NK 2504,NKS,NK 2504,NKS,2025-11-27 06:05:00,Arr 0907 (+6min),2025-11-27,False
MCO,MCI,NK 2505,NKS,NK 2505,NKS,2025-11-27 09:57:00,Arr 1216 (+13min),2025-11-27,False
MCI,LAS,NK 2506,NKS,NK 2506,NKS,2025-11-27 12:58:00,Arr 1409 (+6min),2025-11-27,False
LAS,MCI,NK 2507,NKS,NK 2507,NKS,2025-11-27 15:23:00,Arr 1948,2025-11-27,False
ATL,BWI,NK 2560,NKS,NK 2560,NKS,2025-11-27 21:39:00,Arr 2310,2025-11-27,False
BWI,ATL,NK 2561,NKS,NK 2561,NKS,2025-11-27 18:29:00,Arr 2021,2025-11-27,False
ATL,EWR,NK 2562,NKS,NK 2562,NKS,2025-11-27 11:28:00,Arr 1320,2025-11-27,False
EWR,ATL,NK 2563,NKS,NK 2563,NKS,2025-11-27 14:38:00,Arr 1657,2025-11-27,False
ATL,BOS,NK 2564,NKS,NK 2564,NKS,2025-11-27 18:14:00,Arr 2024,2025-11-27,False
BOS,ATL,NK 2565,NKS,NK 2565,NKS,2025-11-27 21:54:00,Arr 0028 (+2min),2025-11-27,False
ACY,TPA,NK 2600,NKS,NK 2600,NKS,2025-11-27 06:00:00,Arr 0904 (+19min),2025-11-27,False
TPA,FLL,NK 2601,NKS,NK 2601,NKS,2025-11-27 10:53:00,Arr 1207 (+9min),2025-11-27,False
FLL,TPA,NK 2602,NKS,NK 2602,NKS,2025-11-27 13:03:00,Arr 1359,2025-11-27,False
TPA,ACY,NK 2603,NKS,NK 2603,NKS,2025-11-27 19:43:00,Arr 2153,2025-11-27,False
FLL,SAT,NK 271,NKS,NK 271,NKS,2025-11-27 16:12:00,Arr 1806,2025-11-27,False
SAT,FLL,NK 272,NKS,NK 272,NKS,2025-11-27 19:37:00,Arr 2303,2025-11-27,False
FLL,IAH,NK 273,NKS,NK 273,NKS,2025-11-27 07:05:00,Arr 0843,2025-11-27,False
IAH,FLL,NK 276,NKS,NK 276,NKS,2025-11-27 18:09:00,Arr 2117,2025-11-27,False
STT,MCO,NK 277,NKS,NK 277,NKS,2025-11-27 15:25:00,Arr 1730,2025-11-27,False
TPA,MSY,NK 278,NKS,NK 278,NKS,2025-11-27 08:25:00,Arr 0855,2025-11-27,False
MSY,MIA,NK 279,NKS,NK 279,NKS,2025-11-27 10:12:00,Arr 1252,2025-11-27,False
MIA,MSY,NK 280,NKS,NK 280,NKS,2025-11-27 14:10:00,Arr 1644 (+85min),2025-11-27,False
AUS,FLL,NK 2800,NKS,NK 2800,NKS,2025-11-27 06:10:00,Arr 1009 (+24min),2025-11-27,False
MSY,TPA,NK 281,NKS,NK 281,NKS,2025-11-27 16:24:00,Arr 1957 (+61min),2025-11-27,False
TPA,FLL,NK 282,NKS,NK 282,NKS,2025-11-27 20:01:00,Arr 2152 (+45min),2025-11-27,False
MCO,STT,NK 284,NKS,NK 284,NKS,2025-11-27 10:36:00,Arr 1420,2025-11-27,False
BWI,MCO,NK 2950,NKS,NK 2950,NKS,2025-11-27 07:30:00,Arr 1012 (+13min),2025-11-27,False
MCO,BWI,NK 2951,NKS,NK 2951,NKS,2025-11-27 11:04:00,Arr 1325 (+4min),2025-11-27,False
BWI,IAH,NK 2952,NKS,NK 2952,NKS,2025-11-27 14:26:00,Arr 1643,2025-11-27,False
MCO,AUS,NK 2970,NKS,NK 2970,NKS,2025-11-27 07:10:00,Arr 0912,2025-11-27,False
AUS,EWR,NK 2971,NKS,NK 2971,NKS,2025-11-27 10:19:00,Arr 1446,2025-11-27,False
EWR,AUS,NK 2972,NKS,NK 2972,NKS,2025-11-27 16:00:00,Arr 1913,2025-11-27,False
AUS,MCO,NK 2973,NKS,NK 2973,NKS,2025-11-27 20:28:00,Arr 2343,2025-11-27,False
IAH,EWR,NK 3010,NKS,NK 3010,NKS,2025-11-27 05:30:00,Arr 0949,2025-11-27,False
EWR,MCO,NK 3011,NKS,NK 3011,NKS,2025-11-27 11:05:00,Arr 1356,2025-11-27,False
MCO,EWR,NK 3012,NKS,NK 3012,NKS,2025-11-27 14:40:00,Arr 1653,2025-11-27,False
EWR,IAH,NK 3013,NKS,NK 3013,NKS,2025-11-27 18:25:00,Arr 2059,2025-11-27,False
DFW,ORD,NK 3030,NKS,NK 3030,NKS,2025-11-27 05:25:00,Arr 0740,2025-11-27,False
ORD,SJU,NK 3031,NKS,NK 3031,NKS,2025-11-27 08:41:00,Arr 1447,2025-11-27,False
SJU,ORD,NK 3032,NKS,NK 3032,NKS,2025-11-27 16:12:00,Arr 1941 (+18min),2025-11-27,False
ORD,DFW,NK 3033,NKS,NK 3033,NKS,2025-11-27 21:22:00,Arr 2328,2025-11-27,False
FLL,SJU,NK 339,NKS,NK 339,NKS,2025-11-27 16:59:00,Arr 2016,2025-11-27,False
SJU,MCO,NK 340,NKS,NK 340,NKS,2025-11-27 21:45:00,Arr 2335,2025-11-27,False
MCO,SJU,NK 341,NKS,NK 341,NKS,2025-11-27 07:00:00,Arr 1046,2025-11-27,False
SJU,FLL,NK 342,NKS,NK 342,NKS,2025-11-27 11:55:00,Arr 1325,2025-11-27,False
PHL,MCO,NK 346,NKS,NK 346,NKS,2025-11-27 06:15:00,Arr 0900,2025-11-27,False
CLT,LGA,NK 370,NKS,NK 370,NKS,2025-11-27 06:00:00,Arr 0727,2025-11-27,False
LGA,DTW,NK 371,NKS,NK 371,NKS,2025-11-27 10:59:00,Arr 1236,2025-11-27,False
DTW,LGA,NK 372,NKS,NK 372,NKS,2025-11-27 15:43:00,Arr 1702,2025-11-27,False
FLL,LGA,NK 373,NKS,NK 373,NKS,2025-11-27 07:12:00,Arr 0941,2025-11-27,False
LGA,FLL,NK 374,NKS,NK 374,NKS,2025-11-27 08:53:00,Arr 1153,2025-11-27,False
FLL,IAH,NK 375,NKS,NK 375,NKS,2025-11-27 15:17:00,Arr 1721 (+5min),2025-11-27,False
IAH,LAS,NK 376,NKS,NK 376,NKS,2025-11-27 18:21:00,Arr 1919,2025-11-27,False
RNO,LAS,NK 378,NKS,NK 378,NKS,2025-11-27 06:30:00,Arr 0749,2025-11-27,False
LAS,IAH,NK 379,NKS,NK 379,NKS,2025-11-27 09:00:00,Arr 1345,2025-11-27,False
IAH,FLL,NK 380,NKS,NK 380,NKS,2025-11-27 14:59:00,Arr 1804,2025-11-27,False
FLL,LGA,NK 381,NKS,NK 381,NKS,2025-11-27 20:30:00,Arr 2314,2025-11-27,False
LGA,FLL,NK 382,NKS,NK 382,NKS,2025-11-27 18:46:00,Arr 2152,2025-11-27,False
FLL,DTW,NK 383,NKS,NK 383,NKS,2025-11-27 07:15:00,Arr 0955,2025-11-27,False
DTW,PHX,NK 384,NKS,NK 384,NKS,2025-11-27 11:22:00,Arr 1340,2025-11-27,False
PHX,DTW,NK 385,NKS,NK 385,NKS,2025-11-27 14:46:00,Arr 2021,2025-11-27,False
DFW,FLL,NK 3902,NKS,NK 3902,NKS,2025-11-27 18:03:00,Arr 2136,2025-11-27,False
FLL,DFW,NK 3903,NKS,NK 3903,NKS,2025-11-27 14:39:00,Arr 1639,2025-11-27,False
ACY,MCO,NK 3995,NKS,NK 3995,NKS,2025-11-27 10:22:00,Arr 1306 (+9min),2025-11-27,False
MCO,ACY,NK 3996,NKS,NK 3996,NKS,2025-11-27 22:01:00,Arr 2350,2025-11-27,False
LGA,FLL,NK 402,NKS,NK 402,NKS,2025-11-27 06:30:00,Arr 0927,2025-11-27,False
FLL,BWI,NK 403,NKS,NK 403,NKS,2025-11-27 07:40:00,Arr 0956,2025-11-27,False
BWI,FLL,NK 404,NKS,NK 404,NKS,2025-11-27 11:13:00,Arr 1349,2025-11-27,False
FLL,LGA,NK 405,NKS,NK 405,NKS,2025-11-27 17:09:00,Arr 1950,2025-11-27,False
LGA,CLT,NK 406,NKS,NK 406,NKS,2025-11-27 20:59:00,Arr 2238,2025-11-27,False
IAH,DTW,NK 421,NKS,NK 421,NKS,2025-11-27 06:10:00,Arr 0943,2025-11-27,False
DTW,MCO,NK 422,NKS,NK 422,NKS,2025-11-27 10:21:00,Arr 1330 (+19min),2025-11-27,False
MCO,DTW,NK 423,NKS,NK 423,NKS,2025-11-27 06:40:00,Arr 1001 (+35min),2025-11-27,False
DTW,FLL,NK 424,NKS,NK 424,NKS,2025-11-27 10:51:00,Arr 1403 (+2min),2025-11-27,False
BNA,FLL,NK 450,NKS,NK 450,NKS,2025-11-27 06:00:00,Arr 0908,2025-11-27,False
DTW,LAX,NK 472,NKS,NK 472,NKS,2025-11-27 09:18:00,Arr 1113,2025-11-27,False
LAX,DTW,NK 473,NKS,NK 473,NKS,2025-11-27 22:08:00,Arr 0621 (+51min),2025-11-27,False
BWI,MSY,NK 475,NKS,NK 475,NKS,2025-11-27 05:35:00,Arr 0728,2025-11-27,False
MSY,BWI,NK 476,NKS,NK 476,NKS,2025-11-27 16:37:00,Arr 1957,2025-11-27,False
IAH,LAX,NK 481,NKS,NK 481,NKS,2025-11-27 05:00:00,Arr 0622,2025-11-27,False
LAX,DTW,NK 482,NKS,NK 482,NKS,2025-11-27 08:57:00,Arr 1604,2025-11-27,False
DTW,LAX,NK 483,NKS,NK 483,NKS,2025-11-27 16:54:00,Arr 1823,2025-11-27,False
PHL,ATL,NK 490,NKS,NK 490,NKS,2025-11-27 06:00:00,Arr 0813,2025-11-27,False
ATL,MIA,NK 491,NKS,NK 491,NKS,2025-11-27 09:23:00,Arr 1105,2025-11-27,False
MIA,ATL,NK 492,NKS,NK 492,NKS,2025-11-27 12:28:00,Arr 1420,2025-11-27,False
ATL,PHL,NK 495,NKS,NK 495,NKS,2025-11-27 15:37:00,Arr 1722,2025-11-27,False
CMH,FLL,NK 501,NKS,NK 501,NKS,2025-11-27 06:00:00,Arr 0842 (+1min),2025-11-27,False
FLL,CHS,NK 506,NKS,NK 506,NKS,2025-11-27 20:25:00,Arr 2154,2025-11-27,False
FLL,PHX,NK 508,NKS,NK 508,NKS,2025-11-27 08:54:00,Arr 1135,2025-11-27,False
PHX,FLL,NK 509,NKS,NK 509,NKS,2025-11-27 13:00:00,Arr 1902,2025-11-27,False
MCO,MYR,NK 516,NKS,NK 516,NKS,2025-11-27 18:40:00,Arr 1947,2025-11-27,False
BOS,MYR,NK 518,NKS,NK 518,NKS,2025-11-27 06:00:00,Arr 0933 (+73min),2025-11-27,False
MYR,LGA,NK 519,NKS,NK 519,NKS,2025-11-27 09:22:00,Arr 1134 (+34min),2025-11-27,False
LGA,MYR,NK 520,NKS,NK 520,NKS,2025-11-27 11:55:00,Arr 1422 (+31min),2025-11-27,False
FLL,STL,NK 532,NKS,NK 532,NKS,2025-11-27 08:00:00,Arr 0936,2025-11-27,False
STL,FLL,NK 533,NKS,NK 533,NKS,2025-11-27 10:53:00,Arr 1444 (+17min),2025-11-27,False
LAX,DFW,NK 542,NKS,NK 542,NKS,2025-11-27 07:49:00,Arr 1248 (+3min),2025-11-27,False
DFW,LAX,NK 543,NKS,NK 543,NKS,2025-11-27 21:17:00,Arr 2216,2025-11-27,False
IAH,LAS,NK 550,NKS,NK 550,NKS,2025-11-27 07:13:00,Arr 0805,2025-11-27,False
LAS,RNO,NK 551,NKS,NK 551,NKS,2025-11-27 09:39:00,Arr 1051,2025-11-27,False
RNO,LAS,NK 552,NKS,NK 552,NKS,2025-11-27 12:07:00,Arr 1325,2025-11-27,False
LAS,IAH,NK 553,NKS,NK 553,NKS,2025-11-27 14:32:00,Arr 1918,2025-11-27,False
MIA,CLT,NK 555,NKS,NK 555,NKS,2025-11-27 06:46:00,Arr 0826,2025-11-27,False
CLT,EWR,NK 556,NKS,NK 556,NKS,2025-11-27 09:44:00,Arr 1115,2025-11-27,False
EWR,CLT,NK 557,NKS,NK 557,NKS,2025-11-27 13:00:00,Arr 1442,2025-11-27,False
CLT,MCO,NK 558,NKS,NK 558,NKS,2025-11-27 15:51:00,Arr 1716,2025-11-27,False
MCO,CLT,NK 559,NKS,NK 559,NKS,2025-11-27 18:05:00,Arr 1937,2025-11-27,False
CLT,MIA,NK 560,NKS,NK 560,NKS,2025-11-27 20:52:00,Arr 2239,2025-11-27,False
SJU,DFW,NK 571,NKS,NK 571,NKS,2025-11-27 06:00:00,Arr 0914,2025-11-27,False
DFW,SJU,NK 572,NKS,NK 572,NKS,2025-11-27 17:20:00,Arr 2328,2025-11-27,False
DFW,ATL,NK 574,NKS,NK 574,NKS,2025-11-27 10:09:00,Arr 1252,2025-11-27,False
ATL,DFW,NK 575,NKS,NK 575,NKS,2025-11-27 14:15:00,Arr 1530,2025-11-27,False
EWR,DTW,NK 600,NKS,NK 600,NKS,2025-11-27 13:35:00,Arr 1517,2025-11-27,False
DTW,EWR,NK 601,NKS,NK 601,NKS,2025-11-27 10:48:00,Arr 1213,2025-11-27,False
EWR,ORD,NK 602,NKS,NK 602,NKS,2025-11-27 11:35:00,Arr 1301 (+5min),2025-11-27,False
ORD,EWR,NK 603,NKS,NK 603,NKS,2025-11-27 16:51:00,Arr 2014 (+15min),2025-11-27,False
EWR,IND,NK 604,NKS,NK 604,NKS,2025-11-27 21:04:00,Arr 2258,2025-11-27,False
IND,EWR,NK 605,NKS,NK 605,NKS,2025-11-27 05:00:00,Arr 0628,2025-11-27,False
EWR,AUS,NK 606,NKS,NK 606,NKS,2025-11-27 07:59:00,Arr 1059,2025-11-27,False
AUS,EWR,NK 607,NKS,NK 607,NKS,2025-11-27 12:19:00,Arr 1645,2025-11-27,False
EWR,MYR,NK 608,NKS,NK 608,NKS,2025-11-27 17:53:00,Arr 1942,2025-11-27,False
MYR,EWR,NK 609,NKS,NK 609,NKS,2025-11-27 20:59:00,Arr 2218,2025-11-27,False
EWR,PIT,NK 610,NKS,NK 610,NKS,2025-11-27 05:45:00,Arr 0656,2025-11-27,False
PIT,MCO,NK 611,NKS,NK 611,NKS,2025-11-27 08:01:00,Arr 1024,2025-11-27,False
MCO,EWR,NK 612,NKS,NK 612,NKS,2025-11-27 11:20:00,Arr 1347,2025-11-27,False
EWR,MCO,NK 615,NKS,NK 615,NKS,2025-11-27 16:44:00,Arr 1928,2025-11-27,False
MCO,PIT,NK 616,NKS,NK 616,NKS,2025-11-27 06:00:00,Arr 0807,2025-11-27,False
PIT,FLL,NK 617,NKS,NK 617,NKS,2025-11-27 09:14:00,Arr 1152,2025-11-27,False
DTW,BNA,NK 618,NKS,NK 618,NKS,2025-11-27 05:15:00,Arr 0609 (+12min),2025-11-27,False
BNA,DTW,NK 619,NKS,NK 619,NKS,2025-11-27 07:02:00,Arr 0928,2025-11-27,False
ORD,MCO,NK 620,NKS,NK 620,NKS,2025-11-27 06:48:00,Arr 1136 (+66min),2025-11-27,False
MCO,ORD,NK 623,NKS,NK 623,NKS,2025-11-27 21:00:00,Arr 2238,2025-11-27,False
LGA,ORD,NK 670,NKS,NK 670,NKS,2025-11-27 07:30:00,Arr 0844,2025-11-27,False
ORD,LGA,NK 671,NKS,NK 671,NKS,2025-11-27 10:59:00,Arr 1353,2025-11-27,False
LGA,DTW,NK 672,NKS,NK 672,NKS,2025-11-27 15:00:00,Arr 1633,2025-11-27,False
DTW,MIA,NK 675,NKS,NK 675,NKS,2025-11-27 07:10:00,Arr 1043 (+19min),2025-11-27,False
MIA,DTW,NK 676,NKS,NK 676,NKS,2025-11-27 11:19:00,Arr 1424,2025-11-27,False
DTW,LGA,NK 677,NKS,NK 677,NKS,2025-11-27 17:48:00,Arr 1902,2025-11-27,False
LGA,DFW,NK 678,NKS,NK 678,NKS,2025-11-27 20:30:00,Arr 2255,2025-11-27,False
DFW,EWR,NK 679,NKS,NK 679,NKS,2025-11-27 06:36:00,Arr 1039,2025-11-27,False
EWR,DFW,NK 680,NKS,NK 680,NKS,2025-11-27 13:20:00,Arr 1604,2025-11-27,False
DFW,LGA,NK 681,NKS,NK 681,NKS,2025-11-27 16:38:00,Arr 2032,2025-11-27,False
LGA,MCO,NK 682,NKS,NK 682,NKS,2025-11-27 06:00:00,Arr 0840,2025-11-27,False
IND,FLL,NK 695,NKS,NK 695,NKS,2025-11-27 07:00:00,Arr 0935,2025-11-27,False
MCO,LGA,NK 700,NKS,NK 700,NKS,2025-11-27 06:30:00,Arr 0843,2025-11-27,False
LGA,MCO,NK 701,NKS,NK 701,NKS,2025-11-27 09:55:00,Arr 1243,2025-11-27,False
MCO,ORD,NK 702,NKS,NK 702,NKS,2025-11-27 15:03:00,Arr 1709,2025-11-27,False
ORD,MCO,NK 703,NKS,NK 703,NKS,2025-11-27 12:55:00,Arr 1618,2025-11-27,False
IAH,BWI,NK 710,NKS,NK 710,NKS,2025-11-27 05:40:00,Arr 0918,2025-11-27,False
BWI,MCO,NK 711,NKS,NK 711,NKS,2025-11-27 10:41:00,Arr 1311 (+5min),2025-11-27,False
MCO,BWI,NK 712,NKS,NK 712,NKS,2025-11-27 15:05:00,Arr 1700,2025-11-27,False
LGA,CMH,NK 720,NKS,NK 720,NKS,2025-11-27 05:45:00,Arr 0730,2025-11-27,False
CMH,MCO,NK 721,NKS,NK 721,NKS,2025-11-27 08:30:00,Arr 1043,2025-11-27,False
MCO,CMH,NK 722,NKS,NK 722,NKS,2025-11-27 11:49:00,Arr 1347,2025-11-27,False
CMH,LGA,NK 723,NKS,NK 723,NKS,2025-11-27 15:08:00,Arr 1700 (+7min),2025-11-27,False
LGA,DTW,NK 724,NKS,NK 724,NKS,2025-11-27 18:00:00,Arr 1941,2025-11-27,False
DTW,LGA,NK 725,NKS,NK 725,NKS,2025-11-27 20:59:00,Arr 2231,2025-11-27,False
MCO,MSY,NK 726,NKS,NK 726,NKS,2025-11-27 07:00:00,Arr 0815 (+21min),2025-11-27,False
MSY,MCO,NK 727,NKS,NK 727,NKS,2025-11-27 08:54:00,Arr 1148 (+8min),2025-11-27,False
MCO,LGA,NK 728,NKS,NK 728,NKS,2025-11-27 13:00:00,Arr 1508,2025-11-27,False
LGA,CLT,NK 729,NKS,NK 729,NKS,2025-11-27 16:30:00,Arr 1815,2025-11-27,False
CLT,LGA,NK 730,NKS,NK 730,NKS,2025-11-27 20:44:00,Arr 2215,2025-11-27,False
MIA,PHL,NK 734,NKS,NK 734,NKS,2025-11-27 06:00:00,Arr 0818,2025-11-27,False
PHL,MIA,NK 735,NKS,NK 735,NKS,2025-11-27 09:48:00,Arr 1241,2025-11-27,False
MIA,SJU,NK 736,NKS,NK 736,NKS,2025-11-27 13:44:00,Arr 1708,2025-11-27,False
SJU,MIA,NK 739,NKS,NK 739,NKS,2025-11-27 08:00:00,Arr 0928,2025-11-27,False
MCO,DTW,NK 750,NKS,NK 750,NKS,2025-11-27 17:15:00,Arr 1938,2025-11-27,False
DTW,MCO,NK 753,NKS,NK 753,NKS,2025-11-27 21:01:00,Arr 2320,2025-11-27,False
LAX,MSY,NK 754,NKS,NK 754,NKS,2025-11-27 10:05:00,Arr 1558 (+16min),2025-11-27,False
FLL,LAS,NK 777,NKS,NK 777,NKS,2025-11-27 20:05:00,Arr 2214,2025-11-27,False
MSY,LAX,NK 778,NKS,NK 778,NKS,2025-11-27 15:45:00,Arr 1747,2025-11-27,False
LAX,ATL,NK 779,NKS,NK 779,NKS,2025-11-27 22:40:00,Arr 0548,2025-11-27,False
ATL,LAX,NK 780,NKS,NK 780,NKS,2025-11-27 07:00:00,Arr 0929 (+19min),2025-11-27,False
LAX,AUS,NK 781,NKS,NK 781,NKS,2025-11-27 00:38:00,Arr 0535 (+5min),2025-11-27,False
AUS,LAX,NK 782,NKS,NK 782,NKS,2025-11-27 06:39:00,Arr 0746,2025-11-27,False
LAX,DFW,NK 790,NKS,NK 790,NKS,2025-11-27 13:24:00,Arr 1809,2025-11-27,False
DFW,LAX,NK 795,NKS,NK 795,NKS,2025-11-27 15:46:00,Arr 1651,2025-11-27,False
LAX,ORD,NK 796,NKS,NK 796,NKS,2025-11-27 05:45:00,Arr 1148,2025-11-27,False
ORD,LAX,NK 797,NKS,NK 797,NKS,2025-11-27 18:06:00,Arr 2252 (+130min),2025-11-27,False
FLL,BNA,NK 809,NKS,NK 809,NKS,2025-11-27 06:40:00,Arr 0735,2025-11-27,False
BNA,MCO,NK 810,NKS,NK 810,NKS,2025-11-27 09:07:00,Arr 1140,2025-11-27,False
MCO,BNA,NK 811,NKS,NK 811,NKS,2025-11-27 12:50:00,Arr 1338,2025-11-27,False
BNA,LAS,NK 814,NKS,NK 814,NKS,2025-11-27 21:00:00,Arr 2303 (+2min),2025-11-27,False
LAS,BNA,NK 815,NKS,NK 815,NKS,2025-11-27 10:15:00,Arr 1526,2025-11-27,False
BWI,FLL,NK 819,NKS,NK 819,NKS,2025-11-27 05:40:00,Arr 0815,2025-11-27,False
DFW,FLL,NK 834,NKS,NK 834,NKS,2025-11-27 05:40:00,Arr 0912,2025-11-27,False
FLL,DFW,NK 837,NKS,NK 837,NKS,2025-11-27 19:55:00,Arr 2157,2025-11-27,False
FLL,STT,NK 894,NKS,NK 894,NKS,2025-11-27 09:20:00,Arr 1312 (+17min),2025-11-27,False
STT,FLL,NK 895,NKS,NK 895,NKS,2025-11-27 14:00:00,Arr 1550,2025-11-27,False
DFW,FLL,NK 902,NKS,NK 902,NKS,2025-11-27 18:03:00,Cancelled,2025-11-27,False
ACY,FLL,NK 947,NKS,NK 947,NKS,2025-11-27 06:15:00,Arr 0900,2025-11-27,False
LAS,FLL,NK 954,NKS,NK 954,NKS,2025-11-27 23:29:00,Arr 0651,2025-11-27,False
MCI,DCA,AA 5016,AAL,OH 5016,COM,2025-11-27 06:00:00,Arr 0929,2025-11-27,False
DCA,RDU,AA 5020,AAL,OH 5020,COM,2025-11-27 10:09:00,Arr 1120,2025-11-27,False
PHL,SRQ,AA 5022,AAL,OH 5022,COM,2025-11-27 09:00:00,Arr 1149,2025-11-27,False
DCA,BGR,AA 5023,AAL,OH 5023,COM,2025-11-27 10:15:00,Arr 1136,2025-11-27,False
PHL,CVG,AA 5024,AAL,OH 5024,COM,2025-11-27 14:50:00,Arr 1644,2025-11-27,False
BNA,PHL,AA 5025,AAL,OH 5025,COM,2025-11-27 06:00:00,Arr 0833,2025-11-27,False
DCA,CAE,AA 5026,AAL,OH 5026,COM,2025-11-27 08:30:00,Arr 1004,2025-11-27,False
GRR,DCA,AA 5029,AAL,OH 5029,COM,2025-11-27 06:00:00,Cancelled,2025-11-27,False
GSP,DCA,AA 5031,AAL,OH 5031,COM,2025-11-27 07:38:00,Arr 0916,2025-11-27,False
DCA,BTV,AA 5033,AAL,OH 5033,COM,2025-11-27 08:13:00,Arr 1022 (+24min),2025-11-27,False
ORF,CLT,AA 5036,AAL,OH 5036,COM,2025-11-27 07:14:00,Arr 0823,2025-11-27,False
DCA,GRR,AA 5039,AAL,OH 5039,COM,2025-11-27 11:40:00,Arr 1308,2025-11-27,False
DCA,ATL,AA 5041,AAL,OH 5041,COM,2025-11-27 10:30:00,Arr 1233,2025-11-27,False
ORD,TVC,AA 5044,AAL,OH 5044,COM,2025-11-27 10:05:00,Arr 1238 (+16min),2025-11-27,False
TVC,ORD,AA 5044,AAL,OH 5044,COM,2025-11-27 12:52:00,Arr 1428 (+67min),2025-11-27,False
CLT,ABE,AA 5052,AAL,OH 5052,COM,2025-11-27 11:30:00,Arr 1252,2025-11-27,False
CLT,BTV,AA 5054,AAL,OH 5054,COM,2025-11-27 09:45:00,Arr 1139,2025-11-27,False
JAX,PHL,AA 5057,AAL,OH 5057,COM,2025-11-27 09:31:00,Arr 1105,2025-11-27,False
CLT,CAK,AA 5061,AAL,OH 5061,COM,2025-11-27 09:00:00,Arr 1048 (+9min),2025-11-27,False
MHT,CLT,AA 5064,AAL,OH 5064,COM,2025-11-27 05:43:00,Arr 0812,2025-11-27,False
DFW,CHA,AA 5068,AAL,OH 5068,COM,2025-11-27 10:29:00,Arr 1312,2025-11-27,False
DCA,GSO,AA 5072,AAL,OH 5072,COM,2025-11-27 08:20:00,Arr 1553 (+363min),2025-11-27,False
DCA,GSP,AA 5080,AAL,OH 5080,COM,2025-11-27 08:24:00,Arr 1049 (+34min),2025-11-27,False
ECP,CLT,AA 5092,AAL,OH 5092,COM,2025-11-27 07:15:00,Arr 0950,2025-11-27,False
CLT,XNA,AA 5098,AAL,OH 5098,COM,2025-11-27 09:45:00,Arr 1110,2025-11-27,False
ALB,DCA,AA 5101,AAL,OH 5101,COM,2025-11-27 05:20:00,Arr 0642,2025-11-27,False
SBN,CLT,AA 5104,AAL,OH 5104,COM,2025-11-27 06:00:00,Arr 0843 (+32min),2025-11-27,False
DTW,PHL,AA 5106,AAL,OH 5106,COM,2025-11-27 06:10:00,Arr 0749,2025-11-27,False
DCA,DAY,AA 5108,AAL,OH 5108,COM,2025-11-27 07:39:00,Arr 0902,2025-11-27,False
HSV,DCA,AA 5109,AAL,OH 5109,COM,2025-11-27 06:00:00,Arr 0843,2025-11-27,False
PHL,BGR,AA 5113,AAL,OH 5113,COM,2025-11-27 10:29:00,Arr 1143,2025-11-27,False
ICT,DFW,AA 5114,AAL,OH 5114,COM,2025-11-27 05:43:00,Arr 1225 (+307min),2025-11-27,False
PHL,BNA,AA 5116,AAL,OH 5116,COM,2025-11-27 12:49:00,Arr 1355,2025-11-27,False
GSO,CLT,AA 5120,AAL,OH 5120,COM,2025-11-27 09:14:00,Arr 1008,2025-11-27,False
CLT,BTR,AA 5131,AAL,OH 5131,COM,2025-11-27 11:05:00,Arr 1214,2025-11-27,False
ILM,DCA,AA 5133,AAL,OH 5133,COM,2025-11-27 05:47:00,Arr 0710,2025-11-27,False
SAV,DCA,AA 5146,AAL,OH 5146,COM,2025-11-27 07:43:00,Arr 0902,2025-11-27,False
ATL,DCA,AA 5147,AAL,OH 5147,COM,2025-11-27 06:00:00,Arr 0948 (+119min),2025-11-27,False
TYS,DCA,AA 5149,AAL,OH 5149,COM,2025-11-27 06:11:00,Arr 1406 (+372min),2025-11-27,False
DCA,MHT,AA 5150,AAL,OH 5150,COM,2025-11-27 09:59:00,Arr 1136,2025-11-27,False
DAY,ORD,AA 5154,AAL,OH 5154,COM,2025-11-27 08:38:00,Arr 0844,2025-11-27,False
TYS,ORD,AA 5155,AAL,OH 5155,COM,2025-11-27 07:54:00,Arr 1002 (+62min),2025-11-27,False
DAY,DFW,AA 5157,AAL,OH 5157,COM,2025-11-27 07:46:00,Arr 0918,2025-11-27,False
MHT,DCA,AA 5160,AAL,OH 5160,COM,2025-11-27 06:00:00,Arr 0750 (+1min),2025-11-27,False
CLT,ECP,AA 5161,AAL,OH 5161,COM,2025-11-27 09:40:00,Arr 1032,2025-11-27,False
ORD,DAY,AA 5168,AAL,OH 5168,COM,2025-11-27 09:55:00,Arr 1211,2025-11-27,False
AVL,DCA,AA 5170,AAL,OH 5170,COM,2025-11-27 13:33:00,Arr 1450,2025-11-27,False
DCA,AVL,AA 5170,AAL,OH 5170,COM,2025-11-27 11:30:00,Arr 1253,2025-11-27,False
DCA,PHL,AA 5171,AAL,OH 5171,COM,2025-11-27 08:19:00,Arr 0909,2025-11-27,False
ORD,TUL,AA 5173,AAL,OH 5173,COM,2025-11-27 09:55:00,Arr 1138,2025-11-27,False
TUL,ORD,AA 5173,AAL,OH 5173,COM,2025-11-27 12:33:00,Arr 1415,2025-11-27,False
BTV,PHL,AA 5176,AAL,OH 5176,COM,2025-11-27 06:00:00,Arr 0738 (+1min),2025-11-27,False
DCA,SAV,AA 5178,AAL,OH 5178,COM,2025-11-27 08:30:00,Arr 1054 (+18min),2025-11-27,False
CLT,HPN,AA 5180,AAL,OH 5180,COM,2025-11-27 10:55:00,Arr 1234,2025-11-27,False
ORD,TYS,AA 5181,AAL,OH 5181,COM,2025-11-27 14:53:00,Arr 1723,2025-11-27,False
TYS,CLT,AA 5182,AAL,OH 5182,COM,2025-11-27 06:30:00,Arr 0731,2025-11-27,False
ORD,TYS,AA 5185,AAL,OH 5185,COM,2025-11-27 09:45:00,Arr 1339 (+64min),2025-11-27,False
TYS,ORD,AA 5185,AAL,OH 5185,COM,2025-11-27 13:05:00,Arr 1416 (+8min),2025-11-27,False
DCA,BHM,AA 5186,AAL,OH 5186,COM,2025-11-27 09:59:00,Arr 1113,2025-11-27,False
PIA,CLT,AA 5193,AAL,OH 5193,COM,2025-11-27 05:00:00,Arr 0738,2025-11-27,False
DFW,ICT,AA 5195,AAL,OH 5195,COM,2025-11-27 10:18:00,Arr 1129,2025-11-27,False
CAK,ORD,AA 5196,AAL,OH 5196,COM,2025-11-27 08:19:00,Arr 0843,2025-11-27,False
PHL,TYS,AA 5202,AAL,OH 5202,COM,2025-11-27 08:15:00,Arr 1150 (+91min),2025-11-27,False
DCA,TYS,AA 5207,AAL,OH 5207,COM,2025-11-27 08:57:00,Arr 1046,2025-11-27,False
PHL,CHS,AA 5212,AAL,OH 5212,COM,2025-11-27 08:22:00,Arr 1010,2025-11-27,False
HSV,DFW,AA 5218,AAL,OH 5218,COM,2025-11-27 05:00:00,Arr 0652,2025-11-27,False
PHL,TYS,AA 5222,AAL,OH 5222,COM,2025-11-27 10:39:00,Arr 1229,2025-11-27,False
CRW,CLT,AA 5231,AAL,OH 5231,COM,2025-11-27 08:06:00,Arr 0930,2025-11-27,False
PHL,GSP,AA 5232,AAL,OH 5232,COM,2025-11-27 13:41:00,Arr 1513,2025-11-27,False
DAY,CLT,AA 5234,AAL,OH 5234,COM,2025-11-27 07:06:00,Arr 0829,2025-11-27,False
DCA,MSY,AA 5534,AAL,OH 5534,COM,2025-11-27 07:39:00,Arr 0932,2025-11-27,False
GPT,CLT,AA 5538,AAL,OH 5538,COM,2025-11-27 07:15:00,Arr 0948,2025-11-27,False
DFW,FWA,AA 5539,AAL,OH 5539,COM,2025-11-27 08:21:00,Arr 1129,2025-11-27,False
JAN,DFW,AA 5551,AAL,OH 5551,COM,2025-11-27 05:22:00,Arr 0705,2025-11-27,False
CHS,DCA,AA 5555,AAL,OH 5555,COM,2025-11-27 11:01:00,Arr 1329 (+50min),2025-11-27,False
DCA,CHS,AA 5555,AAL,OH 5555,COM,2025-11-27 08:32:00,Arr 1021,2025-11-27,False
PHL,MEM,AA 5558,AAL,OH 5558,COM,2025-11-27 10:30:00,Arr 1207,2025-11-27,False
BHM,DCA,AA 5562,AAL,OH 5562,COM,2025-11-27 05:59:00,Arr 0841,2025-11-27,False
CLT,GPT,AA 5564,AAL,OH 5564,COM,2025-11-27 11:05:00,Arr 1218,2025-11-27,False
DFW,HSV,AA 5568,AAL,OH 5568,COM,2025-11-27 08:29:00,Arr 1017,2025-11-27,False
DCA,MSP,AA 5575,AAL,OH 5575,COM,2025-11-27 09:59:00,Arr 1116,2025-11-27,False
RDU,DCA,AA 5577,AAL,OH 5577,COM,2025-11-27 06:00:00,Arr 0647,2025-11-27,False
CVG,PHL,AA 5578,AAL,OH 5578,COM,2025-11-27 08:00:00,Arr 0926,2025-11-27,False
DFW,LIT,AA 5579,AAL,OH 5579,COM,2025-11-27 08:08:00,Arr 0915,2025-11-27,False
LIT,DFW,AA 5579,AAL,OH 5579,COM,2025-11-27 10:02:00,Arr 1127,2025-11-27,False
DFW,AGS,AA 5581,AAL,OH 5581,COM,2025-11-27 12:45:00,Arr 1604,2025-11-27,False
GSP,CLT,AA 5589,AAL,OH 5589,COM,2025-11-27 06:55:00,Arr 0746,2025-11-27,False
DFW,LAW,AA 5593,AAL,OH 5593,COM,2025-11-27 08:50:00,Arr 0933,2025-11-27,False
CLT,MLB,AA 5594,AAL,OH 5594,COM,2025-11-27 11:20:00,Arr 1302,2025-11-27,False
PNS,CLT,AA 5600,AAL,OH 5600,COM,2025-11-27 07:25:00,Arr 1017,2025-11-27,False
CAE,DCA,AA 5603,AAL,OH 5603,COM,2025-11-27 07:00:00,Arr 0813,2025-11-27,False
CLT,GSP,AA 5609,AAL,OH 5609,COM,2025-11-27 11:10:00,Arr 1158,2025-11-27,False
BTR,CLT,AA 5612,AAL,OH 5612,COM,2025-11-27 07:00:00,Arr 1003,2025-11-27,False
DCA,PVD,AA 5613,AAL,OH 5613,COM,2025-11-27 07:59:00,Arr 0908,2025-11-27,False
PVD,DCA,AA 5613,AAL,OH 5613,COM,2025-11-27 10:08:00,Arr 1139,2025-11-27,False
DFW,MGM,AA 5614,AAL,OH 5614,COM,2025-11-27 10:33:00,Arr 1215,2025-11-27,False
DCA,CLE,AA 5615,AAL,OH 5615,COM,2025-11-27 13:34:00,Arr 1436,2025-11-27,False
TYS,PHL,AA 5620,AAL,OH 5620,COM,2025-11-27 07:48:00,Arr 0909,2025-11-27,False
GSP,PHL,AA 5621,AAL,OH 5621,COM,2025-11-27 07:00:00,Arr 0823,2025-11-27,False
DCA,MYR,AA 5628,AAL,OH 5628,COM,2025-11-27 10:00:00,Arr 1143,2025-11-27,False
MYR,DCA,AA 5628,AAL,OH 5628,COM,2025-11-27 12:15:00,Arr 1310,2025-11-27,False
PHL,DTW,AA 5636,AAL,OH 5636,COM,2025-11-27 10:30:00,Arr 1212,2025-11-27,False
DCA,MKE,AA 5637,AAL,OH 5637,COM,2025-11-27 10:00:00,Arr 1048,2025-11-27,False
CLT,LFT,AA 5642,AAL,OH 5642,COM,2025-11-27 09:45:00,Arr 1100,2025-11-27,False
MKE,DCA,AA 5646,AAL,OH 5646,COM,2025-11-27 06:00:00,Arr 0908,2025-11-27,False
DCA,MSN,AA 5647,AAL,OH 5647,COM,2025-11-27 09:19:00,Arr 1014,2025-11-27,False
DCA,TLH,AA 5656,AAL,OH 5656,COM,2025-11-27 14:50:00,Arr 1656,2025-11-27,False
CLT,CVG,AA 5657,AAL,OH 5657,COM,2025-11-27 09:30:00,Arr 1143 (+30min),2025-11-27,False
DCA,DTW,AA 5660,AAL,OH 5660,COM,2025-11-27 07:29:00,Arr 0940 (+25min),2025-11-27,False
DFW,HOU,AA 5661,AAL,OH 5661,COM,2025-11-27 10:18:00,Arr 1112,2025-11-27,False
CLT,SAV,AA 5676,AAL,OH 5676,COM,2025-11-27 11:05:00,Arr 1229 (+1min),2025-11-27,False
MSY,DCA,AA 5677,AAL,OH 5677,COM,2025-11-27 05:51:00,Arr 0900,2025-11-27,False
HPN,DCA,AA 5678,AAL,OH 5678,COM,2025-11-27 06:30:00,Arr 0731,2025-11-27,False
CLE,DCA,AA 5237,AAL,OH 5237,COM,2025-11-27 06:09:00,Arr 0709,2025-11-27,False
CHA,DFW,AA 5238,AAL,OH 5238,COM,2025-11-27 07:35:00,Arr 0902,2025-11-27,False
PWM,PHL,AA 5242,AAL,OH 5242,COM,2025-11-27 06:00:00,Arr 0729,2025-11-27,False
PHL,DCA,AA 5244,AAL,OH 5244,COM,2025-11-27 10:50:00,Arr 1135,2025-11-27,False
CHA,DFW,AA 5249,AAL,OH 5249,COM,2025-11-27 05:03:00,Arr 0610,2025-11-27,False
ABE,CLT,AA 5250,AAL,OH 5250,COM,2025-11-27 06:16:00,Arr 0835 (+15min),2025-11-27,False
DFW,DAY,AA 5252,AAL,OH 5252,COM,2025-11-27 10:04:00,Arr 1318,2025-11-27,False
CAE,DFW,AA 5253,AAL,OH 5253,COM,2025-11-27 06:47:00,Arr 0839,2025-11-27,False
PHL,JAX,AA 5256,AAL,OH 5256,COM,2025-11-27 10:30:00,Arr 1254 (+10min),2025-11-27,False
CID,DFW,AA 5258,AAL,OH 5258,COM,2025-11-27 05:00:00,Arr 0656,2025-11-27,False
DAY,DCA,AA 5261,AAL,OH 5261,COM,2025-11-27 06:11:00,Arr 0718,2025-11-27,False
DFW,CID,AA 5264,AAL,OH 5264,COM,2025-11-27 10:35:00,Arr 1230,2025-11-27,False
ORF,DCA,AA 5265,AAL,OH 5265,COM,2025-11-27 06:00:00,Arr 0657,2025-11-27,False
DFW,BHM,AA 5267,AAL,OH 5267,COM,2025-11-27 12:42:00,Arr 1403,2025-11-27,False
MGM,DFW,AA 5268,AAL,OH 5268,COM,2025-11-27 06:19:00,Arr 0818,2025-11-27,False
CLT,TYS,AA 5275,AAL,OH 5275,COM,2025-11-27 09:01:00,Arr 1025 (+6min),2025-11-27,False
CRP,DFW,AA 5276,AAL,OH 5276,COM,2025-11-27 05:45:00,Arr 0701,2025-11-27,False
DCA,PNS,AA 5278,AAL,OH 5278,COM,2025-11-27 08:32:00,Arr 1002,2025-11-27,False
MCI,PHL,AA 5280,AAL,OH 5280,COM,2025-11-27 06:00:00,Arr 0946 (+1min),2025-11-27,False
DFW,PIA,AA 5281,AAL,OH 5281,COM,2025-11-27 13:07:00,Arr 1456,2025-11-27,False
DCA,HPN,AA 5282,AAL,OH 5282,COM,2025-11-27 09:40:00,Arr 1045,2025-11-27,False
DFW,CAE,AA 5283,AAL,OH 5283,COM,2025-11-27 11:19:00,Arr 1440,2025-11-27,False
CLT,GSO,AA 5286,AAL,OH 5286,COM,2025-11-27 09:40:00,Arr 1018,2025-11-27,False
CHS,PHL,AA 5288,AAL,OH 5288,COM,2025-11-27 06:00:00,Arr 1337 (+346min),2025-11-27,False
PIA,DFW,AA 5290,AAL,OH 5290,COM,2025-11-27 06:40:00,Arr 0845,2025-11-27,False
PHL,BTV,AA 5291,AAL,OH 5291,COM,2025-11-27 10:31:00,Arr 1145,2025-11-27,False
CLT,HSV,AA 5294,AAL,OH 5294,COM,2025-11-27 09:40:00,Arr 1010,2025-11-27,False
JAX,DCA,AA 5296,AAL,OH 5296,COM,2025-11-27 13:14:00,Arr 1458,2025-11-27,False
CLT,PNS,AA 5297,AAL,OH 5297,COM,2025-11-27 09:40:00,Arr 1035,2025-11-27,False
PHL,BDL,AA 5298,AAL,OH 5298,COM,2025-11-27 13:35:00,Arr 1427,2025-11-27,False
SAV,PHL,AA 5299,AAL,OH 5299,COM,2025-11-27 07:00:00,Arr 1350 (+290min),2025-11-27,False
LFT,CLT,AA 5300,AAL,OH 5300,COM,2025-11-27 07:00:00,Arr 1000,2025-11-27,False
ORF,ORD,AA 5306,AAL,OH 5306,COM,2025-11-27 07:43:00,Arr 0850,2025-11-27,False
CLT,PIA,AA 5309,AAL,OH 5309,COM,2025-11-27 11:45:00,Arr 1236,2025-11-27,False
ORF,PHL,AA 5314,AAL,OH 5314,COM,2025-11-27 06:15:00,Arr 0706,2025-11-27,False
DCA,ILM,AA 5315,AAL,OH 5315,COM,2025-11-27 08:25:00,Arr 1001,2025-11-27,False
MSP,DCA,AA 5319,AAL,OH 5319,COM,2025-11-27 06:25:00,Arr 0936,2025-11-27,False
CLT,ORF,AA 5324,AAL,OH 5324,COM,2025-11-27 13:05:00,Arr 1405,2025-11-27,False
DFW,CRP,AA 5325,AAL,OH 5325,COM,2025-11-27 13:18:00,Arr 1436,2025-11-27,False
GSO,DCA,AA 5328,AAL,OH 5328,COM,2025-11-27 06:00:00,Arr 0651,2025-11-27,False
BGR,DCA,AA 5330,AAL,OH 5330,COM,2025-11-27 05:23:00,Arr 0832 (+53min),2025-11-27,False
BTV,PHL,AA 5331,AAL,OH 5331,COM,2025-11-27 10:28:00,Arr 1218 (+15min),2025-11-27,False
ORF,PHL,AA 5336,AAL,OH 5336,COM,2025-11-27 10:05:00,Arr 1059,2025-11-27,False
PHL,ORF,AA 5336,AAL,OH 5336,COM,2025-11-27 08:21:00,Arr 0919,2025-11-27,False
DCA,ORF,AA 5337,AAL,OH 5337,COM,2025-11-27 12:36:00,Arr 1332,2025-11-27,False
HOU,DFW,AA 5338,AAL,OH 5338,COM,2025-11-27 06:00:00,Arr 1135 (+248min),2025-11-27,False
DAY,PHL,AA 5341,AAL,OH 5341,COM,2025-11-27 06:00:00,Arr 0720,2025-11-27,False
CLT,DSM,AA 5344,AAL,OH 5344,COM,2025-11-27 11:45:00,Arr 1400 (+18min),2025-11-27,False
HSV,CLT,AA 5345,AAL,OH 5345,COM,2025-11-27 05:15:00,Arr 0726,2025-11-27,False
CHS,PHL,AA 5348,AAL,OH 5348,COM,2025-11-27 11:05:00,Arr 1228,2025-11-27,False
PNS,CLT,AA 5353,AAL,OH 5353,COM,2025-11-27 05:24:00,Arr 0756,2025-11-27,False
AGS,DFW,AA 5355,AAL,OH 5355,COM,2025-11-27 07:00:00,Arr 0852,2025-11-27,False
PHL,MSP,AA 5358,AAL,OH 5358,COM,2025-11-27 10:25:00,Arr 1738 (+317min),2025-11-27,False
LFT,DFW,AA 5360,AAL,OH 5360,COM,2025-11-27 05:37:00,Arr 0707,2025-11-27,False
DCA,PVD,AA 5363,AAL,OH 5363,COM,2025-11-27 10:00:00,Arr 1623 (+280min),2025-11-27,False
CLT,CRW,AA 5366,AAL,OH 5366,COM,2025-11-27 09:20:00,Arr 1030,2025-11-27,False
PHL,CHS,AA 5372,AAL,OH 5372,COM,2025-11-27 12:02:00,Arr 1401 (+2min),2025-11-27,False
CLT,MYR,AA 5373,AAL,OH 5373,COM,2025-11-27 09:20:00,Arr 1037 (+4min),2025-11-27,False
MYR,CLT,AA 5373,AAL,OH 5373,COM,2025-11-27 11:04:00,Arr 1153,2025-11-27,False
XNA,CLT,AA 5374,AAL,OH 5374,COM,2025-11-27 05:00:00,Arr 0758,2025-11-27,False
CVG,CLT,AA 5375,AAL,OH 5375,COM,2025-11-27 08:09:00,Arr 0928,2025-11-27,False
HSV,DFW,AA 5378,AAL,OH 5378,COM,2025-11-27 06:20:00,Arr 1521 (+397min),2025-11-27,False
DFW,JAN,AA 5379,AAL,OH 5379,COM,2025-11-27 10:09:00,Arr 1118,2025-11-27,False
DFW,HSV,AA 5383,AAL,OH 5383,COM,2025-11-27 10:32:00,Arr 1206,2025-11-27,False
CLT,DAY,AA 5385,AAL,OH 5385,COM,2025-11-27 11:56:00,Arr 1319,2025-11-27,False
MLB,CLT,AA 5386,AAL,OH 5386,COM,2025-11-27 06:05:00,Arr 0726,2025-11-27,False
CLT,SBN,AA 5389,AAL,OH 5389,COM,2025-11-27 09:20:00,Arr 1053,2025-11-27,False
MSN,DCA,AA 5390,AAL,OH 5390,COM,2025-11-27 06:00:00,Arr 0917,2025-11-27,False
LAW,DFW,AA 5391,AAL,OH 5391,COM,2025-11-27 06:10:00,Arr 0656,2025-11-27,False
TLH,DCA,AA 5394,AAL,OH 5394,COM,2025-11-27 06:49:00,Arr 0822,2025-11-27,False
SWO,DFW,AA 5396,AAL,OH 5396,COM,2025-11-27 06:00:00,Arr 0736 (+12min),2025-11-27,False
DCA,STL,AA 5398,AAL,OH 5398,COM,2025-11-27 08:20:00,Arr 1049 (+45min),2025-11-27,False
HPN,CLT,AA 5403,AAL,OH 5403,COM,2025-11-27 07:59:00,Arr 1004,2025-11-27,False
ORD,CAK,AA 5404,AAL,OH 5404,COM,2025-11-27 14:09:00,Arr 1712 (+30min),2025-11-27,False
CLE,DCA,AA 5413,AAL,OH 5413,COM,2025-11-27 09:35:00,Arr 1054,2025-11-27,False
DCA,CLE,AA 5413,AAL,OH 5413,COM,2025-11-27 07:30:00,Arr 0839,2025-11-27,False
CAK,CLT,AA 5417,AAL,OH 5417,COM,2025-11-27 08:15:00,Arr 0939,2025-11-27,False
PNS,DCA,AA 5424,AAL,OH 5424,COM,2025-11-27 06:00:00,Arr 1436 (+312min),2025-11-27,False
CLT,PNS,AA 5427,AAL,OH 5427,COM,2025-11-27 11:16:00,Arr 1403 (+97min),2025-11-27,False
DCA,ALB,AA 5433,AAL,OH 5433,COM,2025-11-27 10:04:00,Arr 1101,2025-11-27,False
DFW,CHA,AA 5439,AAL,OH 5439,COM,2025-11-27 08:25:00,Arr 1112,2025-11-27,False
DCA,HSV,AA 5442,AAL,OH 5442,COM,2025-11-27 08:33:00,Arr 0932,2025-11-27,False
DTW,DCA,AA 5444,AAL,OH 5444,COM,2025-11-27 06:00:00,Arr 0818 (+39min),2025-11-27,False
CVG,DCA,AA 5445,AAL,OH 5445,COM,2025-11-27 07:16:00,Arr 0850,2025-11-27,False
BUF,PHL,AA 5446,AAL,OH 5446,COM,2025-11-27 06:00:00,Cancelled,2025-11-27,False
DFW,LFT,AA 5449,AAL,OH 5449,COM,2025-11-27 12:51:00,Arr 1408,2025-11-27,False
DSM,CLT,AA 5450,AAL,OH 5450,COM,2025-11-27 06:39:00,Arr 1303 (+163min),2025-11-27,False
PHL,ATL,AA 5456,AAL,OH 5456,COM,2025-11-27 10:30:00,Arr 1626 (+218min),2025-11-27,False
CLT,MHT,AA 5457,AAL,OH 5457,COM,2025-11-27 09:15:00,Arr 1102,2025-11-27,False
PVD,DCA,AA 5459,AAL,OH 5459,COM,2025-11-27 06:00:00,Arr 0724,2025-11-27,False
FWA,DFW,AA 5464,AAL,OH 5464,COM,2025-11-27 07:00:00,Arr 0833,2025-11-27,False
PHL,SAV,AA 5465,AAL,OH 5465,COM,2025-11-27 10:39:00,Arr 1251 (+3min),2025-11-27,False
ROC,DCA,AA 5472,AAL,OH 5472,COM,2025-11-27 06:16:00,Arr 0748 (+11min),2025-11-27,False
BTR,DFW,AA 5475,AAL,OH 5475,COM,2025-11-27 05:30:00,Arr 0704,2025-11-27,False
DFW,LFT,AA 5477,AAL,OH 5477,COM,2025-11-27 08:08:00,Arr 0908,2025-11-27,False
LFT,DFW,AA 5477,AAL,OH 5477,COM,2025-11-27 10:02:00,Arr 1123,2025-11-27,False
DFW,SWO,AA 5480,AAL,OH 5480,COM,2025-11-27 13:11:00,Arr 1405,2025-11-27,False
XNA,PHL,AA 5491,AAL,OH 5491,COM,2025-11-27 06:00:00,Arr 0923,2025-11-27,False
DCA,BDL,AA 5493,AAL,OH 5493,COM,2025-11-27 10:10:00,Arr 1129,2025-11-27,False
BTV,CLT,AA 5498,AAL,OH 5498,COM,2025-11-27 07:00:00,Arr 0917,2025-11-27,False
SAV,CLT,AA 5500,AAL,OH 5500,COM,2025-11-27 06:45:00,Arr 0739,2025-11-27,False
STL,DCA,AA 5503,AAL,OH 5503,COM,2025-11-27 06:02:00,Arr 0847,2025-11-27,False
PHL,CMH,AA 5506,AAL,OH 5506,COM,2025-11-27 08:20:00,Arr 0952,2025-11-27,False
DCA,CVG,AA 5507,AAL,OH 5507,COM,2025-11-27 09:59:00,Arr 1128,2025-11-27,False
DFW,BTR,AA 5508,AAL,OH 5508,COM,2025-11-27 08:19:00,Arr 0926,2025-11-27,False
BTV,DCA,AA 5509,AAL,OH 5509,COM,2025-11-27 06:00:00,Arr 0731,2025-11-27,False
MSP,PHL,AA 5512,AAL,OH 5512,COM,2025-11-27 06:08:00,Arr 0930,2025-11-27,False
BHM,DFW,AA 5520,AAL,OH 5520,COM,2025-11-27 05:03:00,Arr 0702,2025-11-27,False
DCA,JAX,AA 5521,AAL,OH 5521,COM,2025-11-27 06:49:00,Arr 0854,2025-11-27,False
ORD,ORF,AA 5528,AAL,OH 5528,COM,2025-11-27 15:18:00,Arr 1846 (+16min),2025-11-27,False
ABQ,AUS,WN 100,SWA,WN 100,SWA,2025-11-27 09:30:00,Arr 1202,2025-11-27,False
ABQ,BNA,WN 101,SWA,WN 101,SWA,2025-11-27 06:10:00,Arr 0943,2025-11-27,False
ABQ,BUR,WN 104,SWA,WN 104,SWA,2025-11-27 11:00:00,Arr 1148,2025-11-27,False
ABQ,DAL,WN 113,SWA,WN 113,SWA,2025-11-27 08:25:00,Arr 1056,2025-11-27,False
ABQ,DAL,WN 114,SWA,WN 114,SWA,2025-11-27 10:40:00,Arr 1308,2025-11-27,False
ABQ,DAL,WN 778,SWA,WN 778,SWA,2025-11-27 06:20:00,Arr 0903,2025-11-27,False
ABQ,DEN,WN 120,SWA,WN 120,SWA,2025-11-27 05:40:00,Arr 0654,2025-11-27,False
ABQ,DEN,WN 1900,SWA,WN 1900,SWA,2025-11-27 12:40:00,Arr 1340,2025-11-27,False
ABQ,HOU,WN 127,SWA,WN 127,SWA,2025-11-27 07:05:00,Arr 0959,2025-11-27,False
ABQ,HOU,WN 136,SWA,WN 136,SWA,2025-11-27 11:45:00,Arr 1432,2025-11-27,False
ABQ,LAS,WN 1303,SWA,WN 1303,SWA,2025-11-27 06:00:00,Arr 0628,2025-11-27,False
ABQ,LAS,WN 2022,SWA,WN 2022,SWA,2025-11-27 13:30:00,Arr 1359,2025-11-27,False
ABQ,LAX,WN 143,SWA,WN 143,SWA,2025-11-27 13:00:00,Arr 1345,2025-11-27,False
ABQ,MDW,WN 147,SWA,WN 147,SWA,2025-11-27 08:35:00,Arr 1222,2025-11-27,False
ABQ,PHX,WN 149,SWA,WN 149,SWA,2025-11-27 05:30:00,Arr 0650,2025-11-27,False
ABQ,PHX,WN 155,SWA,WN 155,SWA,2025-11-27 13:10:00,Arr 1418,2025-11-27,False
ABQ,PHX,WN 1015,SWA,WN 1015,SWA,2025-11-27 10:15:00,Arr 1138,2025-11-27,False
ABQ,SAN,WN 157,SWA,WN 157,SWA,2025-11-27 11:05:00,Arr 1156,2025-11-27,False
ALB,BNA,WN 158,SWA,WN 158,SWA,2025-11-27 10:00:00,Arr 1122,2025-11-27,False
ALB,BWI,WN 161,SWA,WN 161,SWA,2025-11-27 08:35:00,Arr 0943,2025-11-27,False
ALB,BWI,WN 164,SWA,WN 164,SWA,2025-11-27 12:35:00,Arr 1336,2025-11-27,False
ALB,BWI,WN 1966,SWA,WN 1966,SWA,2025-11-27 05:30:00,Arr 0659,2025-11-27,False
ALB,MCO,WN 168,SWA,WN 168,SWA,2025-11-27 06:45:00,Arr 0956 (+6min),2025-11-27,False
ALB,MDW,WN 1881,SWA,WN 1881,SWA,2025-11-27 06:00:00,Arr 0706,2025-11-27,False
AMA,DAL,WN 173,SWA,WN 173,SWA,2025-11-27 05:45:00,Arr 0655,2025-11-27,False
AMA,DAL,WN 174,SWA,WN 174,SWA,2025-11-27 13:15:00,Arr 1412,2025-11-27,False
ATL,AUS,WN 176,SWA,WN 176,SWA,2025-11-27 08:45:00,Arr 1007,2025-11-27,False
ATL,BNA,WN 178,SWA,WN 178,SWA,2025-11-27 09:40:00,Arr 0945,2025-11-27,False
ATL,BNA,WN 687,SWA,WN 687,SWA,2025-11-27 13:40:00,Arr 1329,2025-11-27,False
ATL,BWI,WN 186,SWA,WN 186,SWA,2025-11-27 07:45:00,Arr 0930,2025-11-27,False
ATL,BWI,WN 188,SWA,WN 188,SWA,2025-11-27 10:55:00,Arr 1220,2025-11-27,False
ATL,BWI,WN 1426,SWA,WN 1426,SWA,2025-11-27 12:20:00,Arr 1354,2025-11-27,False
ATL,CMH,WN 191,SWA,WN 191,SWA,2025-11-27 14:55:00,Arr 1612,2025-11-27,False
ATL,DAL,WN 192,SWA,WN 192,SWA,2025-11-27 07:00:00,Arr 0805,2025-11-27,False
ATL,DAL,WN 194,SWA,WN 194,SWA,2025-11-27 11:00:00,Arr 1212,2025-11-27,False
ATL,DAL,WN 197,SWA,WN 197,SWA,2025-11-27 13:05:00,Arr 1415,2025-11-27,False
ATL,DCA,WN 198,SWA,WN 198,SWA,2025-11-27 08:50:00,Arr 1014,2025-11-27,False
ATL,DCA,WN 202,SWA,WN 202,SWA,2025-11-27 11:00:00,Arr 1237,2025-11-27,False
ATL,DEN,WN 205,SWA,WN 205,SWA,2025-11-27 08:55:00,Arr 1025,2025-11-27,False
ATL,DEN,WN 206,SWA,WN 206,SWA,2025-11-27 12:50:00,Arr 1411 (+1min),2025-11-27,False
ATL,HOU,WN 207,SWA,WN 207,SWA,2025-11-27 07:15:00,Arr 0821,2025-11-27,False
ATL,HOU,WN 1030,SWA,WN 1030,SWA,2025-11-27 13:20:00,Arr 1435,2025-11-27,False
ATL,HOU,WN 1181,SWA,WN 1181,SWA,2025-11-27 09:20:00,Arr 1030,2025-11-27,False
ATL,IND,WN 215,SWA,WN 215,SWA,2025-11-27 14:35:00,Arr 1603,2025-11-27,False
ATL,LAS,WN 4574,SWA,WN 4574,SWA,2025-11-27 11:45:00,Arr 1315,2025-11-27,False
ATL,LGA,WN 225,SWA,WN 225,SWA,2025-11-27 06:15:00,Arr 0802,2025-11-27,False
ATL,LGA,WN 232,SWA,WN 232,SWA,2025-11-27 12:20:00,Arr 1419,2025-11-27,False
ATL,MCI,WN 236,SWA,WN 236,SWA,2025-11-27 14:35:00,Arr 1547,2025-11-27,False
ATL,MCO,WN 239,SWA,WN 239,SWA,2025-11-27 08:10:00,Arr 1006 (+21min),2025-11-27,False
ATL,MCO,WN 245,SWA,WN 245,SWA,2025-11-27 13:30:00,Arr 1453,2025-11-27,False
ATL,MCO,WN 1053,SWA,WN 1053,SWA,2025-11-27 10:55:00,Arr 1215,2025-11-27,False
ATL,MDW,WN 249,SWA,WN 249,SWA,2025-11-27 06:20:00,Arr 0659,2025-11-27,False
ATL,MDW,WN 251,SWA,WN 251,SWA,2025-11-27 10:55:00,Arr 1149,2025-11-27,False
ATL,MDW,WN 257,SWA,WN 257,SWA,2025-11-27 18:00:00,Arr 1846,2025-11-27,False
ATL,MSY,WN 259,SWA,WN 259,SWA,2025-11-27 14:55:00,Arr 1538 (+8min),2025-11-27,False
ATL,PHX,WN 264,SWA,WN 264,SWA,2025-11-27 10:40:00,Arr 1246,2025-11-27,False
ATL,PIT,WN 1869,SWA,WN 1869,SWA,2025-11-27 14:35:00,Arr 1601,2025-11-27,False
ATL,RDU,WN 1050,SWA,WN 1050,SWA,2025-11-27 14:55:00,Arr 1558,2025-11-27,False
ATL,SAT,WN 271,SWA,WN 271,SWA,2025-11-27 13:20:00,Arr 1454,2025-11-27,False
ATL,STL,WN 274,SWA,WN 274,SWA,2025-11-27 08:15:00,Arr 0851,2025-11-27,False
ATL,STL,WN 280,SWA,WN 280,SWA,2025-11-27 12:35:00,Arr 1352 (+32min),2025-11-27,False
ATL,TPA,WN 1516,SWA,WN 1516,SWA,2025-11-27 14:05:00,Arr 1523,2025-11-27,False
AUS,ABQ,WN 130,SWA,WN 130,SWA,2025-11-27 10:10:00,Arr 1053,2025-11-27,False
AUS,ATL,WN 1516,SWA,WN 1516,SWA,2025-11-27 10:20:00,Arr 1313,2025-11-27,False
AUS,BNA,WN 286,SWA,WN 286,SWA,2025-11-27 06:45:00,Arr 0839,2025-11-27,False
AUS,BNA,WN 290,SWA,WN 290,SWA,2025-11-27 14:50:00,Arr 1637,2025-11-27,False
AUS,BUR,WN 291,SWA,WN 291,SWA,2025-11-27 09:25:00,Arr 1028,2025-11-27,False
AUS,BWI,WN 296,SWA,WN 296,SWA,2025-11-27 05:45:00,Arr 0947,2025-11-27,False
AUS,BWI,WN 300,SWA,WN 300,SWA,2025-11-27 09:20:00,Arr 1307,2025-11-27,False
AUS,CMH,WN 302,SWA,WN 302,SWA,2025-11-27 13:45:00,Arr 1708,2025-11-27,False
AUS,DAL,WN 310,SWA,WN 310,SWA,2025-11-27 05:55:00,Arr 0646,2025-11-27,False
AUS,DAL,WN 314,SWA,WN 314,SWA,2025-11-27 09:30:00,Arr 1013,2025-11-27,False
AUS,DAL,WN 1755,SWA,WN 1755,SWA,2025-11-27 13:30:00,Arr 1422,2025-11-27,False
AUS,DAL,WN 1956,SWA,WN 1956,SWA,2025-11-27 12:05:00,Arr 1313 (+3min),2025-11-27,False
AUS,DCA,WN 1436,SWA,WN 1436,SWA,2025-11-27 10:55:00,Arr 1437,2025-11-27,False
AUS,DEN,WN 332,SWA,WN 332,SWA,2025-11-27 05:50:00,Arr 0659,2025-11-27,False
AUS,DEN,WN 333,SWA,WN 333,SWA,2025-11-27 11:35:00,Arr 1245,2025-11-27,False
AUS,DEN,WN 958,SWA,WN 958,SWA,2025-11-27 15:00:00,Arr 1609,2025-11-27,False
AUS,ELP,WN 339,SWA,WN 339,SWA,2025-11-27 09:45:00,Arr 1024,2025-11-27,False
AUS,ELP,WN 342,SWA,WN 342,SWA,2025-11-27 14:00:00,Arr 1427,2025-11-27,False
AUS,FLL,WN 1871,SWA,WN 1871,SWA,2025-11-27 13:30:00,Arr 1703,2025-11-27,False
AUS,HOU,WN 346,SWA,WN 346,SWA,2025-11-27 06:00:00,Arr 0635,2025-11-27,False
AUS,HOU,WN 351,SWA,WN 351,SWA,2025-11-27 09:05:00,Arr 0949,2025-11-27,False
AUS,HOU,WN 356,SWA,WN 356,SWA,2025-11-27 13:30:00,Arr 1414,2025-11-27,False
AUS,HRL,WN 360,SWA,WN 360,SWA,2025-11-27 13:25:00,Arr 1441 (+1min),2025-11-27,False
AUS,IND,WN 1372,SWA,WN 1372,SWA,2025-11-27 12:25:00,Arr 1552 (+7min),2025-11-27,False
AUS,JAX,WN 579,SWA,WN 579,SWA,2025-11-27 12:30:00,Arr 1534,2025-11-27,False
AUS,LAS,WN 365,SWA,WN 365,SWA,2025-11-27 05:35:00,Arr 0619,2025-11-27,False
AUS,LAS,WN 367,SWA,WN 367,SWA,2025-11-27 09:25:00,Arr 1013,2025-11-27,False
AUS,LAS,WN 528,SWA,WN 528,SWA,2025-11-27 12:55:00,Arr 1343,2025-11-27,False
AUS,LAX,WN 163,SWA,WN 163,SWA,2025-11-27 10:55:00,Arr 1153,2025-11-27,False
AUS,LAX,WN 374,SWA,WN 374,SWA,2025-11-27 15:25:00,Arr 1713 (+23min),2025-11-27,False
AUS,LBB,WN 930,SWA,WN 930,SWA,2025-11-27 11:25:00,Arr 1231,2025-11-27,False
AUS,LGB,WN 381,SWA,WN 381,SWA,2025-11-27 11:00:00,Arr 1157,2025-11-27,False
AUS,MAF,WN 382,SWA,WN 382,SWA,2025-11-27 12:55:00,Arr 1358,2025-11-27,False
AUS,MCI,WN 385,SWA,WN 385,SWA,2025-11-27 09:30:00,Arr 1121,2025-11-27,False
AUS,MCO,WN 397,SWA,WN 397,SWA,2025-11-27 10:45:00,Arr 1414,2025-11-27,False
AUS,MCO,WN 398,SWA,WN 398,SWA,2025-11-27 15:15:00,Arr 1830,2025-11-27,False
AUS,MCO,WN 458,SWA,WN 458,SWA,2025-11-27 06:25:00,Arr 0942,2025-11-27,False
AUS,MDW,WN 404,SWA,WN 404,SWA,2025-11-27 06:10:00,Arr 0845,2025-11-27,False
AUS,MDW,WN 406,SWA,WN 406,SWA,2025-11-27 10:25:00,Arr 1258 (+3min),2025-11-27,False
AUS,MDW,WN 408,SWA,WN 408,SWA,2025-11-27 13:10:00,Arr 1538,2025-11-27,False
AUS,MIA,WN 410,SWA,WN 410,SWA,2025-11-27 15:10:00,Arr 1853 (+3min),2025-11-27,False
AUS,MSY,WN 416,SWA,WN 416,SWA,2025-11-27 08:15:00,Arr 0923,2025-11-27,False
AUS,MSY,WN 417,SWA,WN 417,SWA,2025-11-27 14:00:00,Arr 1505,2025-11-27,False
AUS,OAK,WN 419,SWA,WN 419,SWA,2025-11-27 12:15:00,Arr 1349,2025-11-27,False
AUS,OKC,WN 420,SWA,WN 420,SWA,2025-11-27 11:30:00,Arr 1246,2025-11-27,False
AUS,ONT,WN 542,SWA,WN 542,SWA,2025-11-27 12:55:00,Arr 1358,2025-11-27,False
AUS,PHX,WN 425,SWA,WN 425,SWA,2025-11-27 05:20:00,Arr 0639,2025-11-27,False
AUS,PHX,WN 426,SWA,WN 426,SWA,2025-11-27 10:20:00,Arr 1139,2025-11-27,False
AUS,PHX,WN 1014,SWA,WN 1014,SWA,2025-11-27 12:45:00,Arr 1423,2025-11-27,False
AUS,RDU,WN 432,SWA,WN 432,SWA,2025-11-27 11:35:00,Arr 1516 (+1min),2025-11-27,False
AUS,SAN,WN 1437,SWA,WN 1437,SWA,2025-11-27 15:15:00,Arr 1603,2025-11-27,False
AUS,SAN,WN 1991,SWA,WN 1991,SWA,2025-11-27 11:10:00,Arr 1221 (+6min),2025-11-27,False
AUS,SFO,WN 437,SWA,WN 437,SWA,2025-11-27 13:25:00,Arr 1456,2025-11-27,False
AUS,SJC,WN 438,SWA,WN 438,SWA,2025-11-27 15:00:00,Arr 1633,2025-11-27,False
AUS,SMF,WN 441,SWA,WN 441,SWA,2025-11-27 12:25:00,Arr 1407,2025-11-27,False
AUS,SNA,WN 2044,SWA,WN 2044,SWA,2025-11-27 12:25:00,Arr 1343,2025-11-27,False
AUS,STL,WN 449,SWA,WN 449,SWA,2025-11-27 05:05:00,Arr 0658,2025-11-27,False
AUS,STL,WN 1355,SWA,WN 1355,SWA,2025-11-27 11:20:00,Arr 1322,2025-11-27,False
AUS,TPA,WN 453,SWA,WN 453,SWA,2025-11-27 08:30:00,Arr 1140,2025-11-27,False
AUS,TPA,WN 455,SWA,WN 455,SWA,2025-11-27 14:30:00,Arr 1737,2025-11-27,False
BDL,BNA,WN 1289,SWA,WN 1289,SWA,2025-11-27 09:35:00,Arr 1102,2025-11-27,False
BDL,BWI,WN 236,SWA,WN 236,SWA,2025-11-27 10:10:00,Arr 1121,2025-11-27,False
BDL,BWI,WN 460,SWA,WN 460,SWA,2025-11-27 05:55:00,Arr 0725 (+5min),2025-11-27,False
BDL,BWI,WN 709,SWA,WN 709,SWA,2025-11-27 13:10:00,Arr 1430,2025-11-27,False
BDL,MCO,WN 477,SWA,WN 477,SWA,2025-11-27 06:25:00,Arr 0938 (+13min),2025-11-27,False
BDL,MDW,WN 471,SWA,WN 471,SWA,2025-11-27 05:25:00,Arr 0648,2025-11-27,False
BHM,BNA,WN 506,SWA,WN 506,SWA,2025-11-27 07:25:00,Arr 0815,2025-11-27,False
BHM,BWI,WN 479,SWA,WN 479,SWA,2025-11-27 06:45:00,Arr 0938,2025-11-27,False
BHM,DAL,WN 485,SWA,WN 485,SWA,2025-11-27 12:35:00,Arr 1414,2025-11-27,False
BHM,DAL,WN 991,SWA,WN 991,SWA,2025-11-27 08:30:00,Arr 1018,2025-11-27,False
BHM,HOU,WN 487,SWA,WN 487,SWA,2025-11-27 06:15:00,Arr 0754,2025-11-27,False
BHM,LAS,WN 1039,SWA,WN 1039,SWA,2025-11-27 09:00:00,Arr 1055,2025-11-27,False
BHM,MCO,WN 493,SWA,WN 493,SWA,2025-11-27 09:50:00,Arr 1224,2025-11-27,False
BHM,MDW,WN 496,SWA,WN 496,SWA,2025-11-27 10:55:00,Arr 1240,2025-11-27,False
BHM,TPA,WN 269,SWA,WN 269,SWA,2025-11-27 10:15:00,Arr 1233,2025-11-27,False
BNA,ABQ,WN 499,SWA,WN 499,SWA,2025-11-27 13:05:00,Arr 1453,2025-11-27,False
BNA,ALB,WN 1369,SWA,WN 1369,SWA,2025-11-27 12:45:00,Arr 1528,2025-11-27,False
BNA,ATL,WN 233,SWA,WN 233,SWA,2025-11-27 09:30:00,Arr 1127,2025-11-27,False
BNA,ATL,WN 505,SWA,WN 505,SWA,2025-11-27 12:05:00,Arr 1350,2025-11-27,False
BNA,AUS,WN 294,SWA,WN 294,SWA,2025-11-27 06:10:00,Arr 0818,2025-11-27,False
BNA,AUS,WN 1546,SWA,WN 1546,SWA,2025-11-27 12:10:00,Arr 1419,2025-11-27,False
BNA,BDL,WN 947,SWA,WN 947,SWA,2025-11-27 10:40:00,Arr 1340,2025-11-27,False
BNA,BHM,WN 967,SWA,WN 967,SWA,2025-11-27 13:35:00,Arr 1416,2025-11-27,False
BNA,BOS,WN 287,SWA,WN 287,SWA,2025-11-27 09:40:00,Arr 1255,2025-11-27,False
BNA,BOS,WN 508,SWA,WN 508,SWA,2025-11-27 14:30:00,Arr 1742,2025-11-27,False
BNA,BUF,WN 478,SWA,WN 478,SWA,2025-11-27 09:10:00,Arr 1139,2025-11-27,False
BNA,BUR,WN 510,SWA,WN 510,SWA,2025-11-27 07:55:00,Arr 1026,2025-11-27,False
BNA,BWI,WN 518,SWA,WN 518,SWA,2025-11-27 05:50:00,Arr 0809,2025-11-27,False
BNA,BWI,WN 1725,SWA,WN 1725,SWA,2025-11-27 09:10:00,Arr 1134,2025-11-27,False
BNA,CHS,WN 527,SWA,WN 527,SWA,2025-11-27 09:30:00,Arr 1158,2025-11-27,False
BNA,CLE,WN 268,SWA,WN 268,SWA,2025-11-27 14:15:00,Arr 1635,2025-11-27,False
BNA,CLE,WN 1156,SWA,WN 1156,SWA,2025-11-27 09:50:00,Arr 1207,2025-11-27,False
BNA,CLT,WN 724,SWA,WN 724,SWA,2025-11-27 09:35:00,Arr 1142,2025-11-27,False
BNA,CMH,WN 482,SWA,WN 482,SWA,2025-11-27 09:30:00,Arr 1132,2025-11-27,False
BNA,CVG,WN 546,SWA,WN 546,SWA,2025-11-27 13:30:00,Arr 1524,2025-11-27,False
BNA,DAL,WN 235,SWA,WN 235,SWA,2025-11-27 07:55:00,Arr 0949,2025-11-27,False
BNA,DAL,WN 548,SWA,WN 548,SWA,2025-11-27 05:05:00,Arr 0658,2025-11-27,False
BNA,DAL,WN 549,SWA,WN 549,SWA,2025-11-27 06:30:00,Arr 0819,2025-11-27,False
BNA,DAL,WN 553,SWA,WN 553,SWA,2025-11-27 12:20:00,Arr 1422,2025-11-27,False
BNA,DCA,WN 996,SWA,WN 996,SWA,2025-11-27 13:10:00,Arr 1536,2025-11-27,False
BNA,DCA,WN 1119,SWA,WN 1119,SWA,2025-11-27 06:25:00,Arr 1018 (+68min),2025-11-27,False
BNA,DEN,WN 559,SWA,WN 559,SWA,2025-11-27 05:10:00,Arr 0709,2025-11-27,False
BNA,DEN,WN 560,SWA,WN 560,SWA,2025-11-27 07:55:00,Arr 0947,2025-11-27,False
BNA,DEN,WN 564,SWA,WN 564,SWA,2025-11-27 14:45:00,Arr 1640,2025-11-27,False
BNA,DEN,WN 1503,SWA,WN 1503,SWA,2025-11-27 12:00:00,Arr 1352,2025-11-27,False
BNA,DTW,WN 568,SWA,WN 568,SWA,2025-11-27 09:40:00,Arr 1224 (+4min),2025-11-27,False
BNA,ECP,WN 312,SWA,WN 312,SWA,2025-11-27 08:15:00,Arr 0928,2025-11-27,False
BNA,ECP,WN 570,SWA,WN 570,SWA,2025-11-27 14:15:00,Arr 1518,2025-11-27,False
BNA,FLL,WN 1424,SWA,WN 1424,SWA,2025-11-27 14:40:00,Arr 1805 (+5min),2025-11-27,False
BNA,FLL,WN 1514,SWA,WN 1514,SWA,2025-11-27 07:45:00,Arr 1052,2025-11-27,False
BNA,GSP,WN 1727,SWA,WN 1727,SWA,2025-11-27 14:30:00,Arr 1633,2025-11-27,False
BNA,HOU,WN 574,SWA,WN 574,SWA,2025-11-27 06:00:00,Arr 0757,2025-11-27,False
BNA,HOU,WN 575,SWA,WN 575,SWA,2025-11-27 08:05:00,Arr 1006,2025-11-27,False
BNA,HOU,WN 578,SWA,WN 578,SWA,2025-11-27 12:20:00,Arr 1416,2025-11-27,False
BNA,IAD,WN 1485,SWA,WN 1485,SWA,2025-11-27 09:30:00,Arr 1146,2025-11-27,False
BNA,IND,WN 585,SWA,WN 585,SWA,2025-11-27 11:40:00,Arr 1335,2025-11-27,False
BNA,JAN,WN 1108,SWA,WN 1108,SWA,2025-11-27 10:15:00,Arr 1120,2025-11-27,False
BNA,JAX,WN 591,SWA,WN 591,SWA,2025-11-27 14:25:00,Arr 1635,2025-11-27,False
BNA,JAX,WN 1843,SWA,WN 1843,SWA,2025-11-27 07:45:00,Arr 1011,2025-11-27,False
BNA,LAS,WN 322,SWA,WN 322,SWA,2025-11-27 14:15:00,Arr 1628,2025-11-27,False
BNA,LAS,WN 595,SWA,WN 595,SWA,2025-11-27 06:20:00,Arr 0824,2025-11-27,False
BNA,LAX,WN 1288,SWA,WN 1288,SWA,2025-11-27 12:10:00,Arr 1452,2025-11-27,False
BNA,LGA,WN 606,SWA,WN 606,SWA,2025-11-27 06:40:00,Arr 0950,2025-11-27,False
BNA,LGA,WN 608,SWA,WN 608,SWA,2025-11-27 11:15:00,Arr 1416,2025-11-27,False
BNA,LGB,WN 615,SWA,WN 615,SWA,2025-11-27 12:05:00,Arr 1425,2025-11-27,False
BNA,MCI,WN 621,SWA,WN 621,SWA,2025-11-27 07:50:00,Arr 0925,2025-11-27,False
BNA,MCI,WN 623,SWA,WN 623,SWA,2025-11-27 12:10:00,Arr 1345,2025-11-27,False
BNA,MCO,WN 389,SWA,WN 389,SWA,2025-11-27 14:30:00,Arr 1704,2025-11-27,False
BNA,MCO,WN 635,SWA,WN 635,SWA,2025-11-27 07:00:00,Arr 1000 (+5min),2025-11-27,False
BNA,MCO,WN 887,SWA,WN 887,SWA,2025-11-27 08:50:00,Arr 1134,2025-11-27,False
BNA,MCO,WN 1478,SWA,WN 1478,SWA,2025-11-27 10:35:00,Arr 1336 (+1min),2025-11-27,False
BNA,MDW,WN 642,SWA,WN 642,SWA,2025-11-27 07:05:00,Arr 0821,2025-11-27,False
BNA,MDW,WN 644,SWA,WN 644,SWA,2025-11-27 09:40:00,Arr 1111,2025-11-27,False
BNA,MDW,WN 3265,SWA,WN 3265,SWA,2025-11-27 14:30:00,Arr 1608 (+3min),2025-11-27,False
BNA,MEM,WN 647,SWA,WN 647,SWA,2025-11-27 13:10:00,Arr 1400,2025-11-27,False
BNA,MIA,WN 649,SWA,WN 649,SWA,2025-11-27 10:50:00,Arr 1411,2025-11-27,False
BNA,MKE,WN 650,SWA,WN 650,SWA,2025-11-27 10:35:00,Arr 1202,2025-11-27,False
BNA,MSP,WN 652,SWA,WN 652,SWA,2025-11-27 11:50:00,Arr 1404,2025-11-27,False
BNA,MSY,WN 656,SWA,WN 656,SWA,2025-11-27 07:45:00,Arr 0909,2025-11-27,False
BNA,MSY,WN 2006,SWA,WN 2006,SWA,2025-11-27 12:35:00,Arr 1408,2025-11-27,False
BNA,MYR,WN 663,SWA,WN 663,SWA,2025-11-27 09:20:00,Arr 1133,2025-11-27,False
BNA,OKC,WN 665,SWA,WN 665,SWA,2025-11-27 12:10:00,Arr 1403,2025-11-27,False
BNA,OMA,WN 668,SWA,WN 668,SWA,2025-11-27 10:35:00,Arr 1221,2025-11-27,False
BNA,ORD,WN 1179,SWA,WN 1179,SWA,2025-11-27 11:05:00,Arr 1314 (+14min),2025-11-27,False
BNA,ORF,WN 671,SWA,WN 671,SWA,2025-11-27 09:40:00,Arr 1216,2025-11-27,False
BNA,PBI,WN 673,SWA,WN 673,SWA,2025-11-27 07:45:00,Arr 1047,2025-11-27,False
BNA,PHL,WN 803,SWA,WN 803,SWA,2025-11-27 10:15:00,Arr 1254,2025-11-27,False
BNA,PHX,WN 676,SWA,WN 676,SWA,2025-11-27 06:05:00,Arr 0851,2025-11-27,False
BNA,PHX,WN 677,SWA,WN 677,SWA,2025-11-27 12:20:00,Arr 1515,2025-11-27,False
BNA,PIT,WN 680,SWA,WN 680,SWA,2025-11-27 09:30:00,Arr 1156,2025-11-27,False
BNA,PIT,WN 683,SWA,WN 683,SWA,2025-11-27 14:15:00,Arr 1630,2025-11-27,False
BNA,PNS,WN 692,SWA,WN 692,SWA,2025-11-27 14:35:00,Arr 1553,2025-11-27,False
BNA,PNS,WN 1733,SWA,WN 1733,SWA,2025-11-27 07:50:00,Arr 0858,2025-11-27,False
BNA,PVD,WN 695,SWA,WN 695,SWA,2025-11-27 11:20:00,Arr 1419,2025-11-27,False
BNA,RDU,WN 697,SWA,WN 697,SWA,2025-11-27 09:40:00,Arr 1157,2025-11-27,False
BNA,RDU,WN 700,SWA,WN 700,SWA,2025-11-27 14:15:00,Arr 1631,2025-11-27,False
BNA,RIC,WN 702,SWA,WN 702,SWA,2025-11-27 10:40:00,Arr 1255,2025-11-27,False
BNA,RSW,WN 705,SWA,WN 705,SWA,2025-11-27 08:15:00,Arr 1114,2025-11-27,False
BNA,SAN,WN 781,SWA,WN 781,SWA,2025-11-27 08:10:00,Arr 1024,2025-11-27,False
BNA,SAT,WN 459,SWA,WN 459,SWA,2025-11-27 12:10:00,Arr 1438,2025-11-27,False
BNA,SAT,WN 713,SWA,WN 713,SWA,2025-11-27 07:50:00,Arr 1004,2025-11-27,False
BNA,SAV,WN 716,SWA,WN 716,SWA,2025-11-27 09:30:00,Arr 1155,2025-11-27,False
BNA,SDF,WN 725,SWA,WN 725,SWA,2025-11-27 13:25:00,Arr 1503,2025-11-27,False
BNA,SJC,WN 522,SWA,WN 522,SWA,2025-11-27 12:20:00,Arr 1502,2025-11-27,False
BNA,SLC,WN 679,SWA,WN 679,SWA,2025-11-27 13:20:00,Arr 1558,2025-11-27,False
BNA,SMF,WN 1851,SWA,WN 1851,SWA,2025-11-27 12:20:00,Arr 1518 (+3min),2025-11-27,False
BNA,SRQ,WN 732,SWA,WN 732,SWA,2025-11-27 07:45:00,Arr 1039,2025-11-27,False
BNA,STL,WN 737,SWA,WN 737,SWA,2025-11-27 13:05:00,Arr 1404,2025-11-27,False
BNA,STL,WN 1702,SWA,WN 1702,SWA,2025-11-27 07:10:00,Arr 0815,2025-11-27,False
BNA,TPA,WN 738,SWA,WN 738,SWA,2025-11-27 06:35:00,Arr 0920,2025-11-27,False
BNA,TPA,WN 739,SWA,WN 739,SWA,2025-11-27 17:40:00,Arr 2011,2025-11-27,False
BNA,TUL,WN 744,SWA,WN 744,SWA,2025-11-27 13:10:00,Arr 1442,2025-11-27,False
BNA,VPS,WN 746,SWA,WN 746,SWA,2025-11-27 07:45:00,Arr 0848,2025-11-27,False
BNA,VPS,WN 752,SWA,WN 752,SWA,2025-11-27 14:30:00,Arr 1558,2025-11-27,False
BOI,DEN,WN 547,SWA,WN 547,SWA,2025-11-27 08:15:00,Arr 1004,2025-11-27,False
BOI,DEN,WN 754,SWA,WN 754,SWA,2025-11-27 10:50:00,Arr 1223,2025-11-27,False
BOI,LAS,WN 755,SWA,WN 755,SWA,2025-11-27 05:40:00,Arr 0652 (+12min),2025-11-27,False
BOI,LAS,WN 757,SWA,WN 757,SWA,2025-11-27 13:25:00,Arr 1354,2025-11-27,False
BOI,OAK,WN 759,SWA,WN 759,SWA,2025-11-27 07:40:00,Arr 0819,2025-11-27,False
BOI,PHX,WN 762,SWA,WN 762,SWA,2025-11-27 06:10:00,Arr 0813,2025-11-27,False
BOI,PHX,WN 766,SWA,WN 766,SWA,2025-11-27 10:50:00,Arr 1302 (+7min),2025-11-27,False
BOI,SJC,WN 768,SWA,WN 768,SWA,2025-11-27 12:10:00,Arr 1247,2025-11-27,False
BOI,SMF,WN 770,SWA,WN 770,SWA,2025-11-27 12:35:00,Arr 1251,2025-11-27,False
BOS,BNA,WN 512,SWA,WN 512,SWA,2025-11-27 05:10:00,Arr 0701 (+1min),2025-11-27,False
BOS,BNA,WN 647,SWA,WN 647,SWA,2025-11-27 10:45:00,Arr 1230,2025-11-27,False
BOS,BWI,WN 771,SWA,WN 771,SWA,2025-11-27 05:25:00,Arr 0652,2025-11-27,False
BOS,BWI,WN 775,SWA,WN 775,SWA,2025-11-27 07:10:00,Arr 0838,2025-11-27,False
BOS,BWI,WN 779,SWA,WN 779,SWA,2025-11-27 12:35:00,Arr 1359,2025-11-27,False
BOS,BWI,WN 1354,SWA,WN 1354,SWA,2025-11-27 11:10:00,Arr 1240,2025-11-27,False
BOS,DEN,WN 784,SWA,WN 784,SWA,2025-11-27 07:35:00,Arr 1006,2025-11-27,False
BOS,MDW,WN 331,SWA,WN 331,SWA,2025-11-27 05:40:00,Arr 0710,2025-11-27,False
BOS,MDW,WN 791,SWA,WN 791,SWA,2025-11-27 12:50:00,Arr 1414,2025-11-27,False
BOS,STL,WN 793,SWA,WN 793,SWA,2025-11-27 06:45:00,Arr 0844,2025-11-27,False
BOS,STL,WN 799,SWA,WN 799,SWA,2025-11-27 09:20:00,Arr 1109,2025-11-27,False
BUF,BNA,WN 1936,SWA,WN 1936,SWA,2025-11-27 09:25:00,Arr 1037 (+12min),2025-11-27,False
BUF,BWI,WN 804,SWA,WN 804,SWA,2025-11-27 08:50:00,Arr 1002,2025-11-27,False
BUF,BWI,WN 806,SWA,WN 806,SWA,2025-11-27 13:20:00,Arr 1424,2025-11-27,False
BUF,BWI,WN 1950,SWA,WN 1950,SWA,2025-11-27 05:45:00,Arr 0714 (+14min),2025-11-27,False
BUF,LAS,WN 813,SWA,WN 813,SWA,2025-11-27 07:45:00,Arr 1007 (+22min),2025-11-27,False
BUF,MCO,WN 734,SWA,WN 734,SWA,2025-11-27 11:30:00,Arr 1426 (+11min),2025-11-27,False
BUF,MDW,WN 818,SWA,WN 818,SWA,2025-11-27 06:10:00,Arr 0701 (+1min),2025-11-27,False
BUF,TPA,WN 820,SWA,WN 820,SWA,2025-11-27 07:00:00,Arr 1005 (+5min),2025-11-27,False
BUR,ABQ,WN 823,SWA,WN 823,SWA,2025-11-27 13:10:00,Arr 1535,2025-11-27,False
BUR,AUS,WN 827,SWA,WN 827,SWA,2025-11-27 08:30:00,Arr 1313,2025-11-27,False
BUR,BNA,WN 208,SWA,WN 208,SWA,2025-11-27 07:25:00,Arr 1306,2025-11-27,False
BUR,DAL,WN 830,SWA,WN 830,SWA,2025-11-27 08:15:00,Arr 1310,2025-11-27,False
BUR,DEN,WN 835,SWA,WN 835,SWA,2025-11-27 07:05:00,Arr 1022,2025-11-27,False
BUR,DEN,WN 836,SWA,WN 836,SWA,2025-11-27 09:15:00,Arr 1212,2025-11-27,False
BUR,DEN,WN 843,SWA,WN 843,SWA,2025-11-27 10:55:00,Arr 1356,2025-11-27,False
BUR,LAS,WN 324,SWA,WN 324,SWA,2025-11-27 13:35:00,Arr 1435,2025-11-27,False
BUR,LAS,WN 760,SWA,WN 760,SWA,2025-11-27 11:50:00,Arr 1249,2025-11-27,False
BUR,LAS,WN 849,SWA,WN 849,SWA,2025-11-27 07:10:00,Arr 0758,2025-11-27,False
BUR,LAS,WN 850,SWA,WN 850,SWA,2025-11-27 09:05:00,Arr 0951,2025-11-27,False
BUR,LAS,WN 852,SWA,WN 852,SWA,2025-11-27 10:30:00,Arr 1115,2025-11-27,False
BUR,OAK,WN 859,SWA,WN 859,SWA,2025-11-27 12:00:00,Arr 1308,2025-11-27,False
BUR,OAK,WN 862,SWA,WN 862,SWA,2025-11-27 12:55:00,Arr 1410,2025-11-27,False
BUR,OAK,WN 865,SWA,WN 865,SWA,2025-11-27 13:50:00,Arr 1500,2025-11-27,False
BUR,OAK,WN 866,SWA,WN 866,SWA,2025-11-27 14:50:00,Arr 1537,2025-11-27,False
BUR,OAK,WN 963,SWA,WN 963,SWA,2025-11-27 07:20:00,Arr 0828,2025-11-27,False
BUR,OAK,WN 1959,SWA,WN 1959,SWA,2025-11-27 09:35:00,Arr 1041,2025-11-27,False
BUR,PHX,WN 262,SWA,WN 262,SWA,2025-11-27 12:00:00,Arr 1430,2025-11-27,False
BUR,PHX,WN 867,SWA,WN 867,SWA,2025-11-27 07:35:00,Arr 1006,2025-11-27,False
BUR,PHX,WN 872,SWA,WN 872,SWA,2025-11-27 14:20:00,Arr 1617,2025-11-27,False
BUR,PHX,WN 1446,SWA,WN 1446,SWA,2025-11-27 09:10:00,Arr 1132,2025-11-27,False
BUR,RNO,WN 295,SWA,WN 295,SWA,2025-11-27 11:30:00,Arr 1237,2025-11-27,False
BUR,SJC,WN 472,SWA,WN 472,SWA,2025-11-27 12:30:00,Arr 1333,2025-11-27,False
BUR,SJC,WN 513,SWA,WN 513,SWA,2025-11-27 11:20:00,Arr 1216,2025-11-27,False
BUR,SJC,WN 878,SWA,WN 878,SWA,2025-11-27 07:55:00,Arr 0847,2025-11-27,False
BUR,SJC,WN 879,SWA,WN 879,SWA,2025-11-27 10:15:00,Arr 1114,2025-11-27,False
BUR,SJC,WN 1340,SWA,WN 1340,SWA,2025-11-27 14:20:00,Arr 1522,2025-11-27,False
BUR,SMF,WN 103,SWA,WN 103,SWA,2025-11-27 12:50:00,Arr 1417,2025-11-27,False
BUR,SMF,WN 507,SWA,WN 507,SWA,2025-11-27 07:00:00,Arr 0817,2025-11-27,False
BUR,SMF,WN 889,SWA,WN 889,SWA,2025-11-27 08:10:00,Arr 0915,2025-11-27,False
BUR,SMF,WN 893,SWA,WN 893,SWA,2025-11-27 15:00:00,Arr 1556,2025-11-27,False
BUR,SMF,WN 985,SWA,WN 985,SWA,2025-11-27 10:00:00,Arr 1107,2025-11-27,False
BWI,ALB,WN 898,SWA,WN 898,SWA,2025-11-27 06:40:00,Arr 0743,2025-11-27,False
BWI,ALB,WN 899,SWA,WN 899,SWA,2025-11-27 11:05:00,Arr 1155,2025-11-27,False
BWI,ALB,WN 901,SWA,WN 901,SWA,2025-11-27 15:30:00,Arr 1627,2025-11-27,False
BWI,ATL,WN 236,SWA,WN 236,SWA,2025-11-27 12:00:00,Arr 1346,2025-11-27,False
BWI,ATL,WN 909,SWA,WN 909,SWA,2025-11-27 09:45:00,Arr 1157 (+12min),2025-11-27,False
BWI,ATL,WN 1678,SWA,WN 1678,SWA,2025-11-27 15:15:00,Arr 1704,2025-11-27,False
BWI,AUS,WN 874,SWA,WN 874,SWA,2025-11-27 10:25:00,Arr 1255,2025-11-27,False
BWI,AUS,WN 914,SWA,WN 914,SWA,2025-11-27 06:55:00,Arr 0931,2025-11-27,False
BWI,BDL,WN 920,SWA,WN 920,SWA,2025-11-27 10:50:00,Arr 1149,2025-11-27,False
BWI,BDL,WN 921,SWA,WN 921,SWA,2025-11-27 15:15:00,Arr 1613,2025-11-27,False
BWI,BDL,WN 1427,SWA,WN 1427,SWA,2025-11-27 07:00:00,Arr 0802,2025-11-27,False
BWI,BHM,WN 493,SWA,WN 493,SWA,2025-11-27 08:05:00,Arr 0911,2025-11-27,False
BWI,BNA,WN 279,SWA,WN 279,SWA,2025-11-27 07:40:00,Arr 0830,2025-11-27,False
BWI,BNA,WN 957,SWA,WN 957,SWA,2025-11-27 15:10:00,Arr 1556,2025-11-27,False
BWI,BOS,WN 544,SWA,WN 544,SWA,2025-11-27 10:35:00,Arr 1143,2025-11-27,False
BWI,BOS,WN 935,SWA,WN 935,SWA,2025-11-27 15:20:00,Arr 1626,2025-11-27,False
BWI,BOS,WN 1285,SWA,WN 1285,SWA,2025-11-27 06:40:00,Arr 0748,2025-11-27,False
BWI,BOS,WN 2622,SWA,WN 2622,SWA,2025-11-27 08:55:00,Arr 1009,2025-11-27,False
BWI,BUF,WN 937,SWA,WN 937,SWA,2025-11-27 06:40:00,Arr 0743,2025-11-27,False
BWI,BUF,WN 938,SWA,WN 938,SWA,2025-11-27 10:50:00,Arr 1145,2025-11-27,False
BWI,BUF,WN 2729,SWA,WN 2729,SWA,2025-11-27 15:30:00,Arr 1635,2025-11-27,False
BWI,CHS,WN 1215,SWA,WN 1215,SWA,2025-11-27 09:10:00,Arr 1049,2025-11-27,False
BWI,CHS,WN 1354,SWA,WN 1354,SWA,2025-11-27 13:30:00,Arr 1505,2025-11-27,False
BWI,CLE,WN 265,SWA,WN 265,SWA,2025-11-27 10:35:00,Arr 1139,2025-11-27,False
BWI,CLT,WN 599,SWA,WN 599,SWA,2025-11-27 08:20:00,Arr 0956,2025-11-27,False
BWI,CLT,WN 943,SWA,WN 943,SWA,2025-11-27 13:40:00,Arr 1451,2025-11-27,False
BWI,CMH,WN 945,SWA,WN 945,SWA,2025-11-27 10:50:00,Arr 1203,2025-11-27,False
BWI,CMH,WN 1828,SWA,WN 1828,SWA,2025-11-27 15:10:00,Arr 1628,2025-11-27,False
BWI,CVG,WN 814,SWA,WN 814,SWA,2025-11-27 09:30:00,Arr 1049,2025-11-27,False
BWI,DAL,WN 123,SWA,WN 123,SWA,2025-11-27 07:40:00,Arr 0953,2025-11-27,False
BWI,DAL,WN 807,SWA,WN 807,SWA,2025-11-27 15:15:00,Arr 1727,2025-11-27,False
BWI,DAL,WN 2041,SWA,WN 2041,SWA,2025-11-27 09:45:00,Arr 1202,2025-11-27,False
BWI,DEN,WN 467,SWA,WN 467,SWA,2025-11-27 15:25:00,Arr 1725,2025-11-27,False
BWI,DEN,WN 954,SWA,WN 954,SWA,2025-11-27 08:15:00,Arr 1015,2025-11-27,False
BWI,DEN,WN 956,SWA,WN 956,SWA,2025-11-27 12:35:00,Arr 1420,2025-11-27,False
BWI,DTW,WN 573,SWA,WN 573,SWA,2025-11-27 11:05:00,Arr 1224,2025-11-27,False
BWI,FLL,WN 429,SWA,WN 429,SWA,2025-11-27 06:30:00,Arr 0913 (+3min),2025-11-27,False
BWI,FLL,WN 470,SWA,WN 470,SWA,2025-11-27 12:35:00,Arr 1459,2025-11-27,False
BWI,FLL,WN 964,SWA,WN 964,SWA,2025-11-27 15:15:00,Arr 1820 (+25min),2025-11-27,False
BWI,FLL,WN 1386,SWA,WN 1386,SWA,2025-11-27 08:05:00,Arr 1051 (+6min),2025-11-27,False
BWI,GRR,WN 966,SWA,WN 966,SWA,2025-11-27 10:10:00,Arr 1159 (+4min),2025-11-27,False
BWI,GSP,WN 695,SWA,WN 695,SWA,2025-11-27 08:10:00,Arr 0940,2025-11-27,False
BWI,HOU,WN 445,SWA,WN 445,SWA,2025-11-27 07:35:00,Arr 1002,2025-11-27,False
BWI,HOU,WN 968,SWA,WN 968,SWA,2025-11-27 11:50:00,Arr 1405,2025-11-27,False
BWI,HOU,WN 1106,SWA,WN 1106,SWA,2025-11-27 15:15:00,Arr 1724,2025-11-27,False
BWI,IND,WN 973,SWA,WN 973,SWA,2025-11-27 09:35:00,Arr 1114,2025-11-27,False
BWI,ISP,WN 480,SWA,WN 480,SWA,2025-11-27 10:45:00,Arr 1157 (+2min),2025-11-27,False
BWI,ISP,WN 1625,SWA,WN 1625,SWA,2025-11-27 15:25:00,Arr 1617,2025-11-27,False
BWI,JAX,WN 975,SWA,WN 975,SWA,2025-11-27 08:05:00,Arr 1009,2025-11-27,False
BWI,JAX,WN 976,SWA,WN 976,SWA,2025-11-27 14:05:00,Arr 1554,2025-11-27,False
BWI,LAS,WN 980,SWA,WN 980,SWA,2025-11-27 15:20:00,Arr 1738,2025-11-27,False
BWI,LAS,WN 1442,SWA,WN 1442,SWA,2025-11-27 08:20:00,Arr 1033,2025-11-27,False
BWI,LAX,WN 1864,SWA,WN 1864,SWA,2025-11-27 08:20:00,Arr 1100,2025-11-27,False
BWI,MCI,WN 987,SWA,WN 987,SWA,2025-11-27 10:15:00,Arr 1152,2025-11-27,False
BWI,MCO,WN 334,SWA,WN 334,SWA,2025-11-27 08:15:00,Arr 1048,2025-11-27,False
BWI,MCO,WN 422,SWA,WN 422,SWA,2025-11-27 17:45:00,Arr 2002,2025-11-27,False
BWI,MCO,WN 775,SWA,WN 775,SWA,2025-11-27 09:35:00,Arr 1150,2025-11-27,False
BWI,MCO,WN 989,SWA,WN 989,SWA,2025-11-27 06:20:00,Arr 0900 (+10min),2025-11-27,False
BWI,MCO,WN 993,SWA,WN 993,SWA,2025-11-27 10:45:00,Arr 1321 (+6min),2025-11-27,False
BWI,MCO,WN 994,SWA,WN 994,SWA,2025-11-27 12:15:00,Arr 1441,2025-11-27,False
BWI,MDW,WN 997,SWA,WN 997,SWA,2025-11-27 14:05:00,Arr 1453,2025-11-27,False
BWI,MDW,WN 1784,SWA,WN 1784,SWA,2025-11-27 06:15:00,Arr 0708,2025-11-27,False
BWI,MDW,WN 2742,SWA,WN 2742,SWA,2025-11-27 10:25:00,Arr 1124,2025-11-27,False
BWI,MEM,WN 998,SWA,WN 998,SWA,2025-11-27 08:10:00,Arr 0937,2025-11-27,False
BWI,MHT,WN 1001,SWA,WN 1001,SWA,2025-11-27 06:40:00,Arr 0758,2025-11-27,False
BWI,MHT,WN 1002,SWA,WN 1002,SWA,2025-11-27 11:20:00,Arr 1231,2025-11-27,False
BWI,MHT,WN 1004,SWA,WN 1004,SWA,2025-11-27 13:35:00,Arr 1434,2025-11-27,False
BWI,MIA,WN 1009,SWA,WN 1009,SWA,2025-11-27 15:30:00,Arr 1836 (+21min),2025-11-27,False
BWI,MIA,WN 1527,SWA,WN 1527,SWA,2025-11-27 08:05:00,Arr 1046,2025-11-27,False
BWI,MKE,WN 1010,SWA,WN 1010,SWA,2025-11-27 09:20:00,Arr 1008,2025-11-27,False
BWI,MSP,WN 1677,SWA,WN 1677,SWA,2025-11-27 09:20:00,Arr 1040,2025-11-27,False
BWI,MSY,WN 1029,SWA,WN 1029,SWA,2025-11-27 10:05:00,Arr 1146,2025-11-27,False
BWI,MYR,WN 1016,SWA,WN 1016,SWA,2025-11-27 08:15:00,Arr 0941,2025-11-27,False
BWI,MYR,WN 1034,SWA,WN 1034,SWA,2025-11-27 15:45:00,Arr 1712,2025-11-27,False
BWI,ORF,WN 516,SWA,WN 516,SWA,2025-11-27 10:35:00,Arr 1115,2025-11-27,False
BWI,ORF,WN 1035,SWA,WN 1035,SWA,2025-11-27 08:30:00,Arr 0908,2025-11-27,False
BWI,ORF,WN 1040,SWA,WN 1040,SWA,2025-11-27 15:25:00,Arr 1604,2025-11-27,False
BWI,PBI,WN 165,SWA,WN 165,SWA,2025-11-27 15:10:00,Arr 1741,2025-11-27,False
BWI,PBI,WN 719,SWA,WN 719,SWA,2025-11-27 08:05:00,Arr 1031,2025-11-27,False
BWI,PHX,WN 1048,SWA,WN 1048,SWA,2025-11-27 08:35:00,Arr 1127,2025-11-27,False
BWI,PHX,WN 2918,SWA,WN 2918,SWA,2025-11-27 15:30:00,Arr 1819,2025-11-27,False
BWI,PIT,WN 258,SWA,WN 258,SWA,2025-11-27 15:30:00,Arr 1622,2025-11-27,False
BWI,PIT,WN 1051,SWA,WN 1051,SWA,2025-11-27 10:40:00,Arr 1129,2025-11-27,False
BWI,PVD,WN 538,SWA,WN 538,SWA,2025-11-27 15:25:00,Arr 1629,2025-11-27,False
BWI,PVD,WN 682,SWA,WN 682,SWA,2025-11-27 10:35:00,Arr 1142,2025-11-27,False
BWI,PVD,WN 1057,SWA,WN 1057,SWA,2025-11-27 06:40:00,Arr 0737,2025-11-27,False
BWI,PWM,WN 868,SWA,WN 868,SWA,2025-11-27 10:35:00,Arr 1143,2025-11-27,False
BWI,PWM,WN 1061,SWA,WN 1061,SWA,2025-11-27 15:20:00,Arr 1628,2025-11-27,False
BWI,RDU,WN 254,SWA,WN 254,SWA,2025-11-27 06:30:00,Arr 0731,2025-11-27,False
BWI,RDU,WN 1062,SWA,WN 1062,SWA,2025-11-27 08:50:00,Arr 0953,2025-11-27,False
BWI,RDU,WN 1064,SWA,WN 1064,SWA,2025-11-27 13:35:00,Arr 1426,2025-11-27,False
BWI,RIC,WN 297,SWA,WN 297,SWA,2025-11-27 11:00:00,Arr 1141,2025-11-27,False
BWI,RIC,WN 1722,SWA,WN 1722,SWA,2025-11-27 14:05:00,Arr 1439,2025-11-27,False
BWI,ROC,WN 1070,SWA,WN 1070,SWA,2025-11-27 10:35:00,Arr 1152 (+2min),2025-11-27,False
BWI,ROC,WN 1072,SWA,WN 1072,SWA,2025-11-27 15:25:00,Arr 1632,2025-11-27,False
BWI,RSW,WN 1073,SWA,WN 1073,SWA,2025-11-27 06:35:00,Arr 0919,2025-11-27,False
BWI,RSW,WN 1077,SWA,WN 1077,SWA,2025-11-27 13:30:00,Arr 1613,2025-11-27,False
BWI,RSW,WN 1171,SWA,WN 1171,SWA,2025-11-27 10:15:00,Arr 1251,2025-11-27,False
BWI,SAN,WN 805,SWA,WN 805,SWA,2025-11-27 11:00:00,Arr 1333,2025-11-27,False
BWI,SAT,WN 1827,SWA,WN 1827,SWA,2025-11-27 09:05:00,Arr 1148,2025-11-27,False
BWI,SAV,WN 626,SWA,WN 626,SWA,2025-11-27 08:05:00,Arr 1002 (+2min),2025-11-27,False
BWI,SAV,WN 2087,SWA,WN 2087,SWA,2025-11-27 14:40:00,Arr 1623,2025-11-27,False
BWI,SDF,WN 162,SWA,WN 162,SWA,2025-11-27 10:50:00,Arr 1218,2025-11-27,False
BWI,SFO,WN 1515,SWA,WN 1515,SWA,2025-11-27 10:30:00,Arr 1324,2025-11-27,False
BWI,SJU,WN 378,SWA,WN 378,SWA,2025-11-27 08:20:00,Arr 1323,2025-11-27,False
BWI,SRQ,WN 1087,SWA,WN 1087,SWA,2025-11-27 08:20:00,Arr 1052,2025-11-27,False
BWI,SRQ,WN 1088,SWA,WN 1088,SWA,2025-11-27 15:25:00,Arr 1805,2025-11-27,False
BWI,STL,WN 1090,SWA,WN 1090,SWA,2025-11-27 08:20:00,Arr 0927,2025-11-27,False
BWI,STL,WN 1092,SWA,WN 1092,SWA,2025-11-27 12:05:00,Arr 1312,2025-11-27,False
BWI,TPA,WN 461,SWA,WN 461,SWA,2025-11-27 08:15:00,Arr 1042,2025-11-27,False
BWI,TPA,WN 1095,SWA,WN 1095,SWA,2025-11-27 06:15:00,Arr 0843,2025-11-27,False
BWI,TPA,WN 1096,SWA,WN 1096,SWA,2025-11-27 10:45:00,Arr 1323 (+3min),2025-11-27,False
BWI,TPA,WN 1097,SWA,WN 1097,SWA,2025-11-27 15:30:00,Arr 1804,2025-11-27,False
BZN,DEN,WN 1101,SWA,WN 1101,SWA,2025-11-27 12:25:00,Arr 1346,2025-11-27,False
BZN,DEN,WN 1771,SWA,WN 1771,SWA,2025-11-27 08:40:00,Arr 1037 (+12min),2025-11-27,False
BZN,LAS,WN 1102,SWA,WN 1102,SWA,2025-11-27 10:35:00,Arr 1127,2025-11-27,False
CHS,BNA,WN 376,SWA,WN 376,SWA,2025-11-27 10:45:00,Arr 1113,2025-11-27,False
CHS,BWI,WN 1003,SWA,WN 1003,SWA,2025-11-27 08:40:00,Arr 0953,2025-11-27,False
CHS,BWI,WN 1103,SWA,WN 1103,SWA,2025-11-27 12:00:00,Arr 1259,2025-11-27,False
CHS,DAL,WN 1104,SWA,WN 1104,SWA,2025-11-27 07:30:00,Arr 0909,2025-11-27,False
CLE,BNA,WN 561,SWA,WN 561,SWA,2025-11-27 06:20:00,Arr 0640,2025-11-27,False
CLE,BNA,WN 742,SWA,WN 742,SWA,2025-11-27 13:20:00,Arr 1402 (+2min),2025-11-27,False
CLE,BWI,WN 1559,SWA,WN 1559,SWA,2025-11-27 05:50:00,Arr 0647,2025-11-27,False
CLE,DEN,WN 1964,SWA,WN 1964,SWA,2025-11-27 09:00:00,Arr 1016,2025-11-27,False
CLE,MDW,WN 199,SWA,WN 199,SWA,2025-11-27 06:45:00,Arr 0653,2025-11-27,False
CLE,STL,WN 1107,SWA,WN 1107,SWA,2025-11-27 08:20:00,Arr 1100 (+110min),2025-11-27,False
CLT,BNA,WN 599,SWA,WN 599,SWA,2025-11-27 10:45:00,Arr 1114,2025-11-27,False
CLT,BWI,WN 724,SWA,WN 724,SWA,2025-11-27 12:45:00,Arr 1342,2025-11-27,False
CLT,BWI,WN 2743,SWA,WN 2743,SWA,2025-11-27 08:15:00,Arr 0923,2025-11-27,False
CLT,DAL,WN 2010,SWA,WN 2010,SWA,2025-11-27 07:00:00,Arr 0839,2025-11-27,False
CLT,MDW,WN 611,SWA,WN 611,SWA,2025-11-27 11:45:00,Arr 1234,2025-11-27,False
CLT,STL,WN 951,SWA,WN 951,SWA,2025-11-27 07:50:00,Arr 0842,2025-11-27,False
CMH,ATL,WN 246,SWA,WN 246,SWA,2025-11-27 11:00:00,Arr 1227,2025-11-27,False
CMH,AUS,WN 1121,SWA,WN 1121,SWA,2025-11-27 07:30:00,Arr 0912,2025-11-27,False
CMH,BNA,WN 685,SWA,WN 685,SWA,2025-11-27 06:25:00,Arr 0642,2025-11-27,False
CMH,BWI,WN 1122,SWA,WN 1122,SWA,2025-11-27 05:35:00,Arr 0634,2025-11-27,False
CMH,BWI,WN 1318,SWA,WN 1318,SWA,2025-11-27 13:05:00,Arr 1417,2025-11-27,False
CMH,DAL,WN 343,SWA,WN 343,SWA,2025-11-27 08:45:00,Arr 1009,2025-11-27,False
CMH,DEN,WN 1125,SWA,WN 1125,SWA,2025-11-27 13:10:00,Arr 1431 (+11min),2025-11-27,False
CMH,FLL,WN 1464,SWA,WN 1464,SWA,2025-11-27 08:05:00,Arr 1032,2025-11-27,False
CMH,LAS,WN 482,SWA,WN 482,SWA,2025-11-27 12:25:00,Arr 1358 (+3min),2025-11-27,False
CMH,MCO,WN 1132,SWA,WN 1132,SWA,2025-11-27 13:20:00,Arr 1556 (+16min),2025-11-27,False
CMH,MCO,WN 1270,SWA,WN 1270,SWA,2025-11-27 07:20:00,Arr 0938,2025-11-27,False
CMH,MDW,WN 1078,SWA,WN 1078,SWA,2025-11-27 06:55:00,Arr 0654,2025-11-27,False
CMH,PHX,WN 1133,SWA,WN 1133,SWA,2025-11-27 10:10:00,Arr 1217,2025-11-27,False
CMH,RSW,WN 282,SWA,WN 282,SWA,2025-11-27 07:55:00,Arr 1015,2025-11-27,False
CMH,STL,WN 1138,SWA,WN 1138,SWA,2025-11-27 08:35:00,Arr 0848,2025-11-27,False
CMH,TPA,WN 1142,SWA,WN 1142,SWA,2025-11-27 11:00:00,Arr 1317,2025-11-27,False
COS,DAL,WN 362,SWA,WN 362,SWA,2025-11-27 08:10:00,Arr 1104,2025-11-27,False
COS,DEN,WN 1145,SWA,WN 1145,SWA,2025-11-27 07:20:00,Arr 0759,2025-11-27,False
COS,DEN,WN 1146,SWA,WN 1146,SWA,2025-11-27 09:45:00,Arr 1038 (+3min),2025-11-27,False
COS,DEN,WN 1147,SWA,WN 1147,SWA,2025-11-27 13:25:00,Arr 1349,2025-11-27,False
COS,LAS,WN 1149,SWA,WN 1149,SWA,2025-11-27 05:35:00,Arr 0638,2025-11-27,False
COS,PHX,WN 1150,SWA,WN 1150,SWA,2025-11-27 06:25:00,Arr 0811,2025-11-27,False
COS,PHX,WN 1153,SWA,WN 1153,SWA,2025-11-27 12:45:00,Arr 1436,2025-11-27,False
CRP,HOU,WN 1157,SWA,WN 1157,SWA,2025-11-27 06:00:00,Arr 0639,2025-11-27,False
CRP,HOU,WN 1158,SWA,WN 1158,SWA,2025-11-27 12:25:00,Arr 1256,2025-11-27,False
CVG,BNA,WN 737,SWA,WN 737,SWA,2025-11-27 12:20:00,Arr 1209,2025-11-27,False
CVG,BWI,WN 1872,SWA,WN 1872,SWA,2025-11-27 05:30:00,Arr 0640,2025-11-27,False
CVG,DEN,WN 970,SWA,WN 970,SWA,2025-11-27 09:20:00,Arr 1015,2025-11-27,False
DAL,ABQ,WN 126,SWA,WN 126,SWA,2025-11-27 11:00:00,Arr 1136,2025-11-27,False
DAL,ABQ,WN 952,SWA,WN 952,SWA,2025-11-27 13:05:00,Arr 1344,2025-11-27,False
DAL,ABQ,WN 1162,SWA,WN 1162,SWA,2025-11-27 07:45:00,Arr 0824,2025-11-27,False
DAL,AMA,WN 1164,SWA,WN 1164,SWA,2025-11-27 11:25:00,Arr 1229,2025-11-27,False
DAL,AMA,WN 1165,SWA,WN 1165,SWA,2025-11-27 15:25:00,Arr 1628,2025-11-27,False
DAL,ATL,WN 1167,SWA,WN 1167,SWA,2025-11-27 08:55:00,Arr 1142,2025-11-27,False
DAL,ATL,WN 1168,SWA,WN 1168,SWA,2025-11-27 13:20:00,Arr 1604,2025-11-27,False
DAL,ATL,WN 1869,SWA,WN 1869,SWA,2025-11-27 11:00:00,Arr 1343,2025-11-27,False
DAL,AUS,WN 339,SWA,WN 339,SWA,2025-11-27 08:05:00,Arr 0854,2025-11-27,False
DAL,AUS,WN 486,SWA,WN 486,SWA,2025-11-27 15:15:00,Arr 1608,2025-11-27,False
DAL,AUS,WN 1170,SWA,WN 1170,SWA,2025-11-27 09:50:00,Arr 1043,2025-11-27,False
DAL,AUS,WN 1781,SWA,WN 1781,SWA,2025-11-27 13:15:00,Arr 1405,2025-11-27,False
DAL,BHM,WN 107,SWA,WN 107,SWA,2025-11-27 10:10:00,Arr 1135,2025-11-27,False
DAL,BHM,WN 833,SWA,WN 833,SWA,2025-11-27 15:10:00,Arr 1644,2025-11-27,False
DAL,BNA,WN 234,SWA,WN 234,SWA,2025-11-27 06:55:00,Arr 0827,2025-11-27,False
DAL,BNA,WN 585,SWA,WN 585,SWA,2025-11-27 09:20:00,Arr 1048,2025-11-27,False
DAL,BNA,WN 701,SWA,WN 701,SWA,2025-11-27 11:35:00,Arr 1301,2025-11-27,False
DAL,BNA,WN 1172,SWA,WN 1172,SWA,2025-11-27 15:15:00,Arr 1708 (+8min),2025-11-27,False
DAL,BUR,WN 884,SWA,WN 884,SWA,2025-11-27 12:00:00,Arr 1311,2025-11-27,False
DAL,BWI,WN 116,SWA,WN 116,SWA,2025-11-27 14:10:00,Arr 1743,2025-11-27,False
DAL,BWI,WN 1034,SWA,WN 1034,SWA,2025-11-27 11:20:00,Arr 1448,2025-11-27,False
DAL,BWI,WN 1071,SWA,WN 1071,SWA,2025-11-27 06:00:00,Diverted,2025-11-27,False
DAL,CHS,WN 1178,SWA,WN 1178,SWA,2025-11-27 12:30:00,Arr 1544,2025-11-27,False
DAL,CLT,WN 597,SWA,WN 597,SWA,2025-11-27 13:15:00,Arr 1614,2025-11-27,False
DAL,CMH,WN 1297,SWA,WN 1297,SWA,2025-11-27 12:05:00,Arr 1532 (+12min),2025-11-27,False
DAL,COS,WN 1254,SWA,WN 1254,SWA,2025-11-27 11:45:00,Arr 1226,2025-11-27,False
DAL,DCA,WN 1041,SWA,WN 1041,SWA,2025-11-27 12:00:00,Arr 1530,2025-11-27,False
DAL,DCA,WN 1183,SWA,WN 1183,SWA,2025-11-27 07:15:00,Arr 1040,2025-11-27,False
DAL,DEN,WN 313,SWA,WN 313,SWA,2025-11-27 07:55:00,Arr 0851,2025-11-27,False
DAL,DEN,WN 329,SWA,WN 329,SWA,2025-11-27 15:25:00,Arr 1617,2025-11-27,False
DAL,DEN,WN 1186,SWA,WN 1186,SWA,2025-11-27 06:05:00,Arr 0706 (+1min),2025-11-27,False
DAL,DEN,WN 1188,SWA,WN 1188,SWA,2025-11-27 11:20:00,Arr 1222,2025-11-27,False
DAL,DEN,WN 1190,SWA,WN 1190,SWA,2025-11-27 13:30:00,Arr 1419,2025-11-27,False
DAL,ECP,WN 311,SWA,WN 311,SWA,2025-11-27 09:40:00,Arr 1111,2025-11-27,False
DAL,ELP,WN 1191,SWA,WN 1191,SWA,2025-11-27 07:45:00,Arr 0827,2025-11-27,False
DAL,ELP,WN 1197,SWA,WN 1197,SWA,2025-11-27 11:00:00,Arr 1158 (+8min),2025-11-27,False
DAL,ELP,WN 1673,SWA,WN 1673,SWA,2025-11-27 14:00:00,Arr 1436,2025-11-27,False
DAL,FLL,WN 1200,SWA,WN 1200,SWA,2025-11-27 08:05:00,Arr 1146 (+1min),2025-11-27,False
DAL,HOU,WN 7,SWA,WN 7,SWA,2025-11-27 08:40:00,Arr 0946,2025-11-27,False
DAL,HOU,WN 15,SWA,WN 15,SWA,2025-11-27 09:50:00,Arr 1049,2025-11-27,False
DAL,HOU,WN 19,SWA,WN 19,SWA,2025-11-27 11:50:00,Arr 1245,2025-11-27,False
DAL,HOU,WN 27,SWA,WN 27,SWA,2025-11-27 13:15:00,Arr 1418,2025-11-27,False
DAL,HOU,WN 35,SWA,WN 35,SWA,2025-11-27 15:15:00,Arr 1612,2025-11-27,False
DAL,HOU,WN 1628,SWA,WN 1628,SWA,2025-11-27 06:00:00,Arr 0655,2025-11-27,False
DAL,HRL,WN 1202,SWA,WN 1202,SWA,2025-11-27 09:40:00,Arr 1051,2025-11-27,False
DAL,IND,WN 1204,SWA,WN 1204,SWA,2025-11-27 15:15:00,Arr 1817 (+2min),2025-11-27,False
DAL,LAS,WN 551,SWA,WN 551,SWA,2025-11-27 10:55:00,Arr 1143,2025-11-27,False
DAL,LAS,WN 1207,SWA,WN 1207,SWA,2025-11-27 06:40:00,Arr 0724,2025-11-27,False
DAL,LAS,WN 1211,SWA,WN 1211,SWA,2025-11-27 13:05:00,Arr 1346,2025-11-27,False
DAL,LAS,WN 1217,SWA,WN 1217,SWA,2025-11-27 15:15:00,Arr 1558,2025-11-27,False
DAL,LAS,WN 2010,SWA,WN 2010,SWA,2025-11-27 09:35:00,Arr 1041 (+6min),2025-11-27,False
DAL,LAX,WN 194,SWA,WN 194,SWA,2025-11-27 13:10:00,Arr 1423,2025-11-27,False
DAL,LAX,WN 1218,SWA,WN 1218,SWA,2025-11-27 07:45:00,Arr 0859,2025-11-27,False
DAL,LBB,WN 555,SWA,WN 555,SWA,2025-11-27 13:50:00,Arr 1449,2025-11-27,False
DAL,LBB,WN 1222,SWA,WN 1222,SWA,2025-11-27 10:25:00,Arr 1215 (+35min),2025-11-27,False
DAL,LGA,WN 448,SWA,WN 448,SWA,2025-11-27 11:55:00,Arr 1554,2025-11-27,False
DAL,LGA,WN 1226,SWA,WN 1226,SWA,2025-11-27 06:10:00,Arr 1006,2025-11-27,False
DAL,LGA,WN 1228,SWA,WN 1228,SWA,2025-11-27 09:35:00,Arr 1339,2025-11-27,False
DAL,LGB,WN 1231,SWA,WN 1231,SWA,2025-11-27 07:55:00,Arr 0910,2025-11-27,False
DAL,LIT,WN 175,SWA,WN 175,SWA,2025-11-27 15:25:00,Arr 1616,2025-11-27,False
DAL,LIT,WN 1233,SWA,WN 1233,SWA,2025-11-27 08:45:00,Arr 0937,2025-11-27,False
DAL,MAF,WN 463,SWA,WN 463,SWA,2025-11-27 10:05:00,Arr 1059,2025-11-27,False
DAL,MAF,WN 1242,SWA,WN 1242,SWA,2025-11-27 12:45:00,Arr 1411 (+6min),2025-11-27,False
DAL,MCI,WN 1245,SWA,WN 1245,SWA,2025-11-27 07:45:00,Arr 0913,2025-11-27,False
DAL,MCI,WN 1246,SWA,WN 1246,SWA,2025-11-27 10:25:00,Arr 1150,2025-11-27,False
DAL,MCI,WN 1469,SWA,WN 1469,SWA,2025-11-27 14:05:00,Arr 1529,2025-11-27,False
DAL,MCO,WN 1221,SWA,WN 1221,SWA,2025-11-27 11:25:00,Arr 1456 (+1min),2025-11-27,False
DAL,MCO,WN 1229,SWA,WN 1229,SWA,2025-11-27 07:50:00,Arr 1119,2025-11-27,False
DAL,MCO,WN 1252,SWA,WN 1252,SWA,2025-11-27 06:15:00,Arr 0930,2025-11-27,False
DAL,MCO,WN 1256,SWA,WN 1256,SWA,2025-11-27 09:20:00,Arr 1232,2025-11-27,False
DAL,MCO,WN 2738,SWA,WN 2738,SWA,2025-11-27 13:55:00,Arr 1719,2025-11-27,False
DAL,MDW,WN 727,SWA,WN 727,SWA,2025-11-27 07:40:00,Arr 0940,2025-11-27,False
DAL,MDW,WN 746,SWA,WN 746,SWA,2025-11-27 12:50:00,Arr 1455,2025-11-27,False
DAL,MDW,WN 858,SWA,WN 858,SWA,2025-11-27 09:55:00,Arr 1207,2025-11-27,False
DAL,MDW,WN 2727,SWA,WN 2727,SWA,2025-11-27 15:30:00,Arr 1736,2025-11-27,False
DAL,MEM,WN 1264,SWA,WN 1264,SWA,2025-11-27 14:20:00,Arr 1527,2025-11-27,False
DAL,MIA,WN 1265,SWA,WN 1265,SWA,2025-11-27 12:50:00,Arr 1634 (+4min),2025-11-27,False
DAL,MKE,WN 1267,SWA,WN 1267,SWA,2025-11-27 10:00:00,Arr 1205,2025-11-27,False
DAL,MSY,WN 237,SWA,WN 237,SWA,2025-11-27 15:15:00,Arr 1628,2025-11-27,False
DAL,MSY,WN 452,SWA,WN 452,SWA,2025-11-27 12:15:00,Arr 1451 (+71min),2025-11-27,False
DAL,MSY,WN 744,SWA,WN 744,SWA,2025-11-27 09:00:00,Arr 1003,2025-11-27,False
DAL,MSY,WN 1268,SWA,WN 1268,SWA,2025-11-27 07:30:00,Arr 0842,2025-11-27,False
DAL,OAK,WN 1842,SWA,WN 1842,SWA,2025-11-27 11:25:00,Arr 1313,2025-11-27,False
DAL,OMA,WN 1272,SWA,WN 1272,SWA,2025-11-27 09:05:00,Arr 1043,2025-11-27,False
DAL,ONT,WN 18,SWA,WN 18,SWA,2025-11-27 12:20:00,Arr 1338 (+3min),2025-11-27,False
DAL,PHL,WN 1275,SWA,WN 1275,SWA,2025-11-27 14:05:00,Arr 1817 (+7min),2025-11-27,False
DAL,PHX,WN 469,SWA,WN 469,SWA,2025-11-27 13:00:00,Arr 1431,2025-11-27,False
DAL,PHX,WN 651,SWA,WN 651,SWA,2025-11-27 07:45:00,Arr 0908,2025-11-27,False
DAL,PHX,WN 662,SWA,WN 662,SWA,2025-11-27 08:55:00,Arr 1023,2025-11-27,False
DAL,PHX,WN 1280,SWA,WN 1280,SWA,2025-11-27 11:45:00,Arr 1313,2025-11-27,False
DAL,PHX,WN 1283,SWA,WN 1283,SWA,2025-11-27 15:15:00,Arr 1658,2025-11-27,False
DAL,PHX,WN 1890,SWA,WN 1890,SWA,2025-11-27 06:00:00,Arr 0727,2025-11-27,False
DAL,PIT,WN 830,SWA,WN 830,SWA,2025-11-27 13:55:00,Arr 1722,2025-11-27,False
DAL,PNS,WN 546,SWA,WN 546,SWA,2025-11-27 09:10:00,Arr 1041,2025-11-27,False
DAL,RDU,WN 1535,SWA,WN 1535,SWA,2025-11-27 12:15:00,Arr 1525,2025-11-27,False
DAL,SAN,WN 1287,SWA,WN 1287,SWA,2025-11-27 07:45:00,Arr 0835,2025-11-27,False
DAL,SAN,WN 1291,SWA,WN 1291,SWA,2025-11-27 13:05:00,Arr 1424 (+4min),2025-11-27,False
DAL,SAN,WN 1937,SWA,WN 1937,SWA,2025-11-27 10:10:00,Arr 1112,2025-11-27,False
DAL,SAT,WN 826,SWA,WN 826,SWA,2025-11-27 13:10:00,Arr 1401,2025-11-27,False
DAL,SAT,WN 991,SWA,WN 991,SWA,2025-11-27 11:10:00,Arr 1204,2025-11-27,False
DAL,SAT,WN 1020,SWA,WN 1020,SWA,2025-11-27 15:15:00,Arr 1604,2025-11-27,False
DAL,SAT,WN 1293,SWA,WN 1293,SWA,2025-11-27 07:45:00,Arr 0850,2025-11-27,False
DAL,SAV,WN 1956,SWA,WN 1956,SWA,2025-11-27 13:50:00,Arr 1658,2025-11-27,False
DAL,SDF,WN 1300,SWA,WN 1300,SWA,2025-11-27 14:25:00,Arr 1758 (+38min),2025-11-27,False
DAL,SJC,WN 1733,SWA,WN 1733,SWA,2025-11-27 12:40:00,Arr 1413,2025-11-27,False
DAL,SLC,WN 377,SWA,WN 377,SWA,2025-11-27 10:15:00,Arr 1153,2025-11-27,False
DAL,SMF,WN 1306,SWA,WN 1306,SWA,2025-11-27 11:00:00,Arr 1236,2025-11-27,False
DAL,STL,WN 1308,SWA,WN 1308,SWA,2025-11-27 06:25:00,Arr 0804,2025-11-27,False
DAL,STL,WN 1310,SWA,WN 1310,SWA,2025-11-27 12:10:00,Arr 1340,2025-11-27,False
DAL,STL,WN 2739,SWA,WN 2739,SWA,2025-11-27 15:25:00,Arr 1702,2025-11-27,False
DAL,TPA,WN 924,SWA,WN 924,SWA,2025-11-27 07:55:00,Arr 1112,2025-11-27,False
DAL,TUL,WN 1312,SWA,WN 1312,SWA,2025-11-27 14:15:00,Arr 1458,2025-11-27,False
DAL,VPS,WN 1313,SWA,WN 1313,SWA,2025-11-27 09:25:00,Arr 1113,2025-11-27,False
DCA,ATL,WN 280,SWA,WN 280,SWA,2025-11-27 10:00:00,Arr 1241 (+41min),2025-11-27,False
DCA,ATL,WN 2730,SWA,WN 2730,SWA,2025-11-27 06:55:00,Arr 0911 (+16min),2025-11-27,False
DCA,AUS,WN 1317,SWA,WN 1317,SWA,2025-11-27 11:30:00,Arr 1353,2025-11-27,False
DCA,BNA,WN 552,SWA,WN 552,SWA,2025-11-27 06:05:00,Arr 0654,2025-11-27,False
DCA,BNA,WN 982,SWA,WN 982,SWA,2025-11-27 11:50:00,Arr 1236,2025-11-27,False
DCA,DAL,WN 1319,SWA,WN 1319,SWA,2025-11-27 06:10:00,Arr 0823,2025-11-27,False
DCA,DAL,WN 1320,SWA,WN 1320,SWA,2025-11-27 12:45:00,Arr 1443,2025-11-27,False
DCA,FLL,WN 4352,SWA,WN 4352,SWA,2025-11-27 13:20:00,Arr 1554,2025-11-27,False
DCA,HOU,WN 1321,SWA,WN 1321,SWA,2025-11-27 06:00:00,Arr 0835,2025-11-27,False
DCA,HOU,WN 1322,SWA,WN 1322,SWA,2025-11-27 13:40:00,Arr 1624 (+4min),2025-11-27,False
DCA,LAS,WN 1500,SWA,WN 1500,SWA,2025-11-27 11:15:00,Arr 1323,2025-11-27,False
DCA,MCI,WN 1389,SWA,WN 1389,SWA,2025-11-27 06:10:00,Arr 0741,2025-11-27,False
DCA,MCO,WN 541,SWA,WN 541,SWA,2025-11-27 12:20:00,Arr 1449 (+4min),2025-11-27,False
DCA,MCO,WN 2059,SWA,WN 2059,SWA,2025-11-27 06:55:00,Arr 0922 (+2min),2025-11-27,False
DCA,MDW,WN 1332,SWA,WN 1332,SWA,2025-11-27 06:00:00,Arr 0659,2025-11-27,False
DCA,MDW,WN 1333,SWA,WN 1333,SWA,2025-11-27 09:45:00,Arr 1037,2025-11-27,False
DCA,MDW,WN 1335,SWA,WN 1335,SWA,2025-11-27 11:50:00,Arr 1244,2025-11-27,False
DCA,MKE,WN 1336,SWA,WN 1336,SWA,2025-11-27 08:00:00,Arr 1000 (+55min),2025-11-27,False
DCA,PVD,WN 1339,SWA,WN 1339,SWA,2025-11-27 13:35:00,Arr 1439,2025-11-27,False
DCA,STL,WN 1343,SWA,WN 1343,SWA,2025-11-27 12:00:00,Arr 1303,2025-11-27,False
DCA,STL,WN 1897,SWA,WN 1897,SWA,2025-11-27 07:25:00,Arr 0834,2025-11-27,False
DCA,TPA,WN 1345,SWA,WN 1345,SWA,2025-11-27 07:50:00,Arr 1029 (+9min),2025-11-27,False
DEN,ABQ,WN 140,SWA,WN 140,SWA,2025-11-27 11:20:00,Arr 1247 (+7min),2025-11-27,False
DEN,ABQ,WN 1347,SWA,WN 1347,SWA,2025-11-27 15:00:00,Arr 1606,2025-11-27,False
DEN,ATL,WN 972,SWA,WN 972,SWA,2025-11-27 07:55:00,Arr 1236,2025-11-27,False
DEN,ATL,WN 1250,SWA,WN 1250,SWA,2025-11-27 11:20:00,Arr 1548,2025-11-27,False
DEN,AUS,WN 433,SWA,WN 433,SWA,2025-11-27 07:40:00,Arr 1028,2025-11-27,False
DEN,AUS,WN 1349,SWA,WN 1349,SWA,2025-11-27 11:20:00,Arr 1412,2025-11-27,False
DEN,AUS,WN 1462,SWA,WN 1462,SWA,2025-11-27 15:05:00,Arr 1803,2025-11-27,False
DEN,BNA,WN 532,SWA,WN 532,SWA,2025-11-27 08:10:00,Arr 1135,2025-11-27,False
DEN,BNA,WN 704,SWA,WN 704,SWA,2025-11-27 06:15:00,Arr 0945,2025-11-27,False
DEN,BNA,WN 1352,SWA,WN 1352,SWA,2025-11-27 15:45:00,Arr 1856,2025-11-27,False
DEN,BNA,WN 1741,SWA,WN 1741,SWA,2025-11-27 11:25:00,Arr 1452,2025-11-27,False
DEN,BOI,WN 1031,SWA,WN 1031,SWA,2025-11-27 15:05:00,Arr 1649,2025-11-27,False
DEN,BOI,WN 1529,SWA,WN 1529,SWA,2025-11-27 08:05:00,Arr 1028 (+18min),2025-11-27,False
DEN,BOS,WN 1191,SWA,WN 1191,SWA,2025-11-27 13:40:00,Arr 1931 (+1min),2025-11-27,False
DEN,BUR,WN 266,SWA,WN 266,SWA,2025-11-27 15:15:00,Arr 1623,2025-11-27,False
DEN,BUR,WN 474,SWA,WN 474,SWA,2025-11-27 10:05:00,Arr 1136,2025-11-27,False
DEN,BUR,WN 882,SWA,WN 882,SWA,2025-11-27 08:00:00,Arr 0932,2025-11-27,False
DEN,BWI,WN 492,SWA,WN 492,SWA,2025-11-27 09:05:00,Arr 1417,2025-11-27,False
DEN,BWI,WN 1356,SWA,WN 1356,SWA,2025-11-27 11:20:00,Arr 1634,2025-11-27,False
DEN,BWI,WN 1357,SWA,WN 1357,SWA,2025-11-27 23:55:00,Arr 0502,2025-11-27,False
DEN,BZN,WN 1925,SWA,WN 1925,SWA,2025-11-27 15:00:00,Arr 1636,2025-11-27,False
DEN,BZN,WN 2066,SWA,WN 2066,SWA,2025-11-27 08:05:00,Arr 0958 (+3min),2025-11-27,False
DEN,CLE,WN 1732,SWA,WN 1732,SWA,2025-11-27 11:25:00,Arr 1611 (+1min),2025-11-27,False
DEN,CMH,WN 1361,SWA,WN 1361,SWA,2025-11-27 12:25:00,Arr 1644,2025-11-27,False
DEN,COS,WN 1155,SWA,WN 1155,SWA,2025-11-27 11:15:00,Arr 1206 (+6min),2025-11-27,False
DEN,COS,WN 1269,SWA,WN 1269,SWA,2025-11-27 08:05:00,Arr 0846,2025-11-27,False
DEN,COS,WN 1553,SWA,WN 1553,SWA,2025-11-27 15:00:00,Arr 1535,2025-11-27,False
DEN,CVG,WN 655,SWA,WN 655,SWA,2025-11-27 12:15:00,Arr 1755 (+70min),2025-11-27,False
DEN,DAL,WN 585,SWA,WN 585,SWA,2025-11-27 05:40:00,Arr 0830,2025-11-27,False
DEN,DAL,WN 839,SWA,WN 839,SWA,2025-11-27 13:20:00,Arr 1633 (+18min),2025-11-27,False
DEN,DAL,WN 1535,SWA,WN 1535,SWA,2025-11-27 08:35:00,Arr 1120,2025-11-27,False
DEN,DAL,WN 1688,SWA,WN 1688,SWA,2025-11-27 11:20:00,Arr 1408,2025-11-27,False
DEN,DAL,WN 1869,SWA,WN 1869,SWA,2025-11-27 07:15:00,Arr 0954,2025-11-27,False
DEN,DSM,WN 1368,SWA,WN 1368,SWA,2025-11-27 11:15:00,Arr 1343,2025-11-27,False
DEN,DTW,WN 1304,SWA,WN 1304,SWA,2025-11-27 12:05:00,Arr 1635,2025-11-27,False
DEN,ELP,WN 491,SWA,WN 491,SWA,2025-11-27 15:00:00,Arr 1637,2025-11-27,False
DEN,ELP,WN 1370,SWA,WN 1370,SWA,2025-11-27 11:15:00,Arr 1259,2025-11-27,False
DEN,FLL,WN 1373,SWA,WN 1373,SWA,2025-11-27 15:05:00,Arr 2037,2025-11-27,False
DEN,GEG,WN 1374,SWA,WN 1374,SWA,2025-11-27 13:40:00,Arr 1454,2025-11-27,False
DEN,GRR,WN 747,SWA,WN 747,SWA,2025-11-27 13:40:00,Arr 1745,2025-11-27,False
DEN,HDN,WN 1378,SWA,WN 1378,SWA,2025-11-27 08:35:00,Arr 0912,2025-11-27,False
DEN,HOU,WN 664,SWA,WN 664,SWA,2025-11-27 06:35:00,Arr 0956,2025-11-27,False
DEN,HOU,WN 726,SWA,WN 726,SWA,2025-11-27 13:25:00,Arr 1627,2025-11-27,False
DEN,HOU,WN 1251,SWA,WN 1251,SWA,2025-11-27 08:00:00,Arr 1110,2025-11-27,False
DEN,HOU,WN 1383,SWA,WN 1383,SWA,2025-11-27 10:30:00,Arr 1327,2025-11-27,False
DEN,IAD,WN 1885,SWA,WN 1885,SWA,2025-11-27 11:20:00,Arr 1637 (+2min),2025-11-27,False
DEN,ICT,WN 361,SWA,WN 361,SWA,2025-11-27 11:15:00,Arr 1318,2025-11-27,False
DEN,IND,WN 1079,SWA,WN 1079,SWA,2025-11-27 11:15:00,Arr 1526,2025-11-27,False
DEN,IND,WN 1388,SWA,WN 1388,SWA,2025-11-27 13:50:00,Arr 1754,2025-11-27,False
DEN,JAX,WN 1017,SWA,WN 1017,SWA,2025-11-27 14:55:00,Arr 1943,2025-11-27,False
DEN,LAS,WN 1385,SWA,WN 1385,SWA,2025-11-27 15:00:00,Arr 1538,2025-11-27,False
DEN,LAS,WN 1390,SWA,WN 1390,SWA,2025-11-27 05:30:00,Arr 0621,2025-11-27,False
DEN,LAS,WN 1393,SWA,WN 1393,SWA,2025-11-27 07:55:00,Arr 0849,2025-11-27,False
DEN,LAS,WN 1395,SWA,WN 1395,SWA,2025-11-27 09:45:00,Arr 1031,2025-11-27,False
DEN,LAS,WN 1397,SWA,WN 1397,SWA,2025-11-27 11:10:00,Arr 1223 (+13min),2025-11-27,False
DEN,LAS,WN 1399,SWA,WN 1399,SWA,2025-11-27 12:45:00,Arr 1330,2025-11-27,False
DEN,LAX,WN 224,SWA,WN 224,SWA,2025-11-27 11:05:00,Arr 1319 (+44min),2025-11-27,False
DEN,LAX,WN 1404,SWA,WN 1404,SWA,2025-11-27 15:05:00,Arr 1628,2025-11-27,False
DEN,LAX,WN 1802,SWA,WN 1802,SWA,2025-11-27 08:00:00,Arr 0923,2025-11-27,False
DEN,LGA,WN 1405,SWA,WN 1405,SWA,2025-11-27 06:35:00,Arr 1212,2025-11-27,False
DEN,LGA,WN 1934,SWA,WN 1934,SWA,2025-11-27 11:25:00,Arr 1712 (+12min),2025-11-27,False
DEN,LGB,WN 1407,SWA,WN 1407,SWA,2025-11-27 08:00:00,Arr 0914,2025-11-27,False
DEN,LGB,WN 1411,SWA,WN 1411,SWA,2025-11-27 15:20:00,Arr 1636,2025-11-27,False
DEN,LIT,WN 1412,SWA,WN 1412,SWA,2025-11-27 11:20:00,Arr 1426 (+6min),2025-11-27,False
DEN,MCI,WN 468,SWA,WN 468,SWA,2025-11-27 06:15:00,Arr 0849,2025-11-27,False
DEN,MCI,WN 1543,SWA,WN 1543,SWA,2025-11-27 11:15:00,Arr 1338,2025-11-27,False
DEN,MCI,WN 2015,SWA,WN 2015,SWA,2025-11-27 15:10:00,Arr 1733,2025-11-27,False
DEN,MCO,WN 1416,SWA,WN 1416,SWA,2025-11-27 09:15:00,Arr 1417,2025-11-27,False
DEN,MCO,WN 1418,SWA,WN 1418,SWA,2025-11-27 23:55:00,Arr 0512,2025-11-27,False
DEN,MDW,WN 490,SWA,WN 490,SWA,2025-11-27 11:20:00,Arr 1441 (+1min),2025-11-27,False
DEN,MDW,WN 1419,SWA,WN 1419,SWA,2025-11-27 06:00:00,Arr 0931 (+1min),2025-11-27,False
DEN,MDW,WN 1421,SWA,WN 1421,SWA,2025-11-27 07:50:00,Arr 1114 (+4min),2025-11-27,False
DEN,MDW,WN 1423,SWA,WN 1423,SWA,2025-11-27 15:10:00,Arr 1830 (+5min),2025-11-27,False
DEN,MEM,WN 1058,SWA,WN 1058,SWA,2025-11-27 11:25:00,Arr 1439,2025-11-27,False
DEN,MKE,WN 1428,SWA,WN 1428,SWA,2025-11-27 13:45:00,Arr 1648,2025-11-27,False
DEN,MKE,WN 1987,SWA,WN 1987,SWA,2025-11-27 11:15:00,Arr 1415,2025-11-27,False
DEN,MSP,WN 843,SWA,WN 843,SWA,2025-11-27 14:55:00,Arr 1730,2025-11-27,False
DEN,MSP,WN 962,SWA,WN 962,SWA,2025-11-27 11:15:00,Arr 1408,2025-11-27,False
DEN,MSY,WN 537,SWA,WN 537,SWA,2025-11-27 11:20:00,Arr 1449,2025-11-27,False
DEN,MSY,WN 928,SWA,WN 928,SWA,2025-11-27 14:55:00,Arr 1802,2025-11-27,False
DEN,MTJ,WN 1433,SWA,WN 1433,SWA,2025-11-27 08:35:00,Arr 0917,2025-11-27,False
DEN,OAK,WN 1435,SWA,WN 1435,SWA,2025-11-27 11:10:00,Arr 1256 (+6min),2025-11-27,False
DEN,OAK,WN 1870,SWA,WN 1870,SWA,2025-11-27 07:55:00,Arr 0939,2025-11-27,False
DEN,OAK,WN 1910,SWA,WN 1910,SWA,2025-11-27 15:15:00,Arr 1653,2025-11-27,False
DEN,OKC,WN 736,SWA,WN 736,SWA,2025-11-27 15:05:00,Arr 1720,2025-11-27,False
DEN,OKC,WN 2039,SWA,WN 2039,SWA,2025-11-27 11:15:00,Arr 1353 (+8min),2025-11-27,False
DEN,OMA,WN 154,SWA,WN 154,SWA,2025-11-27 11:15:00,Arr 1331,2025-11-27,False
DEN,OMA,WN 2064,SWA,WN 2064,SWA,2025-11-27 15:10:00,Arr 1725,2025-11-27,False
DEN,ONT,WN 961,SWA,WN 961,SWA,2025-11-27 15:15:00,Arr 1638 (+3min),2025-11-27,False
DEN,ONT,WN 1131,SWA,WN 1131,SWA,2025-11-27 07:55:00,Arr 0912,2025-11-27,False
DEN,ONT,WN 1445,SWA,WN 1445,SWA,2025-11-27 13:10:00,Arr 1418,2025-11-27,False
DEN,PDX,WN 955,SWA,WN 955,SWA,2025-11-27 07:55:00,Arr 0930,2025-11-27,False
DEN,PDX,WN 1448,SWA,WN 1448,SWA,2025-11-27 15:05:00,Arr 1652 (+2min),2025-11-27,False
DEN,PHL,WN 1450,SWA,WN 1450,SWA,2025-11-27 13:45:00,Arr 1859,2025-11-27,False
DEN,PHX,WN 434,SWA,WN 434,SWA,2025-11-27 09:05:00,Arr 1049,2025-11-27,False
DEN,PHX,WN 696,SWA,WN 696,SWA,2025-11-27 15:20:00,Arr 1704,2025-11-27,False
DEN,PHX,WN 960,SWA,WN 960,SWA,2025-11-27 06:15:00,Arr 0815,2025-11-27,False
DEN,PHX,WN 1452,SWA,WN 1452,SWA,2025-11-27 07:55:00,Arr 0949,2025-11-27,False
DEN,PHX,WN 1457,SWA,WN 1457,SWA,2025-11-27 10:55:00,Arr 1238,2025-11-27,False
DEN,PHX,WN 1947,SWA,WN 1947,SWA,2025-11-27 12:30:00,Arr 1417,2025-11-27,False
DEN,PSP,WN 1655,SWA,WN 1655,SWA,2025-11-27 13:15:00,Arr 1413,2025-11-27,False
DEN,RDU,WN 1461,SWA,WN 1461,SWA,2025-11-27 13:55:00,Arr 1846,2025-11-27,False
DEN,RNO,WN 777,SWA,WN 777,SWA,2025-11-27 08:10:00,Arr 0933,2025-11-27,False
DEN,SAN,WN 375,SWA,WN 375,SWA,2025-11-27 08:00:00,Arr 0923,2025-11-27,False
DEN,SAN,WN 646,SWA,WN 646,SWA,2025-11-27 10:45:00,Arr 1159,2025-11-27,False
DEN,SAN,WN 1960,SWA,WN 1960,SWA,2025-11-27 15:20:00,Arr 1632,2025-11-27,False
DEN,SAT,WN 1472,SWA,WN 1472,SWA,2025-11-27 11:25:00,Arr 1423,2025-11-27,False
DEN,SAT,WN 1540,SWA,WN 1540,SWA,2025-11-27 14:55:00,Arr 1753,2025-11-27,False
DEN,SDF,WN 1342,SWA,WN 1342,SWA,2025-11-27 13:50:00,Arr 1747,2025-11-27,False
DEN,SEA,WN 714,SWA,WN 714,SWA,2025-11-27 15:15:00,Arr 1741 (+26min),2025-11-27,False
DEN,SEA,WN 1476,SWA,WN 1476,SWA,2025-11-27 08:00:00,Arr 1006 (+1min),2025-11-27,False
DEN,SFO,WN 223,SWA,WN 223,SWA,2025-11-27 07:55:00,Arr 0927,2025-11-27,False
DEN,SFO,WN 557,SWA,WN 557,SWA,2025-11-27 15:00:00,Arr 1631,2025-11-27,False
DEN,SFO,WN 1479,SWA,WN 1479,SWA,2025-11-27 12:35:00,Arr 1444 (+29min),2025-11-27,False
DEN,SJC,WN 1417,SWA,WN 1417,SWA,2025-11-27 07:55:00,Arr 0919,2025-11-27,False
DEN,SJC,WN 1484,SWA,WN 1484,SWA,2025-11-27 12:30:00,Arr 1401,2025-11-27,False
DEN,SJC,WN 1486,SWA,WN 1486,SWA,2025-11-27 15:15:00,Arr 1652 (+2min),2025-11-27,False
DEN,SLC,WN 1491,SWA,WN 1491,SWA,2025-11-27 11:10:00,Arr 1233,2025-11-27,False
DEN,SLC,WN 1494,SWA,WN 1494,SWA,2025-11-27 15:05:00,Arr 1624,2025-11-27,False
DEN,SLC,WN 1587,SWA,WN 1587,SWA,2025-11-27 08:00:00,Arr 0920,2025-11-27,False
DEN,SMF,WN 187,SWA,WN 187,SWA,2025-11-27 15:05:00,Arr 1636,2025-11-27,False
DEN,SMF,WN 1495,SWA,WN 1495,SWA,2025-11-27 06:00:00,Arr 0725,2025-11-27,False
DEN,SMF,WN 1497,SWA,WN 1497,SWA,2025-11-27 08:20:00,Arr 0946,2025-11-27,False
DEN,SNA,WN 1440,SWA,WN 1440,SWA,2025-11-27 07:55:00,Arr 0933 (+8min),2025-11-27,False
DEN,SNA,WN 1899,SWA,WN 1899,SWA,2025-11-27 15:15:00,Arr 1634,2025-11-27,False
DEN,STL,WN 1504,SWA,WN 1504,SWA,2025-11-27 07:40:00,Arr 1031,2025-11-27,False
DEN,STL,WN 1506,SWA,WN 1506,SWA,2025-11-27 11:35:00,Arr 1436,2025-11-27,False
DEN,STL,WN 1507,SWA,WN 1507,SWA,2025-11-27 13:40:00,Arr 1621,2025-11-27,False
DEN,STL,WN 1552,SWA,WN 1552,SWA,2025-11-27 06:10:00,Arr 0923 (+3min),2025-11-27,False
DEN,TPA,WN 1509,SWA,WN 1509,SWA,2025-11-27 14:55:00,Arr 1957,2025-11-27,False
DEN,TPA,WN 1938,SWA,WN 1938,SWA,2025-11-27 08:00:00,Arr 1313,2025-11-27,False
DEN,TUL,WN 1511,SWA,WN 1511,SWA,2025-11-27 11:20:00,Arr 1345,2025-11-27,False
DEN,TUL,WN 1513,SWA,WN 1513,SWA,2025-11-27 14:45:00,Arr 1701,2025-11-27,False
DEN,TUS,WN 1526,SWA,WN 1526,SWA,2025-11-27 15:20:00,Arr 1731 (+16min),2025-11-27,False
DEN,TUS,WN 1926,SWA,WN 1926,SWA,2025-11-27 08:00:00,Arr 0953,2025-11-27,False
DSM,DEN,WN 1519,SWA,WN 1519,SWA,2025-11-27 12:05:00,Arr 1254,2025-11-27,False
DSM,LAS,WN 1521,SWA,WN 1521,SWA,2025-11-27 07:50:00,Arr 1020 (+70min),2025-11-27,False
DSM,STL,WN 2036,SWA,WN 2036,SWA,2025-11-27 05:45:00,Arr 0659,2025-11-27,False
DTW,BNA,WN 855,SWA,WN 855,SWA,2025-11-27 06:05:00,Arr 0649,2025-11-27,False
DTW,BWI,WN 1979,SWA,WN 1979,SWA,2025-11-27 05:30:00,Arr 0709,2025-11-27,False
DTW,DEN,WN 1524,SWA,WN 1524,SWA,2025-11-27 09:00:00,Arr 0956,2025-11-27,False
DTW,MDW,WN 1525,SWA,WN 1525,SWA,2025-11-27 07:00:00,Arr 0719,2025-11-27,False
DTW,MDW,WN 1528,SWA,WN 1528,SWA,2025-11-27 12:20:00,Arr 1220,2025-11-27,False
DTW,STL,WN 1530,SWA,WN 1530,SWA,2025-11-27 08:25:00,Arr 0900,2025-11-27,False
ECP,BNA,WN 311,SWA,WN 311,SWA,2025-11-27 12:10:00,Arr 1327,2025-11-27,False
ECP,BNA,WN 663,SWA,WN 663,SWA,2025-11-27 07:20:00,Arr 0830,2025-11-27,False
ECP,DAL,WN 312,SWA,WN 312,SWA,2025-11-27 10:25:00,Arr 1215,2025-11-27,False
ELP,AUS,WN 409,SWA,WN 409,SWA,2025-11-27 10:00:00,Arr 1227,2025-11-27,False
ELP,AUS,WN 1371,SWA,WN 1371,SWA,2025-11-27 13:40:00,Arr 1602,2025-11-27,False
ELP,DAL,WN 1300,SWA,WN 1300,SWA,2025-11-27 11:00:00,Arr 1435 (+50min),2025-11-27,False
ELP,DAL,WN 1458,SWA,WN 1458,SWA,2025-11-27 08:35:00,Arr 1108,2025-11-27,False
ELP,DAL,WN 1533,SWA,WN 1533,SWA,2025-11-27 06:30:00,Arr 0853,2025-11-27,False
ELP,DEN,WN 1342,SWA,WN 1342,SWA,2025-11-27 11:20:00,Arr 1255,2025-11-27,False
ELP,DEN,WN 1534,SWA,WN 1534,SWA,2025-11-27 05:20:00,Arr 0700,2025-11-27,False
ELP,HOU,WN 596,SWA,WN 596,SWA,2025-11-27 07:05:00,Arr 0940,2025-11-27,False
ELP,HOU,WN 1538,SWA,WN 1538,SWA,2025-11-27 11:00:00,Arr 1339,2025-11-27,False
ELP,LAS,WN 582,SWA,WN 582,SWA,2025-11-27 05:40:00,Arr 0615,2025-11-27,False
ELP,LAS,WN 1541,SWA,WN 1541,SWA,2025-11-27 13:15:00,Arr 1356,2025-11-27,False
ELP,LAX,WN 1196,SWA,WN 1196,SWA,2025-11-27 12:30:00,Arr 1340,2025-11-27,False
ELP,MDW,WN 1219,SWA,WN 1219,SWA,2025-11-27 08:50:00,Arr 1240,2025-11-27,False
ELP,PHX,WN 1191,SWA,WN 1191,SWA,2025-11-27 09:10:00,Arr 1027,2025-11-27,False
ELP,PHX,WN 1281,SWA,WN 1281,SWA,2025-11-27 13:10:00,Arr 1417,2025-11-27,False
ELP,PHX,WN 1545,SWA,WN 1545,SWA,2025-11-27 05:30:00,Arr 0641,2025-11-27,False
ELP,SAN,WN 489,SWA,WN 489,SWA,2025-11-27 13:15:00,Arr 1352,2025-11-27,False
ELP,SAT,WN 1431,SWA,WN 1431,SWA,2025-11-27 10:45:00,Arr 1258,2025-11-27,False
ELP,SAT,WN 1555,SWA,WN 1555,SWA,2025-11-27 15:15:00,Arr 1723,2025-11-27,False
EUG,LAS,WN 1556,SWA,WN 1556,SWA,2025-11-27 12:05:00,Arr 1401,2025-11-27,False
EUG,OAK,WN 1558,SWA,WN 1558,SWA,2025-11-27 10:35:00,Arr 1154,2025-11-27,False
EUG,SMF,WN 845,SWA,WN 845,SWA,2025-11-27 06:40:00,Arr 0754,2025-11-27,False
FAT,LAS,WN 1560,SWA,WN 1560,SWA,2025-11-27 05:25:00,Arr 0620,2025-11-27,False
FAT,LAS,WN 1563,SWA,WN 1563,SWA,2025-11-27 11:55:00,Arr 1258,2025-11-27,False
FAT,SAN,WN 1565,SWA,WN 1565,SWA,2025-11-27 06:40:00,Arr 0749,2025-11-27,False
FLL,AUS,WN 1014,SWA,WN 1014,SWA,2025-11-27 09:50:00,Arr 1206 (+1min),2025-11-27,False
FLL,BNA,WN 565,SWA,WN 565,SWA,2025-11-27 12:30:00,Arr 1338,2025-11-27,False
FLL,BNA,WN 1156,SWA,WN 1156,SWA,2025-11-27 07:50:00,Arr 0855,2025-11-27,False
FLL,BWI,WN 932,SWA,WN 932,SWA,2025-11-27 06:00:00,Arr 0812,2025-11-27,False
FLL,BWI,WN 934,SWA,WN 934,SWA,2025-11-27 07:20:00,Arr 0932,2025-11-27,False
FLL,BWI,WN 1413,SWA,WN 1413,SWA,2025-11-27 12:20:00,Arr 1420,2025-11-27,False
FLL,BWI,WN 1566,SWA,WN 1566,SWA,2025-11-27 14:30:00,Arr 1627,2025-11-27,False
FLL,CMH,WN 1567,SWA,WN 1567,SWA,2025-11-27 11:45:00,Arr 1411,2025-11-27,False
FLL,DAL,WN 1568,SWA,WN 1568,SWA,2025-11-27 10:10:00,Arr 1202,2025-11-27,False
FLL,DCA,WN 3524,SWA,WN 3524,SWA,2025-11-27 15:45:00,Arr 1807,2025-11-27,False
FLL,DEN,WN 281,SWA,WN 281,SWA,2025-11-27 11:25:00,Arr 1414 (+19min),2025-11-27,False
FLL,HOU,WN 1569,SWA,WN 1569,SWA,2025-11-27 05:20:00,Arr 0656,2025-11-27,False
FLL,HOU,WN 1572,SWA,WN 1572,SWA,2025-11-27 12:00:00,Arr 1343,2025-11-27,False
FLL,MCI,WN 1573,SWA,WN 1573,SWA,2025-11-27 09:30:00,Arr 1141,2025-11-27,False
FLL,MCO,WN 1311,SWA,WN 1311,SWA,2025-11-27 12:30:00,Arr 1328,2025-11-27,False
FLL,MCO,WN 1577,SWA,WN 1577,SWA,2025-11-27 06:55:00,Arr 0750,2025-11-27,False
FLL,MDW,WN 1583,SWA,WN 1583,SWA,2025-11-27 11:45:00,Arr 1354,2025-11-27,False
FLL,MDW,WN 1983,SWA,WN 1983,SWA,2025-11-27 06:45:00,Arr 0841,2025-11-27,False
FLL,MSY,WN 1585,SWA,WN 1585,SWA,2025-11-27 15:55:00,Arr 1659,2025-11-27,False
FLL,PIT,WN 556,SWA,WN 556,SWA,2025-11-27 10:40:00,Arr 1301,2025-11-27,False
FLL,SJU,WN 1660,SWA,WN 1660,SWA,2025-11-27 06:30:00,Arr 0953,2025-11-27,False
FLL,STL,WN 1471,SWA,WN 1471,SWA,2025-11-27 07:05:00,Arr 0844,2025-11-27,False
FLL,STL,WN 1590,SWA,WN 1590,SWA,2025-11-27 11:20:00,Arr 1307,2025-11-27,False
GEG,DEN,WN 1592,SWA,WN 1592,SWA,2025-11-27 07:00:00,Arr 1000,2025-11-27,False
GEG,LAS,WN 1593,SWA,WN 1593,SWA,2025-11-27 13:05:00,Arr 1508,2025-11-27,False
GEG,OAK,WN 1849,SWA,WN 1849,SWA,2025-11-27 06:10:00,Arr 0817,2025-11-27,False
GEG,PHX,WN 1596,SWA,WN 1596,SWA,2025-11-27 09:20:00,Arr 1242,2025-11-27,False
GEG,SMF,WN 1598,SWA,WN 1598,SWA,2025-11-27 05:45:00,Arr 0752,2025-11-27,False
GRR,BWI,WN 2045,SWA,WN 2045,SWA,2025-11-27 10:55:00,Arr 1254 (+14min),2025-11-27,False
GRR,DEN,WN 1600,SWA,WN 1600,SWA,2025-11-27 06:05:00,Arr 0651,2025-11-27,False
GRR,MDW,WN 966,SWA,WN 966,SWA,2025-11-27 12:30:00,Arr 1255 (+20min),2025-11-27,False
GRR,MDW,WN 1601,SWA,WN 1601,SWA,2025-11-27 07:10:00,Arr 0720,2025-11-27,False
GSP,BNA,WN 695,SWA,WN 695,SWA,2025-11-27 10:25:00,Arr 1032,2025-11-27,False
GSP,BWI,WN 1080,SWA,WN 1080,SWA,2025-11-27 08:05:00,Arr 0942 (+7min),2025-11-27,False
HDN,DEN,WN 1614,SWA,WN 1614,SWA,2025-11-27 10:20:00,Arr 1110,2025-11-27,False
HNL,ITO,WN 1456,SWA,WN 1456,SWA,2025-11-27 14:25:00,Arr 1518,2025-11-27,False
HNL,ITO,WN 1615,SWA,WN 1615,SWA,2025-11-27 07:20:00,Arr 0805,2025-11-27,False
HNL,ITO,WN 1622,SWA,WN 1622,SWA,2025-11-27 10:50:00,Arr 1142,2025-11-27,False
HNL,KOA,WN 450,SWA,WN 450,SWA,2025-11-27 10:55:00,Arr 1328 (+98min),2025-11-27,False
HNL,KOA,WN 1624,SWA,WN 1624,SWA,2025-11-27 07:30:00,Arr 0808,2025-11-27,False
HNL,KOA,WN 1626,SWA,WN 1626,SWA,2025-11-27 14:15:00,Arr 1618 (+68min),2025-11-27,False
HNL,LAS,WN 1430,SWA,WN 1430,SWA,2025-11-27 21:35:00,Arr 0518,2025-11-27,False
HNL,LAS,WN 1627,SWA,WN 1627,SWA,2025-11-27 06:15:00,Arr 1355,2025-11-27,False
HNL,LAX,WN 1634,SWA,WN 1634,SWA,2025-11-27 21:30:00,Arr 0503 (+3min),2025-11-27,False
HNL,LGB,WN 1635,SWA,WN 1635,SWA,2025-11-27 12:55:00,Arr 2005,2025-11-27,False
HNL,LIH,WN 1637,SWA,WN 1637,SWA,2025-11-27 07:35:00,Arr 0812,2025-11-27,False
HNL,LIH,WN 1638,SWA,WN 1638,SWA,2025-11-27 11:00:00,Arr 1140,2025-11-27,False
HNL,LIH,WN 1639,SWA,WN 1639,SWA,2025-11-27 14:30:00,Arr 1529 (+9min),2025-11-27,False
HNL,OAK,WN 1640,SWA,WN 1640,SWA,2025-11-27 06:00:00,Arr 1302,2025-11-27,False
HNL,OGG,WN 1271,SWA,WN 1271,SWA,2025-11-27 06:25:00,Arr 0657,2025-11-27,False
HNL,OGG,WN 1644,SWA,WN 1644,SWA,2025-11-27 09:05:00,Arr 0932,2025-11-27,False
HNL,OGG,WN 1645,SWA,WN 1645,SWA,2025-11-27 11:05:00,Arr 1149,2025-11-27,False
HNL,OGG,WN 1646,SWA,WN 1646,SWA,2025-11-27 12:50:00,Arr 1319,2025-11-27,False
HNL,OGG,WN 1648,SWA,WN 1648,SWA,2025-11-27 14:35:00,Arr 1514,2025-11-27,False
HNL,PHX,WN 1649,SWA,WN 1649,SWA,2025-11-27 21:00:00,Arr 0551,2025-11-27,False
HNL,SAN,WN 500,SWA,WN 500,SWA,2025-11-27 06:35:00,Arr 1429 (+29min),2025-11-27,False
HNL,SAN,WN 1651,SWA,WN 1651,SWA,2025-11-27 12:45:00,Arr 2008,2025-11-27,False
HNL,SJC,WN 1420,SWA,WN 1420,SWA,2025-11-27 11:55:00,Arr 1902,2025-11-27,False
HNL,SMF,WN 1904,SWA,WN 1904,SWA,2025-11-27 12:00:00,Arr 1902,2025-11-27,False
HOU,ABQ,WN 969,SWA,WN 969,SWA,2025-11-27 15:25:00,Arr 1625,2025-11-27,False
HOU,ABQ,WN 1015,SWA,WN 1015,SWA,2025-11-27 08:20:00,Arr 0924,2025-11-27,False
HOU,ATL,WN 802,SWA,WN 802,SWA,2025-11-27 09:20:00,Arr 1157,2025-11-27,False
HOU,ATL,WN 1050,SWA,WN 1050,SWA,2025-11-27 11:25:00,Arr 1357,2025-11-27,False
HOU,ATL,WN 1294,SWA,WN 1294,SWA,2025-11-27 15:35:00,Arr 1819,2025-11-27,False
HOU,AUS,WN 300,SWA,WN 300,SWA,2025-11-27 07:50:00,Arr 0827,2025-11-27,False
HOU,AUS,WN 1918,SWA,WN 1918,SWA,2025-11-27 15:25:00,Arr 1601,2025-11-27,False
HOU,AUS,WN 2044,SWA,WN 2044,SWA,2025-11-27 10:55:00,Arr 1154 (+4min),2025-11-27,False
HOU,BHM,WN 1381,SWA,WN 1381,SWA,2025-11-27 10:55:00,Arr 1213,2025-11-27,False
HOU,BNA,WN 7,SWA,WN 7,SWA,2025-11-27 10:30:00,Arr 1215,2025-11-27,False
HOU,BNA,WN 1588,SWA,WN 1588,SWA,2025-11-27 06:50:00,Arr 0833,2025-11-27,False
HOU,BNA,WN 2736,SWA,WN 2736,SWA,2025-11-27 13:45:00,Arr 1516,2025-11-27,False
HOU,BWI,WN 1358,SWA,WN 1358,SWA,2025-11-27 05:40:00,Arr 0913,2025-11-27,False
HOU,BWI,WN 1657,SWA,WN 1657,SWA,2025-11-27 09:25:00,Arr 1305,2025-11-27,False
HOU,BWI,WN 1658,SWA,WN 1658,SWA,2025-11-27 15:40:00,Arr 1928,2025-11-27,False
HOU,CRP,WN 1661,SWA,WN 1661,SWA,2025-11-27 10:55:00,Arr 1139,2025-11-27,False
HOU,CRP,WN 1663,SWA,WN 1663,SWA,2025-11-27 15:35:00,Arr 1613,2025-11-27,False
HOU,DAL,WN 8,SWA,WN 8,SWA,2025-11-27 08:00:00,Arr 0906,2025-11-27,False
HOU,DAL,WN 18,SWA,WN 18,SWA,2025-11-27 10:30:00,Arr 1146 (+6min),2025-11-27,False
HOU,DAL,WN 22,SWA,WN 22,SWA,2025-11-27 11:35:00,Arr 1222,2025-11-27,False
HOU,DAL,WN 30,SWA,WN 30,SWA,2025-11-27 13:30:00,Arr 1421,2025-11-27,False
HOU,DAL,WN 36,SWA,WN 36,SWA,2025-11-27 15:25:00,Arr 1614,2025-11-27,False
HOU,DAL,WN 1636,SWA,WN 1636,SWA,2025-11-27 05:55:00,Arr 0645,2025-11-27,False
HOU,DCA,WN 1665,SWA,WN 1665,SWA,2025-11-27 08:10:00,Arr 1144,2025-11-27,False
HOU,DCA,WN 1666,SWA,WN 1666,SWA,2025-11-27 12:00:00,Arr 1550,2025-11-27,False
HOU,DEN,WN 977,SWA,WN 977,SWA,2025-11-27 05:30:00,Arr 0704 (+4min),2025-11-27,False
HOU,DEN,WN 1668,SWA,WN 1668,SWA,2025-11-27 09:10:00,Arr 1044,2025-11-27,False
HOU,DEN,WN 1669,SWA,WN 1669,SWA,2025-11-27 13:45:00,Arr 1501,2025-11-27,False
HOU,DEN,WN 1670,SWA,WN 1670,SWA,2025-11-27 15:35:00,Arr 1707,2025-11-27,False
HOU,ELP,WN 1049,SWA,WN 1049,SWA,2025-11-27 15:25:00,Arr 1609,2025-11-27,False
HOU,ELP,WN 1672,SWA,WN 1672,SWA,2025-11-27 08:10:00,Arr 0913,2025-11-27,False
HOU,FLL,WN 498,SWA,WN 498,SWA,2025-11-27 15:25:00,Arr 1846 (+1min),2025-11-27,False
HOU,FLL,WN 776,SWA,WN 776,SWA,2025-11-27 08:00:00,Arr 1108,2025-11-27,False
HOU,HRL,WN 576,SWA,WN 576,SWA,2025-11-27 11:05:00,Arr 1207,2025-11-27,False
HOU,HRL,WN 1680,SWA,WN 1680,SWA,2025-11-27 07:50:00,Arr 0842,2025-11-27,False
HOU,HRL,WN 1954,SWA,WN 1954,SWA,2025-11-27 15:40:00,Arr 1639,2025-11-27,False
HOU,IND,WN 1683,SWA,WN 1683,SWA,2025-11-27 11:20:00,Arr 1429,2025-11-27,False
HOU,JAN,WN 1539,SWA,WN 1539,SWA,2025-11-27 14:30:00,Arr 1534,2025-11-27,False
HOU,LAS,WN 1139,SWA,WN 1139,SWA,2025-11-27 12:55:00,Arr 1355,2025-11-27,False
HOU,LAS,WN 1582,SWA,WN 1582,SWA,2025-11-27 08:00:00,Arr 0848,2025-11-27,False
HOU,LAS,WN 1684,SWA,WN 1684,SWA,2025-11-27 05:25:00,Arr 0631,2025-11-27,False
HOU,LAS,WN 1686,SWA,WN 1686,SWA,2025-11-27 15:45:00,Arr 1639,2025-11-27,False
HOU,LAX,WN 526,SWA,WN 526,SWA,2025-11-27 07:55:00,Arr 0912,2025-11-27,False
HOU,LAX,WN 1030,SWA,WN 1030,SWA,2025-11-27 15:35:00,Arr 1703,2025-11-27,False
HOU,LGA,WN 1691,SWA,WN 1691,SWA,2025-11-27 06:45:00,Arr 1046,2025-11-27,False
HOU,LGA,WN 1692,SWA,WN 1692,SWA,2025-11-27 11:10:00,Arr 1505,2025-11-27,False
HOU,LGB,WN 1768,SWA,WN 1768,SWA,2025-11-27 08:20:00,Arr 0940,2025-11-27,False
HOU,MAF,WN 1698,SWA,WN 1698,SWA,2025-11-27 07:50:00,Arr 0908,2025-11-27,False
HOU,MCI,WN 1536,SWA,WN 1536,SWA,2025-11-27 10:45:00,Arr 1238,2025-11-27,False
HOU,MCO,WN 127,SWA,WN 127,SWA,2025-11-27 11:00:00,Arr 1358,2025-11-27,False
HOU,MCO,WN 1223,SWA,WN 1223,SWA,2025-11-27 06:30:00,Arr 0928,2025-11-27,False
HOU,MCO,WN 1703,SWA,WN 1703,SWA,2025-11-27 09:20:00,Arr 1231,2025-11-27,False
HOU,MCO,WN 1705,SWA,WN 1705,SWA,2025-11-27 15:40:00,Arr 1844,2025-11-27,False
HOU,MDW,WN 352,SWA,WN 352,SWA,2025-11-27 11:05:00,Arr 1323,2025-11-27,False
HOU,MDW,WN 1159,SWA,WN 1159,SWA,2025-11-27 14:10:00,Arr 1636 (+1min),2025-11-27,False
HOU,MDW,WN 1706,SWA,WN 1706,SWA,2025-11-27 07:15:00,Arr 0934,2025-11-27,False
HOU,MEM,WN 1327,SWA,WN 1327,SWA,2025-11-27 15:35:00,Arr 1650,2025-11-27,False
HOU,MEM,WN 1707,SWA,WN 1707,SWA,2025-11-27 10:55:00,Arr 1234 (+9min),2025-11-27,False
HOU,MSY,WN 1551,SWA,WN 1551,SWA,2025-11-27 15:35:00,Arr 1623,2025-11-27,False
HOU,MSY,WN 1711,SWA,WN 1711,SWA,2025-11-27 07:50:00,Arr 0852,2025-11-27,False
HOU,MSY,WN 1714,SWA,WN 1714,SWA,2025-11-27 11:05:00,Arr 1200,2025-11-27,False
HOU,MSY,WN 1716,SWA,WN 1716,SWA,2025-11-27 13:45:00,Arr 1440,2025-11-27,False
HOU,OAK,WN 824,SWA,WN 824,SWA,2025-11-27 08:10:00,Arr 1012,2025-11-27,False
HOU,OKC,WN 503,SWA,WN 503,SWA,2025-11-27 08:10:00,Arr 0926,2025-11-27,False
HOU,OKC,WN 1719,SWA,WN 1719,SWA,2025-11-27 15:40:00,Arr 1651,2025-11-27,False
HOU,OMA,WN 1721,SWA,WN 1721,SWA,2025-11-27 08:20:00,Arr 1032,2025-11-27,False
HOU,PHX,WN 210,SWA,WN 210,SWA,2025-11-27 15:25:00,Arr 1710,2025-11-27,False
HOU,PHX,WN 1059,SWA,WN 1059,SWA,2025-11-27 10:15:00,Arr 1159,2025-11-27,False
HOU,PHX,WN 1723,SWA,WN 1723,SWA,2025-11-27 05:05:00,Arr 0648,2025-11-27,False
HOU,PHX,WN 1893,SWA,WN 1893,SWA,2025-11-27 12:30:00,Arr 1412,2025-11-27,False
HOU,PNS,WN 1731,SWA,WN 1731,SWA,2025-11-27 10:55:00,Arr 1212,2025-11-27,False
HOU,RDU,WN 1561,SWA,WN 1561,SWA,2025-11-27 13:10:00,Arr 1620,2025-11-27,False
HOU,SAN,WN 1734,SWA,WN 1734,SWA,2025-11-27 08:00:00,Arr 0910,2025-11-27,False
HOU,SAT,WN 1570,SWA,WN 1570,SWA,2025-11-27 07:50:00,Arr 0836,2025-11-27,False
HOU,SAT,WN 1746,SWA,WN 1746,SWA,2025-11-27 15:30:00,Arr 1622,2025-11-27,False
HOU,SAT,WN 1879,SWA,WN 1879,SWA,2025-11-27 11:15:00,Arr 1204,2025-11-27,False
HOU,SAT,WN 1992,SWA,WN 1992,SWA,2025-11-27 13:30:00,Arr 1408,2025-11-27,False
HOU,SJC,WN 1749,SWA,WN 1749,SWA,2025-11-27 07:50:00,Arr 0929,2025-11-27,False
HOU,SLC,WN 1753,SWA,WN 1753,SWA,2025-11-27 08:00:00,Arr 1004,2025-11-27,False
HOU,STL,WN 1757,SWA,WN 1757,SWA,2025-11-27 05:10:00,Arr 0653,2025-11-27,False
HOU,STL,WN 1758,SWA,WN 1758,SWA,2025-11-27 12:05:00,Arr 1357,2025-11-27,False
HOU,TPA,WN 1759,SWA,WN 1759,SWA,2025-11-27 08:50:00,Arr 1138,2025-11-27,False
HOU,TPA,WN 1760,SWA,WN 1760,SWA,2025-11-27 11:35:00,Arr 1425,2025-11-27,False
HOU,TUL,WN 1762,SWA,WN 1762,SWA,2025-11-27 10:15:00,Arr 1134,2025-11-27,False
HRL,AUS,WN 353,SWA,WN 353,SWA,2025-11-27 07:10:00,Arr 0811,2025-11-27,False
HRL,DAL,WN 1673,SWA,WN 1673,SWA,2025-11-27 11:45:00,Arr 1311,2025-11-27,False
HRL,HOU,WN 270,SWA,WN 270,SWA,2025-11-27 09:35:00,Arr 1028,2025-11-27,False
HRL,HOU,WN 1444,SWA,WN 1444,SWA,2025-11-27 05:50:00,Arr 0642,2025-11-27,False
HRL,HOU,WN 1765,SWA,WN 1765,SWA,2025-11-27 13:20:00,Arr 1413,2025-11-27,False
IAD,BNA,WN 1766,SWA,WN 1766,SWA,2025-11-27 12:45:00,Arr 1326,2025-11-27,False
IAD,DEN,WN 1767,SWA,WN 1767,SWA,2025-11-27 05:15:00,Arr 0709,2025-11-27,False
ICT,DEN,WN 536,SWA,WN 536,SWA,2025-11-27 06:20:00,Arr 0647,2025-11-27,False
ICT,LAS,WN 336,SWA,WN 336,SWA,2025-11-27 12:20:00,Arr 1357 (+52min),2025-11-27,False
ICT,STL,WN 1772,SWA,WN 1772,SWA,2025-11-27 05:15:00,Arr 0618,2025-11-27,False
IND,ATL,WN 1773,SWA,WN 1773,SWA,2025-11-27 08:45:00,Arr 1006,2025-11-27,False
IND,AUS,WN 1774,SWA,WN 1774,SWA,2025-11-27 10:00:00,Arr 1129,2025-11-27,False
IND,BNA,WN 1240,SWA,WN 1240,SWA,2025-11-27 06:55:00,Arr 0707 (+2min),2025-11-27,False
IND,BWI,WN 983,SWA,WN 983,SWA,2025-11-27 05:40:00,Arr 0705,2025-11-27,False
IND,DAL,WN 1170,SWA,WN 1170,SWA,2025-11-27 07:50:00,Arr 0859,2025-11-27,False
IND,DEN,WN 1775,SWA,WN 1775,SWA,2025-11-27 06:05:00,Arr 0735 (+35min),2025-11-27,False
IND,DEN,WN 1776,SWA,WN 1776,SWA,2025-11-27 13:20:00,Arr 1403,2025-11-27,False
IND,HOU,WN 1862,SWA,WN 1862,SWA,2025-11-27 05:20:00,Arr 0654,2025-11-27,False
IND,LAS,WN 1778,SWA,WN 1778,SWA,2025-11-27 12:00:00,Arr 1253,2025-11-27,False
IND,MCO,WN 1782,SWA,WN 1782,SWA,2025-11-27 12:00:00,Arr 1412,2025-11-27,False
IND,MCO,WN 1875,SWA,WN 1875,SWA,2025-11-27 07:20:00,Arr 0933,2025-11-27,False
IND,MDW,WN 464,SWA,WN 464,SWA,2025-11-27 12:10:00,Arr 1252 (+37min),2025-11-27,False
IND,MDW,WN 864,SWA,WN 864,SWA,2025-11-27 07:05:00,Arr 0715,2025-11-27,False
IND,PHX,WN 973,SWA,WN 973,SWA,2025-11-27 12:00:00,Arr 1408 (+13min),2025-11-27,False
IND,RSW,WN 1786,SWA,WN 1786,SWA,2025-11-27 07:40:00,Arr 1001,2025-11-27,False
IND,TPA,WN 1787,SWA,WN 1787,SWA,2025-11-27 09:05:00,Arr 1106,2025-11-27,False
ISP,BWI,WN 654,SWA,WN 654,SWA,2025-11-27 06:00:00,Arr 0706,2025-11-27,False
ISP,BWI,WN 1788,SWA,WN 1788,SWA,2025-11-27 12:35:00,Arr 1357 (+7min),2025-11-27,False
ISP,MCO,WN 1789,SWA,WN 1789,SWA,2025-11-27 06:55:00,Arr 0948,2025-11-27,False
ISP,PBI,WN 1793,SWA,WN 1793,SWA,2025-11-27 09:30:00,Arr 1226 (+1min),2025-11-27,False
ITO,HNL,WN 1794,SWA,WN 1794,SWA,2025-11-27 05:35:00,Arr 0633,2025-11-27,False
ITO,HNL,WN 1795,SWA,WN 1795,SWA,2025-11-27 09:05:00,Arr 1000,2025-11-27,False
ITO,HNL,WN 1796,SWA,WN 1796,SWA,2025-11-27 12:50:00,Arr 1339,2025-11-27,False
JAN,BNA,WN 1797,SWA,WN 1797,SWA,2025-11-27 12:20:00,Arr 1310,2025-11-27,False
JAN,HOU,WN 2733,SWA,WN 2733,SWA,2025-11-27 05:25:00,Arr 0632,2025-11-27,False
JAX,AUS,WN 367,SWA,WN 367,SWA,2025-11-27 06:50:00,Arr 0830,2025-11-27,False
JAX,BNA,WN 725,SWA,WN 725,SWA,2025-11-27 12:05:00,Arr 1234,2025-11-27,False
JAX,BNA,WN 1798,SWA,WN 1798,SWA,2025-11-27 06:15:00,Arr 0706 (+11min),2025-11-27,False
JAX,BWI,WN 1005,SWA,WN 1005,SWA,2025-11-27 10:55:00,Arr 1217,2025-11-27,False
JAX,BWI,WN 1968,SWA,WN 1968,SWA,2025-11-27 08:05:00,Arr 0945,2025-11-27,False
JAX,DEN,WN 1799,SWA,WN 1799,SWA,2025-11-27 09:55:00,Arr 1144,2025-11-27,False
JAX,STL,WN 1800,SWA,WN 1800,SWA,2025-11-27 11:10:00,Arr 1208,2025-11-27,False
KOA,HNL,WN 1801,SWA,WN 1801,SWA,2025-11-27 07:00:00,Arr 0736,2025-11-27,False
KOA,HNL,WN 1806,SWA,WN 1806,SWA,2025-11-27 09:10:00,Arr 0947,2025-11-27,False
KOA,HNL,WN 1807,SWA,WN 1807,SWA,2025-11-27 12:35:00,Arr 1449 (+79min),2025-11-27,False
KOA,LAS,WN 1808,SWA,WN 1808,SWA,2025-11-27 21:30:00,Arr 0452,2025-11-27,False
KOA,OGG,WN 1809,SWA,WN 1809,SWA,2025-11-27 13:50:00,Arr 1457 (+22min),2025-11-27,False
KOA,SMF,WN 1813,SWA,WN 1813,SWA,2025-11-27 06:10:00,Arr 1309,2025-11-27,False
LAS,ABQ,WN 117,SWA,WN 117,SWA,2025-11-27 07:35:00,Arr 0953,2025-11-27,False
LAS,ABQ,WN 1816,SWA,WN 1816,SWA,2025-11-27 15:00:00,Arr 1730,2025-11-27,False
LAS,ATL,WN 1821,SWA,WN 1821,SWA,2025-11-27 23:15:00,Arr 0538,2025-11-27,False
LAS,AUS,WN 347,SWA,WN 347,SWA,2025-11-27 06:55:00,Arr 1124,2025-11-27,False
LAS,AUS,WN 1823,SWA,WN 1823,SWA,2025-11-27 10:50:00,Arr 1516,2025-11-27,False
LAS,AUS,WN 1826,SWA,WN 1826,SWA,2025-11-27 14:55:00,Arr 1938 (+8min),2025-11-27,False
LAS,BHM,WN 852,SWA,WN 852,SWA,2025-11-27 12:30:00,Arr 1743,2025-11-27,False
LAS,BNA,WN 159,SWA,WN 159,SWA,2025-11-27 23:35:00,Arr 0453,2025-11-27,False
LAS,BNA,WN 558,SWA,WN 558,SWA,2025-11-27 07:10:00,Arr 1224,2025-11-27,False
LAS,BOI,WN 1833,SWA,WN 1833,SWA,2025-11-27 08:45:00,Arr 1121,2025-11-27,False
LAS,BOI,WN 1837,SWA,WN 1837,SWA,2025-11-27 15:30:00,Arr 1804,2025-11-27,False
LAS,BUF,WN 1839,SWA,WN 1839,SWA,2025-11-27 10:55:00,Arr 1802,2025-11-27,False
LAS,BUR,WN 758,SWA,WN 758,SWA,2025-11-27 15:00:00,Arr 1619 (+9min),2025-11-27,False
LAS,BUR,WN 863,SWA,WN 863,SWA,2025-11-27 11:20:00,Arr 1208,2025-11-27,False
LAS,BUR,WN 1391,SWA,WN 1391,SWA,2025-11-27 07:25:00,Arr 0814,2025-11-27,False
LAS,BUR,WN 1582,SWA,WN 1582,SWA,2025-11-27 10:00:00,Arr 1053,2025-11-27,False
LAS,BUR,WN 1841,SWA,WN 1841,SWA,2025-11-27 13:40:00,Arr 1436,2025-11-27,False
LAS,BWI,WN 370,SWA,WN 370,SWA,2025-11-27 07:10:00,Arr 1423,2025-11-27,False
LAS,BWI,WN 1844,SWA,WN 1844,SWA,2025-11-27 22:20:00,Arr 0518,2025-11-27,False
LAS,BZN,WN 1522,SWA,WN 1522,SWA,2025-11-27 08:35:00,Arr 1120,2025-11-27,False
LAS,CMH,WN 1850,SWA,WN 1850,SWA,2025-11-27 12:35:00,Arr 1909,2025-11-27,False
LAS,COS,WN 1193,SWA,WN 1193,SWA,2025-11-27 12:15:00,Arr 1444,2025-11-27,False
LAS,DAL,WN 1266,SWA,WN 1266,SWA,2025-11-27 07:30:00,Arr 1154,2025-11-27,False
LAS,DAL,WN 1852,SWA,WN 1852,SWA,2025-11-27 06:05:00,Arr 1036,2025-11-27,False
LAS,DAL,WN 1854,SWA,WN 1854,SWA,2025-11-27 10:50:00,Arr 1523,2025-11-27,False
LAS,DAL,WN 1855,SWA,WN 1855,SWA,2025-11-27 13:50:00,Arr 1907 (+37min),2025-11-27,False
LAS,DAL,WN 2955,SWA,WN 2955,SWA,2025-11-27 15:15:00,Arr 1950,2025-11-27,False
LAS,DCA,WN 1860,SWA,WN 1860,SWA,2025-11-27 08:50:00,Arr 1556,2025-11-27,False
LAS,DEN,WN 492,SWA,WN 492,SWA,2025-11-27 05:35:00,Arr 0801,2025-11-27,False
LAS,DEN,WN 1274,SWA,WN 1274,SWA,2025-11-27 15:10:00,Arr 1747,2025-11-27,False
LAS,DEN,WN 1863,SWA,WN 1863,SWA,2025-11-27 10:00:00,Arr 1239,2025-11-27,False
LAS,DEN,WN 1865,SWA,WN 1865,SWA,2025-11-27 11:35:00,Arr 1401,2025-11-27,False
LAS,DEN,WN 1866,SWA,WN 1866,SWA,2025-11-27 13:45:00,Arr 1628,2025-11-27,False
LAS,DEN,WN 1973,SWA,WN 1973,SWA,2025-11-27 07:40:00,Arr 1034 (+4min),2025-11-27,False
LAS,DSM,WN 1962,SWA,WN 1962,SWA,2025-11-27 13:45:00,Arr 1829,2025-11-27,False
LAS,ELP,WN 1431,SWA,WN 1431,SWA,2025-11-27 07:30:00,Arr 1011 (+6min),2025-11-27,False
LAS,ELP,WN 1557,SWA,WN 1557,SWA,2025-11-27 14:55:00,Arr 1720,2025-11-27,False
LAS,EUG,WN 1199,SWA,WN 1199,SWA,2025-11-27 07:30:00,Arr 0920,2025-11-27,False
LAS,FAT,WN 349,SWA,WN 349,SWA,2025-11-27 10:00:00,Arr 1055,2025-11-27,False
LAS,FAT,WN 614,SWA,WN 614,SWA,2025-11-27 15:20:00,Arr 1616,2025-11-27,False
LAS,GEG,WN 1874,SWA,WN 1874,SWA,2025-11-27 07:50:00,Arr 0956,2025-11-27,False
LAS,HNL,WN 1550,SWA,WN 1550,SWA,2025-11-27 07:45:00,Arr 1143,2025-11-27,False
LAS,HNL,WN 1876,SWA,WN 1876,SWA,2025-11-27 09:40:00,Arr 1335,2025-11-27,False
LAS,HOU,WN 179,SWA,WN 179,SWA,2025-11-27 11:55:00,Arr 1628,2025-11-27,False
LAS,HOU,WN 1230,SWA,WN 1230,SWA,2025-11-27 05:25:00,Arr 1012,2025-11-27,False
LAS,HOU,WN 1562,SWA,WN 1562,SWA,2025-11-27 07:30:00,Arr 1208,2025-11-27,False
LAS,HOU,WN 1880,SWA,WN 1880,SWA,2025-11-27 13:55:00,Arr 1913 (+23min),2025-11-27,False
LAS,ICT,WN 373,SWA,WN 373,SWA,2025-11-27 15:15:00,Arr 1918,2025-11-27,False
LAS,IND,WN 1883,SWA,WN 1883,SWA,2025-11-27 12:35:00,Arr 1852,2025-11-27,False
LAS,KOA,WN 1884,SWA,WN 1884,SWA,2025-11-27 08:40:00,Arr 1221,2025-11-27,False
LAS,LAX,WN 396,SWA,WN 396,SWA,2025-11-27 07:35:00,Arr 0830,2025-11-27,False
LAS,LAX,WN 1891,SWA,WN 1891,SWA,2025-11-27 09:55:00,Arr 1104,2025-11-27,False
LAS,LAX,WN 1892,SWA,WN 1892,SWA,2025-11-27 12:55:00,Arr 1348,2025-11-27,False
LAS,LBB,WN 1563,SWA,WN 1563,SWA,2025-11-27 13:50:00,Arr 1729,2025-11-27,False
LAS,LGB,WN 1399,SWA,WN 1399,SWA,2025-11-27 14:20:00,Arr 1525,2025-11-27,False
LAS,LGB,WN 1425,SWA,WN 1425,SWA,2025-11-27 07:15:00,Arr 0821,2025-11-27,False
LAS,LGB,WN 1465,SWA,WN 1465,SWA,2025-11-27 12:50:00,Arr 1338,2025-11-27,False
LAS,LGB,WN 1901,SWA,WN 1901,SWA,2025-11-27 11:00:00,Arr 1202,2025-11-27,False
LAS,LIH,WN 1903,SWA,WN 1903,SWA,2025-11-27 08:25:00,Arr 1252,2025-11-27,False
LAS,LIT,WN 1905,SWA,WN 1905,SWA,2025-11-27 07:35:00,Arr 1214,2025-11-27,False
LAS,MAF,WN 418,SWA,WN 418,SWA,2025-11-27 11:00:00,Arr 1448,2025-11-27,False
LAS,MCI,WN 106,SWA,WN 106,SWA,2025-11-27 07:05:00,Arr 1143,2025-11-27,False
LAS,MCI,WN 1911,SWA,WN 1911,SWA,2025-11-27 15:05:00,Arr 1941,2025-11-27,False
LAS,MCO,WN 1247,SWA,WN 1247,SWA,2025-11-27 23:40:00,Arr 0639,2025-11-27,False
LAS,MCO,WN 1913,SWA,WN 1913,SWA,2025-11-27 07:35:00,Arr 1442,2025-11-27,False
LAS,MDW,WN 444,SWA,WN 444,SWA,2025-11-27 15:10:00,Arr 2028,2025-11-27,False
LAS,MDW,WN 1915,SWA,WN 1915,SWA,2025-11-27 06:10:00,Arr 1210 (+30min),2025-11-27,False
LAS,MDW,WN 1916,SWA,WN 1916,SWA,2025-11-27 12:15:00,Arr 1730,2025-11-27,False
LAS,MDW,WN 1919,SWA,WN 1919,SWA,2025-11-27 23:40:00,Arr 0447,2025-11-27,False
LAS,MKE,WN 1502,SWA,WN 1502,SWA,2025-11-27 12:30:00,Arr 1741,2025-11-27,False
LAS,MSY,WN 1923,SWA,WN 1923,SWA,2025-11-27 12:55:00,Arr 1835 (+25min),2025-11-27,False
LAS,OAK,WN 255,SWA,WN 255,SWA,2025-11-27 08:25:00,Arr 0954,2025-11-27,False
LAS,OAK,WN 813,SWA,WN 813,SWA,2025-11-27 10:25:00,Arr 1209 (+9min),2025-11-27,False
LAS,OAK,WN 1039,SWA,WN 1039,SWA,2025-11-27 11:55:00,Arr 1311,2025-11-27,False
LAS,OAK,WN 1337,SWA,WN 1337,SWA,2025-11-27 12:55:00,Arr 1453 (+18min),2025-11-27,False
LAS,OAK,WN 1493,SWA,WN 1493,SWA,2025-11-27 14:15:00,Arr 1545,2025-11-27,False
LAS,OAK,WN 1542,SWA,WN 1542,SWA,2025-11-27 15:15:00,Arr 1640,2025-11-27,False
LAS,OAK,WN 1924,SWA,WN 1924,SWA,2025-11-27 06:15:00,Arr 0732,2025-11-27,False
LAS,OGG,WN 1927,SWA,WN 1927,SWA,2025-11-27 08:00:00,Arr 1147,2025-11-27,False
LAS,OKC,WN 1659,SWA,WN 1659,SWA,2025-11-27 07:50:00,Arr 1158,2025-11-27,False
LAS,OMA,WN 1929,SWA,WN 1929,SWA,2025-11-27 13:50:00,Arr 1841 (+11min),2025-11-27,False
LAS,ONT,WN 1931,SWA,WN 1931,SWA,2025-11-27 12:05:00,Arr 1249,2025-11-27,False
LAS,ONT,WN 1932,SWA,WN 1932,SWA,2025-11-27 14:55:00,Arr 1546,2025-11-27,False
LAS,ONT,WN 2001,SWA,WN 2001,SWA,2025-11-27 09:10:00,Arr 0955,2025-11-27,False
LAS,ORD,WN 1935,SWA,WN 1935,SWA,2025-11-27 08:25:00,Arr 1356,2025-11-27,False
LAS,PDX,WN 1438,SWA,WN 1438,SWA,2025-11-27 11:10:00,Arr 1314,2025-11-27,False
LAS,PDX,WN 1564,SWA,WN 1564,SWA,2025-11-27 15:00:00,Arr 1712,2025-11-27,False
LAS,PHX,WN 369,SWA,WN 369,SWA,2025-11-27 15:00:00,Arr 1653,2025-11-27,False
LAS,PHX,WN 1408,SWA,WN 1408,SWA,2025-11-27 12:20:00,Arr 1428,2025-11-27,False
LAS,PHX,WN 1698,SWA,WN 1698,SWA,2025-11-27 10:50:00,Arr 1247,2025-11-27,False
LAS,PHX,WN 1939,SWA,WN 1939,SWA,2025-11-27 06:00:00,Arr 0800,2025-11-27,False
LAS,PHX,WN 1940,SWA,WN 1940,SWA,2025-11-27 07:30:00,Arr 0931,2025-11-27,False
LAS,PIT,WN 1689,SWA,WN 1689,SWA,2025-11-27 12:30:00,Arr 1919,2025-11-27,False
LAS,PSP,WN 1942,SWA,WN 1942,SWA,2025-11-27 11:10:00,Arr 1158,2025-11-27,False
LAS,PSP,WN 1945,SWA,WN 1945,SWA,2025-11-27 15:05:00,Arr 1552,2025-11-27,False
LAS,RNO,WN 138,SWA,WN 138,SWA,2025-11-27 07:25:00,Arr 0832,2025-11-27,False
LAS,RNO,WN 939,SWA,WN 939,SWA,2025-11-27 08:45:00,Arr 0950,2025-11-27,False
LAS,RNO,WN 1111,SWA,WN 1111,SWA,2025-11-27 11:35:00,Arr 1234,2025-11-27,False
LAS,RNO,WN 1140,SWA,WN 1140,SWA,2025-11-27 15:15:00,Arr 1617,2025-11-27,False
LAS,RNO,WN 1779,SWA,WN 1779,SWA,2025-11-27 14:00:00,Arr 1518,2025-11-27,False
LAS,SAN,WN 572,SWA,WN 572,SWA,2025-11-27 15:00:00,Arr 1555,2025-11-27,False
LAS,SAN,WN 595,SWA,WN 595,SWA,2025-11-27 09:20:00,Arr 1019,2025-11-27,False
LAS,SAN,WN 745,SWA,WN 745,SWA,2025-11-27 11:40:00,Arr 1239,2025-11-27,False
LAS,SAN,WN 756,SWA,WN 756,SWA,2025-11-27 07:40:00,Arr 0839,2025-11-27,False
LAS,SAN,WN 1955,SWA,WN 1955,SWA,2025-11-27 10:35:00,Arr 1140,2025-11-27,False
LAS,SAN,WN 1957,SWA,WN 1957,SWA,2025-11-27 13:45:00,Arr 1455,2025-11-27,False
LAS,SAN,WN 2056,SWA,WN 2056,SWA,2025-11-27 05:55:00,Arr 0653,2025-11-27,False
LAS,SAT,WN 1296,SWA,WN 1296,SWA,2025-11-27 15:25:00,Arr 1942,2025-11-27,False
LAS,SAT,WN 1961,SWA,WN 1961,SWA,2025-11-27 06:50:00,Arr 1104,2025-11-27,False
LAS,SBA,WN 263,SWA,WN 263,SWA,2025-11-27 15:20:00,Arr 1620,2025-11-27,False
LAS,SBA,WN 1963,SWA,WN 1963,SWA,2025-11-27 08:40:00,Arr 0941,2025-11-27,False
LAS,SEA,WN 1209,SWA,WN 1209,SWA,2025-11-27 08:40:00,Arr 1100,2025-11-27,False
LAS,SEA,WN 1470,SWA,WN 1470,SWA,2025-11-27 15:10:00,Arr 1757,2025-11-27,False
LAS,SFO,WN 571,SWA,WN 571,SWA,2025-11-27 08:40:00,Arr 1003,2025-11-27,False
LAS,SFO,WN 1406,SWA,WN 1406,SWA,2025-11-27 14:55:00,Arr 1654 (+24min),2025-11-27,False
LAS,SFO,WN 2728,SWA,WN 2728,SWA,2025-11-27 10:50:00,Arr 1219,2025-11-27,False
LAS,SJC,WN 582,SWA,WN 582,SWA,2025-11-27 07:10:00,Arr 0818,2025-11-27,False
LAS,SJC,WN 1089,SWA,WN 1089,SWA,2025-11-27 10:45:00,Arr 1200,2025-11-27,False
LAS,SJC,WN 1241,SWA,WN 1241,SWA,2025-11-27 17:20:00,Arr 1837,2025-11-27,False
LAS,SJC,WN 1324,SWA,WN 1324,SWA,2025-11-27 14:15:00,Arr 1525,2025-11-27,False
LAS,SJC,WN 1394,SWA,WN 1394,SWA,2025-11-27 09:45:00,Arr 1052,2025-11-27,False
LAS,SJC,WN 1403,SWA,WN 1403,SWA,2025-11-27 13:30:00,Arr 1456,2025-11-27,False
LAS,SJC,WN 1685,SWA,WN 1685,SWA,2025-11-27 07:40:00,Arr 0849,2025-11-27,False
LAS,SJC,WN 1978,SWA,WN 1978,SWA,2025-11-27 11:35:00,Arr 1247,2025-11-27,False
LAS,SLC,WN 1980,SWA,WN 1980,SWA,2025-11-27 15:00:00,Arr 1728 (+3min),2025-11-27,False
LAS,SMF,WN 321,SWA,WN 321,SWA,2025-11-27 08:40:00,Arr 0951,2025-11-27,False
LAS,SMF,WN 930,SWA,WN 930,SWA,2025-11-27 14:10:00,Arr 1542,2025-11-27,False
LAS,SMF,WN 1100,SWA,WN 1100,SWA,2025-11-27 15:20:00,Arr 1634,2025-11-27,False
LAS,SMF,WN 1396,SWA,WN 1396,SWA,2025-11-27 11:50:00,Arr 1310,2025-11-27,False
LAS,SMF,WN 1974,SWA,WN 1974,SWA,2025-11-27 10:40:00,Arr 1200,2025-11-27,False
LAS,SMF,WN 1982,SWA,WN 1982,SWA,2025-11-27 06:00:00,Arr 0713,2025-11-27,False
LAS,SNA,WN 421,SWA,WN 421,SWA,2025-11-27 14:50:00,Arr 1549,2025-11-27,False
LAS,SNA,WN 948,SWA,WN 948,SWA,2025-11-27 13:10:00,Arr 1403,2025-11-27,False
LAS,SNA,WN 1989,SWA,WN 1989,SWA,2025-11-27 09:00:00,Arr 1003,2025-11-27,False
LAS,SNA,WN 1994,SWA,WN 1994,SWA,2025-11-27 11:45:00,Arr 1235,2025-11-27,False
LAS,STL,WN 244,SWA,WN 244,SWA,2025-11-27 13:50:00,Arr 1839,2025-11-27,False
LAS,STL,WN 2003,SWA,WN 2003,SWA,2025-11-27 05:45:00,Arr 1035,2025-11-27,False
LAS,STL,WN 2008,SWA,WN 2008,SWA,2025-11-27 10:55:00,Arr 1543,2025-11-27,False
LAS,TPA,WN 1752,SWA,WN 1752,SWA,2025-11-27 11:25:00,Arr 1826,2025-11-27,False
LAS,TUL,WN 2014,SWA,WN 2014,SWA,2025-11-27 13:50:00,Arr 1820,2025-11-27,False
LAS,TUS,WN 681,SWA,WN 681,SWA,2025-11-27 15:15:00,Arr 1714,2025-11-27,False
LAS,TUS,WN 1713,SWA,WN 1713,SWA,2025-11-27 12:15:00,Arr 1520 (+40min),2025-11-27,False
LAS,TUS,WN 2016,SWA,WN 2016,SWA,2025-11-27 07:30:00,Arr 0935,2025-11-27,False
LAX,ABQ,WN 1675,SWA,WN 1675,SWA,2025-11-27 09:40:00,Arr 1221,2025-11-27,False
LAX,AUS,WN 323,SWA,WN 323,SWA,2025-11-27 06:35:00,Arr 1130 (+5min),2025-11-27,False
LAX,AUS,WN 1753,SWA,WN 1753,SWA,2025-11-27 12:35:00,Arr 1723,2025-11-27,False
LAX,BNA,WN 2024,SWA,WN 2024,SWA,2025-11-27 23:40:00,Arr 0517,2025-11-27,False
LAX,BWI,WN 2025,SWA,WN 2025,SWA,2025-11-27 21:55:00,Arr 0525,2025-11-27,False
LAX,DAL,WN 927,SWA,WN 927,SWA,2025-11-27 06:05:00,Arr 1108,2025-11-27,False
LAX,DAL,WN 2026,SWA,WN 2026,SWA,2025-11-27 12:10:00,Arr 1700,2025-11-27,False
LAX,DEN,WN 1187,SWA,WN 1187,SWA,2025-11-27 14:15:00,Arr 1723,2025-11-27,False
LAX,DEN,WN 2029,SWA,WN 2029,SWA,2025-11-27 07:05:00,Arr 1034 (+4min),2025-11-27,False
LAX,DEN,WN 2030,SWA,WN 2030,SWA,2025-11-27 10:45:00,Arr 1346,2025-11-27,False
LAX,ELP,WN 2034,SWA,WN 2034,SWA,2025-11-27 09:35:00,Arr 1223,2025-11-27,False
LAX,HNL,WN 2035,SWA,WN 2035,SWA,2025-11-27 06:40:00,Arr 1011,2025-11-27,False
LAX,HOU,WN 1761,SWA,WN 1761,SWA,2025-11-27 05:05:00,Arr 1013,2025-11-27,False
LAX,HOU,WN 2072,SWA,WN 2072,SWA,2025-11-27 12:10:00,Arr 1721 (+1min),2025-11-27,False
LAX,LAS,WN 163,SWA,WN 163,SWA,2025-11-27 13:00:00,Arr 1413 (+3min),2025-11-27,False
LAX,LAS,WN 526,SWA,WN 526,SWA,2025-11-27 10:20:00,Arr 1126,2025-11-27,False
LAX,LAS,WN 2008,SWA,WN 2008,SWA,2025-11-27 08:50:00,Arr 0948,2025-11-27,False
LAX,MCI,WN 1604,SWA,WN 1604,SWA,2025-11-27 11:25:00,Arr 1634,2025-11-27,False
LAX,MCO,WN 267,SWA,WN 267,SWA,2025-11-27 23:35:00,Arr 0645,2025-11-27,False
LAX,MDW,WN 915,SWA,WN 915,SWA,2025-11-27 06:45:00,Arr 1248 (+8min),2025-11-27,False
LAX,MDW,WN 2043,SWA,WN 2043,SWA,2025-11-27 23:15:00,Arr 0507,2025-11-27,False
LAX,MSY,WN 2046,SWA,WN 2046,SWA,2025-11-27 11:00:00,Arr 1620,2025-11-27,False
LAX,OAK,WN 301,SWA,WN 301,SWA,2025-11-27 14:55:00,Arr 1559,2025-11-27,False
LAX,OAK,WN 1747,SWA,WN 1747,SWA,2025-11-27 06:30:00,Arr 0739,2025-11-27,False
LAX,OAK,WN 2047,SWA,WN 2047,SWA,2025-11-27 08:05:00,Arr 0904,2025-11-27,False
LAX,OAK,WN 2049,SWA,WN 2049,SWA,2025-11-27 12:50:00,Arr 1418 (+3min),2025-11-27,False
LAX,PHX,WN 1330,SWA,WN 1330,SWA,2025-11-27 09:20:00,Arr 1136,2025-11-27,False
LAX,PHX,WN 1487,SWA,WN 1487,SWA,2025-11-27 13:25:00,Arr 1612 (+22min),2025-11-27,False
LAX,PHX,WN 2051,SWA,WN 2051,SWA,2025-11-27 06:00:00,Arr 0821,2025-11-27,False
LAX,PHX,WN 2057,SWA,WN 2057,SWA,2025-11-27 11:35:00,Arr 1355,2025-11-27,False
LAX,RNO,WN 1473,SWA,WN 1473,SWA,2025-11-27 09:20:00,Arr 1020,2025-11-27,False
LAX,SAT,WN 1891,SWA,WN 1891,SWA,2025-11-27 11:45:00,Arr 1625,2025-11-27,False
LAX,SFO,WN 1083,SWA,WN 1083,SWA,2025-11-27 06:20:00,Arr 0730,2025-11-27,False
LAX,SFO,WN 1218,SWA,WN 1218,SWA,2025-11-27 09:45:00,Arr 1053,2025-11-27,False
LAX,SFO,WN 4253,SWA,WN 4253,SWA,2025-11-27 17:25:00,Arr 1824,2025-11-27,False
LAX,SJC,WN 984,SWA,WN 984,SWA,2025-11-27 12:05:00,Arr 1307,2025-11-27,False
LAX,SJC,WN 2062,SWA,WN 2062,SWA,2025-11-27 06:50:00,Arr 0745,2025-11-27,False
LAX,SJC,WN 2063,SWA,WN 2063,SWA,2025-11-27 08:35:00,Arr 0938,2025-11-27,False
LAX,SJC,WN 2065,SWA,WN 2065,SWA,2025-11-27 14:10:00,Arr 1514,2025-11-27,False
LAX,SLC,WN 1376,SWA,WN 1376,SWA,2025-11-27 07:10:00,Arr 0953,2025-11-27,False
LAX,SMF,WN 368,SWA,WN 368,SWA,2025-11-27 06:25:00,Arr 0748,2025-11-27,False
LAX,SMF,WN 396,SWA,WN 396,SWA,2025-11-27 09:30:00,Arr 1045,2025-11-27,False
LAX,SMF,WN 1574,SWA,WN 1574,SWA,2025-11-27 15:25:00,Arr 1655,2025-11-27,False
LAX,SMF,WN 2068,SWA,WN 2068,SWA,2025-11-27 12:50:00,Arr 1410,2025-11-27,False
LAX,STL,WN 2071,SWA,WN 2071,SWA,2025-11-27 07:50:00,Arr 1347 (+22min),2025-11-27,False
LAX,TUS,WN 2073,SWA,WN 2073,SWA,2025-11-27 10:15:00,Arr 1228,2025-11-27,False
LBB,AUS,WN 423,SWA,WN 423,SWA,2025-11-27 11:00:00,Arr 1156,2025-11-27,False
LBB,DAL,WN 1275,SWA,WN 1275,SWA,2025-11-27 12:15:00,Arr 1350 (+25min),2025-11-27,False
LBB,DAL,WN 2074,SWA,WN 2074,SWA,2025-11-27 05:45:00,Arr 0644,2025-11-27,False
LBB,LAS,WN 930,SWA,WN 930,SWA,2025-11-27 13:20:00,Arr 1305,2025-11-27,False
LGA,ATL,WN 183,SWA,WN 183,SWA,2025-11-27 08:30:00,Arr 1104,2025-11-27,False
LGA,ATL,WN 2075,SWA,WN 2075,SWA,2025-11-27 12:55:00,Arr 1519,2025-11-27,False
LGA,BNA,WN 667,SWA,WN 667,SWA,2025-11-27 09:40:00,Arr 1118 (+3min),2025-11-27,False
LGA,BNA,WN 706,SWA,WN 706,SWA,2025-11-27 06:00:00,Arr 0739 (+4min),2025-11-27,False
LGA,DAL,WN 950,SWA,WN 950,SWA,2025-11-27 10:55:00,Arr 1337,2025-11-27,False
LGA,DAL,WN 1197,SWA,WN 1197,SWA,2025-11-27 07:20:00,Arr 1032 (+12min),2025-11-27,False
LGA,DAL,WN 2077,SWA,WN 2077,SWA,2025-11-27 14:25:00,Arr 1651,2025-11-27,False
LGA,DEN,WN 1708,SWA,WN 1708,SWA,2025-11-27 11:10:00,Arr 1319,2025-11-27,False
LGA,DEN,WN 2078,SWA,WN 2078,SWA,2025-11-27 07:15:00,Arr 0928,2025-11-27,False
LGA,HOU,WN 1700,SWA,WN 1700,SWA,2025-11-27 06:30:00,Arr 0918,2025-11-27,False
LGA,HOU,WN 2080,SWA,WN 2080,SWA,2025-11-27 11:00:00,Arr 1358,2025-11-27,False
LGA,MCI,WN 2081,SWA,WN 2081,SWA,2025-11-27 12:30:00,Arr 1435,2025-11-27,False
LGA,MDW,WN 1305,SWA,WN 1305,SWA,2025-11-27 11:40:00,Arr 1253,2025-11-27,False
LGA,MDW,WN 2082,SWA,WN 2082,SWA,2025-11-27 06:05:00,Arr 0723,2025-11-27,False
LGA,MDW,WN 2084,SWA,WN 2084,SWA,2025-11-27 09:00:00,Arr 1020,2025-11-27,False
LGA,MDW,WN 2089,SWA,WN 2089,SWA,2025-11-27 14:30:00,Arr 1535,2025-11-27,False
LGA,STL,WN 2090,SWA,WN 2090,SWA,2025-11-27 06:15:00,Arr 0750,2025-11-27,False
LGA,STL,WN 2092,SWA,WN 2092,SWA,2025-11-27 10:25:00,Arr 1211,2025-11-27,False
LGB,AUS,WN 364,SWA,WN 364,SWA,2025-11-27 08:15:00,Arr 1303,2025-11-27,False
LGB,BNA,WN 102,SWA,WN 102,SWA,2025-11-27 07:40:00,Arr 1320,2025-11-27,False
LGB,DAL,WN 1492,SWA,WN 1492,SWA,2025-11-27 09:05:00,Arr 1348,2025-11-27,False
LGB,DEN,WN 1428,SWA,WN 1428,SWA,2025-11-27 09:50:00,Arr 1259,2025-11-27,False
LGB,DEN,WN 2096,SWA,WN 2096,SWA,2025-11-27 07:00:00,Arr 1011,2025-11-27,False
LGB,HNL,WN 1647,SWA,WN 1647,SWA,2025-11-27 07:50:00,Arr 1113,2025-11-27,False
LGB,HOU,WN 2097,SWA,WN 2097,SWA,2025-11-27 08:05:00,Arr 1249,2025-11-27,False
LGB,LAS,WN 1089,SWA,WN 1089,SWA,2025-11-27 08:55:00,Arr 0955,2025-11-27,False
LGB,LAS,WN 1409,SWA,WN 1409,SWA,2025-11-27 10:25:00,Arr 1121,2025-11-27,False
LGB,LAS,WN 1856,SWA,WN 1856,SWA,2025-11-27 06:50:00,Arr 0750,2025-11-27,False
LGB,LAS,WN 1859,SWA,WN 1859,SWA,2025-11-27 13:25:00,Arr 1422,2025-11-27,False
LGB,OAK,WN 275,SWA,WN 275,SWA,2025-11-27 15:25:00,Arr 1624,2025-11-27,False
LGB,OAK,WN 1768,SWA,WN 1768,SWA,2025-11-27 10:35:00,Arr 1139,2025-11-27,False
LGB,OAK,WN 1975,SWA,WN 1975,SWA,2025-11-27 06:55:00,Arr 0801,2025-11-27,False
LGB,OAK,WN 2100,SWA,WN 2100,SWA,2025-11-27 12:30:00,Arr 1331,2025-11-27,False
LGB,PHX,WN 1488,SWA,WN 1488,SWA,2025-11-27 12:20:00,Arr 1427,2025-11-27,False
LGB,PHX,WN 2101,SWA,WN 2101,SWA,2025-11-27 07:00:00,Arr 0908,2025-11-27,False
LGB,PHX,WN 2102,SWA,WN 2102,SWA,2025-11-27 09:40:00,Arr 1159,2025-11-27,False
LGB,RNO,WN 1359,SWA,WN 1359,SWA,2025-11-27 11:00:00,Arr 1158,2025-11-27,False
LGB,SJC,WN 816,SWA,WN 816,SWA,2025-11-27 09:30:00,Arr 1027,2025-11-27,False
LGB,SJC,WN 2107,SWA,WN 2107,SWA,2025-11-27 11:40:00,Arr 1227,2025-11-27,False
LGB,SJC,WN 2108,SWA,WN 2108,SWA,2025-11-27 14:25:00,Arr 1520,2025-11-27,False
LGB,SLC,WN 1232,SWA,WN 1232,SWA,2025-11-27 10:00:00,Arr 1230,2025-11-27,False
LGB,SMF,WN 1465,SWA,WN 1465,SWA,2025-11-27 14:40:00,Arr 1544,2025-11-27,False
LGB,SMF,WN 1902,SWA,WN 1902,SWA,2025-11-27 12:50:00,Arr 1407,2025-11-27,False
LGB,SMF,WN 2109,SWA,WN 2109,SWA,2025-11-27 08:00:00,Arr 0909,2025-11-27,False
LGB,SMF,WN 2111,SWA,WN 2111,SWA,2025-11-27 10:25:00,Arr 1133,2025-11-27,False
LIH,HNL,WN 2112,SWA,WN 2112,SWA,2025-11-27 06:05:00,Arr 0639,2025-11-27,False
LIH,HNL,WN 2113,SWA,WN 2113,SWA,2025-11-27 09:15:00,Arr 0946,2025-11-27,False
LIH,HNL,WN 2114,SWA,WN 2114,SWA,2025-11-27 12:50:00,Arr 1327,2025-11-27,False
LIH,LAS,WN 2115,SWA,WN 2115,SWA,2025-11-27 21:30:00,Arr 0505,2025-11-27,False
LIH,OAK,WN 2116,SWA,WN 2116,SWA,2025-11-27 07:05:00,Arr 1404,2025-11-27,False
LIH,OGG,WN 1903,SWA,WN 1903,SWA,2025-11-27 13:35:00,Arr 1414,2025-11-27,False
LIT,DAL,WN 1905,SWA,WN 1905,SWA,2025-11-27 13:10:00,Arr 1406,2025-11-27,False
LIT,DAL,WN 2118,SWA,WN 2118,SWA,2025-11-27 06:55:00,Arr 0751,2025-11-27,False
LIT,DEN,WN 1233,SWA,WN 1233,SWA,2025-11-27 10:30:00,Arr 1141,2025-11-27,False
LIT,LAS,WN 1548,SWA,WN 1548,SWA,2025-11-27 11:40:00,Arr 1252,2025-11-27,False
LIT,STL,WN 2122,SWA,WN 2122,SWA,2025-11-27 05:50:00,Arr 0702,2025-11-27,False
MAF,AUS,WN 442,SWA,WN 442,SWA,2025-11-27 10:30:00,Arr 1117,2025-11-27,False
MAF,DAL,WN 7,SWA,WN 7,SWA,2025-11-27 06:50:00,Arr 0805,2025-11-27,False
MAF,DAL,WN 1312,SWA,WN 1312,SWA,2025-11-27 12:20:00,Arr 1320,2025-11-27,False
MAF,HOU,WN 1662,SWA,WN 1662,SWA,2025-11-27 08:50:00,Arr 0954,2025-11-27,False
MAF,LAS,WN 1698,SWA,WN 1698,SWA,2025-11-27 09:55:00,Arr 0953,2025-11-27,False
MCI,ATL,WN 1877,SWA,WN 1877,SWA,2025-11-27 10:30:00,Arr 1306,2025-11-27,False
MCI,AUS,WN 2123,SWA,WN 2123,SWA,2025-11-27 08:10:00,Arr 0954,2025-11-27,False
MCI,BNA,WN 391,SWA,WN 391,SWA,2025-11-27 12:05:00,Arr 1330,2025-11-27,False
MCI,BNA,WN 781,SWA,WN 781,SWA,2025-11-27 05:55:00,Arr 0726,2025-11-27,False
MCI,BWI,WN 1547,SWA,WN 1547,SWA,2025-11-27 06:05:00,Arr 0933,2025-11-27,False
MCI,DAL,WN 1279,SWA,WN 1279,SWA,2025-11-27 06:20:00,Arr 0744,2025-11-27,False
MCI,DAL,WN 1531,SWA,WN 1531,SWA,2025-11-27 12:00:00,Arr 1318,2025-11-27,False
MCI,DAL,WN 2125,SWA,WN 2125,SWA,2025-11-27 09:55:00,Arr 1116,2025-11-27,False
MCI,DCA,WN 1341,SWA,WN 1341,SWA,2025-11-27 09:40:00,Arr 1251,2025-11-27,False
MCI,DEN,WN 888,SWA,WN 888,SWA,2025-11-27 09:45:00,Arr 1040 (+5min),2025-11-27,False
MCI,DEN,WN 1537,SWA,WN 1537,SWA,2025-11-27 13:25:00,Arr 1357,2025-11-27,False
MCI,DEN,WN 2126,SWA,WN 2126,SWA,2025-11-27 06:00:00,Arr 0645,2025-11-27,False
MCI,FLL,WN 1123,SWA,WN 1123,SWA,2025-11-27 09:50:00,Arr 1335,2025-11-27,False
MCI,HOU,WN 358,SWA,WN 358,SWA,2025-11-27 05:00:00,Arr 0704,2025-11-27,False
MCI,LAS,WN 436,SWA,WN 436,SWA,2025-11-27 08:45:00,Arr 0935,2025-11-27,False
MCI,LAS,WN 988,SWA,WN 988,SWA,2025-11-27 13:05:00,Arr 1403,2025-11-27,False
MCI,LAX,WN 1575,SWA,WN 1575,SWA,2025-11-27 12:50:00,Arr 1422,2025-11-27,False
MCI,LGA,WN 974,SWA,WN 974,SWA,2025-11-27 05:45:00,Arr 0926,2025-11-27,False
MCI,MCO,WN 1414,SWA,WN 1414,SWA,2025-11-27 14:30:00,Arr 1752,2025-11-27,False
MCI,MCO,WN 2133,SWA,WN 2133,SWA,2025-11-27 05:50:00,Arr 0920,2025-11-27,False
MCI,MDW,WN 743,SWA,WN 743,SWA,2025-11-27 08:55:00,Arr 1001,2025-11-27,False
MCI,MDW,WN 1351,SWA,WN 1351,SWA,2025-11-27 05:35:00,Arr 0656,2025-11-27,False
MCI,MDW,WN 2137,SWA,WN 2137,SWA,2025-11-27 12:35:00,Arr 1341,2025-11-27,False
MCI,MKE,WN 2139,SWA,WN 2139,SWA,2025-11-27 10:20:00,Arr 1145,2025-11-27,False
MCI,MSY,WN 184,SWA,WN 184,SWA,2025-11-27 07:35:00,Arr 0920,2025-11-27,False
MCI,OAK,WN 2140,SWA,WN 2140,SWA,2025-11-27 06:50:00,Arr 0837,2025-11-27,False
MCI,PHX,WN 1328,SWA,WN 1328,SWA,2025-11-27 08:55:00,Arr 1035,2025-11-27,False
MCI,PHX,WN 1653,SWA,WN 1653,SWA,2025-11-27 06:25:00,Arr 0815,2025-11-27,False
MCI,PHX,WN 1712,SWA,WN 1712,SWA,2025-11-27 12:40:00,Arr 1427,2025-11-27,False
MCI,RSW,WN 2143,SWA,WN 2143,SWA,2025-11-27 11:50:00,Arr 1522,2025-11-27,False
MCI,SAN,WN 1010,SWA,WN 1010,SWA,2025-11-27 13:05:00,Arr 1430,2025-11-27,False
MCI,STL,WN 694,SWA,WN 694,SWA,2025-11-27 05:40:00,Arr 0641,2025-11-27,False
MCI,TPA,WN 1909,SWA,WN 1909,SWA,2025-11-27 12:25:00,Arr 1544,2025-11-27,False
MCO,ALB,WN 167,SWA,WN 167,SWA,2025-11-27 09:00:00,Arr 1125,2025-11-27,False
MCO,ATL,WN 196,SWA,WN 196,SWA,2025-11-27 08:50:00,Arr 1007,2025-11-27,False
MCO,ATL,WN 215,SWA,WN 215,SWA,2025-11-27 12:25:00,Arr 1335,2025-11-27,False
MCO,ATL,WN 2147,SWA,WN 2147,SWA,2025-11-27 14:35:00,Arr 1551,2025-11-27,False
MCO,AUS,WN 130,SWA,WN 130,SWA,2025-11-27 07:35:00,Arr 0921,2025-11-27,False
MCO,AUS,WN 1295,SWA,WN 1295,SWA,2025-11-27 10:45:00,Arr 1246 (+1min),2025-11-27,False
MCO,AUS,WN 1667,SWA,WN 1667,SWA,2025-11-27 14:20:00,Arr 1620,2025-11-27,False
MCO,BDL,WN 494,SWA,WN 494,SWA,2025-11-27 13:05:00,Arr 1514,2025-11-27,False
MCO,BHM,WN 1681,SWA,WN 1681,SWA,2025-11-27 08:45:00,Arr 0918,2025-11-27,False
MCO,BNA,WN 1180,SWA,WN 1180,SWA,2025-11-27 10:20:00,Arr 1124,2025-11-27,False
MCO,BNA,WN 1286,SWA,WN 1286,SWA,2025-11-27 08:40:00,Arr 0934,2025-11-27,False
MCO,BNA,WN 2154,SWA,WN 2154,SWA,2025-11-27 13:35:00,Arr 1419,2025-11-27,False
MCO,BNA,WN 2155,SWA,WN 2155,SWA,2025-11-27 15:00:00,Arr 1546,2025-11-27,False
MCO,BUF,WN 2079,SWA,WN 2079,SWA,2025-11-27 08:45:00,Arr 1056,2025-11-27,False
MCO,BWI,WN 540,SWA,WN 540,SWA,2025-11-27 14:15:00,Arr 1602,2025-11-27,False
MCO,BWI,WN 573,SWA,WN 573,SWA,2025-11-27 08:15:00,Arr 0955,2025-11-27,False
MCO,BWI,WN 814,SWA,WN 814,SWA,2025-11-27 06:40:00,Arr 0826,2025-11-27,False
MCO,BWI,WN 936,SWA,WN 936,SWA,2025-11-27 12:05:00,Arr 1353,2025-11-27,False
MCO,BWI,WN 956,SWA,WN 956,SWA,2025-11-27 09:40:00,Arr 1125,2025-11-27,False
MCO,BWI,WN 1066,SWA,WN 1066,SWA,2025-11-27 11:05:00,Arr 1303,2025-11-27,False
MCO,CMH,WN 133,SWA,WN 133,SWA,2025-11-27 15:00:00,Arr 1658,2025-11-27,False
MCO,CMH,WN 2157,SWA,WN 2157,SWA,2025-11-27 10:10:00,Arr 1226,2025-11-27,False
MCO,DAL,WN 439,SWA,WN 439,SWA,2025-11-27 19:20:00,Arr 2055,2025-11-27,False
MCO,DAL,WN 634,SWA,WN 634,SWA,2025-11-27 12:30:00,Arr 1359,2025-11-27,False
MCO,DAL,WN 1188,SWA,WN 1188,SWA,2025-11-27 08:45:00,Arr 1031,2025-11-27,False
MCO,DAL,WN 1914,SWA,WN 1914,SWA,2025-11-27 10:05:00,Arr 1210 (+10min),2025-11-27,False
MCO,DAL,WN 1937,SWA,WN 1937,SWA,2025-11-27 07:20:00,Arr 0923 (+3min),2025-11-27,False
MCO,DCA,WN 1195,SWA,WN 1195,SWA,2025-11-27 14:20:00,Arr 1612,2025-11-27,False
MCO,DCA,WN 2159,SWA,WN 2159,SWA,2025-11-27 09:00:00,Arr 1106,2025-11-27,False
MCO,DEN,WN 669,SWA,WN 669,SWA,2025-11-27 14:30:00,Arr 1637,2025-11-27,False
MCO,DEN,WN 990,SWA,WN 990,SWA,2025-11-27 09:30:00,Arr 1214 (+29min),2025-11-27,False
MCO,FLL,WN 240,SWA,WN 240,SWA,2025-11-27 10:40:00,Arr 1156 (+6min),2025-11-27,False
MCO,FLL,WN 247,SWA,WN 247,SWA,2025-11-27 15:40:00,Arr 1647,2025-11-27,False
MCO,HOU,WN 908,SWA,WN 908,SWA,2025-11-27 14:20:00,Arr 1541,2025-11-27,False
MCO,HOU,WN 1739,SWA,WN 1739,SWA,2025-11-27 08:55:00,Arr 1020,2025-11-27,False
MCO,HOU,WN 2165,SWA,WN 2165,SWA,2025-11-27 07:15:00,Arr 0854,2025-11-27,False
MCO,HOU,WN 2166,SWA,WN 2166,SWA,2025-11-27 12:40:00,Arr 1428 (+8min),2025-11-27,False
MCO,IND,WN 152,SWA,WN 152,SWA,2025-11-27 14:50:00,Arr 1705,2025-11-27,False
MCO,IND,WN 464,SWA,WN 464,SWA,2025-11-27 09:10:00,Arr 1131,2025-11-27,False
MCO,ISP,WN 1255,SWA,WN 1255,SWA,2025-11-27 12:00:00,Arr 1411,2025-11-27,False
MCO,LAS,WN 2171,SWA,WN 2171,SWA,2025-11-27 07:50:00,Arr 0945,2025-11-27,False
MCO,LAS,WN 2172,SWA,WN 2172,SWA,2025-11-27 14:35:00,Arr 1641,2025-11-27,False
MCO,LAX,WN 1690,SWA,WN 1690,SWA,2025-11-27 14:40:00,Arr 1726 (+11min),2025-11-27,False
MCO,MCI,WN 743,SWA,WN 743,SWA,2025-11-27 06:15:00,Arr 0806,2025-11-27,False
MCO,MCI,WN 1118,SWA,WN 1118,SWA,2025-11-27 14:50:00,Arr 1655,2025-11-27,False
MCO,MDW,WN 451,SWA,WN 451,SWA,2025-11-27 13:15:00,Arr 1448,2025-11-27,False
MCO,MDW,WN 873,SWA,WN 873,SWA,2025-11-27 10:45:00,Arr 1226,2025-11-27,False
MCO,MDW,WN 1898,SWA,WN 1898,SWA,2025-11-27 09:15:00,Arr 1053,2025-11-27,False
MCO,MDW,WN 2178,SWA,WN 2178,SWA,2025-11-27 07:00:00,Arr 0850,2025-11-27,False
MCO,MIA,WN 1163,SWA,WN 1163,SWA,2025-11-27 15:40:00,Arr 1759 (+69min),2025-11-27,False
MCO,MIA,WN 2185,SWA,WN 2185,SWA,2025-11-27 10:35:00,Arr 1205 (+20min),2025-11-27,False
MCO,MKE,WN 1958,SWA,WN 1958,SWA,2025-11-27 15:00:00,Arr 1641,2025-11-27,False
MCO,MKE,WN 2187,SWA,WN 2187,SWA,2025-11-27 11:25:00,Arr 1329 (+9min),2025-11-27,False
MCO,MSY,WN 1693,SWA,WN 1693,SWA,2025-11-27 07:05:00,Arr 0800,2025-11-27,False
MCO,MSY,WN 2189,SWA,WN 2189,SWA,2025-11-27 14:55:00,Arr 1656 (+66min),2025-11-27,False
MCO,OKC,WN 1933,SWA,WN 1933,SWA,2025-11-27 10:25:00,Arr 1235 (+5min),2025-11-27,False
MCO,OMA,WN 2193,SWA,WN 2193,SWA,2025-11-27 14:00:00,Arr 1601,2025-11-27,False
MCO,ORD,WN 1387,SWA,WN 1387,SWA,2025-11-27 09:05:00,Arr 1055,2025-11-27,False
MCO,ORF,WN 2197,SWA,WN 2197,SWA,2025-11-27 08:45:00,Arr 1028,2025-11-27,False
MCO,PBI,WN 1579,SWA,WN 1579,SWA,2025-11-27 10:35:00,Arr 1126,2025-11-27,False
MCO,PBI,WN 2085,SWA,WN 2085,SWA,2025-11-27 15:40:00,Arr 1621,2025-11-27,False
MCO,PHL,WN 2199,SWA,WN 2199,SWA,2025-11-27 06:45:00,Arr 0849,2025-11-27,False
MCO,PHX,WN 1790,SWA,WN 1790,SWA,2025-11-27 10:30:00,Arr 1334 (+9min),2025-11-27,False
MCO,PIT,WN 1325,SWA,WN 1325,SWA,2025-11-27 08:30:00,Arr 1036,2025-11-27,False
MCO,PIT,WN 1350,SWA,WN 1350,SWA,2025-11-27 15:00:00,Arr 1713,2025-11-27,False
MCO,PVD,WN 2202,SWA,WN 2202,SWA,2025-11-27 08:45:00,Arr 1110,2025-11-27,False
MCO,PVD,WN 2203,SWA,WN 2203,SWA,2025-11-27 14:30:00,Arr 1647,2025-11-27,False
MCO,RDU,WN 1970,SWA,WN 1970,SWA,2025-11-27 08:55:00,Arr 1018,2025-11-27,False
MCO,RSW,WN 2210,SWA,WN 2210,SWA,2025-11-27 10:35:00,Arr 1129,2025-11-27,False
MCO,RSW,WN 2213,SWA,WN 2213,SWA,2025-11-27 15:45:00,Arr 1644,2025-11-27,False
MCO,SAT,WN 1580,SWA,WN 1580,SWA,2025-11-27 14:30:00,Arr 1619,2025-11-27,False
MCO,SAT,WN 1717,SWA,WN 1717,SWA,2025-11-27 09:15:00,Arr 1059,2025-11-27,False
MCO,SDF,WN 2215,SWA,WN 2215,SWA,2025-11-27 13:45:00,Arr 1548,2025-11-27,False
MCO,SJU,WN 1253,SWA,WN 1253,SWA,2025-11-27 10:35:00,Arr 1424,2025-11-27,False
MCO,SJU,WN 1257,SWA,WN 1257,SWA,2025-11-27 13:40:00,Arr 1720,2025-11-27,False
MCO,SJU,WN 1362,SWA,WN 1362,SWA,2025-11-27 15:45:00,Arr 2012 (+37min),2025-11-27,False
MCO,SJU,WN 2216,SWA,WN 2216,SWA,2025-11-27 06:35:00,Arr 1015,2025-11-27,False
MCO,SMF,WN 2013,SWA,WN 2013,SWA,2025-11-27 13:40:00,Arr 1627,2025-11-27,False
MCO,SRQ,WN 169,SWA,WN 169,SWA,2025-11-27 10:45:00,Arr 1128,2025-11-27,False
MCO,SRQ,WN 995,SWA,WN 995,SWA,2025-11-27 16:00:00,Arr 1638,2025-11-27,False
MCO,STL,WN 2219,SWA,WN 2219,SWA,2025-11-27 07:25:00,Arr 0859,2025-11-27,False
MCO,STL,WN 2222,SWA,WN 2222,SWA,2025-11-27 09:35:00,Arr 1058,2025-11-27,False
MCO,STL,WN 2224,SWA,WN 2224,SWA,2025-11-27 13:00:00,Arr 1421,2025-11-27,False
MCO,STL,WN 2225,SWA,WN 2225,SWA,2025-11-27 15:45:00,Arr 1709,2025-11-27,False
MDW,ABQ,WN 104,SWA,WN 104,SWA,2025-11-27 08:15:00,Arr 1005,2025-11-27,False
MDW,ALB,WN 407,SWA,WN 407,SWA,2025-11-27 14:00:00,Arr 1646,2025-11-27,False
MDW,ATL,WN 211,SWA,WN 211,SWA,2025-11-27 09:25:00,Arr 1223 (+3min),2025-11-27,False
MDW,ATL,WN 259,SWA,WN 259,SWA,2025-11-27 11:30:00,Arr 1423 (+3min),2025-11-27,False
MDW,ATL,WN 857,SWA,WN 857,SWA,2025-11-27 14:00:00,Arr 1637,2025-11-27,False
MDW,AUS,WN 411,SWA,WN 411,SWA,2025-11-27 11:40:00,Arr 1407,2025-11-27,False
MDW,AUS,WN 2227,SWA,WN 2227,SWA,2025-11-27 08:05:00,Arr 1031,2025-11-27,False
MDW,AUS,WN 2229,SWA,WN 2229,SWA,2025-11-27 13:50:00,Arr 1634,2025-11-27,False
MDW,BDL,WN 519,SWA,WN 519,SWA,2025-11-27 14:00:00,Arr 1649,2025-11-27,False
MDW,BHM,WN 2232,SWA,WN 2232,SWA,2025-11-27 08:30:00,Arr 1001,2025-11-27,False
MDW,BNA,WN 947,SWA,WN 947,SWA,2025-11-27 08:20:00,Arr 0935,2025-11-27,False
MDW,BNA,WN 1907,SWA,WN 1907,SWA,2025-11-27 05:35:00,Arr 0650,2025-11-27,False
MDW,BNA,WN 2234,SWA,WN 2234,SWA,2025-11-27 13:25:00,Arr 1441,2025-11-27,False
MDW,BOS,WN 1148,SWA,WN 1148,SWA,2025-11-27 06:55:00,Arr 0953,2025-11-27,False
MDW,BOS,WN 2042,SWA,WN 2042,SWA,2025-11-27 13:40:00,Arr 1646,2025-11-27,False
MDW,BUF,WN 393,SWA,WN 393,SWA,2025-11-27 13:45:00,Arr 1556,2025-11-27,False
MDW,BWI,WN 354,SWA,WN 354,SWA,2025-11-27 14:30:00,Arr 1700,2025-11-27,False
MDW,BWI,WN 940,SWA,WN 940,SWA,2025-11-27 11:50:00,Arr 1421,2025-11-27,False
MDW,BWI,WN 2238,SWA,WN 2238,SWA,2025-11-27 06:10:00,Arr 0846,2025-11-27,False
MDW,CLE,WN 1415,SWA,WN 1415,SWA,2025-11-27 13:45:00,Arr 1600 (+5min),2025-11-27,False
MDW,CLT,WN 504,SWA,WN 504,SWA,2025-11-27 13:30:00,Arr 1624 (+4min),2025-11-27,False
MDW,CMH,WN 1402,SWA,WN 1402,SWA,2025-11-27 14:00:00,Arr 1556,2025-11-27,False
MDW,DAL,WN 1044,SWA,WN 1044,SWA,2025-11-27 06:50:00,Arr 0858,2025-11-27,False
MDW,DAL,WN 2245,SWA,WN 2245,SWA,2025-11-27 15:55:00,Arr 1803,2025-11-27,False
MDW,DAL,WN 2737,SWA,WN 2737,SWA,2025-11-27 08:40:00,Arr 1254 (+109min),2025-11-27,False
MDW,DAL,WN 2742,SWA,WN 2742,SWA,2025-11-27 12:10:00,Arr 1408,2025-11-27,False
MDW,DCA,WN 148,SWA,WN 148,SWA,2025-11-27 13:15:00,Arr 1609 (+4min),2025-11-27,False
MDW,DCA,WN 1326,SWA,WN 1326,SWA,2025-11-27 07:45:00,Arr 1019,2025-11-27,False
MDW,DCA,WN 1419,SWA,WN 1419,SWA,2025-11-27 10:05:00,Arr 1325 (+25min),2025-11-27,False
MDW,DEN,WN 474,SWA,WN 474,SWA,2025-11-27 07:45:00,Arr 0923,2025-11-27,False
MDW,DEN,WN 1227,SWA,WN 1227,SWA,2025-11-27 05:30:00,Arr 0657,2025-11-27,False
MDW,DEN,WN 2249,SWA,WN 2249,SWA,2025-11-27 12:45:00,Arr 1417,2025-11-27,False
MDW,DEN,WN 2250,SWA,WN 2250,SWA,2025-11-27 15:25:00,Arr 1657,2025-11-27,False
MDW,DTW,WN 1895,SWA,WN 1895,SWA,2025-11-27 13:30:00,Arr 1549 (+14min),2025-11-27,False
MDW,DTW,WN 2178,SWA,WN 2178,SWA,2025-11-27 09:30:00,Arr 1126,2025-11-27,False
MDW,ELP,WN 2253,SWA,WN 2253,SWA,2025-11-27 08:15:00,Arr 1024,2025-11-27,False
MDW,FLL,WN 598,SWA,WN 598,SWA,2025-11-27 13:20:00,Arr 1717 (+2min),2025-11-27,False
MDW,FLL,WN 2254,SWA,WN 2254,SWA,2025-11-27 07:05:00,Arr 1121 (+16min),2025-11-27,False
MDW,GRR,WN 2045,SWA,WN 2045,SWA,2025-11-27 08:15:00,Arr 0958,2025-11-27,False
MDW,GRR,WN 2256,SWA,WN 2256,SWA,2025-11-27 13:40:00,Arr 1542 (+7min),2025-11-27,False
MDW,HOU,WN 1682,SWA,WN 1682,SWA,2025-11-27 12:00:00,Arr 1413,2025-11-27,False
MDW,HOU,WN 1822,SWA,WN 1822,SWA,2025-11-27 08:30:00,Arr 1053,2025-11-27,False
MDW,HOU,WN 2257,SWA,WN 2257,SWA,2025-11-27 05:45:00,Arr 0805,2025-11-27,False
MDW,IND,WN 658,SWA,WN 658,SWA,2025-11-27 13:40:00,Arr 1520,2025-11-27,False
MDW,IND,WN 1780,SWA,WN 1780,SWA,2025-11-27 09:20:00,Arr 1106,2025-11-27,False
MDW,LAS,WN 939,SWA,WN 939,SWA,2025-11-27 05:55:00,Arr 0734,2025-11-27,False
MDW,LAS,WN 1943,SWA,WN 1943,SWA,2025-11-27 08:20:00,Arr 1010,2025-11-27,False
MDW,LAS,WN 1998,SWA,WN 1998,SWA,2025-11-27 10:25:00,Arr 1206,2025-11-27,False
MDW,LAS,WN 3425,SWA,WN 3425,SWA,2025-11-27 17:15:00,Arr 1856,2025-11-27,False
MDW,LAX,WN 363,SWA,WN 363,SWA,2025-11-27 08:50:00,Arr 1111,2025-11-27,False
MDW,LAX,WN 792,SWA,WN 792,SWA,2025-11-27 15:20:00,Arr 1742,2025-11-27,False
MDW,LGA,WN 670,SWA,WN 670,SWA,2025-11-27 08:25:00,Arr 1111,2025-11-27,False
MDW,LGA,WN 1353,SWA,WN 1353,SWA,2025-11-27 06:00:00,Arr 0858,2025-11-27,False
MDW,LGA,WN 2183,SWA,WN 2183,SWA,2025-11-27 13:25:00,Arr 1624,2025-11-27,False
MDW,LGA,WN 2266,SWA,WN 2266,SWA,2025-11-27 10:40:00,Arr 1323,2025-11-27,False
MDW,MCI,WN 189,SWA,WN 189,SWA,2025-11-27 10:25:00,Arr 1148,2025-11-27,False
MDW,MCI,WN 1877,SWA,WN 1877,SWA,2025-11-27 08:20:00,Arr 0934,2025-11-27,False
MDW,MCI,WN 2268,SWA,WN 2268,SWA,2025-11-27 13:45:00,Arr 1504,2025-11-27,False
MDW,MCO,WN 171,SWA,WN 171,SWA,2025-11-27 13:55:00,Arr 1707,2025-11-27,False
MDW,MCO,WN 711,SWA,WN 711,SWA,2025-11-27 08:05:00,Arr 1129,2025-11-27,False
MDW,MCO,WN 2086,SWA,WN 2086,SWA,2025-11-27 11:10:00,Arr 1430,2025-11-27,False
MDW,MCO,WN 2269,SWA,WN 2269,SWA,2025-11-27 06:25:00,Arr 0945,2025-11-27,False
MDW,MEM,WN 2083,SWA,WN 2083,SWA,2025-11-27 08:30:00,Arr 1006,2025-11-27,False
MDW,MHT,WN 497,SWA,WN 497,SWA,2025-11-27 13:45:00,Arr 1647,2025-11-27,False
MDW,MIA,WN 1603,SWA,WN 1603,SWA,2025-11-27 08:20:00,Arr 1231 (+6min),2025-11-27,False
MDW,MSP,WN 1459,SWA,WN 1459,SWA,2025-11-27 13:30:00,Arr 1448,2025-11-27,False
MDW,MSP,WN 2151,SWA,WN 2151,SWA,2025-11-27 08:15:00,Arr 0935,2025-11-27,False
MDW,MSY,WN 2740,SWA,WN 2740,SWA,2025-11-27 08:20:00,Arr 1025,2025-11-27,False
MDW,OAK,WN 1036,SWA,WN 1036,SWA,2025-11-27 08:25:00,Arr 1111 (+1min),2025-11-27,False
MDW,OMA,WN 251,SWA,WN 251,SWA,2025-11-27 12:30:00,Arr 1354,2025-11-27,False
MDW,OMA,WN 2275,SWA,WN 2275,SWA,2025-11-27 08:30:00,Arr 0955,2025-11-27,False
MDW,ONT,WN 1144,SWA,WN 1144,SWA,2025-11-27 08:50:00,Arr 1108,2025-11-27,False
MDW,ORF,WN 1365,SWA,WN 1365,SWA,2025-11-27 13:45:00,Arr 1630,2025-11-27,False
MDW,PDX,WN 572,SWA,WN 572,SWA,2025-11-27 08:35:00,Arr 1103,2025-11-27,False
MDW,PHL,WN 2280,SWA,WN 2280,SWA,2025-11-27 08:25:00,Arr 1102,2025-11-27,False
MDW,PHL,WN 2281,SWA,WN 2281,SWA,2025-11-27 13:45:00,Arr 1627,2025-11-27,False
MDW,PHX,WN 1260,SWA,WN 1260,SWA,2025-11-27 08:10:00,Arr 1039,2025-11-27,False
MDW,PHX,WN 1482,SWA,WN 1482,SWA,2025-11-27 05:50:00,Arr 0819,2025-11-27,False
MDW,PHX,WN 2286,SWA,WN 2286,SWA,2025-11-27 12:20:00,Arr 1545 (+40min),2025-11-27,False
MDW,PHX,WN 2287,SWA,WN 2287,SWA,2025-11-27 14:35:00,Arr 1722,2025-11-27,False
MDW,PIT,WN 643,SWA,WN 643,SWA,2025-11-27 09:35:00,Arr 1141,2025-11-27,False
MDW,PIT,WN 1906,SWA,WN 1906,SWA,2025-11-27 13:40:00,Arr 1556,2025-11-27,False
MDW,PVD,WN 2290,SWA,WN 2290,SWA,2025-11-27 13:30:00,Arr 1622,2025-11-27,False
MDW,RDU,WN 1699,SWA,WN 1699,SWA,2025-11-27 13:30:00,Arr 1612,2025-11-27,False
MDW,RDU,WN 2190,SWA,WN 2190,SWA,2025-11-27 09:00:00,Arr 1132,2025-11-27,False
MDW,RSW,WN 1785,SWA,WN 1785,SWA,2025-11-27 13:20:00,Arr 1706 (+1min),2025-11-27,False
MDW,RSW,WN 2163,SWA,WN 2163,SWA,2025-11-27 07:55:00,Arr 1133,2025-11-27,False
MDW,SAN,WN 819,SWA,WN 819,SWA,2025-11-27 07:45:00,Arr 0952,2025-11-27,False
MDW,SAN,WN 2294,SWA,WN 2294,SWA,2025-11-27 10:50:00,Arr 1306,2025-11-27,False
MDW,SAT,WN 1262,SWA,WN 1262,SWA,2025-11-27 09:40:00,Arr 1307 (+27min),2025-11-27,False
MDW,SDF,WN 2088,SWA,WN 2088,SWA,2025-11-27 13:55:00,Arr 1555,2025-11-27,False
MDW,SEA,WN 1652,SWA,WN 1652,SWA,2025-11-27 08:15:00,Arr 1053,2025-11-27,False
MDW,SFO,WN 786,SWA,WN 786,SWA,2025-11-27 08:15:00,Arr 1058,2025-11-27,False
MDW,SJC,WN 392,SWA,WN 392,SWA,2025-11-27 09:05:00,Arr 1143,2025-11-27,False
MDW,SLC,WN 1130,SWA,WN 1130,SWA,2025-11-27 12:05:00,Arr 1423,2025-11-27,False
MDW,SMF,WN 1400,SWA,WN 1400,SWA,2025-11-27 08:35:00,Arr 1116 (+6min),2025-11-27,False
MDW,SRQ,WN 2301,SWA,WN 2301,SWA,2025-11-27 13:40:00,Arr 1702,2025-11-27,False
MDW,STL,WN 1584,SWA,WN 1584,SWA,2025-11-27 15:00:00,Arr 1548,2025-11-27,False
MDW,STL,WN 1983,SWA,WN 1983,SWA,2025-11-27 09:30:00,Arr 1027,2025-11-27,False
MDW,TPA,WN 372,SWA,WN 372,SWA,2025-11-27 13:25:00,Arr 1647,2025-11-27,False
MDW,TPA,WN 743,SWA,WN 743,SWA,2025-11-27 11:00:00,Arr 1412,2025-11-27,False
MDW,TPA,WN 2303,SWA,WN 2303,SWA,2025-11-27 07:00:00,Arr 1026,2025-11-27,False
MDW,TUS,WN 2305,SWA,WN 2305,SWA,2025-11-27 08:30:00,Arr 1117,2025-11-27,False
MEM,BNA,WN 672,SWA,WN 672,SWA,2025-11-27 08:00:00,Arr 0843,2025-11-27,False
MEM,BWI,WN 2307,SWA,WN 2307,SWA,2025-11-27 06:25:00,Arr 0905,2025-11-27,False
MEM,DAL,WN 999,SWA,WN 999,SWA,2025-11-27 10:40:00,Arr 1204,2025-11-27,False
MEM,DEN,WN 2308,SWA,WN 2308,SWA,2025-11-27 05:35:00,Arr 0709,2025-11-27,False
MEM,HOU,WN 473,SWA,WN 473,SWA,2025-11-27 13:05:00,Arr 1439,2025-11-27,False
MEM,HOU,WN 1701,SWA,WN 1701,SWA,2025-11-27 05:05:00,Arr 0634,2025-11-27,False
MEM,MDW,WN 2310,SWA,WN 2310,SWA,2025-11-27 10:55:00,Arr 1221,2025-11-27,False
MHT,BWI,WN 1754,SWA,WN 1754,SWA,2025-11-27 07:50:00,Arr 0927,2025-11-27,False
MHT,BWI,WN 2311,SWA,WN 2311,SWA,2025-11-27 05:30:00,Arr 0704,2025-11-27,False
MHT,BWI,WN 2312,SWA,WN 2312,SWA,2025-11-27 12:25:00,Arr 1350,2025-11-27,False
MHT,MDW,WN 392,SWA,WN 392,SWA,2025-11-27 06:55:00,Arr 0823,2025-11-27,False
MIA,AUS,WN 2313,SWA,WN 2313,SWA,2025-11-27 14:50:00,Arr 1728 (+28min),2025-11-27,False
MIA,BNA,WN 609,SWA,WN 609,SWA,2025-11-27 09:10:00,Arr 1027,2025-11-27,False
MIA,BWI,WN 1037,SWA,WN 1037,SWA,2025-11-27 07:10:00,Arr 0921,2025-11-27,False
MIA,BWI,WN 1432,SWA,WN 1432,SWA,2025-11-27 11:40:00,Arr 1356,2025-11-27,False
MIA,DAL,WN 1284,SWA,WN 1284,SWA,2025-11-27 12:10:00,Arr 1437 (+7min),2025-11-27,False
MIA,MCO,WN 533,SWA,WN 533,SWA,2025-11-27 12:25:00,Arr 1346 (+1min),2025-11-27,False
MIA,MCO,WN 2206,SWA,WN 2206,SWA,2025-11-27 06:50:00,Arr 0737,2025-11-27,False
MIA,MDW,WN 2315,SWA,WN 2315,SWA,2025-11-27 13:10:00,Arr 1514,2025-11-27,False
MIA,STL,WN 2316,SWA,WN 2316,SWA,2025-11-27 08:25:00,Arr 1002,2025-11-27,False
MKE,BNA,WN 1278,SWA,WN 1278,SWA,2025-11-27 05:30:00,Arr 0655,2025-11-27,False
MKE,BWI,WN 2317,SWA,WN 2317,SWA,2025-11-27 06:25:00,Arr 0940 (+20min),2025-11-27,False
MKE,DAL,WN 2318,SWA,WN 2318,SWA,2025-11-27 12:55:00,Arr 1518,2025-11-27,False
MKE,DCA,WN 2319,SWA,WN 2319,SWA,2025-11-27 08:20:00,Arr 1055,2025-11-27,False
MKE,DEN,WN 1623,SWA,WN 1623,SWA,2025-11-27 05:20:00,Arr 0640,2025-11-27,False
MKE,DEN,WN 2321,SWA,WN 2321,SWA,2025-11-27 12:35:00,Arr 1403,2025-11-27,False
MKE,LAS,WN 1336,SWA,WN 1336,SWA,2025-11-27 10:00:00,Arr 1246 (+51min),2025-11-27,False
MKE,MCI,WN 1010,SWA,WN 1010,SWA,2025-11-27 11:00:00,Arr 1217,2025-11-27,False
MKE,MCO,WN 1997,SWA,WN 1997,SWA,2025-11-27 06:00:00,Arr 0945,2025-11-27,False
MKE,MCO,WN 2214,SWA,WN 2214,SWA,2025-11-27 11:20:00,Arr 1455,2025-11-27,False
MKE,PHX,WN 1439,SWA,WN 1439,SWA,2025-11-27 09:00:00,Arr 1142,2025-11-27,False
MKE,RSW,WN 2324,SWA,WN 2324,SWA,2025-11-27 08:30:00,Arr 1209,2025-11-27,False
MKE,STL,WN 2325,SWA,WN 2325,SWA,2025-11-27 05:50:00,Arr 0655,2025-11-27,False
MKE,TPA,WN 2327,SWA,WN 2327,SWA,2025-11-27 07:40:00,Arr 1117,2025-11-27,False
MSP,BNA,WN 724,SWA,WN 724,SWA,2025-11-27 06:20:00,Arr 0816,2025-11-27,False
MSP,BWI,WN 590,SWA,WN 590,SWA,2025-11-27 06:00:00,Arr 0910,2025-11-27,False
MSP,DEN,WN 581,SWA,WN 581,SWA,2025-11-27 05:40:00,Arr 0653,2025-11-27,False
MSP,DEN,WN 2330,SWA,WN 2330,SWA,2025-11-27 08:55:00,Arr 0949,2025-11-27,False
MSP,MDW,WN 2285,SWA,WN 2285,SWA,2025-11-27 05:20:00,Arr 0646,2025-11-27,False
MSP,MDW,WN 2288,SWA,WN 2288,SWA,2025-11-27 12:20:00,Arr 1336,2025-11-27,False
MSP,STL,WN 2331,SWA,WN 2331,SWA,2025-11-27 07:20:00,Arr 0840,2025-11-27,False
MSY,ATL,WN 185,SWA,WN 185,SWA,2025-11-27 10:20:00,Arr 1233,2025-11-27,False
MSY,AUS,WN 380,SWA,WN 380,SWA,2025-11-27 09:00:00,Arr 1025,2025-11-27,False
MSY,AUS,WN 2334,SWA,WN 2334,SWA,2025-11-27 14:20:00,Arr 1614 (+19min),2025-11-27,False
MSY,BNA,WN 569,SWA,WN 569,SWA,2025-11-27 07:15:00,Arr 0840,2025-11-27,False
MSY,BNA,WN 744,SWA,WN 744,SWA,2025-11-27 11:00:00,Arr 1227,2025-11-27,False
MSY,BWI,WN 1441,SWA,WN 1441,SWA,2025-11-27 06:00:00,Arr 0859,2025-11-27,False
MSY,DAL,WN 1021,SWA,WN 1021,SWA,2025-11-27 12:50:00,Arr 1404,2025-11-27,False
MSY,DAL,WN 2337,SWA,WN 2337,SWA,2025-11-27 06:55:00,Arr 0819,2025-11-27,False
MSY,DAL,WN 2338,SWA,WN 2338,SWA,2025-11-27 10:20:00,Arr 1139,2025-11-27,False
MSY,DAL,WN 4213,SWA,WN 4213,SWA,2025-11-27 05:25:00,Arr 0651,2025-11-27,False
MSY,DEN,WN 1364,SWA,WN 1364,SWA,2025-11-27 12:10:00,Arr 1403,2025-11-27,False
MSY,DEN,WN 1946,SWA,WN 1946,SWA,2025-11-27 05:15:00,Arr 0712 (+2min),2025-11-27,False
MSY,FLL,WN 1853,SWA,WN 1853,SWA,2025-11-27 06:40:00,Arr 0918,2025-11-27,False
MSY,HOU,WN 379,SWA,WN 379,SWA,2025-11-27 13:20:00,Arr 1427,2025-11-27,False
MSY,HOU,WN 978,SWA,WN 978,SWA,2025-11-27 05:40:00,Arr 0641,2025-11-27,False
MSY,HOU,WN 1694,SWA,WN 1694,SWA,2025-11-27 08:50:00,Arr 0952,2025-11-27,False
MSY,HOU,WN 2741,SWA,WN 2741,SWA,2025-11-27 11:30:00,Arr 1233,2025-11-27,False
MSY,LAS,WN 1713,SWA,WN 1713,SWA,2025-11-27 09:40:00,Arr 1122,2025-11-27,False
MSY,LAX,WN 2068,SWA,WN 2068,SWA,2025-11-27 09:35:00,Arr 1122,2025-11-27,False
MSY,MCI,WN 2342,SWA,WN 2342,SWA,2025-11-27 07:05:00,Arr 0911 (+6min),2025-11-27,False
MSY,MCO,WN 659,SWA,WN 659,SWA,2025-11-27 10:10:00,Arr 1240,2025-11-27,False
MSY,MCO,WN 846,SWA,WN 846,SWA,2025-11-27 06:15:00,Arr 0838,2025-11-27,False
MSY,MDW,WN 2294,SWA,WN 2294,SWA,2025-11-27 07:55:00,Arr 0958,2025-11-27,False
MSY,PHX,WN 1184,SWA,WN 1184,SWA,2025-11-27 09:35:00,Arr 1147,2025-11-27,False
MSY,STL,WN 2345,SWA,WN 2345,SWA,2025-11-27 11:35:00,Arr 1308,2025-11-27,False
MSY,TPA,WN 1331,SWA,WN 1331,SWA,2025-11-27 09:35:00,Arr 1157,2025-11-27,False
MTJ,DEN,WN 2348,SWA,WN 2348,SWA,2025-11-27 10:20:00,Arr 1253 (+83min),2025-11-27,False
MYR,BNA,WN 1016,SWA,WN 1016,SWA,2025-11-27 10:30:00,Arr 1108,2025-11-27,False
MYR,BWI,WN 663,SWA,WN 663,SWA,2025-11-27 12:45:00,Arr 1345,2025-11-27,False
MYR,BWI,WN 2349,SWA,WN 2349,SWA,2025-11-27 08:00:00,Arr 0856,2025-11-27,False
OAK,AUS,WN 1769,SWA,WN 1769,SWA,2025-11-27 07:20:00,Arr 1227,2025-11-27,False
OAK,BOI,WN 2352,SWA,WN 2352,SWA,2025-11-27 15:30:00,Arr 1752,2025-11-27,False
OAK,BUR,WN 761,SWA,WN 761,SWA,2025-11-27 09:25:00,Arr 1032,2025-11-27,False
OAK,BUR,WN 824,SWA,WN 824,SWA,2025-11-27 11:00:00,Arr 1215 (+5min),2025-11-27,False
OAK,BUR,WN 1363,SWA,WN 1363,SWA,2025-11-27 06:15:00,Arr 0718,2025-11-27,False
OAK,BUR,WN 2032,SWA,WN 2032,SWA,2025-11-27 12:00:00,Arr 1302,2025-11-27,False
OAK,BUR,WN 2355,SWA,WN 2355,SWA,2025-11-27 07:45:00,Arr 0852,2025-11-27,False
OAK,BUR,WN 2357,SWA,WN 2357,SWA,2025-11-27 14:30:00,Arr 1527,2025-11-27,False
OAK,DAL,WN 1297,SWA,WN 1297,SWA,2025-11-27 06:00:00,Arr 1136 (+11min),2025-11-27,False
OAK,DEN,WN 1642,SWA,WN 1642,SWA,2025-11-27 15:00:00,Arr 1810,2025-11-27,False
OAK,DEN,WN 2358,SWA,WN 2358,SWA,2025-11-27 06:50:00,Arr 1011,2025-11-27,False
OAK,DEN,WN 2359,SWA,WN 2359,SWA,2025-11-27 10:40:00,Arr 1357,2025-11-27,False
OAK,EUG,WN 2360,SWA,WN 2360,SWA,2025-11-27 09:40:00,Arr 1102,2025-11-27,False
OAK,GEG,WN 1346,SWA,WN 1346,SWA,2025-11-27 15:00:00,Arr 1642,2025-11-27,False
OAK,HNL,WN 808,SWA,WN 808,SWA,2025-11-27 09:45:00,Arr 1256,2025-11-27,False
OAK,HOU,WN 1748,SWA,WN 1748,SWA,2025-11-27 08:50:00,Arr 1432,2025-11-27,False
OAK,LAS,WN 1817,SWA,WN 1817,SWA,2025-11-27 12:40:00,Arr 1405,2025-11-27,False
OAK,LAS,WN 1861,SWA,WN 1861,SWA,2025-11-27 06:20:00,Arr 0744,2025-11-27,False
OAK,LAS,WN 1883,SWA,WN 1883,SWA,2025-11-27 10:25:00,Arr 1144,2025-11-27,False
OAK,LAS,WN 2011,SWA,WN 2011,SWA,2025-11-27 11:35:00,Arr 1248,2025-11-27,False
OAK,LAS,WN 2363,SWA,WN 2363,SWA,2025-11-27 05:15:00,Arr 0635,2025-11-27,False
OAK,LAS,WN 2364,SWA,WN 2364,SWA,2025-11-27 14:00:00,Arr 1522,2025-11-27,False
OAK,LAS,WN 2366,SWA,WN 2366,SWA,2025-11-27 15:30:00,Arr 1650,2025-11-27,False
OAK,LAX,WN 1435,SWA,WN 1435,SWA,2025-11-27 13:30:00,Arr 1448,2025-11-27,False
OAK,LAX,WN 2008,SWA,WN 2008,SWA,2025-11-27 06:45:00,Arr 0755,2025-11-27,False
OAK,LAX,WN 2057,SWA,WN 2057,SWA,2025-11-27 09:35:00,Arr 1048,2025-11-27,False
OAK,LAX,WN 2061,SWA,WN 2061,SWA,2025-11-27 15:00:00,Arr 1617,2025-11-27,False
OAK,LGB,WN 137,SWA,WN 137,SWA,2025-11-27 07:30:00,Arr 0844,2025-11-27,False
OAK,LGB,WN 1595,SWA,WN 1595,SWA,2025-11-27 09:30:00,Arr 1044,2025-11-27,False
OAK,LGB,WN 1687,SWA,WN 1687,SWA,2025-11-27 14:10:00,Arr 1523,2025-11-27,False
OAK,LGB,WN 2370,SWA,WN 2370,SWA,2025-11-27 12:35:00,Arr 1354,2025-11-27,False
OAK,LIH,WN 1192,SWA,WN 1192,SWA,2025-11-27 09:55:00,Arr 1316,2025-11-27,False
OAK,MCI,WN 883,SWA,WN 883,SWA,2025-11-27 09:30:00,Arr 1533 (+43min),2025-11-27,False
OAK,MDW,WN 2374,SWA,WN 2374,SWA,2025-11-27 06:40:00,Arr 1300 (+15min),2025-11-27,False
OAK,OGG,WN 2375,SWA,WN 2375,SWA,2025-11-27 09:35:00,Arr 1241,2025-11-27,False
OAK,ONT,WN 344,SWA,WN 344,SWA,2025-11-27 06:05:00,Arr 0718,2025-11-27,False
OAK,ONT,WN 2377,SWA,WN 2377,SWA,2025-11-27 10:50:00,Arr 1204,2025-11-27,False
OAK,ONT,WN 2378,SWA,WN 2378,SWA,2025-11-27 14:00:00,Arr 1513,2025-11-27,False
OAK,PDX,WN 2117,SWA,WN 2117,SWA,2025-11-27 15:00:00,Arr 1631,2025-11-27,False
OAK,PDX,WN 2379,SWA,WN 2379,SWA,2025-11-27 08:45:00,Arr 1010,2025-11-27,False
OAK,PHX,WN 1558,SWA,WN 1558,SWA,2025-11-27 12:45:00,Arr 1513,2025-11-27,False
OAK,PHX,WN 2381,SWA,WN 2381,SWA,2025-11-27 05:40:00,Arr 0834 (+4min),2025-11-27,False
OAK,PHX,WN 2382,SWA,WN 2382,SWA,2025-11-27 08:50:00,Arr 1132,2025-11-27,False
OAK,PHX,WN 2384,SWA,WN 2384,SWA,2025-11-27 15:30:00,Arr 1800,2025-11-27,False
OAK,PSP,WN 1971,SWA,WN 1971,SWA,2025-11-27 09:25:00,Arr 1112 (+17min),2025-11-27,False
OAK,SAN,WN 1063,SWA,WN 1063,SWA,2025-11-27 07:55:00,Arr 0914,2025-11-27,False
OAK,SAN,WN 1314,SWA,WN 1314,SWA,2025-11-27 09:40:00,Arr 1104,2025-11-27,False
OAK,SAN,WN 2273,SWA,WN 2273,SWA,2025-11-27 12:05:00,Arr 1335,2025-11-27,False
OAK,SAN,WN 2386,SWA,WN 2386,SWA,2025-11-27 06:30:00,Arr 0752,2025-11-27,False
OAK,SAN,WN 2390,SWA,WN 2390,SWA,2025-11-27 13:25:00,Arr 1444,2025-11-27,False
OAK,SAN,WN 2391,SWA,WN 2391,SWA,2025-11-27 14:30:00,Arr 1550,2025-11-27,False
OAK,SBA,WN 2392,SWA,WN 2392,SWA,2025-11-27 11:10:00,Arr 1215,2025-11-27,False
OAK,SEA,WN 1965,SWA,WN 1965,SWA,2025-11-27 07:00:00,Arr 0849,2025-11-27,False
OAK,SEA,WN 2050,SWA,WN 2050,SWA,2025-11-27 15:00:00,Arr 1651,2025-11-27,False
OAK,SLC,WN 862,SWA,WN 862,SWA,2025-11-27 15:00:00,Arr 1724,2025-11-27,False
OAK,SNA,WN 1201,SWA,WN 1201,SWA,2025-11-27 10:05:00,Arr 1117,2025-11-27,False
OAK,SNA,WN 2396,SWA,WN 2396,SWA,2025-11-27 07:45:00,Arr 0859,2025-11-27,False
OAK,SNA,WN 2400,SWA,WN 2400,SWA,2025-11-27 12:30:00,Arr 1339,2025-11-27,False
OAK,SNA,WN 2401,SWA,WN 2401,SWA,2025-11-27 14:10:00,Arr 1529,2025-11-27,False
OGG,HNL,WN 2402,SWA,WN 2402,SWA,2025-11-27 06:00:00,Arr 0631,2025-11-27,False
OGG,HNL,WN 2403,SWA,WN 2403,SWA,2025-11-27 09:15:00,Arr 0950,2025-11-27,False
OGG,HNL,WN 2404,SWA,WN 2404,SWA,2025-11-27 10:50:00,Arr 1127,2025-11-27,False
OGG,HNL,WN 2405,SWA,WN 2405,SWA,2025-11-27 12:40:00,Arr 1305,2025-11-27,False
OGG,HNL,WN 2406,SWA,WN 2406,SWA,2025-11-27 14:35:00,Arr 1550 (+30min),2025-11-27,False
OGG,KOA,WN 2376,SWA,WN 2376,SWA,2025-11-27 13:55:00,Arr 1430,2025-11-27,False
OGG,LAS,WN 2407,SWA,WN 2407,SWA,2025-11-27 21:45:00,Arr 0501,2025-11-27,False
OGG,LIH,WN 1928,SWA,WN 1928,SWA,2025-11-27 13:05:00,Arr 1348,2025-11-27,False
OGG,OAK,WN 2365,SWA,WN 2365,SWA,2025-11-27 06:05:00,Arr 1251,2025-11-27,False
OGG,PHX,WN 2408,SWA,WN 2408,SWA,2025-11-27 20:55:00,Arr 0532,2025-11-27,False
OKC,AUS,WN 397,SWA,WN 397,SWA,2025-11-27 08:45:00,Arr 0951,2025-11-27,False
OKC,BNA,WN 1369,SWA,WN 1369,SWA,2025-11-27 10:30:00,Arr 1156,2025-11-27,False
OKC,DEN,WN 420,SWA,WN 420,SWA,2025-11-27 13:25:00,Arr 1356,2025-11-27,False
OKC,DEN,WN 2409,SWA,WN 2409,SWA,2025-11-27 06:20:00,Arr 0652,2025-11-27,False
OKC,HOU,WN 1984,SWA,WN 1984,SWA,2025-11-27 13:00:00,Arr 1434 (+4min),2025-11-27,False
OKC,HOU,WN 2410,SWA,WN 2410,SWA,2025-11-27 05:10:00,Arr 0620,2025-11-27,False
OKC,LAS,WN 686,SWA,WN 686,SWA,2025-11-27 13:10:00,Arr 1336,2025-11-27,False
OKC,MCO,WN 1067,SWA,WN 1067,SWA,2025-11-27 06:50:00,Arr 1012,2025-11-27,False
OKC,PHX,WN 1848,SWA,WN 1848,SWA,2025-11-27 05:25:00,Arr 0642,2025-11-27,False
OKC,STL,WN 160,SWA,WN 160,SWA,2025-11-27 05:40:00,Arr 0706,2025-11-27,False
OKC,STL,WN 2413,SWA,WN 2413,SWA,2025-11-27 12:00:00,Arr 1313,2025-11-27,False
OMA,BNA,WN 717,SWA,WN 717,SWA,2025-11-27 07:00:00,Arr 0844,2025-11-27,False
OMA,DAL,WN 555,SWA,WN 555,SWA,2025-11-27 11:25:00,Arr 1257,2025-11-27,False
OMA,DEN,WN 668,SWA,WN 668,SWA,2025-11-27 13:30:00,Arr 1350,2025-11-27,False
OMA,DEN,WN 2415,SWA,WN 2415,SWA,2025-11-27 06:20:00,Arr 0650,2025-11-27,False
OMA,HOU,WN 2416,SWA,WN 2416,SWA,2025-11-27 05:00:00,Arr 0706,2025-11-27,False
OMA,LAS,WN 2275,SWA,WN 2275,SWA,2025-11-27 10:40:00,Arr 1123,2025-11-27,False
OMA,MCO,WN 2417,SWA,WN 2417,SWA,2025-11-27 09:35:00,Arr 1324,2025-11-27,False
OMA,MDW,WN 1721,SWA,WN 1721,SWA,2025-11-27 11:15:00,Arr 1236,2025-11-27,False
OMA,MDW,WN 2274,SWA,WN 2274,SWA,2025-11-27 05:50:00,Arr 0725,2025-11-27,False
OMA,PHX,WN 278,SWA,WN 278,SWA,2025-11-27 11:50:00,Arr 1330,2025-11-27,False
OMA,STL,WN 200,SWA,WN 200,SWA,2025-11-27 05:35:00,Arr 0640,2025-11-27,False
ONT,AUS,WN 345,SWA,WN 345,SWA,2025-11-27 08:05:00,Arr 1236,2025-11-27,False
ONT,DAL,WN 1222,SWA,WN 1222,SWA,2025-11-27 05:00:00,Arr 0953 (+3min),2025-11-27,False
ONT,DEN,WN 1594,SWA,WN 1594,SWA,2025-11-27 09:25:00,Arr 1217,2025-11-27,False
ONT,DEN,WN 2418,SWA,WN 2418,SWA,2025-11-27 07:00:00,Arr 1005,2025-11-27,False
ONT,DEN,WN 2422,SWA,WN 2422,SWA,2025-11-27 11:05:00,Arr 1352,2025-11-27,False
ONT,LAS,WN 209,SWA,WN 209,SWA,2025-11-27 12:55:00,Arr 1345,2025-11-27,False
ONT,LAS,WN 558,SWA,WN 558,SWA,2025-11-27 05:25:00,Arr 0617,2025-11-27,False
ONT,LAS,WN 1974,SWA,WN 1974,SWA,2025-11-27 08:55:00,Arr 0944,2025-11-27,False
ONT,MDW,WN 2425,SWA,WN 2425,SWA,2025-11-27 06:45:00,Arr 1231 (+1min),2025-11-27,False
ONT,OAK,WN 1791,SWA,WN 1791,SWA,2025-11-27 15:05:00,Arr 1611,2025-11-27,False
ONT,OAK,WN 2278,SWA,WN 2278,SWA,2025-11-27 11:50:00,Arr 1307,2025-11-27,False
ONT,OAK,WN 2380,SWA,WN 2380,SWA,2025-11-27 06:35:00,Arr 0745,2025-11-27,False
ONT,PHX,WN 399,SWA,WN 399,SWA,2025-11-27 08:05:00,Arr 1017,2025-11-27,False
ONT,PHX,WN 1081,SWA,WN 1081,SWA,2025-11-27 10:55:00,Arr 1301,2025-11-27,False
ONT,PHX,WN 2426,SWA,WN 2426,SWA,2025-11-27 05:50:00,Arr 0804,2025-11-27,False
ONT,SJC,WN 1131,SWA,WN 1131,SWA,2025-11-27 09:55:00,Arr 1055,2025-11-27,False
ONT,SJC,WN 2430,SWA,WN 2430,SWA,2025-11-27 06:00:00,Arr 0707,2025-11-27,False
ONT,SJC,WN 2431,SWA,WN 2431,SWA,2025-11-27 13:55:00,Arr 1459,2025-11-27,False
ONT,SMF,WN 424,SWA,WN 424,SWA,2025-11-27 15:10:00,Arr 1620,2025-11-27,False
ONT,SMF,WN 1261,SWA,WN 1261,SWA,2025-11-27 05:40:00,Arr 0656,2025-11-27,False
ONT,SMF,WN 2433,SWA,WN 2433,SWA,2025-11-27 12:45:00,Arr 1400,2025-11-27,False
ORD,BNA,WN 2435,SWA,WN 2435,SWA,2025-11-27 11:55:00,Arr 1316,2025-11-27,False
ORD,LAS,WN 1891,SWA,WN 1891,SWA,2025-11-27 07:15:00,Arr 0913,2025-11-27,False
ORD,MCO,WN 2211,SWA,WN 2211,SWA,2025-11-27 06:05:00,Arr 0938,2025-11-27,False
ORD,TPA,WN 2436,SWA,WN 2436,SWA,2025-11-27 13:00:00,Arr 1622,2025-11-27,False
ORF,BNA,WN 516,SWA,WN 516,SWA,2025-11-27 12:10:00,Arr 1300,2025-11-27,False
ORF,BWI,WN 671,SWA,WN 671,SWA,2025-11-27 13:15:00,Arr 1344,2025-11-27,False
ORF,BWI,WN 749,SWA,WN 749,SWA,2025-11-27 06:10:00,Arr 0656,2025-11-27,False
ORF,BWI,WN 1093,SWA,WN 1093,SWA,2025-11-27 10:20:00,Arr 1103,2025-11-27,False
ORF,MCO,WN 2194,SWA,WN 2194,SWA,2025-11-27 11:15:00,Arr 1313,2025-11-27,False
ORF,MDW,WN 2438,SWA,WN 2438,SWA,2025-11-27 05:45:00,Arr 0648,2025-11-27,False
PBI,BNA,WN 319,SWA,WN 319,SWA,2025-11-27 11:20:00,Arr 1226,2025-11-27,False
PBI,BWI,WN 1447,SWA,WN 1447,SWA,2025-11-27 11:40:00,Arr 1335,2025-11-27,False
PBI,BWI,WN 1581,SWA,WN 1581,SWA,2025-11-27 07:25:00,Arr 0937,2025-11-27,False
PBI,ISP,WN 2441,SWA,WN 2441,SWA,2025-11-27 13:05:00,Arr 1529,2025-11-27,False
PBI,MCO,WN 1740,SWA,WN 1740,SWA,2025-11-27 07:00:00,Arr 0741,2025-11-27,False
PBI,MCO,WN 2204,SWA,WN 2204,SWA,2025-11-27 12:25:00,Arr 1306,2025-11-27,False
PDX,DEN,WN 1060,SWA,WN 1060,SWA,2025-11-27 10:40:00,Arr 1353,2025-11-27,False
PDX,DEN,WN 1738,SWA,WN 1738,SWA,2025-11-27 07:05:00,Arr 1030,2025-11-27,False
PDX,LAS,WN 572,SWA,WN 572,SWA,2025-11-27 11:50:00,Arr 1400,2025-11-27,False
PDX,LAS,WN 1854,SWA,WN 1854,SWA,2025-11-27 08:00:00,Arr 0957,2025-11-27,False
PDX,MDW,WN 1098,SWA,WN 1098,SWA,2025-11-27 06:30:00,Arr 1204,2025-11-27,False
PDX,OAK,WN 2444,SWA,WN 2444,SWA,2025-11-27 06:50:00,Arr 0830,2025-11-27,False
PDX,OAK,WN 2445,SWA,WN 2445,SWA,2025-11-27 13:20:00,Arr 1530 (+25min),2025-11-27,False
PDX,PHX,WN 1955,SWA,WN 1955,SWA,2025-11-27 05:35:00,Arr 0902,2025-11-27,False
PDX,PHX,WN 2446,SWA,WN 2446,SWA,2025-11-27 11:10:00,Arr 1435,2025-11-27,False
PDX,SJC,WN 1109,SWA,WN 1109,SWA,2025-11-27 06:15:00,Arr 0758,2025-11-27,False
PDX,SJC,WN 1695,SWA,WN 1695,SWA,2025-11-27 12:25:00,Arr 1410,2025-11-27,False
PDX,SMF,WN 2423,SWA,WN 2423,SWA,2025-11-27 06:40:00,Arr 0804,2025-11-27,False
PDX,SMF,WN 2453,SWA,WN 2453,SWA,2025-11-27 11:50:00,Arr 1313,2025-11-27,False
PHL,BNA,WN 649,SWA,WN 649,SWA,2025-11-27 09:00:00,Arr 1016 (+1min),2025-11-27,False
PHL,DAL,WN 826,SWA,WN 826,SWA,2025-11-27 09:45:00,Arr 1207,2025-11-27,False
PHL,DEN,WN 2454,SWA,WN 2454,SWA,2025-11-27 12:00:00,Arr 1405,2025-11-27,False
PHL,MCO,WN 2186,SWA,WN 2186,SWA,2025-11-27 07:05:00,Arr 0934,2025-11-27,False
PHL,MDW,WN 684,SWA,WN 684,SWA,2025-11-27 14:00:00,Arr 1450,2025-11-27,False
PHL,MDW,WN 1896,SWA,WN 1896,SWA,2025-11-27 06:05:00,Arr 0713,2025-11-27,False
PHL,STL,WN 383,SWA,WN 383,SWA,2025-11-27 07:40:00,Arr 0859,2025-11-27,False
PHX,ABQ,WN 1729,SWA,WN 1729,SWA,2025-11-27 15:25:00,Arr 1615,2025-11-27,False
PHX,ABQ,WN 2427,SWA,WN 2427,SWA,2025-11-27 09:15:00,Arr 1018,2025-11-27,False
PHX,ABQ,WN 2456,SWA,WN 2456,SWA,2025-11-27 11:55:00,Arr 1250,2025-11-27,False
PHX,ATL,WN 153,SWA,WN 153,SWA,2025-11-27 14:40:00,Arr 1953,2025-11-27,False
PHX,AUS,WN 400,SWA,WN 400,SWA,2025-11-27 11:15:00,Arr 1421,2025-11-27,False
PHX,AUS,WN 648,SWA,WN 648,SWA,2025-11-27 15:50:00,Arr 1849,2025-11-27,False
PHX,AUS,WN 2458,SWA,WN 2458,SWA,2025-11-27 07:10:00,Arr 1012,2025-11-27,False
PHX,BNA,WN 1065,SWA,WN 1065,SWA,2025-11-27 07:25:00,Arr 1130,2025-11-27,False
PHX,BNA,WN 2461,SWA,WN 2461,SWA,2025-11-27 11:40:00,Arr 1544,2025-11-27,False
PHX,BOI,WN 2462,SWA,WN 2462,SWA,2025-11-27 07:45:00,Arr 0947,2025-11-27,False
PHX,BOI,WN 2464,SWA,WN 2464,SWA,2025-11-27 10:20:00,Arr 1214,2025-11-27,False
PHX,BUR,WN 834,SWA,WN 834,SWA,2025-11-27 07:05:00,Arr 0733,2025-11-27,False
PHX,BUR,WN 860,SWA,WN 860,SWA,2025-11-27 10:50:00,Arr 1103,2025-11-27,False
PHX,BUR,WN 897,SWA,WN 897,SWA,2025-11-27 13:50:00,Arr 1400,2025-11-27,False
PHX,BUR,WN 1988,SWA,WN 1988,SWA,2025-11-27 15:35:00,Arr 1545,2025-11-27,False
PHX,BWI,WN 1120,SWA,WN 1120,SWA,2025-11-27 12:40:00,Arr 1847,2025-11-27,False
PHX,BWI,WN 2467,SWA,WN 2467,SWA,2025-11-27 23:35:00,Arr 0528,2025-11-27,False
PHX,CMH,WN 1941,SWA,WN 1941,SWA,2025-11-27 10:50:00,Arr 1614,2025-11-27,False
PHX,COS,WN 2468,SWA,WN 2468,SWA,2025-11-27 09:30:00,Arr 1056,2025-11-27,False
PHX,COS,WN 2469,SWA,WN 2469,SWA,2025-11-27 15:25:00,Arr 1647,2025-11-27,False
PHX,DAL,WN 298,SWA,WN 298,SWA,2025-11-27 13:50:00,Arr 1729 (+19min),2025-11-27,False
PHX,DAL,WN 448,SWA,WN 448,SWA,2025-11-27 07:45:00,Arr 1058,2025-11-27,False
PHX,DAL,WN 597,SWA,WN 597,SWA,2025-11-27 09:15:00,Arr 1226,2025-11-27,False
PHX,DAL,WN 1206,SWA,WN 1206,SWA,2025-11-27 11:05:00,Arr 1410,2025-11-27,False
PHX,DAL,WN 1228,SWA,WN 1228,SWA,2025-11-27 05:45:00,Arr 0857,2025-11-27,False
PHX,DAL,WN 2470,SWA,WN 2470,SWA,2025-11-27 15:50:00,Arr 1854,2025-11-27,False
PHX,DEN,WN 241,SWA,WN 241,SWA,2025-11-27 08:20:00,Arr 1002,2025-11-27,False
PHX,DEN,WN 1105,SWA,WN 1105,SWA,2025-11-27 13:50:00,Arr 1520,2025-11-27,False
PHX,DEN,WN 1191,SWA,WN 1191,SWA,2025-11-27 11:10:00,Arr 1256,2025-11-27,False
PHX,DEN,WN 1384,SWA,WN 1384,SWA,2025-11-27 15:25:00,Arr 1650,2025-11-27,False
PHX,DEN,WN 2471,SWA,WN 2471,SWA,2025-11-27 06:00:00,Arr 0732,2025-11-27,False
PHX,DEN,WN 2473,SWA,WN 2473,SWA,2025-11-27 09:30:00,Arr 1111,2025-11-27,False
PHX,ELP,WN 1300,SWA,WN 1300,SWA,2025-11-27 09:15:00,Arr 1015,2025-11-27,False
PHX,ELP,WN 1453,SWA,WN 1453,SWA,2025-11-27 11:20:00,Arr 1217,2025-11-27,False
PHX,ELP,WN 2398,SWA,WN 2398,SWA,2025-11-27 15:25:00,Arr 1622,2025-11-27,False
PHX,GEG,WN 1081,SWA,WN 1081,SWA,2025-11-27 13:50:00,Arr 1522,2025-11-27,False
PHX,HNL,WN 1137,SWA,WN 1137,SWA,2025-11-27 07:45:00,Arr 1059,2025-11-27,False
PHX,HOU,WN 498,SWA,WN 498,SWA,2025-11-27 11:05:00,Arr 1436 (+1min),2025-11-27,False
PHX,HOU,WN 925,SWA,WN 925,SWA,2025-11-27 15:30:00,Arr 1843,2025-11-27,False
PHX,HOU,WN 1715,SWA,WN 1715,SWA,2025-11-27 06:40:00,Arr 1000,2025-11-27,False
PHX,HOU,WN 1743,SWA,WN 1743,SWA,2025-11-27 09:15:00,Arr 1236,2025-11-27,False
PHX,IND,WN 2383,SWA,WN 2383,SWA,2025-11-27 12:40:00,Arr 1744,2025-11-27,False
PHX,LAS,WN 106,SWA,WN 106,SWA,2025-11-27 06:20:00,Arr 0623,2025-11-27,False
PHX,LAS,WN 483,SWA,WN 483,SWA,2025-11-27 15:25:00,Arr 1527,2025-11-27,False
PHX,LAS,WN 1522,SWA,WN 1522,SWA,2025-11-27 07:45:00,Arr 0746,2025-11-27,False
PHX,LAS,WN 1955,SWA,WN 1955,SWA,2025-11-27 09:45:00,Arr 0957,2025-11-27,False
PHX,LAS,WN 2476,SWA,WN 2476,SWA,2025-11-27 22:15:00,Arr 2209,2025-11-27,False
PHX,LAX,WN 264,SWA,WN 264,SWA,2025-11-27 13:55:00,Arr 1414,2025-11-27,False
PHX,LAX,WN 765,SWA,WN 765,SWA,2025-11-27 09:25:00,Arr 0945,2025-11-27,False
PHX,LAX,WN 1921,SWA,WN 1921,SWA,2025-11-27 15:50:00,Arr 1610,2025-11-27,False
PHX,LAX,WN 2048,SWA,WN 2048,SWA,2025-11-27 06:45:00,Arr 0658,2025-11-27,False
PHX,LGB,WN 277,SWA,WN 277,SWA,2025-11-27 14:25:00,Arr 1443,2025-11-27,False
PHX,LGB,WN 2479,SWA,WN 2479,SWA,2025-11-27 07:50:00,Arr 0803,2025-11-27,False
PHX,LGB,WN 2480,SWA,WN 2480,SWA,2025-11-27 12:20:00,Arr 1230,2025-11-27,False
PHX,MCI,WN 1379,SWA,WN 1379,SWA,2025-11-27 12:45:00,Arr 1604,2025-11-27,False
PHX,MCI,WN 1410,SWA,WN 1410,SWA,2025-11-27 15:50:00,Arr 1916,2025-11-27,False
PHX,MCI,WN 2144,SWA,WN 2144,SWA,2025-11-27 07:35:00,Arr 1057,2025-11-27,False
PHX,MCO,WN 2484,SWA,WN 2484,SWA,2025-11-27 23:55:00,Arr 0537,2025-11-27,False
PHX,MDW,WN 261,SWA,WN 261,SWA,2025-11-27 06:30:00,Arr 1045,2025-11-27,False
PHX,MDW,WN 1489,SWA,WN 1489,SWA,2025-11-27 15:50:00,Arr 1949,2025-11-27,False
PHX,MDW,WN 2101,SWA,WN 2101,SWA,2025-11-27 10:00:00,Arr 1402,2025-11-27,False
PHX,MDW,WN 2486,SWA,WN 2486,SWA,2025-11-27 13:35:00,Arr 1734,2025-11-27,False
PHX,MKE,WN 309,SWA,WN 309,SWA,2025-11-27 12:45:00,Arr 1713 (+13min),2025-11-27,False
PHX,MSY,WN 2103,SWA,WN 2103,SWA,2025-11-27 12:45:00,Arr 1633,2025-11-27,False
PHX,OAK,WN 150,SWA,WN 150,SWA,2025-11-27 07:50:00,Arr 0849,2025-11-27,False
PHX,OAK,WN 204,SWA,WN 204,SWA,2025-11-27 12:10:00,Arr 1257,2025-11-27,False
PHX,OAK,WN 800,SWA,WN 800,SWA,2025-11-27 15:25:00,Arr 1627,2025-11-27,False
PHX,OAK,WN 2489,SWA,WN 2489,SWA,2025-11-27 06:10:00,Arr 0659,2025-11-27,False
PHX,OGG,WN 2491,SWA,WN 2491,SWA,2025-11-27 09:15:00,Arr 1221,2025-11-27,False
PHX,OKC,WN 2492,SWA,WN 2492,SWA,2025-11-27 12:55:00,Arr 1546,2025-11-27,False
PHX,OMA,WN 2057,SWA,WN 2057,SWA,2025-11-27 14:40:00,Arr 1812 (+2min),2025-11-27,False
PHX,ONT,WN 1329,SWA,WN 1329,SWA,2025-11-27 11:45:00,Arr 1200,2025-11-27,False
PHX,ONT,WN 1792,SWA,WN 1792,SWA,2025-11-27 14:10:00,Arr 1409,2025-11-27,False
PHX,ONT,WN 2493,SWA,WN 2493,SWA,2025-11-27 07:55:00,Arr 0806,2025-11-27,False
PHX,PDX,WN 121,SWA,WN 121,SWA,2025-11-27 14:35:00,Arr 1610,2025-11-27,False
PHX,PDX,WN 2052,SWA,WN 2052,SWA,2025-11-27 09:20:00,Arr 1056,2025-11-27,False
PHX,RNO,WN 1726,SWA,WN 1726,SWA,2025-11-27 12:55:00,Arr 1336,2025-11-27,False
PHX,SAN,WN 580,SWA,WN 580,SWA,2025-11-27 07:40:00,Arr 0738,2025-11-27,False
PHX,SAN,WN 1151,SWA,WN 1151,SWA,2025-11-27 09:15:00,Arr 0930,2025-11-27,False
PHX,SAN,WN 2446,SWA,WN 2446,SWA,2025-11-27 15:25:00,Arr 1527,2025-11-27,False
PHX,SAN,WN 2499,SWA,WN 2499,SWA,2025-11-27 10:35:00,Arr 1042,2025-11-27,False
PHX,SAN,WN 2501,SWA,WN 2501,SWA,2025-11-27 12:45:00,Arr 1243,2025-11-27,False
PHX,SAT,WN 1377,SWA,WN 1377,SWA,2025-11-27 07:00:00,Arr 1003,2025-11-27,False
PHX,SAT,WN 2040,SWA,WN 2040,SWA,2025-11-27 12:50:00,Arr 1545,2025-11-27,False
PHX,SEA,WN 636,SWA,WN 636,SWA,2025-11-27 08:05:00,Arr 0951,2025-11-27,False
PHX,SEA,WN 2054,SWA,WN 2054,SWA,2025-11-27 12:50:00,Arr 1443,2025-11-27,False
PHX,SFO,WN 1136,SWA,WN 1136,SWA,2025-11-27 13:20:00,Arr 1409,2025-11-27,False
PHX,SFO,WN 2507,SWA,WN 2507,SWA,2025-11-27 07:45:00,Arr 0831,2025-11-27,False
PHX,SFO,WN 2509,SWA,WN 2509,SWA,2025-11-27 10:45:00,Arr 1140,2025-11-27,False
PHX,SJC,WN 894,SWA,WN 894,SWA,2025-11-27 15:30:00,Arr 1625,2025-11-27,False
PHX,SJC,WN 1015,SWA,WN 1015,SWA,2025-11-27 12:20:00,Arr 1331 (+11min),2025-11-27,False
PHX,SJC,WN 1845,SWA,WN 1845,SWA,2025-11-27 09:25:00,Arr 1028 (+3min),2025-11-27,False
PHX,SJC,WN 2510,SWA,WN 2510,SWA,2025-11-27 08:00:00,Arr 0847,2025-11-27,False
PHX,SLC,WN 431,SWA,WN 431,SWA,2025-11-27 15:25:00,Arr 1643,2025-11-27,False
PHX,SLC,WN 2142,SWA,WN 2142,SWA,2025-11-27 09:15:00,Arr 1033,2025-11-27,False
PHX,SMF,WN 156,SWA,WN 156,SWA,2025-11-27 15:35:00,Arr 1624,2025-11-27,False
PHX,SMF,WN 1724,SWA,WN 1724,SWA,2025-11-27 08:00:00,Arr 0851,2025-11-27,False
PHX,SMF,WN 2512,SWA,WN 2512,SWA,2025-11-27 09:25:00,Arr 1010,2025-11-27,False
PHX,SMF,WN 2514,SWA,WN 2514,SWA,2025-11-27 13:45:00,Arr 1434,2025-11-27,False
PHX,SNA,WN 139,SWA,WN 139,SWA,2025-11-27 07:45:00,Arr 0750,2025-11-27,False
PHX,SNA,WN 1280,SWA,WN 1280,SWA,2025-11-27 14:05:00,Arr 1407,2025-11-27,False
PHX,SNA,WN 2518,SWA,WN 2518,SWA,2025-11-27 10:50:00,Arr 1054,2025-11-27,False
PHX,STL,WN 1972,SWA,WN 1972,SWA,2025-11-27 09:50:00,Arr 1357 (+7min),2025-11-27,False
PHX,STL,WN 2522,SWA,WN 2522,SWA,2025-11-27 14:40:00,Arr 1835 (+5min),2025-11-27,False
PHX,TPA,WN 434,SWA,WN 434,SWA,2025-11-27 11:45:00,Arr 1721,2025-11-27,False
PHX,TUL,WN 787,SWA,WN 787,SWA,2025-11-27 13:55:00,Arr 1654,2025-11-27,False
PIT,ATL,WN 1053,SWA,WN 1053,SWA,2025-11-27 08:30:00,Arr 1001,2025-11-27,False
PIT,BNA,WN 594,SWA,WN 594,SWA,2025-11-27 12:50:00,Arr 1354 (+24min),2025-11-27,False
PIT,BNA,WN 674,SWA,WN 674,SWA,2025-11-27 06:00:00,Arr 0646,2025-11-27,False
PIT,BWI,WN 2525,SWA,WN 2525,SWA,2025-11-27 05:50:00,Arr 0647,2025-11-27,False
PIT,DAL,WN 1254,SWA,WN 1254,SWA,2025-11-27 09:00:00,Arr 1044,2025-11-27,False
PIT,FLL,WN 2527,SWA,WN 2527,SWA,2025-11-27 07:15:00,Arr 0951,2025-11-27,False
PIT,LAS,WN 1051,SWA,WN 1051,SWA,2025-11-27 12:20:00,Arr 1416 (+1min),2025-11-27,False
PIT,MCO,WN 1185,SWA,WN 1185,SWA,2025-11-27 06:25:00,Arr 0849,2025-11-27,False
PIT,MCO,WN 1360,SWA,WN 1360,SWA,2025-11-27 11:10:00,Arr 1352 (+17min),2025-11-27,False
PIT,MDW,WN 2259,SWA,WN 2259,SWA,2025-11-27 06:50:00,Arr 0703,2025-11-27,False
PIT,MDW,WN 2529,SWA,WN 2529,SWA,2025-11-27 11:55:00,Arr 1228 (+3min),2025-11-27,False
PIT,RSW,WN 2530,SWA,WN 2530,SWA,2025-11-27 13:55:00,Arr 1627,2025-11-27,False
PIT,STL,WN 1518,SWA,WN 1518,SWA,2025-11-27 08:05:00,Arr 0837,2025-11-27,False
PIT,TPA,WN 2531,SWA,WN 2531,SWA,2025-11-27 07:00:00,Arr 0922,2025-11-27,False
PNS,BNA,WN 546,SWA,WN 546,SWA,2025-11-27 11:25:00,Arr 1239,2025-11-27,False
PNS,BNA,WN 645,SWA,WN 645,SWA,2025-11-27 07:20:00,Arr 0839,2025-11-27,False
PNS,DAL,WN 1733,SWA,WN 1733,SWA,2025-11-27 10:05:00,Arr 1144,2025-11-27,False
PNS,HOU,WN 1664,SWA,WN 1664,SWA,2025-11-27 13:00:00,Arr 1422,2025-11-27,False
PSP,DEN,WN 2532,SWA,WN 2532,SWA,2025-11-27 07:20:00,Arr 1027 (+2min),2025-11-27,False
PSP,LAS,WN 1198,SWA,WN 1198,SWA,2025-11-27 13:05:00,Arr 1352,2025-11-27,False
PSP,LAS,WN 1873,SWA,WN 1873,SWA,2025-11-27 05:35:00,Arr 0612,2025-11-27,False
PSP,OAK,WN 2533,SWA,WN 2533,SWA,2025-11-27 11:05:00,Arr 1221,2025-11-27,False
PSP,SMF,WN 1889,SWA,WN 1889,SWA,2025-11-27 11:40:00,Arr 1321 (+1min),2025-11-27,False
PVD,BNA,WN 693,SWA,WN 693,SWA,2025-11-27 12:10:00,Arr 1407 (+12min),2025-11-27,False
PVD,BWI,WN 447,SWA,WN 447,SWA,2025-11-27 05:20:00,Arr 0640,2025-11-27,False
PVD,BWI,WN 909,SWA,WN 909,SWA,2025-11-27 07:45:00,Arr 0905,2025-11-27,False
PVD,BWI,WN 965,SWA,WN 965,SWA,2025-11-27 12:50:00,Arr 1413,2025-11-27,False
PVD,DCA,WN 1334,SWA,WN 1334,SWA,2025-11-27 07:20:00,Arr 0855,2025-11-27,False
PVD,MCO,WN 2177,SWA,WN 2177,SWA,2025-11-27 10:35:00,Arr 1335,2025-11-27,False
PVD,MCO,WN 2536,SWA,WN 2536,SWA,2025-11-27 06:25:00,Arr 0922,2025-11-27,False
PVD,MDW,WN 146,SWA,WN 146,SWA,2025-11-27 05:50:00,Arr 0719,2025-11-27,False
PWM,BWI,WN 603,SWA,WN 603,SWA,2025-11-27 05:35:00,Arr 0709,2025-11-27,False
PWM,BWI,WN 1828,SWA,WN 1828,SWA,2025-11-27 12:45:00,Arr 1427 (+7min),2025-11-27,False
RDU,ATL,WN 256,SWA,WN 256,SWA,2025-11-27 08:45:00,Arr 0959,2025-11-27,False
RDU,AUS,WN 163,SWA,WN 163,SWA,2025-11-27 07:55:00,Arr 1001,2025-11-27,False
RDU,BNA,WN 615,SWA,WN 615,SWA,2025-11-27 10:40:00,Arr 1116,2025-11-27,False
RDU,BNA,WN 715,SWA,WN 715,SWA,2025-11-27 06:10:00,Arr 0637,2025-11-27,False
RDU,BWI,WN 698,SWA,WN 698,SWA,2025-11-27 13:20:00,Arr 1432 (+2min),2025-11-27,False
RDU,BWI,WN 1008,SWA,WN 1008,SWA,2025-11-27 06:00:00,Arr 0652,2025-11-27,False
RDU,BWI,WN 1029,SWA,WN 1029,SWA,2025-11-27 08:20:00,Arr 0911,2025-11-27,False
RDU,DAL,WN 1249,SWA,WN 1249,SWA,2025-11-27 07:35:00,Arr 0935,2025-11-27,False
RDU,DEN,WN 2537,SWA,WN 2537,SWA,2025-11-27 05:10:00,Arr 0656,2025-11-27,False
RDU,HOU,WN 543,SWA,WN 543,SWA,2025-11-27 07:20:00,Arr 0911,2025-11-27,False
RDU,MCO,WN 2190,SWA,WN 2190,SWA,2025-11-27 12:25:00,Arr 1540 (+85min),2025-11-27,False
RDU,MDW,WN 1944,SWA,WN 1944,SWA,2025-11-27 06:25:00,Arr 0712,2025-11-27,False
RDU,MDW,WN 2252,SWA,WN 2252,SWA,2025-11-27 11:35:00,Arr 1308 (+28min),2025-11-27,False
RDU,STL,WN 2208,SWA,WN 2208,SWA,2025-11-27 11:35:00,Arr 1231,2025-11-27,False
RDU,TPA,WN 1062,SWA,WN 1062,SWA,2025-11-27 10:50:00,Arr 1238,2025-11-27,False
RIC,BNA,WN 971,SWA,WN 971,SWA,2025-11-27 10:35:00,Arr 1120,2025-11-27,False
RIC,BWI,WN 495,SWA,WN 495,SWA,2025-11-27 06:00:00,Arr 0642,2025-11-27,False
RIC,BWI,WN 2538,SWA,WN 2538,SWA,2025-11-27 12:50:00,Arr 1321,2025-11-27,False
RNO,BUR,WN 2539,SWA,WN 2539,SWA,2025-11-27 07:50:00,Arr 0903,2025-11-27,False
RNO,DEN,WN 276,SWA,WN 276,SWA,2025-11-27 07:05:00,Arr 1015,2025-11-27,False
RNO,LAS,WN 1465,SWA,WN 1465,SWA,2025-11-27 10:50:00,Arr 1156,2025-11-27,False
RNO,LAS,WN 1752,SWA,WN 1752,SWA,2025-11-27 09:30:00,Arr 1034,2025-11-27,False
RNO,LAS,WN 1888,SWA,WN 1888,SWA,2025-11-27 05:05:00,Arr 0624,2025-11-27,False
RNO,LAS,WN 1948,SWA,WN 1948,SWA,2025-11-27 12:50:00,Arr 1406 (+1min),2025-11-27,False
RNO,LAS,WN 2541,SWA,WN 2541,SWA,2025-11-27 06:25:00,Arr 0739,2025-11-27,False
RNO,LAX,WN 777,SWA,WN 777,SWA,2025-11-27 10:30:00,Arr 1141,2025-11-27,False
RNO,LGB,WN 2543,SWA,WN 2543,SWA,2025-11-27 08:10:00,Arr 0940,2025-11-27,False
RNO,PHX,WN 1744,SWA,WN 1744,SWA,2025-11-27 05:35:00,Arr 0823,2025-11-27,False
RNO,SAN,WN 2544,SWA,WN 2544,SWA,2025-11-27 11:30:00,Arr 1257,2025-11-27,False
RNO,SJC,WN 2545,SWA,WN 2545,SWA,2025-11-27 10:15:00,Arr 1105,2025-11-27,False
ROC,BWI,WN 981,SWA,WN 981,SWA,2025-11-27 13:15:00,Arr 1409,2025-11-27,False
ROC,BWI,WN 2548,SWA,WN 2548,SWA,2025-11-27 05:45:00,Arr 0658,2025-11-27,False
RSW,BNA,WN 588,SWA,WN 588,SWA,2025-11-27 08:25:00,Arr 0916,2025-11-27,False
RSW,BWI,WN 1282,SWA,WN 1282,SWA,2025-11-27 12:15:00,Arr 1416,2025-11-27,False
RSW,BWI,WN 1677,SWA,WN 1677,SWA,2025-11-27 06:20:00,Arr 0830,2025-11-27,False
RSW,BWI,WN 2549,SWA,WN 2549,SWA,2025-11-27 10:40:00,Arr 1241,2025-11-27,False
RSW,CMH,WN 1129,SWA,WN 1129,SWA,2025-11-27 10:00:00,Arr 1206,2025-11-27,False
RSW,IND,WN 2551,SWA,WN 2551,SWA,2025-11-27 08:50:00,Arr 1106,2025-11-27,False
RSW,MCI,WN 2552,SWA,WN 2552,SWA,2025-11-27 13:00:00,Arr 1459,2025-11-27,False
RSW,MCO,WN 1401,SWA,WN 1401,SWA,2025-11-27 12:30:00,Arr 1313,2025-11-27,False
RSW,MCO,WN 2198,SWA,WN 2198,SWA,2025-11-27 07:05:00,Arr 0744,2025-11-27,False
RSW,MDW,WN 2231,SWA,WN 2231,SWA,2025-11-27 11:05:00,Arr 1245,2025-11-27,False
RSW,MDW,WN 2266,SWA,WN 2266,SWA,2025-11-27 08:00:00,Arr 0937,2025-11-27,False
RSW,MKE,WN 639,SWA,WN 639,SWA,2025-11-27 13:35:00,Arr 1516,2025-11-27,False
RSW,PIT,WN 2210,SWA,WN 2210,SWA,2025-11-27 12:10:00,Arr 1430,2025-11-27,False
RSW,STL,WN 1770,SWA,WN 1770,SWA,2025-11-27 07:25:00,Arr 1056 (+111min),2025-11-27,False
RSW,STL,WN 2554,SWA,WN 2554,SWA,2025-11-27 12:05:00,Arr 1335,2025-11-27,False
SAN,ABQ,WN 2555,SWA,WN 2555,SWA,2025-11-27 09:35:00,Arr 1208,2025-11-27,False
SAN,AUS,WN 456,SWA,WN 456,SWA,2025-11-27 08:50:00,Arr 1327,2025-11-27,False
SAN,AUS,WN 2556,SWA,WN 2556,SWA,2025-11-27 12:45:00,Arr 1720,2025-11-27,False
SAN,BNA,WN 509,SWA,WN 509,SWA,2025-11-27 07:40:00,Arr 1326,2025-11-27,False
SAN,BWI,WN 1460,SWA,WN 1460,SWA,2025-11-27 21:45:00,Arr 0456,2025-11-27,False
SAN,DAL,WN 440,SWA,WN 440,SWA,2025-11-27 07:20:00,Arr 1218,2025-11-27,False
SAN,DAL,WN 446,SWA,WN 446,SWA,2025-11-27 12:55:00,Arr 1738,2025-11-27,False
SAN,DAL,WN 1173,SWA,WN 1173,SWA,2025-11-27 09:25:00,Arr 1442 (+17min),2025-11-27,False
SAN,DEN,WN 534,SWA,WN 534,SWA,2025-11-27 06:55:00,Arr 1013,2025-11-27,False
SAN,DEN,WN 675,SWA,WN 675,SWA,2025-11-27 14:25:00,Arr 1734,2025-11-27,False
SAN,DEN,WN 1751,SWA,WN 1751,SWA,2025-11-27 10:50:00,Arr 1346,2025-11-27,False
SAN,ELP,WN 2562,SWA,WN 2562,SWA,2025-11-27 09:40:00,Arr 1218,2025-11-27,False
SAN,FAT,WN 1429,SWA,WN 1429,SWA,2025-11-27 11:00:00,Arr 1207,2025-11-27,False
SAN,HNL,WN 2564,SWA,WN 2564,SWA,2025-11-27 08:45:00,Arr 1222,2025-11-27,False
SAN,HNL,WN 2565,SWA,WN 2565,SWA,2025-11-27 15:15:00,Arr 1915,2025-11-27,False
SAN,HOU,WN 1705,SWA,WN 1705,SWA,2025-11-27 09:45:00,Arr 1441,2025-11-27,False
SAN,LAS,WN 657,SWA,WN 657,SWA,2025-11-27 08:40:00,Arr 0941,2025-11-27,False
SAN,LAS,WN 1292,SWA,WN 1292,SWA,2025-11-27 15:05:00,Arr 1610,2025-11-27,False
SAN,LAS,WN 1470,SWA,WN 1470,SWA,2025-11-27 13:00:00,Arr 1415,2025-11-27,False
SAN,LAS,WN 1517,SWA,WN 1517,SWA,2025-11-27 07:00:00,Arr 0803,2025-11-27,False
SAN,LAS,WN 1865,SWA,WN 1865,SWA,2025-11-27 09:35:00,Arr 1041,2025-11-27,False
SAN,LAS,WN 2546,SWA,WN 2546,SWA,2025-11-27 14:10:00,Arr 1515,2025-11-27,False
SAN,LAS,WN 2567,SWA,WN 2567,SWA,2025-11-27 11:25:00,Arr 1238,2025-11-27,False
SAN,MCI,WN 2449,SWA,WN 2449,SWA,2025-11-27 10:55:00,Arr 1547,2025-11-27,False
SAN,MDW,WN 1696,SWA,WN 1696,SWA,2025-11-27 12:05:00,Arr 1800,2025-11-27,False
SAN,MDW,WN 1887,SWA,WN 1887,SWA,2025-11-27 06:40:00,Arr 1233,2025-11-27,False
SAN,OAK,WN 435,SWA,WN 435,SWA,2025-11-27 13:05:00,Arr 1436,2025-11-27,False
SAN,OAK,WN 1475,SWA,WN 1475,SWA,2025-11-27 08:45:00,Arr 1007,2025-11-27,False
SAN,OAK,WN 2361,SWA,WN 2361,SWA,2025-11-27 07:05:00,Arr 0824,2025-11-27,False
SAN,OAK,WN 2571,SWA,WN 2571,SWA,2025-11-27 09:45:00,Arr 1100,2025-11-27,False
SAN,OAK,WN 2572,SWA,WN 2572,SWA,2025-11-27 12:05:00,Arr 1329,2025-11-27,False
SAN,OAK,WN 2573,SWA,WN 2573,SWA,2025-11-27 14:30:00,Arr 1549,2025-11-27,False
SAN,PHX,WN 1063,SWA,WN 1063,SWA,2025-11-27 10:00:00,Arr 1208,2025-11-27,False
SAN,PHX,WN 2295,SWA,WN 2295,SWA,2025-11-27 14:10:00,Arr 1610,2025-11-27,False
SAN,PHX,WN 2332,SWA,WN 2332,SWA,2025-11-27 12:50:00,Arr 1446,2025-11-27,False
SAN,PHX,WN 2464,SWA,WN 2464,SWA,2025-11-27 07:15:00,Arr 0913,2025-11-27,False
SAN,PHX,WN 2495,SWA,WN 2495,SWA,2025-11-27 11:20:00,Arr 1330,2025-11-27,False
SAN,RNO,WN 712,SWA,WN 712,SWA,2025-11-27 11:40:00,Arr 1302,2025-11-27,False
SAN,SAT,WN 2574,SWA,WN 2574,SWA,2025-11-27 07:30:00,Arr 1152,2025-11-27,False
SAN,SFO,WN 1152,SWA,WN 1152,SWA,2025-11-27 10:10:00,Arr 1124,2025-11-27,False
SAN,SFO,WN 1454,SWA,WN 1454,SWA,2025-11-27 13:55:00,Arr 1538 (+3min),2025-11-27,False
SAN,SFO,WN 2497,SWA,WN 2497,SWA,2025-11-27 08:35:00,Arr 1005,2025-11-27,False
SAN,SFO,WN 2576,SWA,WN 2576,SWA,2025-11-27 06:35:00,Arr 0752,2025-11-27,False
SAN,SJC,WN 142,SWA,WN 142,SWA,2025-11-27 08:45:00,Arr 1003,2025-11-27,False
SAN,SJC,WN 979,SWA,WN 979,SWA,2025-11-27 13:40:00,Arr 1448,2025-11-27,False
SAN,SJC,WN 992,SWA,WN 992,SWA,2025-11-27 08:05:00,Arr 0917,2025-11-27,False
SAN,SJC,WN 1422,SWA,WN 1422,SWA,2025-11-27 07:10:00,Arr 0823,2025-11-27,False
SAN,SJC,WN 1467,SWA,WN 1467,SWA,2025-11-27 10:20:00,Arr 1131,2025-11-27,False
SAN,SJC,WN 1549,SWA,WN 1549,SWA,2025-11-27 14:55:00,Arr 1607,2025-11-27,False
SAN,SJC,WN 2500,SWA,WN 2500,SWA,2025-11-27 11:40:00,Arr 1257,2025-11-27,False
SAN,SJC,WN 2581,SWA,WN 2581,SWA,2025-11-27 12:40:00,Arr 1359,2025-11-27,False
SAN,SLC,WN 550,SWA,WN 550,SWA,2025-11-27 12:25:00,Arr 1513,2025-11-27,False
SAN,SMF,WN 172,SWA,WN 172,SWA,2025-11-27 13:05:00,Arr 1454 (+4min),2025-11-27,False
SAN,SMF,WN 660,SWA,WN 660,SWA,2025-11-27 07:25:00,Arr 0902,2025-11-27,False
SAN,SMF,WN 1290,SWA,WN 1290,SWA,2025-11-27 12:25:00,Arr 1410,2025-11-27,False
SAN,SMF,WN 1737,SWA,WN 1737,SWA,2025-11-27 10:25:00,Arr 1151,2025-11-27,False
SAN,SMF,WN 2502,SWA,WN 2502,SWA,2025-11-27 13:50:00,Arr 1517,2025-11-27,False
SAN,SMF,WN 2583,SWA,WN 2583,SWA,2025-11-27 06:30:00,Arr 0801,2025-11-27,False
SAN,SMF,WN 2586,SWA,WN 2586,SWA,2025-11-27 08:25:00,Arr 0957,2025-11-27,False
SAN,SMF,WN 2589,SWA,WN 2589,SWA,2025-11-27 14:50:00,Arr 1626,2025-11-27,False
SAN,STL,WN 1951,SWA,WN 1951,SWA,2025-11-27 07:45:00,Arr 1304,2025-11-27,False
SAN,TUS,WN 2590,SWA,WN 2590,SWA,2025-11-27 14:05:00,Arr 1612,2025-11-27,False
SAT,ATL,WN 2591,SWA,WN 2591,SWA,2025-11-27 09:30:00,Arr 1224,2025-11-27,False
SAT,BNA,WN 699,SWA,WN 699,SWA,2025-11-27 06:40:00,Arr 0838,2025-11-27,False
SAT,BNA,WN 2504,SWA,WN 2504,SWA,2025-11-27 10:55:00,Arr 1246,2025-11-27,False
SAT,BWI,WN 946,SWA,WN 946,SWA,2025-11-27 05:30:00,Arr 0936,2025-11-27,False
SAT,DAL,WN 892,SWA,WN 892,SWA,2025-11-27 08:10:00,Arr 0906,2025-11-27,False
SAT,DAL,WN 1034,SWA,WN 1034,SWA,2025-11-27 09:35:00,Arr 1030,2025-11-27,False
SAT,DAL,WN 1220,SWA,WN 1220,SWA,2025-11-27 05:50:00,Arr 0647,2025-11-27,False
SAT,DAL,WN 1263,SWA,WN 1263,SWA,2025-11-27 13:35:00,Arr 1445,2025-11-27,False
SAT,DEN,WN 1348,SWA,WN 1348,SWA,2025-11-27 05:10:00,Arr 0618,2025-11-27,False
SAT,DEN,WN 2593,SWA,WN 2593,SWA,2025-11-27 12:55:00,Arr 1342,2025-11-27,False
SAT,ELP,WN 1544,SWA,WN 1544,SWA,2025-11-27 07:35:00,Arr 0749,2025-11-27,False
SAT,ELP,WN 1745,SWA,WN 1745,SWA,2025-11-27 15:10:00,Arr 1539,2025-11-27,False
SAT,HOU,WN 1110,SWA,WN 1110,SWA,2025-11-27 09:05:00,Arr 0933,2025-11-27,False
SAT,HOU,WN 1431,SWA,WN 1431,SWA,2025-11-27 13:45:00,Arr 1426,2025-11-27,False
SAT,HOU,WN 1676,SWA,WN 1676,SWA,2025-11-27 06:05:00,Arr 0649,2025-11-27,False
SAT,HOU,WN 1718,SWA,WN 1718,SWA,2025-11-27 12:00:00,Arr 1241,2025-11-27,False
SAT,LAS,WN 1161,SWA,WN 1161,SWA,2025-11-27 13:15:00,Arr 1349,2025-11-27,False
SAT,LAS,WN 2594,SWA,WN 2594,SWA,2025-11-27 05:40:00,Arr 0617,2025-11-27,False
SAT,LAX,WN 1082,SWA,WN 1082,SWA,2025-11-27 12:50:00,Arr 1347,2025-11-27,False
SAT,MCO,WN 371,SWA,WN 371,SWA,2025-11-27 11:15:00,Arr 1425,2025-11-27,False
SAT,MCO,WN 2595,SWA,WN 2595,SWA,2025-11-27 07:05:00,Arr 1032,2025-11-27,False
SAT,MDW,WN 1571,SWA,WN 1571,SWA,2025-11-27 09:45:00,Arr 1213,2025-11-27,False
SAT,PHX,WN 484,SWA,WN 484,SWA,2025-11-27 13:05:00,Arr 1429,2025-11-27,False
SAT,PHX,WN 2508,SWA,WN 2508,SWA,2025-11-27 05:20:00,Arr 0631,2025-11-27,False
SAT,SAN,WN 2596,SWA,WN 2596,SWA,2025-11-27 12:00:00,Arr 1247,2025-11-27,False
SAT,STL,WN 661,SWA,WN 661,SWA,2025-11-27 05:00:00,Arr 0703,2025-11-27,False
SAT,TPA,WN 2575,SWA,WN 2575,SWA,2025-11-27 12:50:00,Arr 1557,2025-11-27,False
SAV,BNA,WN 626,SWA,WN 626,SWA,2025-11-27 10:45:00,Arr 1107,2025-11-27,False
SAV,BWI,WN 716,SWA,WN 716,SWA,2025-11-27 12:35:00,Arr 1629 (+139min),2025-11-27,False
SAV,BWI,WN 2599,SWA,WN 2599,SWA,2025-11-27 09:15:00,Arr 1044,2025-11-27,False
SAV,DAL,WN 1202,SWA,WN 1202,SWA,2025-11-27 07:20:00,Arr 0852,2025-11-27,False
SBA,LAS,WN 1554,SWA,WN 1554,SWA,2025-11-27 05:20:00,Arr 0623,2025-11-27,False
SBA,LAS,WN 2392,SWA,WN 2392,SWA,2025-11-27 13:00:00,Arr 1409,2025-11-27,False
SBA,OAK,WN 1963,SWA,WN 1963,SWA,2025-11-27 10:40:00,Arr 1133,2025-11-27,False
SBA,SMF,WN 2600,SWA,WN 2600,SWA,2025-11-27 12:00:00,Arr 1703 (+213min),2025-11-27,False
SDF,BNA,WN 733,SWA,WN 733,SWA,2025-11-27 07:05:00,Arr 0659,2025-11-27,False
SDF,BWI,WN 2601,SWA,WN 2601,SWA,2025-11-27 05:45:00,Arr 0653,2025-11-27,False
SDF,DAL,WN 1306,SWA,WN 1306,SWA,2025-11-27 09:00:00,Arr 1007,2025-11-27,False
SDF,DEN,WN 162,SWA,WN 162,SWA,2025-11-27 13:25:00,Arr 1409,2025-11-27,False
SDF,MCO,WN 2602,SWA,WN 2602,SWA,2025-11-27 07:45:00,Arr 0955 (+5min),2025-11-27,False
SDF,MDW,WN 2603,SWA,WN 2603,SWA,2025-11-27 06:40:00,Arr 0643,2025-11-27,False
SEA,DEN,WN 1965,SWA,WN 1965,SWA,2025-11-27 09:50:00,Arr 1319,2025-11-27,False
SEA,DEN,WN 2604,SWA,WN 2604,SWA,2025-11-27 06:55:00,Arr 1024,2025-11-27,False
SEA,LAS,WN 1652,SWA,WN 1652,SWA,2025-11-27 11:30:00,Arr 1434 (+29min),2025-11-27,False
SEA,LAS,WN 1930,SWA,WN 1930,SWA,2025-11-27 05:00:00,Arr 0714,2025-11-27,False
SEA,MDW,WN 933,SWA,WN 933,SWA,2025-11-27 06:40:00,Arr 1225,2025-11-27,False
SEA,OAK,WN 203,SWA,WN 203,SWA,2025-11-27 06:20:00,Arr 0821,2025-11-27,False
SEA,OAK,WN 2061,SWA,WN 2061,SWA,2025-11-27 12:05:00,Arr 1408,2025-11-27,False
SEA,PHX,WN 2478,SWA,WN 2478,SWA,2025-11-27 10:50:00,Arr 1441 (+1min),2025-11-27,False
SEA,PHX,WN 2607,SWA,WN 2607,SWA,2025-11-27 05:25:00,Arr 0904,2025-11-27,False
SEA,SJC,WN 2608,SWA,WN 2608,SWA,2025-11-27 10:55:00,Arr 1249,2025-11-27,False
SEA,SJC,WN 2610,SWA,WN 2610,SWA,2025-11-27 13:35:00,Arr 1529,2025-11-27,False
SEA,SMF,WN 1451,SWA,WN 1451,SWA,2025-11-27 05:40:00,Arr 0711,2025-11-27,False
SEA,SMF,WN 1629,SWA,WN 1629,SWA,2025-11-27 12:25:00,Arr 1405,2025-11-27,False
SFO,AUS,WN 2498,SWA,WN 2498,SWA,2025-11-27 11:40:00,Arr 1718 (+8min),2025-11-27,False
SFO,BWI,WN 2613,SWA,WN 2613,SWA,2025-11-27 21:25:00,Arr 0500,2025-11-27,False
SFO,DEN,WN 428,SWA,WN 428,SWA,2025-11-27 06:45:00,Arr 1002,2025-11-27,False
SFO,DEN,WN 1474,SWA,WN 1474,SWA,2025-11-27 10:30:00,Arr 1348,2025-11-27,False
SFO,DEN,WN 2577,SWA,WN 2577,SWA,2025-11-27 08:55:00,Arr 1217,2025-11-27,False
SFO,LAS,WN 1425,SWA,WN 1425,SWA,2025-11-27 05:00:00,Arr 0623,2025-11-27,False
SFO,LAS,WN 1994,SWA,WN 1994,SWA,2025-11-27 09:30:00,Arr 1059,2025-11-27,False
SFO,LAS,WN 2002,SWA,WN 2002,SWA,2025-11-27 12:30:00,Arr 1356,2025-11-27,False
SFO,LAX,WN 1675,SWA,WN 1675,SWA,2025-11-27 07:35:00,Arr 0855,2025-11-27,False
SFO,LAX,WN 2616,SWA,WN 2616,SWA,2025-11-27 12:30:00,Arr 1342,2025-11-27,False
SFO,LAX,WN 2617,SWA,WN 2617,SWA,2025-11-27 15:05:00,Arr 1617,2025-11-27,False
SFO,MDW,WN 2618,SWA,WN 2618,SWA,2025-11-27 06:15:00,Arr 1215,2025-11-27,False
SFO,PHX,WN 790,SWA,WN 790,SWA,2025-11-27 11:25:00,Arr 1410,2025-11-27,False
SFO,PHX,WN 2456,SWA,WN 2456,SWA,2025-11-27 08:25:00,Arr 1104,2025-11-27,False
SFO,PHX,WN 2619,SWA,WN 2619,SWA,2025-11-27 05:20:00,Arr 0805,2025-11-27,False
SFO,SAN,WN 1481,SWA,WN 1481,SWA,2025-11-27 14:55:00,Arr 1622,2025-11-27,False
SFO,SAN,WN 1969,SWA,WN 1969,SWA,2025-11-27 06:30:00,Arr 0751,2025-11-27,False
SFO,SAN,WN 2620,SWA,WN 2620,SWA,2025-11-27 10:50:00,Arr 1233 (+13min),2025-11-27,False
SFO,SAN,WN 2621,SWA,WN 2621,SWA,2025-11-27 13:00:00,Arr 1426,2025-11-27,False
SJC,AUS,WN 359,SWA,WN 359,SWA,2025-11-27 07:25:00,Arr 1244,2025-11-27,False
SJC,BNA,WN 967,SWA,WN 967,SWA,2025-11-27 06:45:00,Arr 1249,2025-11-27,False
SJC,BOI,WN 586,SWA,WN 586,SWA,2025-11-27 09:20:00,Arr 1141,2025-11-27,False
SJC,BUR,WN 488,SWA,WN 488,SWA,2025-11-27 11:00:00,Arr 1204,2025-11-27,False
SJC,BUR,WN 851,SWA,WN 851,SWA,2025-11-27 07:15:00,Arr 0813,2025-11-27,False
SJC,BUR,WN 854,SWA,WN 854,SWA,2025-11-27 08:45:00,Arr 0935,2025-11-27,False
SJC,BUR,WN 875,SWA,WN 875,SWA,2025-11-27 12:25:00,Arr 1316,2025-11-27,False
SJC,BUR,WN 1484,SWA,WN 1484,SWA,2025-11-27 14:45:00,Arr 1541,2025-11-27,False
SJC,DAL,WN 753,SWA,WN 753,SWA,2025-11-27 07:05:00,Arr 1220,2025-11-27,False
SJC,DEN,WN 513,SWA,WN 513,SWA,2025-11-27 13:15:00,Arr 1628,2025-11-27,False
SJC,DEN,WN 1382,SWA,WN 1382,SWA,2025-11-27 10:35:00,Arr 1354,2025-11-27,False
SJC,DEN,WN 1508,SWA,WN 1508,SWA,2025-11-27 06:40:00,Arr 1004,2025-11-27,False
SJC,HNL,WN 2627,SWA,WN 2627,SWA,2025-11-27 07:00:00,Arr 1013,2025-11-27,False
SJC,HOU,WN 2628,SWA,WN 2628,SWA,2025-11-27 08:55:00,Arr 1424,2025-11-27,False
SJC,LAS,WN 577,SWA,WN 577,SWA,2025-11-27 14:00:00,Arr 1516,2025-11-27,False
SJC,LAS,WN 690,SWA,WN 690,SWA,2025-11-27 15:10:00,Arr 1616,2025-11-27,False
SJC,LAS,WN 1764,SWA,WN 1764,SWA,2025-11-27 10:45:00,Arr 1200,2025-11-27,False
SJC,LAS,WN 1917,SWA,WN 1917,SWA,2025-11-27 09:50:00,Arr 1116,2025-11-27,False
SJC,LAS,WN 1962,SWA,WN 1962,SWA,2025-11-27 11:35:00,Arr 1241,2025-11-27,False
SJC,LAS,WN 1981,SWA,WN 1981,SWA,2025-11-27 12:35:00,Arr 1440 (+35min),2025-11-27,False
SJC,LAS,WN 1989,SWA,WN 1989,SWA,2025-11-27 06:55:00,Arr 0812,2025-11-27,False
SJC,LAS,WN 2629,SWA,WN 2629,SWA,2025-11-27 07:50:00,Arr 0901,2025-11-27,False
SJC,LAX,WN 1604,SWA,WN 1604,SWA,2025-11-27 09:25:00,Arr 1034,2025-11-27,False
SJC,LAX,WN 1695,SWA,WN 1695,SWA,2025-11-27 14:45:00,Arr 1600,2025-11-27,False
SJC,LAX,WN 2631,SWA,WN 2631,SWA,2025-11-27 06:30:00,Arr 0739,2025-11-27,False
SJC,LAX,WN 2632,SWA,WN 2632,SWA,2025-11-27 12:10:00,Arr 1338 (+8min),2025-11-27,False
SJC,LGB,WN 1428,SWA,WN 1428,SWA,2025-11-27 08:00:00,Arr 0911,2025-11-27,False
SJC,LGB,WN 2633,SWA,WN 2633,SWA,2025-11-27 10:25:00,Arr 1134,2025-11-27,False
SJC,LGB,WN 2634,SWA,WN 2634,SWA,2025-11-27 13:35:00,Arr 1440,2025-11-27,False
SJC,MDW,WN 481,SWA,WN 481,SWA,2025-11-27 06:35:00,Arr 1258 (+13min),2025-11-27,False
SJC,ONT,WN 1499,SWA,WN 1499,SWA,2025-11-27 12:00:00,Arr 1310,2025-11-27,False
SJC,ONT,WN 2421,SWA,WN 2421,SWA,2025-11-27 07:30:00,Arr 0843,2025-11-27,False
SJC,ONT,WN 2637,SWA,WN 2637,SWA,2025-11-27 14:25:00,Arr 1527,2025-11-27,False
SJC,PDX,WN 986,SWA,WN 986,SWA,2025-11-27 14:00:00,Arr 1535,2025-11-27,False
SJC,PDX,WN 1967,SWA,WN 1967,SWA,2025-11-27 10:40:00,Arr 1233 (+3min),2025-11-27,False
SJC,PHX,WN 366,SWA,WN 366,SWA,2025-11-27 11:45:00,Arr 1425,2025-11-27,False
SJC,PHX,WN 1076,SWA,WN 1076,SWA,2025-11-27 14:00:00,Arr 1649,2025-11-27,False
SJC,PHX,WN 1679,SWA,WN 1679,SWA,2025-11-27 07:20:00,Arr 1000,2025-11-27,False
SJC,PHX,WN 2488,SWA,WN 2488,SWA,2025-11-27 09:00:00,Arr 1149,2025-11-27,False
SJC,RNO,WN 1948,SWA,WN 1948,SWA,2025-11-27 11:05:00,Arr 1153,2025-11-27,False
SJC,SAN,WN 212,SWA,WN 212,SWA,2025-11-27 12:00:00,Arr 1326 (+1min),2025-11-27,False
SJC,SAN,WN 1109,SWA,WN 1109,SWA,2025-11-27 08:45:00,Arr 1000,2025-11-27,False
SJC,SAN,WN 1177,SWA,WN 1177,SWA,2025-11-27 07:10:00,Arr 0823,2025-11-27,False
SJC,SAN,WN 2031,SWA,WN 2031,SWA,2025-11-27 10:35:00,Arr 1202 (+2min),2025-11-27,False
SJC,SAN,WN 2569,SWA,WN 2569,SWA,2025-11-27 09:55:00,Arr 1124 (+4min),2025-11-27,False
SJC,SAN,WN 2608,SWA,WN 2608,SWA,2025-11-27 13:40:00,Arr 1453,2025-11-27,False
SJC,SAN,WN 2642,SWA,WN 2642,SWA,2025-11-27 13:00:00,Arr 1418,2025-11-27,False
SJC,SAN,WN 2643,SWA,WN 2643,SWA,2025-11-27 14:50:00,Arr 1559,2025-11-27,False
SJC,SEA,WN 1749,SWA,WN 1749,SWA,2025-11-27 10:35:00,Arr 1242,2025-11-27,False
SJC,SEA,WN 2518,SWA,WN 2518,SWA,2025-11-27 13:50:00,Arr 1536,2025-11-27,False
SJC,SNA,WN 768,SWA,WN 768,SWA,2025-11-27 14:00:00,Arr 1508,2025-11-27,False
SJC,SNA,WN 2644,SWA,WN 2644,SWA,2025-11-27 07:45:00,Arr 0851,2025-11-27,False
SJC,SNA,WN 2646,SWA,WN 2646,SWA,2025-11-27 09:50:00,Arr 1059,2025-11-27,False
SJC,SNA,WN 2647,SWA,WN 2647,SWA,2025-11-27 12:00:00,Arr 1310,2025-11-27,False
SJU,BWI,WN 2648,SWA,WN 2648,SWA,2025-11-27 06:15:00,Arr 0925,2025-11-27,False
SJU,FLL,WN 1576,SWA,WN 1576,SWA,2025-11-27 06:55:00,Arr 0843,2025-11-27,False
SJU,MCO,WN 1189,SWA,WN 1189,SWA,2025-11-27 05:45:00,Arr 0749,2025-11-27,False
SJU,MCO,WN 1463,SWA,WN 1463,SWA,2025-11-27 11:20:00,Arr 1326,2025-11-27,False
SJU,MCO,WN 2167,SWA,WN 2167,SWA,2025-11-27 09:35:00,Arr 1153 (+3min),2025-11-27,False
SJU,MCO,WN 2649,SWA,WN 2649,SWA,2025-11-27 14:15:00,Arr 1611,2025-11-27,False
SJU,TPA,WN 2650,SWA,WN 2650,SWA,2025-11-27 10:40:00,Arr 1243,2025-11-27,False
SLC,BNA,WN 2651,SWA,WN 2651,SWA,2025-11-27 07:50:00,Arr 1151,2025-11-27,False
SLC,DAL,WN 2652,SWA,WN 2652,SWA,2025-11-27 09:05:00,Arr 1228,2025-11-27,False
SLC,DEN,WN 1376,SWA,WN 1376,SWA,2025-11-27 10:40:00,Arr 1149,2025-11-27,False
SLC,DEN,WN 1763,SWA,WN 1763,SWA,2025-11-27 08:30:00,Arr 1032 (+17min),2025-11-27,False
SLC,DEN,WN 2007,SWA,WN 2007,SWA,2025-11-27 12:45:00,Arr 1407,2025-11-27,False
SLC,HOU,WN 2735,SWA,WN 2735,SWA,2025-11-27 05:40:00,Arr 0923,2025-11-27,False
SLC,LAS,WN 1493,SWA,WN 1493,SWA,2025-11-27 13:10:00,Arr 1327,2025-11-27,False
SLC,LAX,WN 1753,SWA,WN 1753,SWA,2025-11-27 10:55:00,Arr 1201 (+6min),2025-11-27,False
SLC,LGB,WN 1490,SWA,WN 1490,SWA,2025-11-27 10:35:00,Arr 1104,2025-11-27,False
SLC,MDW,WN 1709,SWA,WN 1709,SWA,2025-11-27 08:10:00,Arr 1157,2025-11-27,False
SLC,OAK,WN 2355,SWA,WN 2355,SWA,2025-11-27 06:00:00,Arr 0707,2025-11-27,False
SLC,PHX,WN 897,SWA,WN 897,SWA,2025-11-27 11:30:00,Arr 1249,2025-11-27,False
SLC,PHX,WN 2516,SWA,WN 2516,SWA,2025-11-27 05:05:00,Arr 0635,2025-11-27,False
SLC,SAN,WN 1194,SWA,WN 1194,SWA,2025-11-27 09:50:00,Arr 1047,2025-11-27,False
SLC,SMF,WN 1466,SWA,WN 1466,SWA,2025-11-27 13:30:00,Arr 1358,2025-11-27,False
SMF,AUS,WN 330,SWA,WN 330,SWA,2025-11-27 07:35:00,Arr 1248,2025-11-27,False
SMF,BNA,WN 2060,SWA,WN 2060,SWA,2025-11-27 07:30:00,Arr 1314,2025-11-27,False
SMF,BOI,WN 600,SWA,WN 600,SWA,2025-11-27 15:00:00,Arr 1709,2025-11-27,False
SMF,BUR,WN 840,SWA,WN 840,SWA,2025-11-27 07:10:00,Arr 0816,2025-11-27,False
SMF,BUR,WN 856,SWA,WN 856,SWA,2025-11-27 11:40:00,Arr 1237,2025-11-27,False
SMF,BUR,WN 1323,SWA,WN 1323,SWA,2025-11-27 08:50:00,Arr 0955,2025-11-27,False
SMF,BUR,WN 1728,SWA,WN 1728,SWA,2025-11-27 15:25:00,Arr 1639,2025-11-27,False
SMF,BUR,WN 2659,SWA,WN 2659,SWA,2025-11-27 12:50:00,Arr 1352,2025-11-27,False
SMF,DAL,WN 1164,SWA,WN 1164,SWA,2025-11-27 05:30:00,Arr 1038,2025-11-27,False
SMF,DEN,WN 1169,SWA,WN 1169,SWA,2025-11-27 10:55:00,Arr 1400,2025-11-27,False
SMF,DEN,WN 2535,SWA,WN 2535,SWA,2025-11-27 14:15:00,Arr 1731,2025-11-27,False
SMF,DEN,WN 2661,SWA,WN 2661,SWA,2025-11-27 07:05:00,Arr 1012,2025-11-27,False
SMF,EUG,WN 105,SWA,WN 105,SWA,2025-11-27 15:00:00,Arr 1600,2025-11-27,False
SMF,GEG,WN 443,SWA,WN 443,SWA,2025-11-27 15:00:00,Arr 1631,2025-11-27,False
SMF,HNL,WN 1344,SWA,WN 1344,SWA,2025-11-27 08:55:00,Arr 1219,2025-11-27,False
SMF,KOA,WN 1810,SWA,WN 1810,SWA,2025-11-27 09:25:00,Arr 1237,2025-11-27,False
SMF,LAS,WN 179,SWA,WN 179,SWA,2025-11-27 09:50:00,Arr 1106,2025-11-27,False
SMF,LAS,WN 1307,SWA,WN 1307,SWA,2025-11-27 13:30:00,Arr 1453,2025-11-27,False
SMF,LAS,WN 1434,SWA,WN 1434,SWA,2025-11-27 11:20:00,Arr 1250 (+5min),2025-11-27,False
SMF,LAS,WN 1742,SWA,WN 1742,SWA,2025-11-27 08:20:00,Arr 0933,2025-11-27,False
SMF,LAS,WN 2019,SWA,WN 2019,SWA,2025-11-27 05:20:00,Arr 0633,2025-11-27,False
SMF,LAS,WN 2665,SWA,WN 2665,SWA,2025-11-27 15:25:00,Arr 1633,2025-11-27,False
SMF,LAX,WN 1187,SWA,WN 1187,SWA,2025-11-27 12:05:00,Arr 1317,2025-11-27,False
SMF,LAX,WN 1629,SWA,WN 1629,SWA,2025-11-27 14:55:00,Arr 1606,2025-11-27,False
SMF,LAX,WN 2046,SWA,WN 2046,SWA,2025-11-27 08:50:00,Arr 1012,2025-11-27,False
SMF,LAX,WN 2055,SWA,WN 2055,SWA,2025-11-27 07:00:00,Arr 0827,2025-11-27,False
SMF,LGB,WN 462,SWA,WN 462,SWA,2025-11-27 14:55:00,Arr 1602,2025-11-27,False
SMF,LGB,WN 2104,SWA,WN 2104,SWA,2025-11-27 07:15:00,Arr 0831,2025-11-27,False
SMF,LGB,WN 2666,SWA,WN 2666,SWA,2025-11-27 08:55:00,Arr 1018,2025-11-27,False
SMF,LGB,WN 2667,SWA,WN 2667,SWA,2025-11-27 12:25:00,Arr 1341,2025-11-27,False
SMF,MCO,WN 2669,SWA,WN 2669,SWA,2025-11-27 23:10:00,Arr 0653,2025-11-27,False
SMF,MDW,WN 1276,SWA,WN 1276,SWA,2025-11-27 06:25:00,Arr 1211,2025-11-27,False
SMF,ONT,WN 403,SWA,WN 403,SWA,2025-11-27 06:00:00,Arr 0709,2025-11-27,False
SMF,ONT,WN 1124,SWA,WN 1124,SWA,2025-11-27 13:00:00,Arr 1412,2025-11-27,False
SMF,ONT,WN 2424,SWA,WN 2424,SWA,2025-11-27 08:50:00,Arr 1009,2025-11-27,False
SMF,PDX,WN 2434,SWA,WN 2434,SWA,2025-11-27 15:00:00,Arr 1620,2025-11-27,False
SMF,PDX,WN 2691,SWA,WN 2691,SWA,2025-11-27 10:15:00,Arr 1136,2025-11-27,False
SMF,PHX,WN 787,SWA,WN 787,SWA,2025-11-27 10:15:00,Arr 1254,2025-11-27,False
SMF,PHX,WN 1301,SWA,WN 1301,SWA,2025-11-27 05:40:00,Arr 0818,2025-11-27,False
SMF,PHX,WN 2461,SWA,WN 2461,SWA,2025-11-27 08:10:00,Arr 1056,2025-11-27,False
SMF,PHX,WN 2671,SWA,WN 2671,SWA,2025-11-27 13:05:00,Arr 1543,2025-11-27,False
SMF,PSP,WN 1599,SWA,WN 1599,SWA,2025-11-27 08:50:00,Arr 1014,2025-11-27,False
SMF,SAN,WN 457,SWA,WN 457,SWA,2025-11-27 06:35:00,Arr 0752,2025-11-27,False
SMF,SAN,WN 1277,SWA,WN 1277,SWA,2025-11-27 15:00:00,Arr 1624,2025-11-27,False
SMF,SAN,WN 1496,SWA,WN 1496,SWA,2025-11-27 08:40:00,Arr 1010,2025-11-27,False
SMF,SAN,WN 1674,SWA,WN 1674,SWA,2025-11-27 11:55:00,Arr 1324,2025-11-27,False
SMF,SAN,WN 2559,SWA,WN 2559,SWA,2025-11-27 10:45:00,Arr 1205,2025-11-27,False
SMF,SAN,WN 2672,SWA,WN 2672,SWA,2025-11-27 05:50:00,Arr 0711,2025-11-27,False
SMF,SAN,WN 2673,SWA,WN 2673,SWA,2025-11-27 07:25:00,Arr 0843,2025-11-27,False
SMF,SBA,WN 2676,SWA,WN 2676,SWA,2025-11-27 10:05:00,Arr 1123,2025-11-27,False
SMF,SEA,WN 660,SWA,WN 660,SWA,2025-11-27 09:45:00,Arr 1142,2025-11-27,False
SMF,SEA,WN 2069,SWA,WN 2069,SWA,2025-11-27 15:00:00,Arr 1640,2025-11-27,False
SMF,SLC,WN 507,SWA,WN 507,SWA,2025-11-27 09:05:00,Arr 1122,2025-11-27,False
SMF,SNA,WN 1498,SWA,WN 1498,SWA,2025-11-27 10:40:00,Arr 1155,2025-11-27,False
SMF,SNA,WN 1586,SWA,WN 1586,SWA,2025-11-27 06:45:00,Arr 0801,2025-11-27,False
SMF,SNA,WN 2679,SWA,WN 2679,SWA,2025-11-27 08:50:00,Arr 1016,2025-11-27,False
SMF,SNA,WN 2681,SWA,WN 2681,SWA,2025-11-27 14:15:00,Arr 1531,2025-11-27,False
SNA,AUS,WN 579,SWA,WN 579,SWA,2025-11-27 07:10:00,Arr 1146,2025-11-27,False
SNA,DEN,WN 931,SWA,WN 931,SWA,2025-11-27 06:45:00,Arr 1013,2025-11-27,False
SNA,DEN,WN 2679,SWA,WN 2679,SWA,2025-11-27 10:55:00,Arr 1351,2025-11-27,False
SNA,LAS,WN 170,SWA,WN 170,SWA,2025-11-27 08:55:00,Arr 0946,2025-11-27,False
SNA,LAS,WN 1501,SWA,WN 1501,SWA,2025-11-27 10:20:00,Arr 1109,2025-11-27,False
SNA,LAS,WN 1833,SWA,WN 1833,SWA,2025-11-27 06:45:00,Arr 0754,2025-11-27,False
SNA,LAS,WN 1838,SWA,WN 1838,SWA,2025-11-27 13:30:00,Arr 1427,2025-11-27,False
SNA,OAK,WN 2517,SWA,WN 2517,SWA,2025-11-27 08:45:00,Arr 0953,2025-11-27,False
SNA,OAK,WN 2684,SWA,WN 2684,SWA,2025-11-27 06:45:00,Arr 0816,2025-11-27,False
SNA,OAK,WN 2685,SWA,WN 2685,SWA,2025-11-27 11:50:00,Arr 1304,2025-11-27,False
SNA,OAK,WN 2686,SWA,WN 2686,SWA,2025-11-27 14:45:00,Arr 1554,2025-11-27,False
SNA,PHX,WN 2023,SWA,WN 2023,SWA,2025-11-27 07:30:00,Arr 0933,2025-11-27,False
SNA,PHX,WN 2399,SWA,WN 2399,SWA,2025-11-27 12:15:00,Arr 1419,2025-11-27,False
SNA,PHX,WN 2645,SWA,WN 2645,SWA,2025-11-27 09:45:00,Arr 1156,2025-11-27,False
SNA,SJC,WN 853,SWA,WN 853,SWA,2025-11-27 09:55:00,Arr 1103,2025-11-27,False
SNA,SJC,WN 2518,SWA,WN 2518,SWA,2025-11-27 11:50:00,Arr 1254,2025-11-27,False
SNA,SJC,WN 2688,SWA,WN 2688,SWA,2025-11-27 08:30:00,Arr 0926,2025-11-27,False
SNA,SJC,WN 2690,SWA,WN 2690,SWA,2025-11-27 14:00:00,Arr 1512,2025-11-27,False
SNA,SMF,WN 1989,SWA,WN 1989,SWA,2025-11-27 10:40:00,Arr 1208,2025-11-27,False
SNA,SMF,WN 2044,SWA,WN 2044,SWA,2025-11-27 14:20:00,Arr 1537,2025-11-27,False
SNA,SMF,WN 2658,SWA,WN 2658,SWA,2025-11-27 12:50:00,Arr 1420,2025-11-27,False
SNA,SMF,WN 2691,SWA,WN 2691,SWA,2025-11-27 08:00:00,Arr 0918,2025-11-27,False
SRQ,BNA,WN 563,SWA,WN 563,SWA,2025-11-27 10:20:00,Arr 1103,2025-11-27,False
SRQ,BWI,WN 1052,SWA,WN 1052,SWA,2025-11-27 07:25:00,Arr 0920,2025-11-27,False
SRQ,BWI,WN 1056,SWA,WN 1056,SWA,2025-11-27 11:55:00,Arr 1350,2025-11-27,False
SRQ,MCO,WN 2012,SWA,WN 2012,SWA,2025-11-27 07:00:00,Arr 0728,2025-11-27,False
SRQ,MCO,WN 2161,SWA,WN 2161,SWA,2025-11-27 12:30:00,Arr 1321,2025-11-27,False
SRQ,MDW,WN 785,SWA,WN 785,SWA,2025-11-27 11:25:00,Arr 1301,2025-11-27,False
SRQ,STL,WN 2693,SWA,WN 2693,SWA,2025-11-27 09:50:00,Arr 1108,2025-11-27,False
STL,ATL,WN 202,SWA,WN 202,SWA,2025-11-27 07:50:00,Arr 1007,2025-11-27,False
STL,ATL,WN 1355,SWA,WN 1355,SWA,2025-11-27 14:00:00,Arr 1634 (+4min),2025-11-27,False
STL,AUS,WN 320,SWA,WN 320,SWA,2025-11-27 06:35:00,Arr 0821,2025-11-27,False
STL,AUS,WN 384,SWA,WN 384,SWA,2025-11-27 10:00:00,Arr 1150,2025-11-27,False
STL,BNA,WN 748,SWA,WN 748,SWA,2025-11-27 05:50:00,Arr 0644,2025-11-27,False
STL,BNA,WN 1086,SWA,WN 1086,SWA,2025-11-27 14:00:00,Arr 1522 (+12min),2025-11-27,False
STL,BOS,WN 1840,SWA,WN 1840,SWA,2025-11-27 08:00:00,Arr 1113,2025-11-27,False
STL,BOS,WN 2071,SWA,WN 2071,SWA,2025-11-27 14:00:00,Arr 1738 (+8min),2025-11-27,False
STL,BWI,WN 900,SWA,WN 900,SWA,2025-11-27 07:15:00,Arr 0958,2025-11-27,False
STL,BWI,WN 2087,SWA,WN 2087,SWA,2025-11-27 10:55:00,Arr 1339,2025-11-27,False
STL,CLE,WN 2696,SWA,WN 2696,SWA,2025-11-27 07:50:00,Arr 1003,2025-11-27,False
STL,CLT,WN 2326,SWA,WN 2326,SWA,2025-11-27 08:00:00,Arr 1031,2025-11-27,False
STL,CMH,WN 1143,SWA,WN 1143,SWA,2025-11-27 07:55:00,Arr 1016,2025-11-27,False
STL,DAL,WN 1243,SWA,WN 1243,SWA,2025-11-27 09:50:00,Arr 1129,2025-11-27,False
STL,DAL,WN 1343,SWA,WN 1343,SWA,2025-11-27 14:00:00,Arr 1527,2025-11-27,False
STL,DAL,WN 2697,SWA,WN 2697,SWA,2025-11-27 06:40:00,Arr 0806,2025-11-27,False
STL,DCA,WN 1309,SWA,WN 1309,SWA,2025-11-27 08:45:00,Arr 1141 (+1min),2025-11-27,False
STL,DCA,WN 2004,SWA,WN 2004,SWA,2025-11-27 11:35:00,Arr 1412,2025-11-27,False
STL,DEN,WN 1091,SWA,WN 1091,SWA,2025-11-27 10:40:00,Arr 1155,2025-11-27,False
STL,DEN,WN 2209,SWA,WN 2209,SWA,2025-11-27 13:40:00,Arr 1458,2025-11-27,False
STL,DEN,WN 2698,SWA,WN 2698,SWA,2025-11-27 05:45:00,Arr 0654,2025-11-27,False
STL,DEN,WN 2699,SWA,WN 2699,SWA,2025-11-27 15:20:00,Arr 1629,2025-11-27,False
STL,DSM,WN 1519,SWA,WN 1519,SWA,2025-11-27 10:00:00,Arr 1054,2025-11-27,False
STL,DTW,WN 1045,SWA,WN 1045,SWA,2025-11-27 07:50:00,Arr 1006,2025-11-27,False
STL,FLL,WN 1505,SWA,WN 1505,SWA,2025-11-27 11:25:00,Arr 1458,2025-11-27,False
STL,FLL,WN 2598,SWA,WN 2598,SWA,2025-11-27 07:50:00,Arr 1119,2025-11-27,False
STL,HOU,WN 1141,SWA,WN 1141,SWA,2025-11-27 09:50:00,Arr 1141,2025-11-27,False
STL,HOU,WN 1697,SWA,WN 1697,SWA,2025-11-27 05:25:00,Arr 0716,2025-11-27,False
STL,ICT,WN 336,SWA,WN 336,SWA,2025-11-27 10:00:00,Arr 1251 (+86min),2025-11-27,False
STL,JAX,WN 2700,SWA,WN 2700,SWA,2025-11-27 08:15:00,Arr 1055,2025-11-27,False
STL,LAS,WN 255,SWA,WN 255,SWA,2025-11-27 05:55:00,Arr 0716,2025-11-27,False
STL,LAS,WN 2180,SWA,WN 2180,SWA,2025-11-27 11:25:00,Arr 1257,2025-11-27,False
STL,LAS,WN 2345,SWA,WN 2345,SWA,2025-11-27 14:00:00,Arr 1617 (+42min),2025-11-27,False
STL,LAX,WN 794,SWA,WN 794,SWA,2025-11-27 10:00:00,Arr 1202,2025-11-27,False
STL,LGA,WN 1949,SWA,WN 1949,SWA,2025-11-27 07:10:00,Arr 1015,2025-11-27,False
STL,LGA,WN 2702,SWA,WN 2702,SWA,2025-11-27 12:25:00,Arr 1532,2025-11-27,False
STL,LIT,WN 1548,SWA,WN 1548,SWA,2025-11-27 09:50:00,Arr 1049,2025-11-27,False
STL,MCI,WN 1532,SWA,WN 1532,SWA,2025-11-27 09:50:00,Arr 1039,2025-11-27,False
STL,MCO,WN 1006,SWA,WN 1006,SWA,2025-11-27 07:50:00,Arr 1112 (+2min),2025-11-27,False
STL,MCO,WN 1107,SWA,WN 1107,SWA,2025-11-27 09:45:00,Arr 1442 (+97min),2025-11-27,False
STL,MCO,WN 2413,SWA,WN 2413,SWA,2025-11-27 14:00:00,Arr 1705,2025-11-27,False
STL,MCO,WN 2703,SWA,WN 2703,SWA,2025-11-27 05:20:00,Arr 0830,2025-11-27,False
STL,MDW,WN 2093,SWA,WN 2093,SWA,2025-11-27 13:05:00,Arr 1357,2025-11-27,False
STL,MDW,WN 2706,SWA,WN 2706,SWA,2025-11-27 06:25:00,Arr 0722,2025-11-27,False
STL,MIA,WN 2146,SWA,WN 2146,SWA,2025-11-27 07:50:00,Arr 1125,2025-11-27,False
STL,MKE,WN 2091,SWA,WN 2091,SWA,2025-11-27 08:55:00,Arr 0953,2025-11-27,False
STL,MSP,WN 2223,SWA,WN 2223,SWA,2025-11-27 12:05:00,Arr 1324,2025-11-27,False
STL,MSY,WN 735,SWA,WN 735,SWA,2025-11-27 09:25:00,Arr 1059,2025-11-27,False
STL,OKC,WN 1094,SWA,WN 1094,SWA,2025-11-27 14:20:00,Arr 1529,2025-11-27,False
STL,OKC,WN 1468,SWA,WN 1468,SWA,2025-11-27 09:50:00,Arr 1110,2025-11-27,False
STL,OMA,WN 278,SWA,WN 278,SWA,2025-11-27 09:50:00,Arr 1100,2025-11-27,False
STL,PHL,WN 1591,SWA,WN 1591,SWA,2025-11-27 14:00:00,Arr 1713 (+8min),2025-11-27,False
STL,PHX,WN 801,SWA,WN 801,SWA,2025-11-27 12:10:00,Arr 1426,2025-11-27,False
STL,PHX,WN 2513,SWA,WN 2513,SWA,2025-11-27 06:00:00,Arr 0809,2025-11-27,False
STL,PIT,WN 2150,SWA,WN 2150,SWA,2025-11-27 07:50:00,Arr 1019,2025-11-27,False
STL,RDU,WN 1523,SWA,WN 1523,SWA,2025-11-27 08:05:00,Arr 1145 (+50min),2025-11-27,False
STL,RSW,WN 1166,SWA,WN 1166,SWA,2025-11-27 08:00:00,Arr 1112,2025-11-27,False
STL,RSW,WN 1953,SWA,WN 1953,SWA,2025-11-27 14:35:00,Arr 1748,2025-11-27,False
STL,SAN,WN 2333,SWA,WN 2333,SWA,2025-11-27 10:00:00,Arr 1150,2025-11-27,False
STL,SAT,WN 1589,SWA,WN 1589,SWA,2025-11-27 09:50:00,Arr 1145,2025-11-27,False
STL,SRQ,WN 1225,SWA,WN 1225,SWA,2025-11-27 13:05:00,Arr 1605,2025-11-27,False
STL,TPA,WN 2412,SWA,WN 2412,SWA,2025-11-27 08:00:00,Arr 1110,2025-11-27,False
STL,TUL,WN 2220,SWA,WN 2220,SWA,2025-11-27 09:50:00,Arr 1107,2025-11-27,False
TPA,ATL,WN 264,SWA,WN 264,SWA,2025-11-27 08:35:00,Arr 0949,2025-11-27,False
TPA,AUS,WN 335,SWA,WN 335,SWA,2025-11-27 12:30:00,Arr 1357,2025-11-27,False
TPA,AUS,WN 427,SWA,WN 427,SWA,2025-11-27 07:55:00,Arr 0924,2025-11-27,False
TPA,BHM,WN 1039,SWA,WN 1039,SWA,2025-11-27 07:50:00,Arr 0805,2025-11-27,False
TPA,BNA,WN 554,SWA,WN 554,SWA,2025-11-27 10:40:00,Arr 1128,2025-11-27,False
TPA,BNA,WN 2709,SWA,WN 2709,SWA,2025-11-27 07:10:00,Arr 0800,2025-11-27,False
TPA,BUF,WN 2710,SWA,WN 2710,SWA,2025-11-27 08:15:00,Arr 1031,2025-11-27,False
TPA,BWI,WN 973,SWA,WN 973,SWA,2025-11-27 06:45:00,Arr 0837,2025-11-27,False
TPA,BWI,WN 1908,SWA,WN 1908,SWA,2025-11-27 13:55:00,Arr 1555,2025-11-27,False
TPA,BWI,WN 2058,SWA,WN 2058,SWA,2025-11-27 12:00:00,Arr 1358,2025-11-27,False
TPA,BWI,WN 2711,SWA,WN 2711,SWA,2025-11-27 09:25:00,Arr 1113,2025-11-27,False
TPA,CMH,WN 1375,SWA,WN 1375,SWA,2025-11-27 08:05:00,Arr 1002,2025-11-27,False
TPA,DAL,WN 1469,SWA,WN 1469,SWA,2025-11-27 11:25:00,Arr 1257,2025-11-27,False
TPA,DCA,WN 2714,SWA,WN 2714,SWA,2025-11-27 13:20:00,Arr 1513,2025-11-27,False
TPA,DEN,WN 1160,SWA,WN 1160,SWA,2025-11-27 05:05:00,Arr 0711 (+1min),2025-11-27,False
TPA,DEN,WN 1483,SWA,WN 1483,SWA,2025-11-27 12:05:00,Arr 1357,2025-11-27,False
TPA,HOU,WN 1671,SWA,WN 1671,SWA,2025-11-27 13:05:00,Arr 1420,2025-11-27,False
TPA,HOU,WN 1756,SWA,WN 1756,SWA,2025-11-27 05:40:00,Arr 0646,2025-11-27,False
TPA,IND,WN 1777,SWA,WN 1777,SWA,2025-11-27 10:15:00,Arr 1211,2025-11-27,False
TPA,LAS,WN 1345,SWA,WN 1345,SWA,2025-11-27 10:55:00,Arr 1316 (+16min),2025-11-27,False
TPA,MCI,WN 888,SWA,WN 888,SWA,2025-11-27 07:15:00,Arr 0900,2025-11-27,False
TPA,MDW,WN 1182,SWA,WN 1182,SWA,2025-11-27 13:25:00,Arr 1445,2025-11-27,False
TPA,MDW,WN 2249,SWA,WN 2249,SWA,2025-11-27 10:25:00,Arr 1159,2025-11-27,False
TPA,MDW,WN 2300,SWA,WN 2300,SWA,2025-11-27 06:00:00,Arr 0737,2025-11-27,False
TPA,MKE,WN 2718,SWA,WN 2718,SWA,2025-11-27 12:00:00,Arr 1340,2025-11-27,False
TPA,MSY,WN 2070,SWA,WN 2070,SWA,2025-11-27 08:00:00,Arr 0827,2025-11-27,False
TPA,ORD,WN 2719,SWA,WN 2719,SWA,2025-11-27 10:20:00,Arr 1157,2025-11-27,False
TPA,PHX,WN 1882,SWA,WN 1882,SWA,2025-11-27 11:50:00,Arr 1414,2025-11-27,False
TPA,PIT,WN 1650,SWA,WN 1650,SWA,2025-11-27 14:05:00,Arr 1602,2025-11-27,False
TPA,RDU,WN 615,SWA,WN 615,SWA,2025-11-27 08:20:00,Arr 0947,2025-11-27,False
TPA,SAT,WN 1110,SWA,WN 1110,SWA,2025-11-27 06:40:00,Arr 0803,2025-11-27,False
TPA,SJU,WN 454,SWA,WN 454,SWA,2025-11-27 12:35:00,Arr 1637 (+7min),2025-11-27,False
TPA,STL,WN 2121,SWA,WN 2121,SWA,2025-11-27 07:35:00,Arr 0852,2025-11-27,False
TUL,BNA,WN 942,SWA,WN 942,SWA,2025-11-27 07:10:00,Arr 0835,2025-11-27,False
TUL,DAL,WN 1011,SWA,WN 1011,SWA,2025-11-27 07:30:00,Arr 0812,2025-11-27,False
TUL,DEN,WN 1762,SWA,WN 1762,SWA,2025-11-27 12:25:00,Arr 1257,2025-11-27,False
TUL,DEN,WN 2721,SWA,WN 2721,SWA,2025-11-27 06:15:00,Arr 0713 (+8min),2025-11-27,False
TUL,HOU,WN 2722,SWA,WN 2722,SWA,2025-11-27 05:15:00,Arr 0636,2025-11-27,False
TUL,LAS,WN 869,SWA,WN 869,SWA,2025-11-27 05:30:00,Arr 0612,2025-11-27,False
TUL,PHX,WN 2220,SWA,WN 2220,SWA,2025-11-27 12:00:00,Arr 1326,2025-11-27,False
TUL,STL,WN 2705,SWA,WN 2705,SWA,2025-11-27 05:45:00,Arr 0657,2025-11-27,False
TUS,DEN,WN 910,SWA,WN 910,SWA,2025-11-27 12:15:00,Arr 1740 (+210min),2025-11-27,False
TUS,DEN,WN 1643,SWA,WN 1643,SWA,2025-11-27 08:35:00,Arr 1031 (+1min),2025-11-27,False
TUS,LAS,WN 370,SWA,WN 370,SWA,2025-11-27 06:05:00,Arr 0610,2025-11-27,False
TUS,LAS,WN 1912,SWA,WN 1912,SWA,2025-11-27 13:45:00,Arr 1351,2025-11-27,False
TUS,LAS,WN 1978,SWA,WN 1978,SWA,2025-11-27 10:30:00,Arr 1035,2025-11-27,False
TUS,LAX,WN 1926,SWA,WN 1926,SWA,2025-11-27 10:45:00,Arr 1104,2025-11-27,False
TUS,MDW,WN 1597,SWA,WN 1597,SWA,2025-11-27 08:10:00,Arr 1220,2025-11-27,False
TUS,SAN,WN 2587,SWA,WN 2587,SWA,2025-11-27 07:25:00,Arr 0726,2025-11-27,False
VPS,BNA,WN 1315,SWA,WN 1315,SWA,2025-11-27 12:15:00,Arr 1331,2025-11-27,False
VPS,BNA,WN 1725,SWA,WN 1725,SWA,2025-11-27 07:00:00,Arr 0816,2025-11-27,False
VPS,DAL,WN 746,SWA,WN 746,SWA,2025-11-27 10:05:00,Arr 1159,2025-11-27,False
ORF,JFK,AA 4336,AAL,YX 4336,MEP,2025-11-27 08:50:00,Arr 0953,2025-11-27,False
CVG,JFK,AA 4337,AAL,YX 4337,MEP,2025-11-27 13:45:00,Arr 1558,2025-11-27,False
JFK,CVG,AA 4338,AAL,YX 4338,MEP,2025-11-27 10:59:00,Arr 1308,2025-11-27,False
LGA,DTW,AA 4339,AAL,YX 4339,MEP,2025-11-27 08:22:00,Arr 1005,2025-11-27,False
DCA,IND,AA 4340,AAL,YX 4340,MEP,2025-11-27 06:45:00,Arr 0905 (+20min),2025-11-27,False
PIT,DCA,AA 4344,AAL,YX 4344,MEP,2025-11-27 08:04:00,Arr 0905,2025-11-27,False
JFK,BNA,AA 4350,AAL,YX 4350,MEP,2025-11-27 13:00:00,Arr 1451 (+11min),2025-11-27,False
IND,DCA,AA 4352,AAL,YX 4352,MEP,2025-11-27 09:15:00,Arr 1041,2025-11-27,False
LGA,OKC,AA 4355,AAL,YX 4355,MEP,2025-11-27 09:00:00,Arr 1158,2025-11-27,False
ORD,BDL,AA 4358,AAL,YX 4358,MEP,2025-11-27 08:25:00,Arr 1128,2025-11-27,False
CMH,DCA,AA 4360,AAL,YX 4360,MEP,2025-11-27 06:12:00,Arr 0726,2025-11-27,False
DCA,JFK,AA 4361,AAL,YX 4361,MEP,2025-11-27 12:26:00,Arr 1332,2025-11-27,False
JFK,PIT,AA 4362,AAL,YX 4362,MEP,2025-11-27 12:09:00,Arr 1347,2025-11-27,False
BOS,DCA,AA 4366,AAL,YX 4366,MEP,2025-11-27 11:00:00,Arr 1424 (+85min),2025-11-27,False
DCA,BOS,AA 4366,AAL,YX 4366,MEP,2025-11-27 07:59:00,Arr 0921,2025-11-27,False
LGA,BOS,AA 4367,AAL,YX 4367,MEP,2025-11-27 06:00:00,Arr 0707,2025-11-27,False
BNA,LGA,AA 4370,AAL,YX 4370,MEP,2025-11-27 06:00:00,Arr 0919,2025-11-27,False
LGA,DCA,AA 4371,AAL,YX 4371,MEP,2025-11-27 12:10:00,Arr 1340 (+7min),2025-11-27,False
MEM,DCA,AA 4372,AAL,YX 4372,MEP,2025-11-27 06:00:00,Arr 0852,2025-11-27,False
CHS,LGA,AA 4375,AAL,YX 4375,MEP,2025-11-27 07:00:00,Arr 0834,2025-11-27,False
SDF,BOS,AA 4377,AAL,YX 4377,MEP,2025-11-27 11:15:00,Arr 1313,2025-11-27,False
LGA,DCA,AA 4380,AAL,YX 4380,MEP,2025-11-27 09:09:00,Arr 1030,2025-11-27,False
ORD,BOS,AA 4384,AAL,YX 4384,MEP,2025-11-27 15:00:00,Arr 1801,2025-11-27,False
LGA,DCA,AA 4386,AAL,YX 4386,MEP,2025-11-27 10:23:00,Arr 1130,2025-11-27,False
BOS,CMH,AA 4389,AAL,YX 4389,MEP,2025-11-27 07:30:00,Arr 0941,2025-11-27,False
CMH,BOS,AA 4389,AAL,YX 4389,MEP,2025-11-27 10:35:00,Arr 1207,2025-11-27,False
BOS,LGA,AA 4393,AAL,YX 4393,MEP,2025-11-27 08:00:00,Arr 0917,2025-11-27,False
DCA,JFK,AA 4396,AAL,YX 4396,MEP,2025-11-27 06:10:00,Arr 0710,2025-11-27,False
DCA,CMH,AA 4399,AAL,YX 4399,MEP,2025-11-27 13:44:00,Arr 1617 (+55min),2025-11-27,False
MSN,LGA,AA 4400,AAL,YX 4400,MEP,2025-11-27 08:34:00,Arr 1135,2025-11-27,False
ORD,RDU,AA 4403,AAL,YX 4403,MEP,2025-11-27 13:54:00,Arr 1922 (+140min),2025-11-27,False
LGA,MSN,AA 4404,AAL,YX 4404,MEP,2025-11-27 11:00:00,Arr 1219,2025-11-27,False
JFK,CMH,AA 4405,AAL,YX 4405,MEP,2025-11-27 13:45:00,Arr 1522,2025-11-27,False
SYR,ORD,AA 4408,AAL,YX 4408,MEP,2025-11-27 07:26:00,Arr 1003 (+70min),2025-11-27,False
LGA,DTW,AA 4412,AAL,YX 4412,MEP,2025-11-27 13:30:00,Arr 1511,2025-11-27,False
DCA,LGA,AA 4416,AAL,YX 4416,MEP,2025-11-27 06:25:00,Arr 0716,2025-11-27,False
DCA,LGA,AA 4417,AAL,YX 4417,MEP,2025-11-27 10:00:00,Arr 1110,2025-11-27,False
AVL,LGA,AA 4418,AAL,YX 4418,MEP,2025-11-27 10:42:00,Arr 1216,2025-11-27,False
LGA,AVL,AA 4418,AAL,YX 4418,MEP,2025-11-27 08:00:00,Arr 1005,2025-11-27,False
LGA,GSO,AA 4419,AAL,YX 4419,MEP,2025-11-27 09:00:00,Arr 1118 (+12min),2025-11-27,False
ORD,SYR,AA 4420,AAL,YX 4420,MEP,2025-11-27 11:50:00,Arr 1416,2025-11-27,False
LGA,ILM,AA 4422,AAL,YX 4422,MEP,2025-11-27 09:59:00,Arr 1150,2025-11-27,False
BOS,LGA,AA 4424,AAL,YX 4424,MEP,2025-11-27 06:00:00,Arr 0712,2025-11-27,False
ORD,BNA,AA 4430,AAL,YX 4430,MEP,2025-11-27 08:06:00,Arr 1109 (+83min),2025-11-27,False
ATL,LGA,AA 4431,AAL,YX 4431,MEP,2025-11-27 06:00:00,Arr 0802,2025-11-27,False
CAE,LGA,AA 4433,AAL,YX 4433,MEP,2025-11-27 06:00:00,Arr 0724,2025-11-27,False
CMH,PHL,AA 4434,AAL,YX 4434,MEP,2025-11-27 08:00:00,Arr 0938,2025-11-27,False
DCA,LGA,AA 4436,AAL,YX 4436,MEP,2025-11-27 12:35:00,Arr 1331,2025-11-27,False
ROC,ORD,AA 4441,AAL,YX 4441,MEP,2025-11-27 06:37:00,Arr 0844 (+54min),2025-11-27,False
LGA,PIT,AA 4448,AAL,YX 4448,MEP,2025-11-27 06:29:00,Arr 0753,2025-11-27,False
RIC,LGA,AA 4451,AAL,YX 4451,MEP,2025-11-27 06:00:00,Arr 0658,2025-11-27,False
JFK,CLE,AA 4452,AAL,YX 4452,MEP,2025-11-27 09:45:00,Arr 1126,2025-11-27,False
LGA,BOS,AA 4454,AAL,YX 4454,MEP,2025-11-27 10:00:00,Arr 1052,2025-11-27,False
DCA,BOS,AA 4455,AAL,YX 4455,MEP,2025-11-27 06:45:00,Arr 0824 (+1min),2025-11-27,False
LGA,RDU,AA 4459,AAL,YX 4459,MEP,2025-11-27 08:30:00,Arr 1011,2025-11-27,False
RDU,LGA,AA 4459,AAL,YX 4459,MEP,2025-11-27 10:56:00,Arr 1225,2025-11-27,False
LGA,ATL,AA 4460,AAL,YX 4460,MEP,2025-11-27 12:00:00,Arr 1523 (+48min),2025-11-27,False
DCA,DSM,AA 4463,AAL,YX 4463,MEP,2025-11-27 10:50:00,Arr 1226,2025-11-27,False
PHL,STL,AA 4464,AAL,YX 4464,MEP,2025-11-27 10:40:00,Arr 1212,2025-11-27,False
PIT,PHL,AA 4467,AAL,YX 4467,MEP,2025-11-27 07:40:00,Arr 0835,2025-11-27,False
ALB,ORD,AA 4468,AAL,YX 4468,MEP,2025-11-27 07:01:00,Arr 0850,2025-11-27,False
PHL,CMH,AA 4471,AAL,YX 4471,MEP,2025-11-27 10:48:00,Arr 1224,2025-11-27,False
LGA,STL,AA 4475,AAL,YX 4475,MEP,2025-11-27 11:00:00,Arr 1338 (+45min),2025-11-27,False
SDF,ORD,AA 4476,AAL,YX 4476,MEP,2025-11-27 12:44:00,Arr 1303,2025-11-27,False
DTW,LGA,AA 4477,AAL,YX 4477,MEP,2025-11-27 06:01:00,Arr 0759,2025-11-27,False
ATL,LGA,AA 4478,AAL,YX 4478,MEP,2025-11-27 12:00:00,Arr 1346,2025-11-27,False
LGA,ATL,AA 4478,AAL,YX 4478,MEP,2025-11-27 08:40:00,Arr 1109,2025-11-27,False
STL,LGA,AA 4486,AAL,YX 4486,MEP,2025-11-27 06:00:00,Arr 1212 (+161min),2025-11-27,False
LGA,DCA,AA 4487,AAL,YX 4487,MEP,2025-11-27 06:30:00,Arr 0735,2025-11-27,False
IND,PHL,AA 4489,AAL,YX 4489,MEP,2025-11-27 07:50:00,Arr 0935,2025-11-27,False
LGA,CHS,AA 4492,AAL,YX 4492,MEP,2025-11-27 09:30:00,Arr 1138,2025-11-27,False
STL,BOS,AA 4493,AAL,YX 4493,MEP,2025-11-27 09:53:00,Arr 1310,2025-11-27,False
PIT,LGA,AA 4498,AAL,YX 4498,MEP,2025-11-27 08:57:00,Arr 0954,2025-11-27,False
LGA,BOS,AA 4499,AAL,YX 4499,MEP,2025-11-27 08:00:00,Arr 0847,2025-11-27,False
BOS,STL,AA 4500,AAL,YX 4500,MEP,2025-11-27 07:00:00,Arr 0904,2025-11-27,False
IND,ORD,AA 4504,AAL,YX 4504,MEP,2025-11-27 10:30:00,Arr 1050,2025-11-27,False
LGA,CAE,AA 4506,AAL,YX 4506,MEP,2025-11-27 09:45:00,Arr 1153,2025-11-27,False
RDU,JFK,AA 4510,AAL,YX 4510,MEP,2025-11-27 05:25:00,Arr 0649,2025-11-27,False
CHA,ORD,AA 4512,AAL,YX 4512,MEP,2025-11-27 06:15:00,Arr 0657,2025-11-27,False
LGA,PIT,AA 4514,AAL,YX 4514,MEP,2025-11-27 13:21:00,Arr 1443,2025-11-27,False
LGA,TUL,AA 4516,AAL,YX 4516,MEP,2025-11-27 09:00:00,Arr 1151,2025-11-27,False
LGA,CMH,AA 4517,AAL,YX 4517,MEP,2025-11-27 09:00:00,Arr 1100,2025-11-27,False
LGA,XNA,AA 4518,AAL,YX 4518,MEP,2025-11-27 08:40:00,Arr 1105,2025-11-27,False
BNA,ORD,AA 4521,AAL,YX 4521,MEP,2025-11-27 12:00:00,Arr 1328,2025-11-27,False
DCA,SYR,AA 4524,AAL,YX 4524,MEP,2025-11-27 14:13:00,Arr 1509,2025-11-27,False
PIT,ORD,AA 4525,AAL,YX 4525,MEP,2025-11-27 13:00:00,Arr 1414 (+20min),2025-11-27,False
JFK,ORF,AA 4527,AAL,YX 4527,MEP,2025-11-27 11:40:00,Arr 1301,2025-11-27,False
PIT,RDU,AA 4531,AAL,YX 4531,MEP,2025-11-27 09:01:00,Arr 1056 (+24min),2025-11-27,False
RDU,PIT,AA 4532,AAL,YX 4532,MEP,2025-11-27 07:00:00,Arr 0806,2025-11-27,False
LGA,GSP,AA 4534,AAL,YX 4534,MEP,2025-11-27 10:30:00,Arr 1241,2025-11-27,False
OKC,LGA,AA 4535,AAL,YX 4535,MEP,2025-11-27 06:05:00,Arr 1003,2025-11-27,False
IND,ORD,AA 4537,AAL,YX 4537,MEP,2025-11-27 13:40:00,Arr 1411 (+10min),2025-11-27,False
JFK,DCA,AA 4538,AAL,YX 4538,MEP,2025-11-27 08:25:00,Arr 0939,2025-11-27,False
MSP,ORD,AA 4543,AAL,YX 4543,MEP,2025-11-27 09:15:00,Arr 1030,2025-11-27,False
ORD,CHS,AA 4547,AAL,YX 4547,MEP,2025-11-27 15:00:00,Arr 1801,2025-11-27,False
ORD,MEM,AA 4548,AAL,YX 4548,MEP,2025-11-27 15:10:00,Arr 1637,2025-11-27,False
SDF,DCA,AA 4549,AAL,YX 4549,MEP,2025-11-27 06:00:00,Arr 0735,2025-11-27,False
CMH,ORD,AA 4551,AAL,YX 4551,MEP,2025-11-27 13:30:00,Arr 1345,2025-11-27,False
ATL,LGA,AA 4557,AAL,YX 4557,MEP,2025-11-27 09:00:00,Arr 1114,2025-11-27,False
LGA,ATL,AA 4557,AAL,YX 4557,MEP,2025-11-27 06:00:00,Arr 0841 (+11min),2025-11-27,False
LGA,RDU,AA 4560,AAL,YX 4560,MEP,2025-11-27 12:15:00,Arr 1354,2025-11-27,False
DCA,BUF,AA 4563,AAL,YX 4563,MEP,2025-11-27 11:30:00,Arr 1242,2025-11-27,False
MEM,LGA,AA 4564,AAL,YX 4564,MEP,2025-11-27 06:00:00,Arr 0931,2025-11-27,False
LGA,IND,AA 4565,AAL,YX 4565,MEP,2025-11-27 08:40:00,Arr 1055,2025-11-27,False
BOS,JFK,AA 4566,AAL,YX 4566,MEP,2025-11-27 06:00:00,Arr 0708,2025-11-27,False
BNA,RDU,AA 4567,AAL,YX 4567,MEP,2025-11-27 07:30:00,Arr 0943,2025-11-27,False
PIT,JFK,AA 4568,AAL,YX 4568,MEP,2025-11-27 09:25:00,Arr 1109 (+9min),2025-11-27,False
STL,ORD,AA 4572,AAL,YX 4572,MEP,2025-11-27 06:00:00,Arr 0719,2025-11-27,False
GSO,LGA,AA 4578,AAL,YX 4578,MEP,2025-11-27 06:00:00,Arr 0740,2025-11-27,False
LGA,PIT,AA 4579,AAL,YX 4579,MEP,2025-11-27 11:10:00,Arr 1230,2025-11-27,False
TUL,LGA,AA 4581,AAL,YX 4581,MEP,2025-11-27 06:00:00,Arr 1010,2025-11-27,False
RDU,ORD,AA 4583,AAL,YX 4583,MEP,2025-11-27 12:30:00,Arr 1340,2025-11-27,False
DCA,RDU,AA 4584,AAL,YX 4584,MEP,2025-11-27 08:30:00,Arr 1012 (+12min),2025-11-27,False
RDU,DCA,AA 4584,AAL,YX 4584,MEP,2025-11-27 10:30:00,Arr 1139,2025-11-27,False
CLE,JFK,AA 4588,AAL,YX 4588,MEP,2025-11-27 12:17:00,Arr 1410,2025-11-27,False
LGA,RIC,AA 4591,AAL,YX 4591,MEP,2025-11-27 09:00:00,Arr 1015,2025-11-27,False
IND,JFK,AA 4592,AAL,YX 4592,MEP,2025-11-27 12:35:00,Arr 1458 (+7min),2025-11-27,False
IND,BOS,AA 4594,AAL,YX 4594,MEP,2025-11-27 07:30:00,Arr 0927,2025-11-27,False
ORD,STL,AA 4595,AAL,YX 4595,MEP,2025-11-27 15:00:00,Arr 1602,2025-11-27,False
DCA,EYW,AA 4597,AAL,YX 4597,MEP,2025-11-27 07:39:00,Arr 1035,2025-11-27,False
MEM,ORD,AA 4608,AAL,YX 4608,MEP,2025-11-27 06:50:00,Arr 0839,2025-11-27,False
BOS,CVG,AA 4609,AAL,YX 4609,MEP,2025-11-27 06:00:00,Arr 0824,2025-11-27,False
PIT,LGA,AA 4610,AAL,YX 4610,MEP,2025-11-27 07:00:00,Arr 0816,2025-11-27,False
DCA,ROC,AA 4614,AAL,YX 4614,MEP,2025-11-27 10:04:00,Arr 1126,2025-11-27,False
ORD,IND,AA 4615,AAL,YX 4615,MEP,2025-11-27 12:30:00,Arr 1407,2025-11-27,False
CHS,ORD,AA 4616,AAL,YX 4616,MEP,2025-11-27 07:32:00,Arr 0848,2025-11-27,False
BOS,ORD,AA 4618,AAL,YX 4618,MEP,2025-11-27 08:30:00,Arr 1018,2025-11-27,False
ORF,LGA,AA 4619,AAL,YX 4619,MEP,2025-11-27 06:00:00,Arr 0705,2025-11-27,False
SDF,ORD,AA 4622,AAL,YX 4622,MEP,2025-11-27 06:30:00,Arr 0655,2025-11-27,False
IND,DCA,AA 4626,AAL,YX 4626,MEP,2025-11-27 06:29:00,Arr 0744,2025-11-27,False
BNA,DCA,AA 4628,AAL,YX 4628,MEP,2025-11-27 06:21:00,Arr 0912,2025-11-27,False
BOS,PHL,AA 4629,AAL,YX 4629,MEP,2025-11-27 09:18:00,Arr 1058,2025-11-27,False
BOS,IND,AA 4636,AAL,YX 4636,MEP,2025-11-27 10:10:00,Arr 1253,2025-11-27,False
DCA,PWM,AA 4638,AAL,YX 4638,MEP,2025-11-27 10:00:00,Arr 1119,2025-11-27,False
EYW,DCA,AA 4640,AAL,YX 4640,MEP,2025-11-27 11:16:00,Arr 1323,2025-11-27,False
CMH,BOS,AA 4642,AAL,YX 4642,MEP,2025-11-27 08:10:00,Diverted,2025-11-27,False
LGA,LIT,AA 4644,AAL,YX 4644,MEP,2025-11-27 10:40:00,Arr 1250,2025-11-27,False
RDU,LGA,AA 4647,AAL,YX 4647,MEP,2025-11-27 06:00:00,Arr 0719,2025-11-27,False
PIT,ORD,AA 4649,AAL,YX 4649,MEP,2025-11-27 06:32:00,Arr 0725,2025-11-27,False
ORD,IND,AA 4654,AAL,YX 4654,MEP,2025-11-27 15:15:00,Arr 1741 (+12min),2025-11-27,False
LIT,LGA,AA 4656,AAL,YX 4656,MEP,2025-11-27 06:00:00,Arr 0950,2025-11-27,False
CVG,JFK,AA 4657,AAL,YX 4657,MEP,2025-11-27 09:19:00,Arr 1102,2025-11-27,False
ORD,IND,AA 4659,AAL,YX 4659,MEP,2025-11-27 09:23:00,Arr 1117,2025-11-27,False
LGA,BNA,AA 4660,AAL,YX 4660,MEP,2025-11-27 11:00:00,Arr 1221,2025-11-27,False
EYW,LGA,AA 4662,AAL,YX 4662,MEP,2025-11-27 11:11:00,Arr 1400,2025-11-27,False
LGA,EYW,AA 4662,AAL,YX 4662,MEP,2025-11-27 06:59:00,Arr 1049 (+8min),2025-11-27,False
DCA,LGA,AA 4664,AAL,YX 4664,MEP,2025-11-27 08:30:00,Arr 0931,2025-11-27,False
BDL,DCA,AA 4666,AAL,YX 4666,MEP,2025-11-27 05:25:00,Arr 0714 (+15min),2025-11-27,False
BDL,DCA,AA 4667,AAL,YX 4667,MEP,2025-11-27 09:04:00,Arr 1022,2025-11-27,False
DCA,BDL,AA 4667,AAL,YX 4667,MEP,2025-11-27 06:54:00,Arr 0830,2025-11-27,False
JFK,DCA,AA 4671,AAL,YX 4671,MEP,2025-11-27 14:31:00,Arr 1542,2025-11-27,False
DCA,SDF,AA 4672,AAL,YX 4672,MEP,2025-11-27 08:31:00,Arr 1027,2025-11-27,False
SYR,DCA,AA 4674,AAL,YX 4674,MEP,2025-11-27 05:30:00,Arr 0651,2025-11-27,False
IND,ORD,AA 4675,AAL,YX 4675,MEP,2025-11-27 08:15:00,Arr 0901 (+23min),2025-11-27,False
BNA,LGA,AA 4676,AAL,YX 4676,MEP,2025-11-27 10:16:00,Arr 1355 (+15min),2025-11-27,False
CLE,LGA,AA 4677,AAL,YX 4677,MEP,2025-11-27 06:00:00,Arr 0726,2025-11-27,False
ORD,ALB,AA 4678,AAL,YX 4678,MEP,2025-11-27 14:07:00,Arr 1653,2025-11-27,False
ORD,BDL,AA 4679,AAL,YX 4679,MEP,2025-11-27 14:00:00,Arr 1712,2025-11-27,False
ORD,ROC,AA 4680,AAL,YX 4680,MEP,2025-11-27 13:55:00,Arr 1646,2025-11-27,False
DCA,MEM,AA 4681,AAL,YX 4681,MEP,2025-11-27 10:55:00,Arr 1214,2025-11-27,False
ILM,LGA,AA 4682,AAL,YX 4682,MEP,2025-11-27 06:10:00,Arr 0737,2025-11-27,False
DCA,BNA,AA 4686,AAL,YX 4686,MEP,2025-11-27 11:17:00,Arr 1219,2025-11-27,False
JFK,BOS,AA 4687,AAL,YX 4687,MEP,2025-11-27 13:59:00,Arr 1504,2025-11-27,False
BUF,DCA,AA 4694,AAL,YX 4694,MEP,2025-11-27 05:30:00,Arr 0711 (+15min),2025-11-27,False
XNA,LGA,AA 4695,AAL,YX 4695,MEP,2025-11-27 06:00:00,Arr 0944,2025-11-27,False
JFK,IND,AA 4697,AAL,YX 4697,MEP,2025-11-27 09:30:00,Arr 1141,2025-11-27,False
DSM,DCA,AA 4698,AAL,YX 4698,MEP,2025-11-27 06:00:00,Arr 0922,2025-11-27,False
DCA,IND,AA 4701,AAL,YX 4701,MEP,2025-11-27 10:09:00,Arr 1625 (+242min),2025-11-27,False
BDL,ORD,AA 4706,AAL,YX 4706,MEP,2025-11-27 12:10:00,Arr 1335,2025-11-27,False
DTW,LGA,AA 4707,AAL,YX 4707,MEP,2025-11-27 10:55:00,Arr 1240,2025-11-27,False
JFK,BOS,AA 4708,AAL,YX 4708,MEP,2025-11-27 08:10:00,Arr 0915,2025-11-27,False
BHM,ORD,AA 4709,AAL,YX 4709,MEP,2025-11-27 10:52:00,Arr 1252,2025-11-27,False
ORD,BHM,AA 4709,AAL,YX 4709,MEP,2025-11-27 08:14:00,Arr 1000,2025-11-27,False
BNA,JFK,AA 4712,AAL,YX 4712,MEP,2025-11-27 09:30:00,Arr 1227,2025-11-27,False
DCA,HHH,AA 4715,AAL,YX 4715,MEP,2025-11-27 08:59:00,Arr 1058,2025-11-27,False
HHH,DCA,AA 4715,AAL,YX 4715,MEP,2025-11-27 11:32:00,Arr 1231,2025-11-27,False
IND,BOS,AA 4716,AAL,YX 4716,MEP,2025-11-27 10:30:00,Arr 1226,2025-11-27,False
ORD,PIT,AA 4717,AAL,YX 4717,MEP,2025-11-27 11:50:00,Arr 1354,2025-11-27,False
BOS,JFK,AA 4721,AAL,YX 4721,MEP,2025-11-27 11:55:00,Arr 1316,2025-11-27,False
DCA,IND,AA 4723,AAL,YX 4723,MEP,2025-11-27 13:58:00,Arr 1542,2025-11-27,False
BOS,IND,AA 4725,AAL,YX 4725,MEP,2025-11-27 07:00:00,Arr 0935,2025-11-27,False
ORD,CHA,AA 4727,AAL,YX 4727,MEP,2025-11-27 15:06:00,Arr 1744,2025-11-27,False
CID,ORD,AA 4728,AAL,YX 4728,MEP,2025-11-27 12:45:00,Arr 1359,2025-11-27,False
ORD,CID,AA 4728,AAL,YX 4728,MEP,2025-11-27 09:40:00,Arr 1114 (+15min),2025-11-27,False
CVG,ORD,AA 4732,AAL,YX 4732,MEP,2025-11-27 12:18:00,Arr 1303 (+11min),2025-11-27,False
ORD,CVG,AA 4732,AAL,YX 4732,MEP,2025-11-27 09:16:00,Arr 1145,2025-11-27,False
LGA,BNA,AA 4735,AAL,YX 4735,MEP,2025-11-27 09:00:00,Arr 1034,2025-11-27,False
BUF,LGA,AA 4737,AAL,YX 4737,MEP,2025-11-27 06:00:00,Arr 0746 (+17min),2025-11-27,False
LGA,BUF,AA 4738,AAL,YX 4738,MEP,2025-11-27 08:30:00,Arr 1024 (+20min),2025-11-27,False
DCA,IAH,AA 4743,AAL,YX 4743,MEP,2025-11-27 08:30:00,Arr 1058,2025-11-27,False
ORD,ROA,AA 4744,AAL,YX 4744,MEP,2025-11-27 11:30:00,Arr 1354,2025-11-27,False
MSP,ORD,AA 4746,AAL,YX 4746,MEP,2025-11-27 12:30:00,Arr 1421 (+10min),2025-11-27,False
ORD,MSP,AA 4746,AAL,YX 4746,MEP,2025-11-27 09:45:00,Arr 1114,2025-11-27,False
GSP,LGA,AA 4751,AAL,YX 4751,MEP,2025-11-27 05:59:00,Arr 0746,2025-11-27,False
LGA,ORF,AA 4752,AAL,YX 4752,MEP,2025-11-27 06:59:00,Arr 0813,2025-11-27,False
BDL,ORD,AA 4754,AAL,YX 4754,MEP,2025-11-27 06:41:00,Arr 0824,2025-11-27,False
ORD,MSP,AA 4755,AAL,YX 4755,MEP,2025-11-27 15:15:00,Arr 1633,2025-11-27,False
PHL,PIT,AA 4756,AAL,YX 4756,MEP,2025-11-27 11:45:00,Arr 1241,2025-11-27,False
ORD,PIT,AA 4757,AAL,YX 4757,MEP,2025-11-27 09:40:00,Arr 1158,2025-11-27,False
ORD,SYR,AA 4760,AAL,YX 4760,MEP,2025-11-27 08:20:00,Arr 1113,2025-11-27,False
SYR,ORD,AA 4760,AAL,YX 4760,MEP,2025-11-27 11:47:00,Arr 1301,2025-11-27,False
LGA,RDU,AA 4761,AAL,YX 4761,MEP,2025-11-27 10:15:00,Arr 1216 (+4min),2025-11-27,False
RDU,LGA,AA 4761,AAL,YX 4761,MEP,2025-11-27 12:45:00,Arr 1421,2025-11-27,False
RDU,BNA,AA 4762,AAL,YX 4762,MEP,2025-11-27 10:39:00,Arr 1114,2025-11-27,False
DCA,PIT,AA 4763,AAL,YX 4763,MEP,2025-11-27 11:40:00,Arr 1243,2025-11-27,False
ORD,SDF,AA 4766,AAL,YX 4766,MEP,2025-11-27 15:20:00,Arr 1731,2025-11-27,False
ORD,SDF,AA 4768,AAL,YX 4768,MEP,2025-11-27 09:41:00,Arr 1142,2025-11-27,False
ORD,CMH,AA 4771,AAL,YX 4771,MEP,2025-11-27 15:15:00,Arr 1715,2025-11-27,False
LGA,CLE,AA 4773,AAL,YX 4773,MEP,2025-11-27 10:40:00,Arr 1215,2025-11-27,False
PIT,LGA,AA 4775,AAL,YX 4775,MEP,2025-11-27 14:24:00,Arr 1544,2025-11-27,False
BOS,DCA,AA 4776,AAL,YX 4776,MEP,2025-11-27 13:30:00,Arr 1520,2025-11-27,False
ORD,LGA,AA 4785,AAL,YX 4785,MEP,2025-11-27 08:35:00,Arr 1143,2025-11-27,False
BOS,SDF,AA 4786,AAL,YX 4786,MEP,2025-11-27 10:40:00,Arr 1309,2025-11-27,False
JFK,RDU,AA 4788,AAL,YX 4788,MEP,2025-11-27 07:59:00,Arr 1005 (+9min),2025-11-27,False
RDU,JFK,AA 4788,AAL,YX 4788,MEP,2025-11-27 10:29:00,Arr 1204,2025-11-27,False
IAH,DCA,AA 4790,AAL,YX 4790,MEP,2025-11-27 06:00:00,Arr 0948,2025-11-27,False
ROA,ORD,AA 4794,AAL,YX 4794,MEP,2025-11-27 07:02:00,Arr 0825 (+5min),2025-11-27,False
IND,LGA,AA 4797,AAL,YX 4797,MEP,2025-11-27 06:55:00,Arr 0846,2025-11-27,False
CMH,LGA,AA 4799,AAL,YX 4799,MEP,2025-11-27 06:00:00,Arr 0726,2025-11-27,False
BOS,LGA,AA 4801,AAL,YX 4801,MEP,2025-11-27 10:10:00,Arr 1111,2025-11-27,False
LGA,MEM,AA 4807,AAL,YX 4807,MEP,2025-11-27 12:35:00,Arr 1426,2025-11-27,False
CMH,JFK,AA 4808,AAL,YX 4808,MEP,2025-11-27 06:30:00,Arr 0818,2025-11-27,False
BOS,IND,DL 5592,DAL,YX 5592,MEP,2025-11-27 08:25:00,Arr 1052,2025-11-27,False
BOS,PIT,DL 5597,DAL,YX 5597,MEP,2025-11-27 08:40:00,Arr 1035,2025-11-27,False
SAV,LGA,DL 5603,DAL,YX 5603,MEP,2025-11-27 07:35:00,Arr 0919,2025-11-27,False
DCA,LGA,DL 5607,DAL,YX 5607,MEP,2025-11-27 08:00:00,Arr 0851,2025-11-27,False
GRR,LGA,DL 5611,DAL,YX 5611,MEP,2025-11-27 07:15:00,Arr 0918 (+4min),2025-11-27,False
BOS,MKE,DL 5614,DAL,YX 5614,MEP,2025-11-27 09:10:00,Arr 1103,2025-11-27,False
MKE,BOS,DL 5614,DAL,YX 5614,MEP,2025-11-27 11:49:00,Arr 1441,2025-11-27,False
PIT,DTW,DL 5615,DAL,YX 5615,MEP,2025-11-27 15:00:00,Arr 1616,2025-11-27,False
CLE,JFK,DL 5618,DAL,YX 5618,MEP,2025-11-27 12:05:00,Arr 1350,2025-11-27,False
BOS,MKE,DL 5619,DAL,YX 5619,MEP,2025-11-27 13:30:00,Arr 1447,2025-11-27,False
JFK,CMH,DL 5620,DAL,YX 5620,MEP,2025-11-27 15:00:00,Arr 1704 (+6min),2025-11-27,False
LGA,SDF,DL 5629,DAL,YX 5629,MEP,2025-11-27 10:45:00,Arr 1255,2025-11-27,False
BOS,CLT,DL 5630,DAL,YX 5630,MEP,2025-11-27 10:00:00,Arr 1226,2025-11-27,False
IND,BOS,DL 5631,DAL,YX 5631,MEP,2025-11-27 09:55:00,Arr 1149,2025-11-27,False
PIT,LGA,DL 5633,DAL,YX 5633,MEP,2025-11-27 08:35:00,Arr 0946,2025-11-27,False
LGA,ORF,DL 5636,DAL,YX 5636,MEP,2025-11-27 10:25:00,Arr 1153,2025-11-27,False
BOS,PIT,DL 5638,DAL,YX 5638,MEP,2025-11-27 14:00:00,Arr 1542,2025-11-27,False
JAX,LGA,DL 5646,DAL,YX 5646,MEP,2025-11-27 06:00:00,Arr 0753,2025-11-27,False
BOS,SAV,DL 5647,DAL,YX 5647,MEP,2025-11-27 11:35:00,Arr 1428,2025-11-27,False
CMH,JFK,DL 5649,DAL,YX 5649,MEP,2025-11-27 13:00:00,Arr 1510 (+15min),2025-11-27,False
MSN,LGA,DL 5656,DAL,YX 5656,MEP,2025-11-27 07:05:00,Arr 1000,2025-11-27,False
DCA,JFK,DL 5657,DAL,YX 5657,MEP,2025-11-27 12:40:00,Arr 1354,2025-11-27,False
IND,LGA,DL 5660,DAL,YX 5660,MEP,2025-11-27 08:45:00,Arr 1027,2025-11-27,False
LGA,BUF,DL 5661,DAL,YX 5661,MEP,2025-11-27 10:30:00,Arr 1138,2025-11-27,False
DTW,SDF,DL 5662,DAL,YX 5662,MEP,2025-11-27 15:55:00,Arr 1702,2025-11-27,False
CMH,BOS,DL 5663,DAL,YX 5663,MEP,2025-11-27 07:05:00,Arr 0830,2025-11-27,False
LGA,SAV,DL 5666,DAL,YX 5666,MEP,2025-11-27 09:10:00,Arr 1124,2025-11-27,False
LGA,MSN,DL 5668,DAL,YX 5668,MEP,2025-11-27 11:10:00,Arr 1229,2025-11-27,False
LGA,PWM,DL 5669,DAL,YX 5669,MEP,2025-11-27 12:00:00,Arr 1248,2025-11-27,False
PWM,LGA,DL 5670,DAL,YX 5670,MEP,2025-11-27 06:00:00,Arr 0724,2025-11-27,False
LGA,RIC,DL 5673,DAL,YX 5673,MEP,2025-11-27 08:05:00,Arr 0919,2025-11-27,False
BOS,CLE,DL 5674,DAL,YX 5674,MEP,2025-11-27 09:05:00,Arr 1120,2025-11-27,False
JFK,CLE,DL 5675,DAL,YX 5675,MEP,2025-11-27 13:25:00,Arr 1508,2025-11-27,False
BOS,RIC,DL 5676,DAL,YX 5676,MEP,2025-11-27 09:10:00,Arr 1105,2025-11-27,False
ORD,JFK,DL 5680,DAL,YX 5680,MEP,2025-11-27 07:00:00,Arr 1008,2025-11-27,False
DCA,BOS,DL 5682,DAL,YX 5682,MEP,2025-11-27 17:45:00,Arr 1850,2025-11-27,False
CLE,BOS,DL 5684,DAL,YX 5684,MEP,2025-11-27 06:00:00,Arr 0747,2025-11-27,False
JFK,DCA,DL 5688,DAL,YX 5688,MEP,2025-11-27 19:35:00,Arr 2044,2025-11-27,False
PIT,BOS,DL 5690,DAL,YX 5690,MEP,2025-11-27 07:15:00,Arr 0835,2025-11-27,False
CMH,LGA,DL 5691,DAL,YX 5691,MEP,2025-11-27 08:10:00,Arr 0943,2025-11-27,False
BOS,DCA,DL 5693,DAL,YX 5693,MEP,2025-11-27 09:35:00,Arr 1116,2025-11-27,False
DCA,BOS,DL 5693,DAL,YX 5693,MEP,2025-11-27 12:15:00,Arr 1324,2025-11-27,False
JFK,ORF,DL 5695,DAL,YX 5695,MEP,2025-11-27 14:55:00,Arr 1618,2025-11-27,False
RIC,BOS,DL 5697,DAL,YX 5697,MEP,2025-11-27 09:55:00,Arr 1116,2025-11-27,False
DCA,BOS,DL 5698,DAL,YX 5698,MEP,2025-11-27 07:00:00,Arr 0832,2025-11-27,False
JFK,DCA,DL 5699,DAL,YX 5699,MEP,2025-11-27 14:30:00,Arr 1545,2025-11-27,False
PIT,JFK,DL 5703,DAL,YX 5703,MEP,2025-11-27 11:52:00,Arr 1335 (+6min),2025-11-27,False
PIT,JFK,DL 5704,DAL,YX 5704,MEP,2025-11-27 07:05:00,Arr 0818,2025-11-27,False
LGA,CLT,DL 5711,DAL,YX 5711,MEP,2025-11-27 09:25:00,Arr 1222 (+38min),2025-11-27,False
DCA,JFK,DL 5713,DAL,YX 5713,MEP,2025-11-27 17:03:00,Arr 1805,2025-11-27,False
CLT,LGA,DL 5715,DAL,YX 5715,MEP,2025-11-27 08:45:00,Arr 1028,2025-11-27,False
LGA,PIT,DL 5722,DAL,YX 5722,MEP,2025-11-27 10:10:00,Arr 1126,2025-11-27,False
PHL,BOS,DL 5740,DAL,YX 5740,MEP,2025-11-27 10:15:00,Arr 1107,2025-11-27,False
LGA,DCA,DL 5749,DAL,YX 5749,MEP,2025-11-27 12:00:00,Arr 1302,2025-11-27,False
SDF,LGA,DL 5754,DAL,YX 5754,MEP,2025-11-27 08:50:00,Arr 1041,2025-11-27,False
ORF,JFK,DL 5760,DAL,YX 5760,MEP,2025-11-27 12:40:00,Arr 1438 (+34min),2025-11-27,False
BUF,LGA,DL 5764,DAL,YX 5764,MEP,2025-11-27 06:00:00,Arr 0729,2025-11-27,False
DCA,LGA,DL 5768,DAL,YX 5768,MEP,2025-11-27 14:30:00,Arr 1525,2025-11-27,False
LGA,DCA,DL 5770,DAL,YX 5770,MEP,2025-11-27 08:35:00,Arr 0946,2025-11-27,False
JFK,CMH,DL 5771,DAL,YX 5771,MEP,2025-11-27 09:37:00,Arr 1121,2025-11-27,False
LGA,GRR,DL 5774,DAL,YX 5774,MEP,2025-11-27 11:05:00,Arr 1259,2025-11-27,False
CLE,LGA,DL 5778,DAL,YX 5778,MEP,2025-11-27 07:50:00,Arr 0931,2025-11-27,False
BOS,CVG,DL 5780,DAL,YX 5780,MEP,2025-11-27 11:15:00,Arr 1334,2025-11-27,False
ORF,LGA,DL 5782,DAL,YX 5782,MEP,2025-11-27 08:05:00,Arr 0918,2025-11-27,False
IND,DTW,DL 5785,DAL,YX 5785,MEP,2025-11-27 13:30:00,Arr 1425,2025-11-27,False
DTW,PIT,DL 5790,DAL,YX 5790,MEP,2025-11-27 12:15:00,Arr 1307,2025-11-27,False
LGA,GSO,DL 5793,DAL,YX 5793,MEP,2025-11-27 08:20:00,Arr 1013,2025-11-27,False
CMH,JFK,DL 5795,DAL,YX 5795,MEP,2025-11-27 07:08:00,Arr 0835,2025-11-27,False
SAV,BOS,DL 5799,DAL,YX 5799,MEP,2025-11-27 12:45:00,Arr 1438,2025-11-27,False
CVG,BOS,DL 5800,DAL,YX 5800,MEP,2025-11-27 09:45:00,Arr 1152,2025-11-27,False
JFK,PIT,DL 5802,DAL,YX 5802,MEP,2025-11-27 14:59:00,Arr 1612,2025-11-27,False
BOS,CMH,DL 5803,DAL,YX 5803,MEP,2025-11-27 08:45:00,Arr 1057,2025-11-27,False
BOS,PHL,DL 5805,DAL,YX 5805,MEP,2025-11-27 07:45:00,Arr 0923,2025-11-27,False
BOS,DCA,DL 5811,DAL,YX 5811,MEP,2025-11-27 15:00:00,Arr 1644,2025-11-27,False
CMH,DTW,DL 5812,DAL,YX 5812,MEP,2025-11-27 08:05:00,Arr 0917 (+1min),2025-11-27,False
LGA,CLE,DL 5816,DAL,YX 5816,MEP,2025-11-27 08:55:00,Arr 1025,2025-11-27,False
RIC,LGA,DL 5822,DAL,YX 5822,MEP,2025-11-27 10:35:00,Arr 1136,2025-11-27,False
SDF,DTW,DL 5824,DAL,YX 5824,MEP,2025-11-27 07:50:00,Arr 0902,2025-11-27,False
BOS,DCA,DL 5825,DAL,YX 5825,MEP,2025-11-27 12:35:00,Arr 1413,2025-11-27,False
CLT,BOS,DL 5828,DAL,YX 5828,MEP,2025-11-27 08:00:00,Arr 1002,2025-11-27,False
LGA,IND,DL 5829,DAL,YX 5829,MEP,2025-11-27 10:05:00,Arr 1206,2025-11-27,False
LGA,JAX,DL 5834,DAL,YX 5834,MEP,2025-11-27 12:05:00,Arr 1436,2025-11-27,False
EWR,BOS,DL 5835,DAL,YX 5835,MEP,2025-11-27 11:00:00,Arr 1159,2025-11-27,False
BOS,EWR,DL 5835,DAL,YX 5835,MEP,2025-11-27 08:20:00,Arr 0928,2025-11-27,False
BOS,BWI,DL 5842,DAL,YX 5842,MEP,2025-11-27 06:20:00,Arr 0756,2025-11-27,False
BWI,BOS,DL 5842,DAL,YX 5842,MEP,2025-11-27 09:05:00,Arr 1004,2025-11-27,False
LGA,CMH,DL 5844,DAL,YX 5844,MEP,2025-11-27 09:40:00,Arr 1112,2025-11-27,False
JFK,PIT,DL 5850,DAL,YX 5850,MEP,2025-11-27 10:00:00,Arr 1124,2025-11-27,False
DTW,IND,DL 5851,DAL,YX 5851,MEP,2025-11-27 10:10:00,Arr 1123,2025-11-27,False
GSO,LGA,DL 5854,DAL,YX 5854,MEP,2025-11-27 07:05:00,Arr 0824,2025-11-27,False
JFK,ORD,DL 5858,DAL,YX 5858,MEP,2025-11-27 15:50:00,Arr 1729,2025-11-27,False
DTW,CMH,DL 5859,DAL,YX 5859,MEP,2025-11-27 17:45:00,Arr 1823,2025-11-27,False
GRR,EWR,UA 3718,UAL,YX 3718,MEP,2025-11-27 06:00:00,Arr 0816 (+17min),2025-11-27,False
EWR,PIT,UA 3717,UAL,YX 3717,MEP,2025-11-27 11:00:00,Arr 1212,2025-11-27,False
RIC,ORD,UA 3716,UAL,YX 3716,MEP,2025-11-27 10:36:00,Arr 1140,2025-11-27,False
IAD,RIC,UA 3715,UAL,YX 3715,MEP,2025-11-27 08:35:00,Arr 0921,2025-11-27,False
IAD,PWM,UA 3712,UAL,YX 3712,MEP,2025-11-27 12:35:00,Arr 1343,2025-11-27,False
IND,EWR,UA 3708,UAL,YX 3708,MEP,2025-11-27 08:00:00,Arr 0934,2025-11-27,False
IAD,LGA,UA 3704,UAL,YX 3704,MEP,2025-11-27 12:40:00,Arr 1339,2025-11-27,False
ORD,DCA,UA 3702,UAL,YX 3702,MEP,2025-11-27 10:00:00,Arr 1249,2025-11-27,False
EWR,MKE,UA 3697,UAL,YX 3697,MEP,2025-11-27 08:36:00,Arr 0951,2025-11-27,False
MKE,EWR,UA 3693,UAL,YX 3693,MEP,2025-11-27 11:00:00,Arr 1400,2025-11-27,False
ROC,ORD,UA 3689,UAL,YX 3689,MEP,2025-11-27 10:47:00,Arr 1136,2025-11-27,False
LGA,IAD,UA 3688,UAL,YX 3688,MEP,2025-11-27 14:55:00,Arr 1628 (+6min),2025-11-27,False
ORD,EYW,UA 3685,UAL,YX 3685,MEP,2025-11-27 11:00:00,Arr 1506,2025-11-27,False
IAD,ORF,UA 3684,UAL,YX 3684,MEP,2025-11-27 17:40:00,Arr 1843,2025-11-27,False
PIT,ORD,UA 3683,UAL,YX 3683,MEP,2025-11-27 07:12:00,Arr 0750,2025-11-27,False
SDF,EWR,UA 3682,UAL,YX 3682,MEP,2025-11-27 08:17:00,Arr 1015,2025-11-27,False
IAD,ORF,UA 3681,UAL,YX 3681,MEP,2025-11-27 12:50:00,Arr 1410 (+12min),2025-11-27,False
PIT,IAD,UA 3679,UAL,YX 3679,MEP,2025-11-27 06:15:00,Arr 0710,2025-11-27,False
EWR,SDF,UA 3678,UAL,YX 3678,MEP,2025-11-27 10:05:00,Arr 1213,2025-11-27,False
IND,ORD,UA 3677,UAL,YX 3677,MEP,2025-11-27 11:25:00,Arr 1148 (+3min),2025-11-27,False
IAD,CVG,UA 3676,UAL,YX 3676,MEP,2025-11-27 17:11:00,Arr 1846,2025-11-27,False
RIC,IAD,UA 3675,UAL,YX 3675,MEP,2025-11-27 10:35:00,Arr 1455 (+199min),2025-11-27,False
EWR,IND,UA 3669,UAL,YX 3669,MEP,2025-11-27 09:34:00,Arr 1157,2025-11-27,False
ORD,IND,UA 3668,UAL,YX 3668,MEP,2025-11-27 08:55:00,Arr 1055,2025-11-27,False
LGA,IAD,UA 3656,UAL,YX 3656,MEP,2025-11-27 06:00:00,Arr 0721,2025-11-27,False
SDF,ORD,UA 3653,UAL,YX 3653,MEP,2025-11-27 09:00:00,Arr 0939,2025-11-27,False
DTW,EWR,UA 3652,UAL,YX 3652,MEP,2025-11-27 06:01:00,Arr 0738,2025-11-27,False
EWR,MEM,UA 3650,UAL,YX 3650,MEP,2025-11-27 13:30:00,Arr 1515,2025-11-27,False
EWR,ROC,UA 3647,UAL,YX 3647,MEP,2025-11-27 11:22:00,Arr 1222,2025-11-27,False
ORD,RIC,UA 3643,UAL,YX 3643,MEP,2025-11-27 10:40:00,Arr 1349 (+2min),2025-11-27,False
MEM,EWR,UA 3642,UAL,YX 3642,MEP,2025-11-27 06:15:00,Arr 0929,2025-11-27,False
EWR,CMH,UA 3641,UAL,YX 3641,MEP,2025-11-27 09:00:00,Arr 1037,2025-11-27,False
EWR,CMH,UA 3638,UAL,YX 3638,MEP,2025-11-27 10:38:00,Arr 1216,2025-11-27,False
PWM,ORD,UA 3635,UAL,YX 3635,MEP,2025-11-27 09:45:00,Arr 1134,2025-11-27,False
IAD,BTV,UA 3634,UAL,YX 3634,MEP,2025-11-27 08:15:00,Arr 0934,2025-11-27,False
IAD,CVG,UA 3633,UAL,YX 3633,MEP,2025-11-27 12:35:00,Arr 1356,2025-11-27,False
GSP,ORD,UA 3632,UAL,YX 3632,MEP,2025-11-27 09:10:00,Arr 0953,2025-11-27,False
PIT,EWR,UA 3608,UAL,YX 3608,MEP,2025-11-27 06:01:00,Arr 0710,2025-11-27,False
ILM,EWR,UA 3607,UAL,YX 3607,MEP,2025-11-27 06:25:00,Arr 0754,2025-11-27,False
EWR,DTW,UA 3606,UAL,YX 3606,MEP,2025-11-27 11:10:00,Arr 1310,2025-11-27,False
ORD,CLT,UA 3603,UAL,YX 3603,MEP,2025-11-27 07:15:00,Arr 1015,2025-11-27,False
ORD,CLE,UA 3601,UAL,YX 3601,MEP,2025-11-27 12:59:00,Arr 1519,2025-11-27,False
BTV,EWR,UA 3591,UAL,YX 3591,MEP,2025-11-27 10:35:00,Arr 1145,2025-11-27,False
IND,EWR,UA 3588,UAL,YX 3588,MEP,2025-11-27 08:53:00,Arr 1048,2025-11-27,False
ORD,CVG,UA 3587,UAL,YX 3587,MEP,2025-11-27 10:50:00,Arr 1303,2025-11-27,False
ORF,IAD,UA 3584,UAL,YX 3584,MEP,2025-11-27 14:50:00,Arr 1539,2025-11-27,False
PIT,IAD,UA 3579,UAL,YX 3579,MEP,2025-11-27 14:50:00,Arr 1556,2025-11-27,False
GRB,ORD,UA 3576,UAL,YX 3576,MEP,2025-11-27 08:00:00,Arr 0900,2025-11-27,False
EWR,RIC,UA 3575,UAL,YX 3575,MEP,2025-11-27 08:18:00,Arr 0933,2025-11-27,False
ORD,IND,UA 3571,UAL,YX 3571,MEP,2025-11-27 11:05:00,Arr 1307,2025-11-27,False
ORD,CVG,UA 3568,UAL,YX 3568,MEP,2025-11-27 07:10:00,Arr 0914,2025-11-27,False
ORD,PIT,UA 3565,UAL,YX 3565,MEP,2025-11-27 12:45:00,Arr 1500,2025-11-27,False
EWR,ILM,UA 3563,UAL,YX 3563,MEP,2025-11-27 14:15:00,Arr 1603 (+9min),2025-11-27,False
IAD,IND,UA 3561,UAL,YX 3561,MEP,2025-11-27 08:35:00,Arr 1009,2025-11-27,False
EWR,SYR,UA 3556,UAL,YX 3556,MEP,2025-11-27 08:30:00,Arr 0926,2025-11-27,False
ORD,CMH,UA 3554,UAL,YX 3554,MEP,2025-11-27 10:55:00,Arr 1307,2025-11-27,False
ROC,IAD,UA 3550,UAL,YX 3550,MEP,2025-11-27 06:10:00,Arr 0741 (+7min),2025-11-27,False
IAD,CLT,UA 3550,UAL,YX 3550,MEP,2025-11-27 08:15:00,Arr 0956,2025-11-27,False
IAD,CVG,UA 3548,UAL,YX 3548,MEP,2025-11-27 08:45:00,Arr 1013,2025-11-27,False
IAD,PIT,UA 3541,UAL,YX 3541,MEP,2025-11-27 12:55:00,Arr 1346,2025-11-27,False
CLT,EWR,UA 3534,UAL,YX 3534,MEP,2025-11-27 11:30:00,Arr 1311,2025-11-27,False
ORF,IAD,UA 3532,UAL,YX 3532,MEP,2025-11-27 06:20:00,Arr 0708,2025-11-27,False
IND,IAD,UA 3530,UAL,YX 3530,MEP,2025-11-27 14:37:00,Arr 1611,2025-11-27,False
EWR,CMH,UA 3527,UAL,YX 3527,MEP,2025-11-27 14:00:00,Arr 1540,2025-11-27,False
CMH,ORD,UA 3524,UAL,YX 3524,MEP,2025-11-27 06:00:00,Arr 0610,2025-11-27,False
ORD,CMH,UA 3520,UAL,YX 3520,MEP,2025-11-27 14:15:00,Arr 1625,2025-11-27,False
TVC,ORD,UA 3517,UAL,YX 3517,MEP,2025-11-27 09:00:00,Arr 1157 (+143min),2025-11-27,False
ORD,ROC,UA 3502,UAL,YX 3502,MEP,2025-11-27 07:10:00,Arr 0955,2025-11-27,False
IAD,LGA,UA 3497,UAL,YX 3497,MEP,2025-11-27 17:10:00,Arr 1829,2025-11-27,False
DCA,ORD,UA 3496,UAL,YX 3496,MEP,2025-11-27 07:30:00,Arr 0838,2025-11-27,False
DCA,EWR,UA 3493,UAL,YX 3493,MEP,2025-11-27 07:00:00,Arr 0808,2025-11-27,False
SYR,EWR,UA 3492,UAL,YX 3492,MEP,2025-11-27 11:03:00,Arr 1230 (+1min),2025-11-27,False
IAD,PWM,UA 3491,UAL,YX 3491,MEP,2025-11-27 08:20:00,Arr 0957,2025-11-27,False
CVG,IAD,UA 3487,UAL,YX 3487,MEP,2025-11-27 14:56:00,Arr 1630,2025-11-27,False
CVG,ORD,UA 3485,UAL,YX 3485,MEP,2025-11-27 11:15:00,Arr 1130,2025-11-27,False
CMH,ORD,UA 3483,UAL,YX 3483,MEP,2025-11-27 09:00:00,Arr 0923,2025-11-27,False
IND,ORD,UA 3479,UAL,YX 3479,MEP,2025-11-27 06:00:00,Arr 0558,2025-11-27,False
MDT,ORD,UA 3478,UAL,YX 3478,MEP,2025-11-27 08:15:00,Arr 0916,2025-11-27,False
ORD,ROC,UA 3477,UAL,YX 3477,MEP,2025-11-27 10:45:00,Arr 1345 (+9min),2025-11-27,False
CLT,ORD,UA 3476,UAL,YX 3476,MEP,2025-11-27 10:43:00,Arr 1139,2025-11-27,False
ORD,GSP,UA 3475,UAL,YX 3475,MEP,2025-11-27 08:48:00,Arr 1132,2025-11-27,False
ORD,GRR,UA 3459,UAL,YX 3459,MEP,2025-11-27 09:00:00,Arr 1103,2025-11-27,False
CMH,EWR,UA 3458,UAL,YX 3458,MEP,2025-11-27 06:00:00,Arr 0724,2025-11-27,False
EWR,STL,UA 3458,UAL,YX 3458,MEP,2025-11-27 08:59:00,Arr 1034,2025-11-27,False
CMH,EWR,UA 3457,UAL,YX 3457,MEP,2025-11-27 08:00:00,Arr 0948,2025-11-27,False
DTW,ORD,UA 3456,UAL,YX 3456,MEP,2025-11-27 09:15:00,Arr 1000 (+10min),2025-11-27,False
CVG,IAD,UA 3452,UAL,YX 3452,MEP,2025-11-27 10:15:00,Arr 1130,2025-11-27,False
CLT,ORD,UA 3450,UAL,YX 3450,MEP,2025-11-27 06:40:00,Arr 0744,2025-11-27,False
MCI,EWR,UA 3449,UAL,YX 3449,MEP,2025-11-27 06:00:00,Arr 1004 (+10min),2025-11-27,False
EWR,IND,UA 3446,UAL,YX 3446,MEP,2025-11-27 11:40:00,Arr 1334,2025-11-27,False
CVG,IAD,UA 3443,UAL,YX 3443,MEP,2025-11-27 06:00:00,Arr 0733,2025-11-27,False
CLE,ORD,UA 3441,UAL,YX 3441,MEP,2025-11-27 06:00:00,Arr 0619,2025-11-27,False
CLT,IAD,UA 3439,UAL,YX 3439,MEP,2025-11-27 10:00:00,Arr 1108,2025-11-27,False
ORD,TYS,UA 3438,UAL,YX 3438,MEP,2025-11-27 14:14:00,Arr 1654,2025-11-27,False
ORD,SDF,UA 3437,UAL,YX 3437,MEP,2025-11-27 13:55:00,Arr 1601,2025-11-27,False
EWR,MCI,UA 3436,UAL,YX 3436,MEP,2025-11-27 13:00:00,Arr 1450,2025-11-27,False
STL,EWR,UA 3432,UAL,YX 3432,MEP,2025-11-27 07:00:00,Arr 1015,2025-11-27,False
BUF,ORD,UA 3431,UAL,YX 3431,MEP,2025-11-27 07:00:00,Arr 1147 (+222min),2025-11-27,False
CMH,IAD,UA 3430,UAL,YX 3430,MEP,2025-11-27 06:10:00,Arr 0834 (+59min),2025-11-27,False
ORF,IAD,UA 3428,UAL,YX 3428,MEP,2025-11-27 10:35:00,Arr 1122,2025-11-27,False
EWR,CLT,UA 3427,UAL,YX 3427,MEP,2025-11-27 06:51:00,Arr 0857,2025-11-27,False
CLE,IAD,UA 3426,UAL,YX 3426,MEP,2025-11-27 06:00:00,Arr 0706,2025-11-27,False
ORD,SDF,UA 3424,UAL,YX 3424,MEP,2025-11-27 07:30:00,Arr 0945,2025-11-27,False
ORD,MDT,UA 3423,UAL,YX 3423,MEP,2025-11-27 13:53:00,Arr 1629,2025-11-27,False
SDF,ORD,UA 3422,UAL,YX 3422,MEP,2025-11-27 07:00:00,Arr 0832 (+52min),2025-11-27,False
CMH,EWR,UA 3421,UAL,YX 3421,MEP,2025-11-27 08:35:00,Arr 1007,2025-11-27,False
IAD,ORF,UA 3417,UAL,YX 3417,MEP,2025-11-27 08:35:00,Arr 1002 (+16min),2025-11-27,False
IAD,PIT,UA 3416,UAL,YX 3416,MEP,2025-11-27 17:45:00,Arr 1846,2025-11-27,False
EWR,PIT,UA 3413,UAL,YX 3413,MEP,2025-11-27 09:29:00,Arr 1056,2025-11-27,False
IAD,CMH,UA 3412,UAL,YX 3412,MEP,2025-11-27 17:25:00,Arr 1851,2025-11-27,False
EWR,DCA,UA 3410,UAL,YX 3410,MEP,2025-11-27 13:15:00,Arr 1412,2025-11-27,False
ORD,SYR,UA 3409,UAL,YX 3409,MEP,2025-11-27 07:26:00,Arr 1017,2025-11-27,False
ORD,CLT,UA 3406,UAL,YX 3406,MEP,2025-11-27 14:15:00,Arr 1651,2025-11-27,False
PWM,EWR,UA 3405,UAL,YX 3405,MEP,2025-11-27 10:45:00,Arr 1214,2025-11-27,False
SYR,ORD,UA 3404,UAL,YX 3404,MEP,2025-11-27 10:31:00,Arr 1214 (+11min),2025-11-27,False
DCA,EWR,UA 3403,UAL,YX 3403,MEP,2025-11-27 09:11:00,Arr 1004,2025-11-27,False
EWR,DCA,UA 3401,UAL,YX 3401,MEP,2025-11-27 07:00:00,Arr 0827,2025-11-27,False
